sample_id,name,video_path,pose_path,label_id,label_text,text,gloss,signer_id,recording_id,variant_of,is_canonical,source_size_bytes,split
cosign_00_00000,cosign_00_00000,Ban ngày/BAN_NGÀY_BÙI_MAI_CHI_ (1).mp4,pose_format/Ban ngày/BAN_NGÀY_BÙI_MAI_CHI_ (1).pkl,0,Ban ngày,Ban ngày,"[""Ban ngày""]",signer_001,00_BAN_NGÀY_BÙI_MAI_CHI_ (1),,True,8054980,train
cosign_00_00001,cosign_00_00001,Ban ngày/BAN_NGÀY_BÙI_MAI_CHI_ (2).mp4,pose_format/Ban ngày/BAN_NGÀY_BÙI_MAI_CHI_ (2).pkl,0,Ban ngày,Ban ngày,"[""Ban ngày""]",signer_001,00_BAN_NGÀY_BÙI_MAI_CHI_ (2),,True,8494592,train
cosign_00_00002,cosign_00_00002,Ban ngày/BAN_NGÀY_BÙI_MAI_CHI_ (3).mp4,pose_format/Ban ngày/BAN_NGÀY_BÙI_MAI_CHI_ (3).pkl,0,Ban ngày,Ban ngày,"[""Ban ngày""]",signer_001,00_BAN_NGÀY_BÙI_MAI_CHI_ (3),,True,8179527,train
cosign_00_00003,cosign_00_00003,Ban ngày/BAN_NGÀY_BÙI_MAI_CHI_ (4).mp4,pose_format/Ban ngày/BAN_NGÀY_BÙI_MAI_CHI_ (4).pkl,0,Ban ngày,Ban ngày,"[""Ban ngày""]",signer_001,00_BAN_NGÀY_BÙI_MAI_CHI_ (4),,True,8995211,train
cosign_00_00004,cosign_00_00004,Ban ngày/BAN_NGÀY_BÙI_MAI_CHI_ (5).mp4,pose_format/Ban ngày/BAN_NGÀY_BÙI_MAI_CHI_ (5).pkl,0,Ban ngày,Ban ngày,"[""Ban ngày""]",signer_001,00_BAN_NGÀY_BÙI_MAI_CHI_ (5),,True,7360745,train
cosign_00_00005,cosign_00_00005,Ban ngày/BAN_NGÀY_BÙI_MẬU_VĂN_ (1).mp4,pose_format/Ban ngày/BAN_NGÀY_BÙI_MẬU_VĂN_ (1).pkl,0,Ban ngày,Ban ngày,"[""Ban ngày""]",signer_002,00_BAN_NGÀY_BÙI_MẬU_VĂN_ (1),,True,10125146,train
cosign_00_00006,cosign_00_00006,Ban ngày/BAN_NGÀY_BÙI_MẬU_VĂN_ (2).mp4,pose_format/Ban ngày/BAN_NGÀY_BÙI_MẬU_VĂN_ (2).pkl,0,Ban ngày,Ban ngày,"[""Ban ngày""]",signer_002,00_BAN_NGÀY_BÙI_MẬU_VĂN_ (2),,True,9013808,train
cosign_00_00007,cosign_00_00007,Ban ngày/BAN_NGÀY_BÙI_MẬU_VĂN_ (3).mp4,pose_format/Ban ngày/BAN_NGÀY_BÙI_MẬU_VĂN_ (3).pkl,0,Ban ngày,Ban ngày,"[""Ban ngày""]",signer_002,00_BAN_NGÀY_BÙI_MẬU_VĂN_ (3),,True,8270346,train
cosign_00_00008,cosign_00_00008,Ban ngày/BAN_NGÀY_BÙI_MẬU_VĂN_ (4).mp4,pose_format/Ban ngày/BAN_NGÀY_BÙI_MẬU_VĂN_ (4).pkl,0,Ban ngày,Ban ngày,"[""Ban ngày""]",signer_002,00_BAN_NGÀY_BÙI_MẬU_VĂN_ (4),,True,7586489,train
cosign_00_00009,cosign_00_00009,Ban ngày/BAN_NGÀY_BÙI_MẬU_VĂN_ (5).mp4,pose_format/Ban ngày/BAN_NGÀY_BÙI_MẬU_VĂN_ (5).pkl,0,Ban ngày,Ban ngày,"[""Ban ngày""]",signer_002,00_BAN_NGÀY_BÙI_MẬU_VĂN_ (5),,True,7165329,train
cosign_00_00010,cosign_00_00010,Ban ngày/BAN_NGÀY_LẠI_QUANG_VINH_(1).mp4,pose_format/Ban ngày/BAN_NGÀY_LẠI_QUANG_VINH_(1).pkl,0,Ban ngày,Ban ngày,"[""Ban ngày""]",signer_003,00_BAN_NGÀY_LẠI_QUANG_VINH_(1),,True,2143067,train
cosign_00_00011,cosign_00_00011,Ban ngày/BAN_NGÀY_LẠI_QUANG_VINH_(2).mp4,pose_format/Ban ngày/BAN_NGÀY_LẠI_QUANG_VINH_(2).pkl,0,Ban ngày,Ban ngày,"[""Ban ngày""]",signer_003,00_BAN_NGÀY_LẠI_QUANG_VINH_(2),,True,2373856,train
cosign_00_00012,cosign_00_00012,Ban ngày/BAN_NGÀY_LẠI_QUANG_VINH_(3).mp4,pose_format/Ban ngày/BAN_NGÀY_LẠI_QUANG_VINH_(3).pkl,0,Ban ngày,Ban ngày,"[""Ban ngày""]",signer_003,00_BAN_NGÀY_LẠI_QUANG_VINH_(3),,True,2117349,train
cosign_00_00013,cosign_00_00013,Ban ngày/BAN_NGÀY_LẠI_QUANG_VINH_(4).mp4,pose_format/Ban ngày/BAN_NGÀY_LẠI_QUANG_VINH_(4).pkl,0,Ban ngày,Ban ngày,"[""Ban ngày""]",signer_003,00_BAN_NGÀY_LẠI_QUANG_VINH_(4),,True,2323586,train
cosign_00_00014,cosign_00_00014,Ban ngày/BAN_NGÀY_LẠI_QUANG_VINH_(5).mp4,pose_format/Ban ngày/BAN_NGÀY_LẠI_QUANG_VINH_(5).pkl,0,Ban ngày,Ban ngày,"[""Ban ngày""]",signer_003,00_BAN_NGÀY_LẠI_QUANG_VINH_(5),,True,2549907,train
cosign_00_00015,cosign_00_00015,Ban ngày/BAN_NGÀY_MAI_HOÀNG_XUÂN_ (1).mp4,pose_format/Ban ngày/BAN_NGÀY_MAI_HOÀNG_XUÂN_ (1).pkl,0,Ban ngày,Ban ngày,"[""Ban ngày""]",signer_004,00_BAN_NGÀY_MAI_HOÀNG_XUÂN_ (1),,True,9565085,train
cosign_00_00016,cosign_00_00016,Ban ngày/BAN_NGÀY_MAI_HOÀNG_XUÂN_ (2).mp4,pose_format/Ban ngày/BAN_NGÀY_MAI_HOÀNG_XUÂN_ (2).pkl,0,Ban ngày,Ban ngày,"[""Ban ngày""]",signer_004,00_BAN_NGÀY_MAI_HOÀNG_XUÂN_ (2),,True,10214140,train
cosign_00_00017,cosign_00_00017,Ban ngày/BAN_NGÀY_NGUYỄN_HOÀNG_ĐIỆP_ (1).mp4,pose_format/Ban ngày/BAN_NGÀY_NGUYỄN_HOÀNG_ĐIỆP_ (1).pkl,0,Ban ngày,Ban ngày,"[""Ban ngày""]",signer_005,00_BAN_NGÀY_NGUYỄN_HOÀNG_ĐIỆP_ (1),,True,7477406,train
cosign_00_00018,cosign_00_00018,Ban ngày/BAN_NGÀY_NGUYỄN_HOÀNG_ĐIỆP_ (2).mp4,pose_format/Ban ngày/BAN_NGÀY_NGUYỄN_HOÀNG_ĐIỆP_ (2).pkl,0,Ban ngày,Ban ngày,"[""Ban ngày""]",signer_005,00_BAN_NGÀY_NGUYỄN_HOÀNG_ĐIỆP_ (2),,True,8257143,train
cosign_00_00019,cosign_00_00019,Ban ngày/BAN_NGÀY_NGUYỄN_HOÀNG_ĐIỆP_ (3).mp4,pose_format/Ban ngày/BAN_NGÀY_NGUYỄN_HOÀNG_ĐIỆP_ (3).pkl,0,Ban ngày,Ban ngày,"[""Ban ngày""]",signer_005,00_BAN_NGÀY_NGUYỄN_HOÀNG_ĐIỆP_ (3),,True,8272021,train
cosign_00_00020,cosign_00_00020,Ban ngày/BAN_NGÀY_NGUYỄN_HOÀNG_ĐIỆP_ (4).mp4,pose_format/Ban ngày/BAN_NGÀY_NGUYỄN_HOÀNG_ĐIỆP_ (4).pkl,0,Ban ngày,Ban ngày,"[""Ban ngày""]",signer_005,00_BAN_NGÀY_NGUYỄN_HOÀNG_ĐIỆP_ (4),,True,9414011,train
cosign_00_00021,cosign_00_00021,Ban ngày/BAN_NGÀY_NGUYỄN_PHƯƠNG_ANH_ (1).mp4,pose_format/Ban ngày/BAN_NGÀY_NGUYỄN_PHƯƠNG_ANH_ (1).pkl,0,Ban ngày,Ban ngày,"[""Ban ngày""]",signer_006,00_BAN_NGÀY_NGUYỄN_PHƯƠNG_ANH_ (1),,True,10385502,train
cosign_00_00022,cosign_00_00022,Ban ngày/BAN_NGÀY_NGUYỄN_PHƯƠNG_ANH_ (2).mp4,pose_format/Ban ngày/BAN_NGÀY_NGUYỄN_PHƯƠNG_ANH_ (2).pkl,0,Ban ngày,Ban ngày,"[""Ban ngày""]",signer_006,00_BAN_NGÀY_NGUYỄN_PHƯƠNG_ANH_ (2),,True,8848161,train
cosign_00_00023,cosign_00_00023,Ban ngày/BAN_NGÀY_NGUYỄN_PHƯƠNG_ANH_ (3).mp4,pose_format/Ban ngày/BAN_NGÀY_NGUYỄN_PHƯƠNG_ANH_ (3).pkl,0,Ban ngày,Ban ngày,"[""Ban ngày""]",signer_006,00_BAN_NGÀY_NGUYỄN_PHƯƠNG_ANH_ (3),,True,8891816,train
cosign_00_00024,cosign_00_00024,Ban ngày/BAN_NGÀY_NGUYỄN_PHƯƠNG_ANH_ (4).mp4,pose_format/Ban ngày/BAN_NGÀY_NGUYỄN_PHƯƠNG_ANH_ (4).pkl,0,Ban ngày,Ban ngày,"[""Ban ngày""]",signer_006,00_BAN_NGÀY_NGUYỄN_PHƯƠNG_ANH_ (4),,True,8807803,train
cosign_00_00025,cosign_00_00025,Ban ngày/BAN_NGÀY_NGUYỄN_PHƯƠNG_ANH_ (5).mp4,pose_format/Ban ngày/BAN_NGÀY_NGUYỄN_PHƯƠNG_ANH_ (5).pkl,0,Ban ngày,Ban ngày,"[""Ban ngày""]",signer_006,00_BAN_NGÀY_NGUYỄN_PHƯƠNG_ANH_ (5),,True,8606388,train
cosign_00_00026,cosign_00_00026,Ban ngày/BAN_NGÀY_NGUYỄN_QUÝ_DƯƠNG_1.mp4,pose_format/Ban ngày/BAN_NGÀY_NGUYỄN_QUÝ_DƯƠNG_1.pkl,0,Ban ngày,Ban ngày,"[""Ban ngày""]",signer_007,00_BAN_NGÀY_NGUYỄN_QUÝ_DƯƠNG_1,,True,9282525,train
cosign_00_00027,cosign_00_00027,Ban ngày/BAN_NGÀY_NGUYỄN_QUÝ_DƯƠNG_2.mp4,pose_format/Ban ngày/BAN_NGÀY_NGUYỄN_QUÝ_DƯƠNG_2.pkl,0,Ban ngày,Ban ngày,"[""Ban ngày""]",signer_007,00_BAN_NGÀY_NGUYỄN_QUÝ_DƯƠNG_2,,True,9193242,train
cosign_00_00028,cosign_00_00028,Ban ngày/BAN_NGÀY_NGUYỄN_QUÝ_DƯƠNG_3.mp4,pose_format/Ban ngày/BAN_NGÀY_NGUYỄN_QUÝ_DƯƠNG_3.pkl,0,Ban ngày,Ban ngày,"[""Ban ngày""]",signer_007,00_BAN_NGÀY_NGUYỄN_QUÝ_DƯƠNG_3,,True,10339285,train
cosign_00_00029,cosign_00_00029,Ban ngày/BAN_NGÀY_NGUYỄN_QUÝ_DƯƠNG_4.mp4,pose_format/Ban ngày/BAN_NGÀY_NGUYỄN_QUÝ_DƯƠNG_4.pkl,0,Ban ngày,Ban ngày,"[""Ban ngày""]",signer_007,00_BAN_NGÀY_NGUYỄN_QUÝ_DƯƠNG_4,,True,10392611,train
cosign_00_00030,cosign_00_00030,Ban ngày/BAN_NGÀY_NGUYỄN_QUÝ_DƯƠNG_5.mp4,pose_format/Ban ngày/BAN_NGÀY_NGUYỄN_QUÝ_DƯƠNG_5.pkl,0,Ban ngày,Ban ngày,"[""Ban ngày""]",signer_007,00_BAN_NGÀY_NGUYỄN_QUÝ_DƯƠNG_5,,True,9940652,train
cosign_00_00031,cosign_00_00031,Ban ngày/BAN_NGÀY_NGUYỄN_THẠC_ANH_ (1).mp4,pose_format/Ban ngày/BAN_NGÀY_NGUYỄN_THẠC_ANH_ (1).pkl,0,Ban ngày,Ban ngày,"[""Ban ngày""]",signer_008,00_BAN_NGÀY_NGUYỄN_THẠC_ANH_ (1),,True,7892889,train
cosign_00_00032,cosign_00_00032,Ban ngày/BAN_NGÀY_NGUYỄN_THẠC_ANH_ (2).mp4,pose_format/Ban ngày/BAN_NGÀY_NGUYỄN_THẠC_ANH_ (2).pkl,0,Ban ngày,Ban ngày,"[""Ban ngày""]",signer_008,00_BAN_NGÀY_NGUYỄN_THẠC_ANH_ (2),,True,8929735,train
cosign_00_00033,cosign_00_00033,Ban ngày/BAN_NGÀY_NGUYỄN_THẠC_ANH_ (3).mp4,pose_format/Ban ngày/BAN_NGÀY_NGUYỄN_THẠC_ANH_ (3).pkl,0,Ban ngày,Ban ngày,"[""Ban ngày""]",signer_008,00_BAN_NGÀY_NGUYỄN_THẠC_ANH_ (3),,True,8096393,train
cosign_00_00034,cosign_00_00034,Ban ngày/BAN_NGÀY_NGUYỄN_THẠC_ANH_ (4).mp4,pose_format/Ban ngày/BAN_NGÀY_NGUYỄN_THẠC_ANH_ (4).pkl,0,Ban ngày,Ban ngày,"[""Ban ngày""]",signer_008,00_BAN_NGÀY_NGUYỄN_THẠC_ANH_ (4),,True,8989576,train
cosign_00_00035,cosign_00_00035,Ban ngày/BAN_NGÀY_NGUYỄN_THẠC_ANH_ (5).mp4,pose_format/Ban ngày/BAN_NGÀY_NGUYỄN_THẠC_ANH_ (5).pkl,0,Ban ngày,Ban ngày,"[""Ban ngày""]",signer_008,00_BAN_NGÀY_NGUYỄN_THẠC_ANH_ (5),,True,8243295,train
cosign_00_00036,cosign_00_00036,Ban ngày/BAN_NGÀY_PHẠM_ĐÌNH_HẢI_(1).mp4,pose_format/Ban ngày/BAN_NGÀY_PHẠM_ĐÌNH_HẢI_(1).pkl,0,Ban ngày,Ban ngày,"[""Ban ngày""]",signer_009,00_BAN_NGÀY_PHẠM_ĐÌNH_HẢI_(1),,True,10705465,train
cosign_00_00037,cosign_00_00037,Ban ngày/BAN_NGÀY_PHẠM_ĐÌNH_HẢI_(2).mp4,pose_format/Ban ngày/BAN_NGÀY_PHẠM_ĐÌNH_HẢI_(2).pkl,0,Ban ngày,Ban ngày,"[""Ban ngày""]",signer_009,00_BAN_NGÀY_PHẠM_ĐÌNH_HẢI_(2),,True,10724388,train
cosign_00_00038,cosign_00_00038,Ban ngày/BAN_NGÀY_PHẠM_ĐÌNH_HẢI_(3).mp4,pose_format/Ban ngày/BAN_NGÀY_PHẠM_ĐÌNH_HẢI_(3).pkl,0,Ban ngày,Ban ngày,"[""Ban ngày""]",signer_009,00_BAN_NGÀY_PHẠM_ĐÌNH_HẢI_(3),,True,10705284,train
cosign_00_00039,cosign_00_00039,Ban ngày/BAN_NGÀY_PHẠM_ĐÌNH_HẢI_(4).mp4,pose_format/Ban ngày/BAN_NGÀY_PHẠM_ĐÌNH_HẢI_(4).pkl,0,Ban ngày,Ban ngày,"[""Ban ngày""]",signer_009,00_BAN_NGÀY_PHẠM_ĐÌNH_HẢI_(4),,True,10465932,train
cosign_00_00040,cosign_00_00040,Ban ngày/BAN_NGÀY_PHẠM_ĐÌNH_HẢI_(5).mp4,pose_format/Ban ngày/BAN_NGÀY_PHẠM_ĐÌNH_HẢI_(5).pkl,0,Ban ngày,Ban ngày,"[""Ban ngày""]",signer_009,00_BAN_NGÀY_PHẠM_ĐÌNH_HẢI_(5),,True,11818776,train
cosign_00_00041,cosign_00_00041,Ban ngày/BAN_NGÀY_TRƯƠNG_NGỌC_DIỄM_ (1).mp4,pose_format/Ban ngày/BAN_NGÀY_TRƯƠNG_NGỌC_DIỄM_ (1).pkl,0,Ban ngày,Ban ngày,"[""Ban ngày""]",signer_010,00_BAN_NGÀY_TRƯƠNG_NGỌC_DIỄM_ (1),,True,9760309,train
cosign_00_00042,cosign_00_00042,Ban ngày/BAN_NGÀY_TRƯƠNG_NGỌC_DIỄM_ (2).mp4,pose_format/Ban ngày/BAN_NGÀY_TRƯƠNG_NGỌC_DIỄM_ (2).pkl,0,Ban ngày,Ban ngày,"[""Ban ngày""]",signer_010,00_BAN_NGÀY_TRƯƠNG_NGỌC_DIỄM_ (2),,True,10296825,train
cosign_00_00043,cosign_00_00043,Ban ngày/BAN_NGÀY_TRƯƠNG_NGỌC_DIỄM_ (3).mp4,pose_format/Ban ngày/BAN_NGÀY_TRƯƠNG_NGỌC_DIỄM_ (3).pkl,0,Ban ngày,Ban ngày,"[""Ban ngày""]",signer_010,00_BAN_NGÀY_TRƯƠNG_NGỌC_DIỄM_ (3),,True,9585805,train
cosign_00_00044,cosign_00_00044,Ban ngày/BAN_NGÀY_TRƯƠNG_NGỌC_DIỄM_ (4).mp4,pose_format/Ban ngày/BAN_NGÀY_TRƯƠNG_NGỌC_DIỄM_ (4).pkl,0,Ban ngày,Ban ngày,"[""Ban ngày""]",signer_010,00_BAN_NGÀY_TRƯƠNG_NGỌC_DIỄM_ (4),,True,9567133,train
cosign_00_00045,cosign_00_00045,Ban ngày/BAN_NGÀY_TRƯƠNG_NGỌC_DIỄM_ (5).mp4,pose_format/Ban ngày/BAN_NGÀY_TRƯƠNG_NGỌC_DIỄM_ (5).pkl,0,Ban ngày,Ban ngày,"[""Ban ngày""]",signer_010,00_BAN_NGÀY_TRƯƠNG_NGỌC_DIỄM_ (5),,True,9131860,train
cosign_00_00046,cosign_00_00046,Ban ngày/BAN_NGÀY_TRẦN_TUẤN_MINH (5).mp4,pose_format/Ban ngày/BAN_NGÀY_TRẦN_TUẤN_MINH (5).pkl,0,Ban ngày,Ban ngày,"[""Ban ngày""]",signer_011,00_BAN_NGÀY_TRẦN_TUẤN_MINH (5),,True,8985139,train
cosign_00_00047,cosign_00_00047,Ban ngày/BAN_NGÀY_TRẦN_ĐỨC_QUÂN_1.mp4,pose_format/Ban ngày/BAN_NGÀY_TRẦN_ĐỨC_QUÂN_1.pkl,0,Ban ngày,Ban ngày,"[""Ban ngày""]",signer_012,00_BAN_NGÀY_TRẦN_ĐỨC_QUÂN_1,,True,10146300,train
cosign_00_00048,cosign_00_00048,Ban ngày/BAN_NGÀY_TRẦN_ĐỨC_QUÂN_2.mp4,pose_format/Ban ngày/BAN_NGÀY_TRẦN_ĐỨC_QUÂN_2.pkl,0,Ban ngày,Ban ngày,"[""Ban ngày""]",signer_012,00_BAN_NGÀY_TRẦN_ĐỨC_QUÂN_2,,True,11836486,train
cosign_00_00049,cosign_00_00049,Ban ngày/BAN_NGÀY_TRẦN_ĐỨC_QUÂN_3.mp4,pose_format/Ban ngày/BAN_NGÀY_TRẦN_ĐỨC_QUÂN_3.pkl,0,Ban ngày,Ban ngày,"[""Ban ngày""]",signer_012,00_BAN_NGÀY_TRẦN_ĐỨC_QUÂN_3,,True,7240140,train
cosign_00_00050,cosign_00_00050,Ban ngày/BAN_NGÀY_TRẦN_ĐỨC_QUÂN_4.mp4,pose_format/Ban ngày/BAN_NGÀY_TRẦN_ĐỨC_QUÂN_4.pkl,0,Ban ngày,Ban ngày,"[""Ban ngày""]",signer_012,00_BAN_NGÀY_TRẦN_ĐỨC_QUÂN_4,,True,10153164,train
cosign_00_00051,cosign_00_00051,Ban ngày/BAN_NGÀY_TRẦN_ĐỨC_QUÂN_5.mp4,pose_format/Ban ngày/BAN_NGÀY_TRẦN_ĐỨC_QUÂN_5.pkl,0,Ban ngày,Ban ngày,"[""Ban ngày""]",signer_012,00_BAN_NGÀY_TRẦN_ĐỨC_QUÂN_5,,True,9098664,train
cosign_00_00052,cosign_00_00052,Ban ngày/BAN_NGÀY_TRẦN_ĐỨC_QUÂN_6.mp4,pose_format/Ban ngày/BAN_NGÀY_TRẦN_ĐỨC_QUÂN_6.pkl,0,Ban ngày,Ban ngày,"[""Ban ngày""]",signer_012,00_BAN_NGÀY_TRẦN_ĐỨC_QUÂN_6,,True,9393797,train
cosign_00_00053,cosign_00_00053,Ban ngày/BAN_NGÀY_TRẦN_ĐỨC_QUÂN_7.mp4,pose_format/Ban ngày/BAN_NGÀY_TRẦN_ĐỨC_QUÂN_7.pkl,0,Ban ngày,Ban ngày,"[""Ban ngày""]",signer_012,00_BAN_NGÀY_TRẦN_ĐỨC_QUÂN_7,,True,9891739,train
cosign_00_00054,cosign_00_00054,Ban ngày/BAN_NGÀY_TẠ_THỊ_PHƯƠNG_LINH_ (1).mp4,pose_format/Ban ngày/BAN_NGÀY_TẠ_THỊ_PHƯƠNG_LINH_ (1).pkl,0,Ban ngày,Ban ngày,"[""Ban ngày""]",signer_013,00_BAN_NGÀY_TẠ_THỊ_PHƯƠNG_LINH_ (1),,True,7408227,train
cosign_00_00055,cosign_00_00055,Ban ngày/BAN_NGÀY_TẠ_THỊ_PHƯƠNG_LINH_ (2).mp4,pose_format/Ban ngày/BAN_NGÀY_TẠ_THỊ_PHƯƠNG_LINH_ (2).pkl,0,Ban ngày,Ban ngày,"[""Ban ngày""]",signer_013,00_BAN_NGÀY_TẠ_THỊ_PHƯƠNG_LINH_ (2),,True,5700903,train
cosign_00_00056,cosign_00_00056,Ban ngày/BAN_NGÀY_TẠ_THỊ_PHƯƠNG_LINH_ (3).mp4,pose_format/Ban ngày/BAN_NGÀY_TẠ_THỊ_PHƯƠNG_LINH_ (3).pkl,0,Ban ngày,Ban ngày,"[""Ban ngày""]",signer_013,00_BAN_NGÀY_TẠ_THỊ_PHƯƠNG_LINH_ (3),,True,6757236,train
cosign_00_00057,cosign_00_00057,Ban ngày/BAN_NGÀY_TẠ_THỊ_PHƯƠNG_LINH_ (4).mp4,pose_format/Ban ngày/BAN_NGÀY_TẠ_THỊ_PHƯƠNG_LINH_ (4).pkl,0,Ban ngày,Ban ngày,"[""Ban ngày""]",signer_013,00_BAN_NGÀY_TẠ_THỊ_PHƯƠNG_LINH_ (4),,True,6730796,train
cosign_00_00058,cosign_00_00058,Ban ngày/BAN_NGÀY_TẠ_THỊ_PHƯƠNG_LINH_ (5).mp4,pose_format/Ban ngày/BAN_NGÀY_TẠ_THỊ_PHƯƠNG_LINH_ (5).pkl,0,Ban ngày,Ban ngày,"[""Ban ngày""]",signer_013,00_BAN_NGÀY_TẠ_THỊ_PHƯƠNG_LINH_ (5),,True,6439742,train
cosign_00_00059,cosign_00_00059,Ban ngày/BAN_NGÀY_VŨ_HUY_DU_ (1).mp4,pose_format/Ban ngày/BAN_NGÀY_VŨ_HUY_DU_ (1).pkl,0,Ban ngày,Ban ngày,"[""Ban ngày""]",signer_014,00_BAN_NGÀY_VŨ_HUY_DU_ (1),,True,7882564,train
cosign_00_00060,cosign_00_00060,Ban ngày/BAN_NGÀY_VŨ_HUY_DU_ (2).mp4,pose_format/Ban ngày/BAN_NGÀY_VŨ_HUY_DU_ (2).pkl,0,Ban ngày,Ban ngày,"[""Ban ngày""]",signer_014,00_BAN_NGÀY_VŨ_HUY_DU_ (2),,True,7876397,train
cosign_00_00061,cosign_00_00061,Ban ngày/BAN_NGÀY_VŨ_HUY_DU_ (3).mp4,pose_format/Ban ngày/BAN_NGÀY_VŨ_HUY_DU_ (3).pkl,0,Ban ngày,Ban ngày,"[""Ban ngày""]",signer_014,00_BAN_NGÀY_VŨ_HUY_DU_ (3),,True,7936174,train
cosign_00_00062,cosign_00_00062,Ban ngày/BAN_NGÀY_VŨ_HUY_DU_ (4).mp4,pose_format/Ban ngày/BAN_NGÀY_VŨ_HUY_DU_ (4).pkl,0,Ban ngày,Ban ngày,"[""Ban ngày""]",signer_014,00_BAN_NGÀY_VŨ_HUY_DU_ (4),,True,8435631,train
cosign_00_00063,cosign_00_00063,Ban ngày/BAN_NGÀY_VŨ_HUY_DU_ (5).mp4,pose_format/Ban ngày/BAN_NGÀY_VŨ_HUY_DU_ (5).pkl,0,Ban ngày,Ban ngày,"[""Ban ngày""]",signer_014,00_BAN_NGÀY_VŨ_HUY_DU_ (5),,True,7909696,train
cosign_00_00064,cosign_00_00064,Ban ngày/BAN_NGÀY_VŨ_KẾT_ĐỒNG_1.mp4,pose_format/Ban ngày/BAN_NGÀY_VŨ_KẾT_ĐỒNG_1.pkl,0,Ban ngày,Ban ngày,"[""Ban ngày""]",signer_015,00_BAN_NGÀY_VŨ_KẾT_ĐỒNG_1,,True,6100436,train
cosign_00_00065,cosign_00_00065,Ban ngày/BAN_NGÀY_VŨ_KẾT_ĐỒNG_2.mp4,pose_format/Ban ngày/BAN_NGÀY_VŨ_KẾT_ĐỒNG_2.pkl,0,Ban ngày,Ban ngày,"[""Ban ngày""]",signer_015,00_BAN_NGÀY_VŨ_KẾT_ĐỒNG_2,,True,5618719,train
cosign_00_00066,cosign_00_00066,Ban ngày/BAN_NGÀY_VŨ_KẾT_ĐỒNG_3.mp4,pose_format/Ban ngày/BAN_NGÀY_VŨ_KẾT_ĐỒNG_3.pkl,0,Ban ngày,Ban ngày,"[""Ban ngày""]",signer_015,00_BAN_NGÀY_VŨ_KẾT_ĐỒNG_3,,True,6685004,train
cosign_00_00067,cosign_00_00067,Ban ngày/BAN_NGÀY_VŨ_KẾT_ĐỒNG_4.mp4,pose_format/Ban ngày/BAN_NGÀY_VŨ_KẾT_ĐỒNG_4.pkl,0,Ban ngày,Ban ngày,"[""Ban ngày""]",signer_015,00_BAN_NGÀY_VŨ_KẾT_ĐỒNG_4,,True,6362871,train
cosign_00_00068,cosign_00_00068,Ban ngày/BAN_NGÀY_VŨ_KẾT_ĐỒNG_5.mp4,pose_format/Ban ngày/BAN_NGÀY_VŨ_KẾT_ĐỒNG_5.pkl,0,Ban ngày,Ban ngày,"[""Ban ngày""]",signer_015,00_BAN_NGÀY_VŨ_KẾT_ĐỒNG_5,,True,6940345,train
cosign_00_00069,cosign_00_00069,Ban ngày/Ban ngày _LQM.mp4,pose_format/Ban ngày/Ban ngày _LQM.pkl,0,Ban ngày,Ban ngày,"[""Ban ngày""]",signer_016,00_Ban ngày _LQM,,True,9231881,train
cosign_00_00070,cosign_00_00070,Ban ngày/Ban ngày _LQM (2).mp4,pose_format/Ban ngày/Ban ngày _LQM (2).pkl,0,Ban ngày,Ban ngày,"[""Ban ngày""]",signer_016,00_Ban ngày _LQM (2),,True,10984782,train
cosign_00_00071,cosign_00_00071,Ban ngày/Ban ngày _LQM (3).mp4,pose_format/Ban ngày/Ban ngày _LQM (3).pkl,0,Ban ngày,Ban ngày,"[""Ban ngày""]",signer_016,00_Ban ngày _LQM (3),,True,9201914,train
cosign_00_00072,cosign_00_00072,Ban ngày/Ban ngày _LQM (4).mp4,pose_format/Ban ngày/Ban ngày _LQM (4).pkl,0,Ban ngày,Ban ngày,"[""Ban ngày""]",signer_016,00_Ban ngày _LQM (4),,True,11227602,train
cosign_00_00073,cosign_00_00073,Ban ngày/Ban ngày _LQM (5).mp4,pose_format/Ban ngày/Ban ngày _LQM (5).pkl,0,Ban ngày,Ban ngày,"[""Ban ngày""]",signer_016,00_Ban ngày _LQM (5),,True,10505529,train
cosign_00_00074,cosign_00_00074,Ban ngày/Ban_ngày_MVT.mp4,pose_format/Ban ngày/Ban_ngày_MVT.pkl,0,Ban ngày,Ban ngày,"[""Ban ngày""]",signer_017,00_Ban_ngày_MVT,,True,15743027,train
cosign_00_00075,cosign_00_00075,Ban ngày/Ban_ngày_MVT.mp4.mp4,pose_format/Ban ngày/Ban_ngày_MVT.mp4.pkl,0,Ban ngày,Ban ngày,"[""Ban ngày""]",signer_018,00_Ban_ngày_MVT.mp4,,True,14469222,train
cosign_00_00076,cosign_00_00076,Ban ngày/Ban_ngày_MVT.mp4 (2).mp4,pose_format/Ban ngày/Ban_ngày_MVT.mp4 (2).pkl,0,Ban ngày,Ban ngày,"[""Ban ngày""]",signer_018,00_Ban_ngày_MVT.mp4 (2),,True,13461375,train
cosign_00_00077,cosign_00_00077,Ban ngày/Ban_ngày_MVT.mp4 (3).mp4,pose_format/Ban ngày/Ban_ngày_MVT.mp4 (3).pkl,0,Ban ngày,Ban ngày,"[""Ban ngày""]",signer_018,00_Ban_ngày_MVT.mp4 (3),,True,14471271,train
cosign_00_00078,cosign_00_00078,Ban ngày/Ban_ngày_MVT.mp4 (4).mp4,pose_format/Ban ngày/Ban_ngày_MVT.mp4 (4).pkl,0,Ban ngày,Ban ngày,"[""Ban ngày""]",signer_018,00_Ban_ngày_MVT.mp4 (4),,True,13752940,train
cosign_00_00079,cosign_00_00079,Ban ngày/Lê Phương Thảo _12_Ban Ngày_1692753818.9323606_0_cut.avi,pose_format/Ban ngày/Lê Phương Thảo _12_Ban Ngày_1692753818.9323606_0_cut.pkl,0,Ban ngày,Ban ngày,"[""Ban ngày""]",signer_019,00_Lê Phương Thảo _12_Ban Ngày_1692753818.9323606_0,00_Lê Phương Thảo _12_Ban Ngày_1692753818.9323606_0,False,1029466,train
cosign_00_00080,cosign_00_00080,Ban ngày/Lê Phương Thảo _12_Ban Ngày_1692753818.9323606_0_cut_frames_35.avi,pose_format/Ban ngày/Lê Phương Thảo _12_Ban Ngày_1692753818.9323606_0_cut_frames_35.pkl,0,Ban ngày,Ban ngày,"[""Ban ngày""]",signer_019,00_Lê Phương Thảo _12_Ban Ngày_1692753818.9323606_0,,True,822010,train
cosign_00_00081,cosign_00_00081,Ban ngày/Lê Phương Thảo _12_Ban Ngày_1692753818.9323606_0_cut_frames_40.avi,pose_format/Ban ngày/Lê Phương Thảo _12_Ban Ngày_1692753818.9323606_0_cut_frames_40.pkl,0,Ban ngày,Ban ngày,"[""Ban ngày""]",signer_019,00_Lê Phương Thảo _12_Ban Ngày_1692753818.9323606_0,00_Lê Phương Thảo _12_Ban Ngày_1692753818.9323606_0,False,822010,train
cosign_00_00082,cosign_00_00082,Ban ngày/Lê Phương Thảo _12_Ban Ngày_1692753818.9323606_0_frames_35.avi,pose_format/Ban ngày/Lê Phương Thảo _12_Ban Ngày_1692753818.9323606_0_frames_35.pkl,0,Ban ngày,Ban ngày,"[""Ban ngày""]",signer_019,00_Lê Phương Thảo _12_Ban Ngày_1692753818.9323606_0,00_Lê Phương Thảo _12_Ban Ngày_1692753818.9323606_0,False,1013106,train
cosign_00_00083,cosign_00_00083,Ban ngày/Lê Phương Thảo _12_Ban Ngày_1692753818.9323606_0_frames_40.avi,pose_format/Ban ngày/Lê Phương Thảo _12_Ban Ngày_1692753818.9323606_0_frames_40.pkl,0,Ban ngày,Ban ngày,"[""Ban ngày""]",signer_019,00_Lê Phương Thảo _12_Ban Ngày_1692753818.9323606_0,00_Lê Phương Thảo _12_Ban Ngày_1692753818.9323606_0,False,1013106,train
cosign_00_00084,cosign_00_00084,Ban ngày/Lê Thanh Như_12_Ban ngày_1692753818.3156345_0_cut.avi,pose_format/Ban ngày/Lê Thanh Như_12_Ban ngày_1692753818.3156345_0_cut.pkl,0,Ban ngày,Ban ngày,"[""Ban ngày""]",signer_020,00_Lê Thanh Như_12_Ban ngày_1692753818.3156345_0,00_Lê Thanh Như_12_Ban ngày_1692753818.3156345_0,False,1366780,train
cosign_00_00085,cosign_00_00085,Ban ngày/Lê Thanh Như_12_Ban ngày_1692753818.3156345_0_cut_frames_35.avi,pose_format/Ban ngày/Lê Thanh Như_12_Ban ngày_1692753818.3156345_0_cut_frames_35.pkl,0,Ban ngày,Ban ngày,"[""Ban ngày""]",signer_020,00_Lê Thanh Như_12_Ban ngày_1692753818.3156345_0,,True,1157188,train
cosign_00_00086,cosign_00_00086,Ban ngày/Lê Thanh Như_12_Ban ngày_1692753818.3156345_0_cut_frames_40.avi,pose_format/Ban ngày/Lê Thanh Như_12_Ban ngày_1692753818.3156345_0_cut_frames_40.pkl,0,Ban ngày,Ban ngày,"[""Ban ngày""]",signer_020,00_Lê Thanh Như_12_Ban ngày_1692753818.3156345_0,00_Lê Thanh Như_12_Ban ngày_1692753818.3156345_0,False,1157188,train
cosign_00_00087,cosign_00_00087,Ban ngày/Lê Thanh Như_12_Ban ngày_1692753818.3156345_0_frames_35.avi,pose_format/Ban ngày/Lê Thanh Như_12_Ban ngày_1692753818.3156345_0_frames_35.pkl,0,Ban ngày,Ban ngày,"[""Ban ngày""]",signer_020,00_Lê Thanh Như_12_Ban ngày_1692753818.3156345_0,00_Lê Thanh Như_12_Ban ngày_1692753818.3156345_0,False,1250846,train
cosign_00_00088,cosign_00_00088,Ban ngày/Lê Thanh Như_12_Ban ngày_1692753818.3156345_0_frames_40.avi,pose_format/Ban ngày/Lê Thanh Như_12_Ban ngày_1692753818.3156345_0_frames_40.pkl,0,Ban ngày,Ban ngày,"[""Ban ngày""]",signer_020,00_Lê Thanh Như_12_Ban ngày_1692753818.3156345_0,00_Lê Thanh Như_12_Ban ngày_1692753818.3156345_0,False,1250846,train
cosign_00_00089,cosign_00_00089,Ban ngày/Nguyễn Gia Bảo_10_ban  ngày_1692753893.556875_0_cut.avi,pose_format/Ban ngày/Nguyễn Gia Bảo_10_ban  ngày_1692753893.556875_0_cut.pkl,0,Ban ngày,Ban ngày,"[""Ban ngày""]",signer_021,00_Nguyễn Gia Bảo_10_ban  ngày_1692753893.556875_0,00_Nguyễn Gia Bảo_10_ban  ngày_1692753893.556875_0,False,1884672,train
cosign_00_00090,cosign_00_00090,Ban ngày/Nguyễn Gia Bảo_10_ban  ngày_1692753893.556875_0_cut_frames_35.avi,pose_format/Ban ngày/Nguyễn Gia Bảo_10_ban  ngày_1692753893.556875_0_cut_frames_35.pkl,0,Ban ngày,Ban ngày,"[""Ban ngày""]",signer_021,00_Nguyễn Gia Bảo_10_ban  ngày_1692753893.556875_0,,True,1361264,train
cosign_00_00091,cosign_00_00091,Ban ngày/Nguyễn Gia Bảo_10_ban  ngày_1692753893.556875_0_cut_frames_40.avi,pose_format/Ban ngày/Nguyễn Gia Bảo_10_ban  ngày_1692753893.556875_0_cut_frames_40.pkl,0,Ban ngày,Ban ngày,"[""Ban ngày""]",signer_021,00_Nguyễn Gia Bảo_10_ban  ngày_1692753893.556875_0,00_Nguyễn Gia Bảo_10_ban  ngày_1692753893.556875_0,False,1361264,train
cosign_00_00092,cosign_00_00092,Ban ngày/Nguyễn Gia Bảo_10_ban  ngày_1692753893.556875_0_frames_35.avi,pose_format/Ban ngày/Nguyễn Gia Bảo_10_ban  ngày_1692753893.556875_0_frames_35.pkl,0,Ban ngày,Ban ngày,"[""Ban ngày""]",signer_021,00_Nguyễn Gia Bảo_10_ban  ngày_1692753893.556875_0,00_Nguyễn Gia Bảo_10_ban  ngày_1692753893.556875_0,False,1708860,train
cosign_00_00093,cosign_00_00093,Ban ngày/Nguyễn Gia Bảo_10_ban  ngày_1692753893.556875_0_frames_40.avi,pose_format/Ban ngày/Nguyễn Gia Bảo_10_ban  ngày_1692753893.556875_0_frames_40.pkl,0,Ban ngày,Ban ngày,"[""Ban ngày""]",signer_021,00_Nguyễn Gia Bảo_10_ban  ngày_1692753893.556875_0,00_Nguyễn Gia Bảo_10_ban  ngày_1692753893.556875_0,False,1708860,train
cosign_00_00094,cosign_00_00094,Ban ngày/Nguyễn Thị Huyền_35_ban ngày_1692861904.426095_0_cut.avi,pose_format/Ban ngày/Nguyễn Thị Huyền_35_ban ngày_1692861904.426095_0_cut.pkl,0,Ban ngày,Ban ngày,"[""Ban ngày""]",signer_022,00_Nguyễn Thị Huyền_35_ban ngày_1692861904.426095_0,00_Nguyễn Thị Huyền_35_ban ngày_1692861904.426095_0,False,1852702,train
cosign_00_00095,cosign_00_00095,Ban ngày/Nguyễn Thị Huyền_35_ban ngày_1692861904.426095_0_cut_frames_35.avi,pose_format/Ban ngày/Nguyễn Thị Huyền_35_ban ngày_1692861904.426095_0_cut_frames_35.pkl,0,Ban ngày,Ban ngày,"[""Ban ngày""]",signer_022,00_Nguyễn Thị Huyền_35_ban ngày_1692861904.426095_0,,True,1236638,train
cosign_00_00096,cosign_00_00096,Ban ngày/Nguyễn Thị Huyền_35_ban ngày_1692861904.426095_0_cut_frames_40.avi,pose_format/Ban ngày/Nguyễn Thị Huyền_35_ban ngày_1692861904.426095_0_cut_frames_40.pkl,0,Ban ngày,Ban ngày,"[""Ban ngày""]",signer_022,00_Nguyễn Thị Huyền_35_ban ngày_1692861904.426095_0,00_Nguyễn Thị Huyền_35_ban ngày_1692861904.426095_0,False,1236638,train
cosign_00_00097,cosign_00_00097,Ban ngày/Nguyễn Thị Huyền_35_ban ngày_1692861904.426095_0_frames_35.avi,pose_format/Ban ngày/Nguyễn Thị Huyền_35_ban ngày_1692861904.426095_0_frames_35.pkl,0,Ban ngày,Ban ngày,"[""Ban ngày""]",signer_022,00_Nguyễn Thị Huyền_35_ban ngày_1692861904.426095_0,00_Nguyễn Thị Huyền_35_ban ngày_1692861904.426095_0,False,1791056,train
cosign_00_00098,cosign_00_00098,Ban ngày/Nguyễn Thị Huyền_35_ban ngày_1692861904.426095_0_frames_40.avi,pose_format/Ban ngày/Nguyễn Thị Huyền_35_ban ngày_1692861904.426095_0_frames_40.pkl,0,Ban ngày,Ban ngày,"[""Ban ngày""]",signer_022,00_Nguyễn Thị Huyền_35_ban ngày_1692861904.426095_0,00_Nguyễn Thị Huyền_35_ban ngày_1692861904.426095_0,False,1791056,train
cosign_00_00099,cosign_00_00099,Ban ngày/Nguyễn Thị Hồng_32_Ban ngày_1692946434.305298_0_cut.avi,pose_format/Ban ngày/Nguyễn Thị Hồng_32_Ban ngày_1692946434.305298_0_cut.pkl,0,Ban ngày,Ban ngày,"[""Ban ngày""]",signer_023,00_Nguyễn Thị Hồng_32_Ban ngày_1692946434.305298_0,00_Nguyễn Thị Hồng_32_Ban ngày_1692946434.305298_0,False,1237834,train
cosign_00_00100,cosign_00_00100,Ban ngày/Nguyễn Thị Hồng_32_Ban ngày_1692946434.305298_0_cut_frames_35.avi,pose_format/Ban ngày/Nguyễn Thị Hồng_32_Ban ngày_1692946434.305298_0_cut_frames_35.pkl,0,Ban ngày,Ban ngày,"[""Ban ngày""]",signer_023,00_Nguyễn Thị Hồng_32_Ban ngày_1692946434.305298_0,,True,925716,train
cosign_00_00101,cosign_00_00101,Ban ngày/Nguyễn Thị Hồng_32_Ban ngày_1692946434.305298_0_cut_frames_40.avi,pose_format/Ban ngày/Nguyễn Thị Hồng_32_Ban ngày_1692946434.305298_0_cut_frames_40.pkl,0,Ban ngày,Ban ngày,"[""Ban ngày""]",signer_023,00_Nguyễn Thị Hồng_32_Ban ngày_1692946434.305298_0,00_Nguyễn Thị Hồng_32_Ban ngày_1692946434.305298_0,False,925716,train
cosign_00_00102,cosign_00_00102,Ban ngày/Nguyễn Thị Hồng_32_Ban ngày_1692946434.305298_0_frames_35.avi,pose_format/Ban ngày/Nguyễn Thị Hồng_32_Ban ngày_1692946434.305298_0_frames_35.pkl,0,Ban ngày,Ban ngày,"[""Ban ngày""]",signer_023,00_Nguyễn Thị Hồng_32_Ban ngày_1692946434.305298_0,00_Nguyễn Thị Hồng_32_Ban ngày_1692946434.305298_0,False,1170144,train
cosign_00_00103,cosign_00_00103,Ban ngày/Nguyễn Thị Hồng_32_Ban ngày_1692946434.305298_0_frames_40.avi,pose_format/Ban ngày/Nguyễn Thị Hồng_32_Ban ngày_1692946434.305298_0_frames_40.pkl,0,Ban ngày,Ban ngày,"[""Ban ngày""]",signer_023,00_Nguyễn Thị Hồng_32_Ban ngày_1692946434.305298_0,00_Nguyễn Thị Hồng_32_Ban ngày_1692946434.305298_0,False,1170144,train
cosign_00_00104,cosign_00_00104,Ban ngày/Nguyễn Thị Mai Anh_39_ban ngày_1693188081.2603316_0_cut.avi,pose_format/Ban ngày/Nguyễn Thị Mai Anh_39_ban ngày_1693188081.2603316_0_cut.pkl,0,Ban ngày,Ban ngày,"[""Ban ngày""]",signer_024,00_Nguyễn Thị Mai Anh_39_ban ngày_1693188081.2603316_0,00_Nguyễn Thị Mai Anh_39_ban ngày_1693188081.2603316_0,False,1095860,train
cosign_00_00105,cosign_00_00105,Ban ngày/Nguyễn Thị Mai Anh_39_ban ngày_1693188081.2603316_0_cut_frames_35.avi,pose_format/Ban ngày/Nguyễn Thị Mai Anh_39_ban ngày_1693188081.2603316_0_cut_frames_35.pkl,0,Ban ngày,Ban ngày,"[""Ban ngày""]",signer_024,00_Nguyễn Thị Mai Anh_39_ban ngày_1693188081.2603316_0,,True,784740,train
cosign_00_00106,cosign_00_00106,Ban ngày/Nguyễn Thị Mai Anh_39_ban ngày_1693188081.2603316_0_cut_frames_40.avi,pose_format/Ban ngày/Nguyễn Thị Mai Anh_39_ban ngày_1693188081.2603316_0_cut_frames_40.pkl,0,Ban ngày,Ban ngày,"[""Ban ngày""]",signer_024,00_Nguyễn Thị Mai Anh_39_ban ngày_1693188081.2603316_0,00_Nguyễn Thị Mai Anh_39_ban ngày_1693188081.2603316_0,False,784740,train
cosign_00_00107,cosign_00_00107,Ban ngày/Nguyễn Thị Mai Anh_39_ban ngày_1693188081.2603316_0_frames_35.avi,pose_format/Ban ngày/Nguyễn Thị Mai Anh_39_ban ngày_1693188081.2603316_0_frames_35.pkl,0,Ban ngày,Ban ngày,"[""Ban ngày""]",signer_024,00_Nguyễn Thị Mai Anh_39_ban ngày_1693188081.2603316_0,00_Nguyễn Thị Mai Anh_39_ban ngày_1693188081.2603316_0,False,1086236,train
cosign_00_00108,cosign_00_00108,Ban ngày/Nguyễn Thị Mai Anh_39_ban ngày_1693188081.2603316_0_frames_40.avi,pose_format/Ban ngày/Nguyễn Thị Mai Anh_39_ban ngày_1693188081.2603316_0_frames_40.pkl,0,Ban ngày,Ban ngày,"[""Ban ngày""]",signer_024,00_Nguyễn Thị Mai Anh_39_ban ngày_1693188081.2603316_0,00_Nguyễn Thị Mai Anh_39_ban ngày_1693188081.2603316_0,False,1086236,train
cosign_00_00109,cosign_00_00109,Ban ngày/Nguyễn Thị Thu Trang_38_Ban ngày _1692842067.124256_0_cut.avi,pose_format/Ban ngày/Nguyễn Thị Thu Trang_38_Ban ngày _1692842067.124256_0_cut.pkl,0,Ban ngày,Ban ngày,"[""Ban ngày""]",signer_025,00_Nguyễn Thị Thu Trang_38_Ban ngày _1692842067.124256_0,00_Nguyễn Thị Thu Trang_38_Ban ngày _1692842067.124256_0,False,1323456,train
cosign_00_00110,cosign_00_00110,Ban ngày/Nguyễn Thị Thu Trang_38_Ban ngày _1692842067.124256_0_cut_frames_35.avi,pose_format/Ban ngày/Nguyễn Thị Thu Trang_38_Ban ngày _1692842067.124256_0_cut_frames_35.pkl,0,Ban ngày,Ban ngày,"[""Ban ngày""]",signer_025,00_Nguyễn Thị Thu Trang_38_Ban ngày _1692842067.124256_0,,True,964504,train
cosign_00_00111,cosign_00_00111,Ban ngày/Nguyễn Thị Thu Trang_38_Ban ngày _1692842067.124256_0_cut_frames_40.avi,pose_format/Ban ngày/Nguyễn Thị Thu Trang_38_Ban ngày _1692842067.124256_0_cut_frames_40.pkl,0,Ban ngày,Ban ngày,"[""Ban ngày""]",signer_025,00_Nguyễn Thị Thu Trang_38_Ban ngày _1692842067.124256_0,00_Nguyễn Thị Thu Trang_38_Ban ngày _1692842067.124256_0,False,964504,train
cosign_00_00112,cosign_00_00112,Ban ngày/Nguyễn Thị Thu Trang_38_Ban ngày _1692842067.124256_0_frames_35.avi,pose_format/Ban ngày/Nguyễn Thị Thu Trang_38_Ban ngày _1692842067.124256_0_frames_35.pkl,0,Ban ngày,Ban ngày,"[""Ban ngày""]",signer_025,00_Nguyễn Thị Thu Trang_38_Ban ngày _1692842067.124256_0,00_Nguyễn Thị Thu Trang_38_Ban ngày _1692842067.124256_0,False,1323456,train
cosign_00_00113,cosign_00_00113,Ban ngày/Nguyễn Thị Thu Trang_38_Ban ngày _1692842067.124256_0_frames_40.avi,pose_format/Ban ngày/Nguyễn Thị Thu Trang_38_Ban ngày _1692842067.124256_0_frames_40.pkl,0,Ban ngày,Ban ngày,"[""Ban ngày""]",signer_025,00_Nguyễn Thị Thu Trang_38_Ban ngày _1692842067.124256_0,00_Nguyễn Thị Thu Trang_38_Ban ngày _1692842067.124256_0,False,1323456,train
cosign_00_00114,cosign_00_00114,Ban ngày/Trần Thị Vân Anh_39_ban_ngày_1692946632.4079728_0_cut.avi,pose_format/Ban ngày/Trần Thị Vân Anh_39_ban_ngày_1692946632.4079728_0_cut.pkl,0,Ban ngày,Ban ngày,"[""Ban ngày""]",signer_026,00_Trần Thị Vân Anh_39_ban_ngày_1692946632.4079728_0,00_Trần Thị Vân Anh_39_ban_ngày_1692946632.4079728_0,False,1077440,train
cosign_00_00115,cosign_00_00115,Ban ngày/Trần Thị Vân Anh_39_ban_ngày_1692946632.4079728_0_cut_frames_35.avi,pose_format/Ban ngày/Trần Thị Vân Anh_39_ban_ngày_1692946632.4079728_0_cut_frames_35.pkl,0,Ban ngày,Ban ngày,"[""Ban ngày""]",signer_026,00_Trần Thị Vân Anh_39_ban_ngày_1692946632.4079728_0,,True,792134,train
cosign_00_00116,cosign_00_00116,Ban ngày/Trần Thị Vân Anh_39_ban_ngày_1692946632.4079728_0_cut_frames_40.avi,pose_format/Ban ngày/Trần Thị Vân Anh_39_ban_ngày_1692946632.4079728_0_cut_frames_40.pkl,0,Ban ngày,Ban ngày,"[""Ban ngày""]",signer_026,00_Trần Thị Vân Anh_39_ban_ngày_1692946632.4079728_0,00_Trần Thị Vân Anh_39_ban_ngày_1692946632.4079728_0,False,792134,train
cosign_00_00117,cosign_00_00117,Ban ngày/Trần Thị Vân Anh_39_ban_ngày_1692946632.4079728_0_frames_35.avi,pose_format/Ban ngày/Trần Thị Vân Anh_39_ban_ngày_1692946632.4079728_0_frames_35.pkl,0,Ban ngày,Ban ngày,"[""Ban ngày""]",signer_026,00_Trần Thị Vân Anh_39_ban_ngày_1692946632.4079728_0,00_Trần Thị Vân Anh_39_ban_ngày_1692946632.4079728_0,False,996458,train
cosign_00_00118,cosign_00_00118,Ban ngày/Trần Thị Vân Anh_39_ban_ngày_1692946632.4079728_0_frames_40.avi,pose_format/Ban ngày/Trần Thị Vân Anh_39_ban_ngày_1692946632.4079728_0_frames_40.pkl,0,Ban ngày,Ban ngày,"[""Ban ngày""]",signer_026,00_Trần Thị Vân Anh_39_ban_ngày_1692946632.4079728_0,00_Trần Thị Vân Anh_39_ban_ngày_1692946632.4079728_0,False,996458,train
cosign_00_00119,cosign_00_00119,Ban ngày/Trần Xuân Ngọc_41_ban ngày_1692782596.3538227_0_cut.avi,pose_format/Ban ngày/Trần Xuân Ngọc_41_ban ngày_1692782596.3538227_0_cut.pkl,0,Ban ngày,Ban ngày,"[""Ban ngày""]",signer_027,00_Trần Xuân Ngọc_41_ban ngày_1692782596.3538227_0,00_Trần Xuân Ngọc_41_ban ngày_1692782596.3538227_0,False,1351482,train
cosign_00_00120,cosign_00_00120,Ban ngày/Trần Xuân Ngọc_41_ban ngày_1692782596.3538227_0_cut_frames_35.avi,pose_format/Ban ngày/Trần Xuân Ngọc_41_ban ngày_1692782596.3538227_0_cut_frames_35.pkl,0,Ban ngày,Ban ngày,"[""Ban ngày""]",signer_027,00_Trần Xuân Ngọc_41_ban ngày_1692782596.3538227_0,,True,1009504,train
cosign_00_00121,cosign_00_00121,Ban ngày/Trần Xuân Ngọc_41_ban ngày_1692782596.3538227_0_cut_frames_40.avi,pose_format/Ban ngày/Trần Xuân Ngọc_41_ban ngày_1692782596.3538227_0_cut_frames_40.pkl,0,Ban ngày,Ban ngày,"[""Ban ngày""]",signer_027,00_Trần Xuân Ngọc_41_ban ngày_1692782596.3538227_0,00_Trần Xuân Ngọc_41_ban ngày_1692782596.3538227_0,False,1009504,train
cosign_00_00122,cosign_00_00122,Ban ngày/Trần Xuân Ngọc_41_ban ngày_1692782596.3538227_0_frames_35.avi,pose_format/Ban ngày/Trần Xuân Ngọc_41_ban ngày_1692782596.3538227_0_frames_35.pkl,0,Ban ngày,Ban ngày,"[""Ban ngày""]",signer_027,00_Trần Xuân Ngọc_41_ban ngày_1692782596.3538227_0,00_Trần Xuân Ngọc_41_ban ngày_1692782596.3538227_0,False,1283992,train
cosign_00_00123,cosign_00_00123,Ban ngày/Trần Xuân Ngọc_41_ban ngày_1692782596.3538227_0_frames_40.avi,pose_format/Ban ngày/Trần Xuân Ngọc_41_ban ngày_1692782596.3538227_0_frames_40.pkl,0,Ban ngày,Ban ngày,"[""Ban ngày""]",signer_027,00_Trần Xuân Ngọc_41_ban ngày_1692782596.3538227_0,00_Trần Xuân Ngọc_41_ban ngày_1692782596.3538227_0,False,1283992,train
cosign_00_00124,cosign_00_00124,Ban ngày/Vũ Thị Thu Phương_37_ban ngày_1692864435.7699897_0_cut.avi,pose_format/Ban ngày/Vũ Thị Thu Phương_37_ban ngày_1692864435.7699897_0_cut.pkl,0,Ban ngày,Ban ngày,"[""Ban ngày""]",signer_028,00_Vũ Thị Thu Phương_37_ban ngày_1692864435.7699897_0,00_Vũ Thị Thu Phương_37_ban ngày_1692864435.7699897_0,False,1347800,train
cosign_00_00125,cosign_00_00125,Ban ngày/Vũ Thị Thu Phương_37_ban ngày_1692864435.7699897_0_cut_frames_35.avi,pose_format/Ban ngày/Vũ Thị Thu Phương_37_ban ngày_1692864435.7699897_0_cut_frames_35.pkl,0,Ban ngày,Ban ngày,"[""Ban ngày""]",signer_028,00_Vũ Thị Thu Phương_37_ban ngày_1692864435.7699897_0,,True,993664,train
cosign_00_00126,cosign_00_00126,Ban ngày/Vũ Thị Thu Phương_37_ban ngày_1692864435.7699897_0_cut_frames_40.avi,pose_format/Ban ngày/Vũ Thị Thu Phương_37_ban ngày_1692864435.7699897_0_cut_frames_40.pkl,0,Ban ngày,Ban ngày,"[""Ban ngày""]",signer_028,00_Vũ Thị Thu Phương_37_ban ngày_1692864435.7699897_0,00_Vũ Thị Thu Phương_37_ban ngày_1692864435.7699897_0,False,993664,train
cosign_00_00127,cosign_00_00127,Ban ngày/Vũ Thị Thu Phương_37_ban ngày_1692864435.7699897_0_frames_35.avi,pose_format/Ban ngày/Vũ Thị Thu Phương_37_ban ngày_1692864435.7699897_0_frames_35.pkl,0,Ban ngày,Ban ngày,"[""Ban ngày""]",signer_028,00_Vũ Thị Thu Phương_37_ban ngày_1692864435.7699897_0,00_Vũ Thị Thu Phương_37_ban ngày_1692864435.7699897_0,False,1297852,train
cosign_00_00128,cosign_00_00128,Ban ngày/Vũ Thị Thu Phương_37_ban ngày_1692864435.7699897_0_frames_40.avi,pose_format/Ban ngày/Vũ Thị Thu Phương_37_ban ngày_1692864435.7699897_0_frames_40.pkl,0,Ban ngày,Ban ngày,"[""Ban ngày""]",signer_028,00_Vũ Thị Thu Phương_37_ban ngày_1692864435.7699897_0,00_Vũ Thị Thu Phương_37_ban ngày_1692864435.7699897_0,False,1297852,train
cosign_00_00129,cosign_00_00129,Ban ngày/Đoàn Thị Thu Thủy_40_ban ngày_1692951752.3389156_0_cut.avi,pose_format/Ban ngày/Đoàn Thị Thu Thủy_40_ban ngày_1692951752.3389156_0_cut.pkl,0,Ban ngày,Ban ngày,"[""Ban ngày""]",signer_029,00_Đoàn Thị Thu Thủy_40_ban ngày_1692951752.3389156_0,00_Đoàn Thị Thu Thủy_40_ban ngày_1692951752.3389156_0,False,1546060,train
cosign_00_00130,cosign_00_00130,Ban ngày/Đoàn Thị Thu Thủy_40_ban ngày_1692951752.3389156_0_cut_frames_35.avi,pose_format/Ban ngày/Đoàn Thị Thu Thủy_40_ban ngày_1692951752.3389156_0_cut_frames_35.pkl,0,Ban ngày,Ban ngày,"[""Ban ngày""]",signer_029,00_Đoàn Thị Thu Thủy_40_ban ngày_1692951752.3389156_0,,True,886258,train
cosign_00_00131,cosign_00_00131,Ban ngày/Đoàn Thị Thu Thủy_40_ban ngày_1692951752.3389156_0_cut_frames_40.avi,pose_format/Ban ngày/Đoàn Thị Thu Thủy_40_ban ngày_1692951752.3389156_0_cut_frames_40.pkl,0,Ban ngày,Ban ngày,"[""Ban ngày""]",signer_029,00_Đoàn Thị Thu Thủy_40_ban ngày_1692951752.3389156_0,00_Đoàn Thị Thu Thủy_40_ban ngày_1692951752.3389156_0,False,886258,train
cosign_00_00132,cosign_00_00132,Ban ngày/Đoàn Thị Thu Thủy_40_ban ngày_1692951752.3389156_0_frames_35.avi,pose_format/Ban ngày/Đoàn Thị Thu Thủy_40_ban ngày_1692951752.3389156_0_frames_35.pkl,0,Ban ngày,Ban ngày,"[""Ban ngày""]",signer_029,00_Đoàn Thị Thu Thủy_40_ban ngày_1692951752.3389156_0,00_Đoàn Thị Thu Thủy_40_ban ngày_1692951752.3389156_0,False,1464068,train
cosign_00_00133,cosign_00_00133,Ban ngày/Đoàn Thị Thu Thủy_40_ban ngày_1692951752.3389156_0_frames_40.avi,pose_format/Ban ngày/Đoàn Thị Thu Thủy_40_ban ngày_1692951752.3389156_0_frames_40.pkl,0,Ban ngày,Ban ngày,"[""Ban ngày""]",signer_029,00_Đoàn Thị Thu Thủy_40_ban ngày_1692951752.3389156_0,00_Đoàn Thị Thu Thủy_40_ban ngày_1692951752.3389156_0,False,1464068,train
cosign_00_00134,cosign_00_00134,Ban ngày/Đặng Thị Kiên_37_ban ngày_1693125928.3180974_0_cut.avi,pose_format/Ban ngày/Đặng Thị Kiên_37_ban ngày_1693125928.3180974_0_cut.pkl,0,Ban ngày,Ban ngày,"[""Ban ngày""]",signer_030,00_Đặng Thị Kiên_37_ban ngày_1693125928.3180974_0,00_Đặng Thị Kiên_37_ban ngày_1693125928.3180974_0,False,1444460,train
cosign_00_00135,cosign_00_00135,Ban ngày/Đặng Thị Kiên_37_ban ngày_1693125928.3180974_0_cut_frames_35.avi,pose_format/Ban ngày/Đặng Thị Kiên_37_ban ngày_1693125928.3180974_0_cut_frames_35.pkl,0,Ban ngày,Ban ngày,"[""Ban ngày""]",signer_030,00_Đặng Thị Kiên_37_ban ngày_1693125928.3180974_0,,True,1065782,train
cosign_00_00136,cosign_00_00136,Ban ngày/Đặng Thị Kiên_37_ban ngày_1693125928.3180974_0_cut_frames_40.avi,pose_format/Ban ngày/Đặng Thị Kiên_37_ban ngày_1693125928.3180974_0_cut_frames_40.pkl,0,Ban ngày,Ban ngày,"[""Ban ngày""]",signer_030,00_Đặng Thị Kiên_37_ban ngày_1693125928.3180974_0,00_Đặng Thị Kiên_37_ban ngày_1693125928.3180974_0,False,1065782,train
cosign_00_00137,cosign_00_00137,Ban ngày/Đặng Thị Kiên_37_ban ngày_1693125928.3180974_0_frames_35.avi,pose_format/Ban ngày/Đặng Thị Kiên_37_ban ngày_1693125928.3180974_0_frames_35.pkl,0,Ban ngày,Ban ngày,"[""Ban ngày""]",signer_030,00_Đặng Thị Kiên_37_ban ngày_1693125928.3180974_0,00_Đặng Thị Kiên_37_ban ngày_1693125928.3180974_0,False,1418766,train
cosign_00_00138,cosign_00_00138,Ban ngày/Đặng Thị Kiên_37_ban ngày_1693125928.3180974_0_frames_40.avi,pose_format/Ban ngày/Đặng Thị Kiên_37_ban ngày_1693125928.3180974_0_frames_40.pkl,0,Ban ngày,Ban ngày,"[""Ban ngày""]",signer_030,00_Đặng Thị Kiên_37_ban ngày_1693125928.3180974_0,00_Đặng Thị Kiên_37_ban ngày_1693125928.3180974_0,False,1418766,train
cosign_00_00139,cosign_00_00139,Ban ngày/Đỗ Thị Vấn_41_ban ngày_1692778768.3934844_0_cut.avi,pose_format/Ban ngày/Đỗ Thị Vấn_41_ban ngày_1692778768.3934844_0_cut.pkl,0,Ban ngày,Ban ngày,"[""Ban ngày""]",signer_031,00_Đỗ Thị Vấn_41_ban ngày_1692778768.3934844_0,00_Đỗ Thị Vấn_41_ban ngày_1692778768.3934844_0,False,1887228,train
cosign_00_00140,cosign_00_00140,Ban ngày/Đỗ Thị Vấn_41_ban ngày_1692778768.3934844_0_cut_frames_35.avi,pose_format/Ban ngày/Đỗ Thị Vấn_41_ban ngày_1692778768.3934844_0_cut_frames_35.pkl,0,Ban ngày,Ban ngày,"[""Ban ngày""]",signer_031,00_Đỗ Thị Vấn_41_ban ngày_1692778768.3934844_0,,True,1253396,train
cosign_00_00141,cosign_00_00141,Ban ngày/Đỗ Thị Vấn_41_ban ngày_1692778768.3934844_0_cut_frames_40.avi,pose_format/Ban ngày/Đỗ Thị Vấn_41_ban ngày_1692778768.3934844_0_cut_frames_40.pkl,0,Ban ngày,Ban ngày,"[""Ban ngày""]",signer_031,00_Đỗ Thị Vấn_41_ban ngày_1692778768.3934844_0,00_Đỗ Thị Vấn_41_ban ngày_1692778768.3934844_0,False,1253396,train
cosign_00_00142,cosign_00_00142,Ban ngày/Đỗ Thị Vấn_41_ban ngày_1692778768.3934844_0_frames_35.avi,pose_format/Ban ngày/Đỗ Thị Vấn_41_ban ngày_1692778768.3934844_0_frames_35.pkl,0,Ban ngày,Ban ngày,"[""Ban ngày""]",signer_031,00_Đỗ Thị Vấn_41_ban ngày_1692778768.3934844_0,00_Đỗ Thị Vấn_41_ban ngày_1692778768.3934844_0,False,1780998,train
cosign_00_00143,cosign_00_00143,Ban ngày/Đỗ Thị Vấn_41_ban ngày_1692778768.3934844_0_frames_40.avi,pose_format/Ban ngày/Đỗ Thị Vấn_41_ban ngày_1692778768.3934844_0_frames_40.pkl,0,Ban ngày,Ban ngày,"[""Ban ngày""]",signer_031,00_Đỗ Thị Vấn_41_ban ngày_1692778768.3934844_0,00_Đỗ Thị Vấn_41_ban ngày_1692778768.3934844_0,False,1780998,train
cosign_01_00144,cosign_01_00144,Ban đêm/BAN_ĐÊM_BÙI_MAI_CHI_ (1).mp4,pose_format/Ban đêm/BAN_ĐÊM_BÙI_MAI_CHI_ (1).pkl,1,Ban đêm,Ban đêm,"[""Ban đêm""]",signer_032,01_BAN_ĐÊM_BÙI_MAI_CHI_ (1),,True,8001397,train
cosign_01_00145,cosign_01_00145,Ban đêm/BAN_ĐÊM_BÙI_MAI_CHI_ (2).mp4,pose_format/Ban đêm/BAN_ĐÊM_BÙI_MAI_CHI_ (2).pkl,1,Ban đêm,Ban đêm,"[""Ban đêm""]",signer_032,01_BAN_ĐÊM_BÙI_MAI_CHI_ (2),,True,8546120,train
cosign_01_00146,cosign_01_00146,Ban đêm/BAN_ĐÊM_BÙI_MAI_CHI_ (3).mp4,pose_format/Ban đêm/BAN_ĐÊM_BÙI_MAI_CHI_ (3).pkl,1,Ban đêm,Ban đêm,"[""Ban đêm""]",signer_032,01_BAN_ĐÊM_BÙI_MAI_CHI_ (3),,True,8820385,train
cosign_01_00147,cosign_01_00147,Ban đêm/BAN_ĐÊM_BÙI_MAI_CHI_ (4).mp4,pose_format/Ban đêm/BAN_ĐÊM_BÙI_MAI_CHI_ (4).pkl,1,Ban đêm,Ban đêm,"[""Ban đêm""]",signer_032,01_BAN_ĐÊM_BÙI_MAI_CHI_ (4),,True,8271171,train
cosign_01_00148,cosign_01_00148,Ban đêm/BAN_ĐÊM_BÙI_MAI_CHI_ (5).mp4,pose_format/Ban đêm/BAN_ĐÊM_BÙI_MAI_CHI_ (5).pkl,1,Ban đêm,Ban đêm,"[""Ban đêm""]",signer_032,01_BAN_ĐÊM_BÙI_MAI_CHI_ (5),,True,7575635,train
cosign_01_00149,cosign_01_00149,Ban đêm/BAN_ĐÊM_BÙI_MẬU_VĂN_ (1).mp4,pose_format/Ban đêm/BAN_ĐÊM_BÙI_MẬU_VĂN_ (1).pkl,1,Ban đêm,Ban đêm,"[""Ban đêm""]",signer_033,01_BAN_ĐÊM_BÙI_MẬU_VĂN_ (1),,True,6849813,train
cosign_01_00150,cosign_01_00150,Ban đêm/BAN_ĐÊM_BÙI_MẬU_VĂN_ (2).mp4,pose_format/Ban đêm/BAN_ĐÊM_BÙI_MẬU_VĂN_ (2).pkl,1,Ban đêm,Ban đêm,"[""Ban đêm""]",signer_033,01_BAN_ĐÊM_BÙI_MẬU_VĂN_ (2),,True,7572559,train
cosign_01_00151,cosign_01_00151,Ban đêm/BAN_ĐÊM_BÙI_MẬU_VĂN_ (3).mp4,pose_format/Ban đêm/BAN_ĐÊM_BÙI_MẬU_VĂN_ (3).pkl,1,Ban đêm,Ban đêm,"[""Ban đêm""]",signer_033,01_BAN_ĐÊM_BÙI_MẬU_VĂN_ (3),,True,6619506,train
cosign_01_00152,cosign_01_00152,Ban đêm/BAN_ĐÊM_BÙI_MẬU_VĂN_ (4).mp4,pose_format/Ban đêm/BAN_ĐÊM_BÙI_MẬU_VĂN_ (4).pkl,1,Ban đêm,Ban đêm,"[""Ban đêm""]",signer_033,01_BAN_ĐÊM_BÙI_MẬU_VĂN_ (4),,True,6415413,train
cosign_01_00153,cosign_01_00153,Ban đêm/BAN_ĐÊM_BÙI_MẬU_VĂN_ (5).mp4,pose_format/Ban đêm/BAN_ĐÊM_BÙI_MẬU_VĂN_ (5).pkl,1,Ban đêm,Ban đêm,"[""Ban đêm""]",signer_033,01_BAN_ĐÊM_BÙI_MẬU_VĂN_ (5),,True,7173756,train
cosign_01_00154,cosign_01_00154,Ban đêm/BAN_ĐÊM_LẠI_QUANG_VINH_(1).mp4,pose_format/Ban đêm/BAN_ĐÊM_LẠI_QUANG_VINH_(1).pkl,1,Ban đêm,Ban đêm,"[""Ban đêm""]",signer_034,01_BAN_ĐÊM_LẠI_QUANG_VINH_(1),,True,3320458,train
cosign_01_00155,cosign_01_00155,Ban đêm/BAN_ĐÊM_LẠI_QUANG_VINH_(2).mp4,pose_format/Ban đêm/BAN_ĐÊM_LẠI_QUANG_VINH_(2).pkl,1,Ban đêm,Ban đêm,"[""Ban đêm""]",signer_034,01_BAN_ĐÊM_LẠI_QUANG_VINH_(2),,True,3368953,train
cosign_01_00156,cosign_01_00156,Ban đêm/BAN_ĐÊM_LẠI_QUANG_VINH_(3).mp4,pose_format/Ban đêm/BAN_ĐÊM_LẠI_QUANG_VINH_(3).pkl,1,Ban đêm,Ban đêm,"[""Ban đêm""]",signer_034,01_BAN_ĐÊM_LẠI_QUANG_VINH_(3),,True,3435354,train
cosign_01_00157,cosign_01_00157,Ban đêm/BAN_ĐÊM_LẠI_QUANG_VINH_(4).mp4,pose_format/Ban đêm/BAN_ĐÊM_LẠI_QUANG_VINH_(4).pkl,1,Ban đêm,Ban đêm,"[""Ban đêm""]",signer_034,01_BAN_ĐÊM_LẠI_QUANG_VINH_(4),,True,3404388,train
cosign_01_00158,cosign_01_00158,Ban đêm/BAN_ĐÊM_LẠI_QUANG_VINH_(5).mp4,pose_format/Ban đêm/BAN_ĐÊM_LẠI_QUANG_VINH_(5).pkl,1,Ban đêm,Ban đêm,"[""Ban đêm""]",signer_034,01_BAN_ĐÊM_LẠI_QUANG_VINH_(5),,True,3174188,train
cosign_01_00159,cosign_01_00159,Ban đêm/BAN_ĐÊM_MAI_HOÀNG_XUÂN_ (1).mp4,pose_format/Ban đêm/BAN_ĐÊM_MAI_HOÀNG_XUÂN_ (1).pkl,1,Ban đêm,Ban đêm,"[""Ban đêm""]",signer_035,01_BAN_ĐÊM_MAI_HOÀNG_XUÂN_ (1),,True,6553912,train
cosign_01_00160,cosign_01_00160,Ban đêm/BAN_ĐÊM_MAI_HOÀNG_XUÂN_ (2).mp4,pose_format/Ban đêm/BAN_ĐÊM_MAI_HOÀNG_XUÂN_ (2).pkl,1,Ban đêm,Ban đêm,"[""Ban đêm""]",signer_035,01_BAN_ĐÊM_MAI_HOÀNG_XUÂN_ (2),,True,7388314,train
cosign_01_00161,cosign_01_00161,Ban đêm/BAN_ĐÊM_MAI_HOÀNG_XUÂN_ (3).mp4,pose_format/Ban đêm/BAN_ĐÊM_MAI_HOÀNG_XUÂN_ (3).pkl,1,Ban đêm,Ban đêm,"[""Ban đêm""]",signer_035,01_BAN_ĐÊM_MAI_HOÀNG_XUÂN_ (3),,True,9643292,train
cosign_01_00162,cosign_01_00162,Ban đêm/BAN_ĐÊM_MAI_HOÀNG_XUÂN_ (4).mp4,pose_format/Ban đêm/BAN_ĐÊM_MAI_HOÀNG_XUÂN_ (4).pkl,1,Ban đêm,Ban đêm,"[""Ban đêm""]",signer_035,01_BAN_ĐÊM_MAI_HOÀNG_XUÂN_ (4),,True,7067866,train
cosign_01_00163,cosign_01_00163,Ban đêm/BAN_ĐÊM_MAI_HOÀNG_XUÂN_ (5).mp4,pose_format/Ban đêm/BAN_ĐÊM_MAI_HOÀNG_XUÂN_ (5).pkl,1,Ban đêm,Ban đêm,"[""Ban đêm""]",signer_035,01_BAN_ĐÊM_MAI_HOÀNG_XUÂN_ (5),,True,7910595,train
cosign_01_00164,cosign_01_00164,Ban đêm/BAN_ĐÊM_NGUYỄN_HOÀNG_ĐIỆP_ (5).mp4,pose_format/Ban đêm/BAN_ĐÊM_NGUYỄN_HOÀNG_ĐIỆP_ (5).pkl,1,Ban đêm,Ban đêm,"[""Ban đêm""]",signer_036,01_BAN_ĐÊM_NGUYỄN_HOÀNG_ĐIỆP_ (5),,True,8178951,train
cosign_01_00165,cosign_01_00165,Ban đêm/BAN_ĐÊM_NGUYỄN_HOÀNG_ĐIỆP_ (6).mp4,pose_format/Ban đêm/BAN_ĐÊM_NGUYỄN_HOÀNG_ĐIỆP_ (6).pkl,1,Ban đêm,Ban đêm,"[""Ban đêm""]",signer_036,01_BAN_ĐÊM_NGUYỄN_HOÀNG_ĐIỆP_ (6),,True,0,train
cosign_01_00166,cosign_01_00166,Ban đêm/BAN_ĐÊM_NGUYỄN_HOÀNG_ĐIỆP_ (7).mp4,pose_format/Ban đêm/BAN_ĐÊM_NGUYỄN_HOÀNG_ĐIỆP_ (7).pkl,1,Ban đêm,Ban đêm,"[""Ban đêm""]",signer_036,01_BAN_ĐÊM_NGUYỄN_HOÀNG_ĐIỆP_ (7),,True,0,train
cosign_01_00167,cosign_01_00167,Ban đêm/BAN_ĐÊM_NGUYỄN_HOÀNG_ĐIỆP_ (8).mp4,pose_format/Ban đêm/BAN_ĐÊM_NGUYỄN_HOÀNG_ĐIỆP_ (8).pkl,1,Ban đêm,Ban đêm,"[""Ban đêm""]",signer_036,01_BAN_ĐÊM_NGUYỄN_HOÀNG_ĐIỆP_ (8),,True,0,train
cosign_01_00168,cosign_01_00168,Ban đêm/BAN_ĐÊM_NGUYỄN_HOÀNG_ĐIỆP_ (9).mp4,pose_format/Ban đêm/BAN_ĐÊM_NGUYỄN_HOÀNG_ĐIỆP_ (9).pkl,1,Ban đêm,Ban đêm,"[""Ban đêm""]",signer_036,01_BAN_ĐÊM_NGUYỄN_HOÀNG_ĐIỆP_ (9),,True,0,train
cosign_01_00169,cosign_01_00169,Ban đêm/BAN_ĐÊM_NGUYỄN_PHƯƠNG_ANH_ (1).mp4,pose_format/Ban đêm/BAN_ĐÊM_NGUYỄN_PHƯƠNG_ANH_ (1).pkl,1,Ban đêm,Ban đêm,"[""Ban đêm""]",signer_037,01_BAN_ĐÊM_NGUYỄN_PHƯƠNG_ANH_ (1),,True,9448733,train
cosign_01_00170,cosign_01_00170,Ban đêm/BAN_ĐÊM_NGUYỄN_PHƯƠNG_ANH_ (2).mp4,pose_format/Ban đêm/BAN_ĐÊM_NGUYỄN_PHƯƠNG_ANH_ (2).pkl,1,Ban đêm,Ban đêm,"[""Ban đêm""]",signer_037,01_BAN_ĐÊM_NGUYỄN_PHƯƠNG_ANH_ (2),,True,9609203,train
cosign_01_00171,cosign_01_00171,Ban đêm/BAN_ĐÊM_NGUYỄN_PHƯƠNG_ANH_ (3).mp4,pose_format/Ban đêm/BAN_ĐÊM_NGUYỄN_PHƯƠNG_ANH_ (3).pkl,1,Ban đêm,Ban đêm,"[""Ban đêm""]",signer_037,01_BAN_ĐÊM_NGUYỄN_PHƯƠNG_ANH_ (3),,True,7806299,train
cosign_01_00172,cosign_01_00172,Ban đêm/BAN_ĐÊM_NGUYỄN_PHƯƠNG_ANH_ (4).mp4,pose_format/Ban đêm/BAN_ĐÊM_NGUYỄN_PHƯƠNG_ANH_ (4).pkl,1,Ban đêm,Ban đêm,"[""Ban đêm""]",signer_037,01_BAN_ĐÊM_NGUYỄN_PHƯƠNG_ANH_ (4),,True,7887268,train
cosign_01_00173,cosign_01_00173,Ban đêm/BAN_ĐÊM_NGUYỄN_PHƯƠNG_ANH_ (5).mp4,pose_format/Ban đêm/BAN_ĐÊM_NGUYỄN_PHƯƠNG_ANH_ (5).pkl,1,Ban đêm,Ban đêm,"[""Ban đêm""]",signer_037,01_BAN_ĐÊM_NGUYỄN_PHƯƠNG_ANH_ (5),,True,7992120,train
cosign_01_00174,cosign_01_00174,Ban đêm/BAN_ĐÊM_NGUYỄN_QUÝ_DƯƠNG_1.mp4,pose_format/Ban đêm/BAN_ĐÊM_NGUYỄN_QUÝ_DƯƠNG_1.pkl,1,Ban đêm,Ban đêm,"[""Ban đêm""]",signer_038,01_BAN_ĐÊM_NGUYỄN_QUÝ_DƯƠNG_1,,True,6419432,train
cosign_01_00175,cosign_01_00175,Ban đêm/BAN_ĐÊM_NGUYỄN_QUÝ_DƯƠNG_2.mp4,pose_format/Ban đêm/BAN_ĐÊM_NGUYỄN_QUÝ_DƯƠNG_2.pkl,1,Ban đêm,Ban đêm,"[""Ban đêm""]",signer_038,01_BAN_ĐÊM_NGUYỄN_QUÝ_DƯƠNG_2,,True,7755085,train
cosign_01_00176,cosign_01_00176,Ban đêm/BAN_ĐÊM_NGUYỄN_QUÝ_DƯƠNG_3.mp4,pose_format/Ban đêm/BAN_ĐÊM_NGUYỄN_QUÝ_DƯƠNG_3.pkl,1,Ban đêm,Ban đêm,"[""Ban đêm""]",signer_038,01_BAN_ĐÊM_NGUYỄN_QUÝ_DƯƠNG_3,,True,8278288,train
cosign_01_00177,cosign_01_00177,Ban đêm/BAN_ĐÊM_NGUYỄN_QUÝ_DƯƠNG_4.mp4,pose_format/Ban đêm/BAN_ĐÊM_NGUYỄN_QUÝ_DƯƠNG_4.pkl,1,Ban đêm,Ban đêm,"[""Ban đêm""]",signer_038,01_BAN_ĐÊM_NGUYỄN_QUÝ_DƯƠNG_4,,True,8877988,train
cosign_01_00178,cosign_01_00178,Ban đêm/BAN_ĐÊM_NGUYỄN_QUÝ_DƯƠNG_5.mp4,pose_format/Ban đêm/BAN_ĐÊM_NGUYỄN_QUÝ_DƯƠNG_5.pkl,1,Ban đêm,Ban đêm,"[""Ban đêm""]",signer_038,01_BAN_ĐÊM_NGUYỄN_QUÝ_DƯƠNG_5,,True,7111039,train
cosign_01_00179,cosign_01_00179,Ban đêm/BAN_ĐÊM_NGUYỄN_THẠC_ANH_ (1).mp4,pose_format/Ban đêm/BAN_ĐÊM_NGUYỄN_THẠC_ANH_ (1).pkl,1,Ban đêm,Ban đêm,"[""Ban đêm""]",signer_039,01_BAN_ĐÊM_NGUYỄN_THẠC_ANH_ (1),,True,6589079,train
cosign_01_00180,cosign_01_00180,Ban đêm/BAN_ĐÊM_NGUYỄN_THẠC_ANH_ (2).mp4,pose_format/Ban đêm/BAN_ĐÊM_NGUYỄN_THẠC_ANH_ (2).pkl,1,Ban đêm,Ban đêm,"[""Ban đêm""]",signer_039,01_BAN_ĐÊM_NGUYỄN_THẠC_ANH_ (2),,True,6389110,train
cosign_01_00181,cosign_01_00181,Ban đêm/BAN_ĐÊM_NGUYỄN_THẠC_ANH_ (3).mp4,pose_format/Ban đêm/BAN_ĐÊM_NGUYỄN_THẠC_ANH_ (3).pkl,1,Ban đêm,Ban đêm,"[""Ban đêm""]",signer_039,01_BAN_ĐÊM_NGUYỄN_THẠC_ANH_ (3),,True,6263651,train
cosign_01_00182,cosign_01_00182,Ban đêm/BAN_ĐÊM_NGUYỄN_THẠC_ANH_ (4).mp4,pose_format/Ban đêm/BAN_ĐÊM_NGUYỄN_THẠC_ANH_ (4).pkl,1,Ban đêm,Ban đêm,"[""Ban đêm""]",signer_039,01_BAN_ĐÊM_NGUYỄN_THẠC_ANH_ (4),,True,6697369,train
cosign_01_00183,cosign_01_00183,Ban đêm/BAN_ĐÊM_NGUYỄN_THẠC_ANH_ (5).mp4,pose_format/Ban đêm/BAN_ĐÊM_NGUYỄN_THẠC_ANH_ (5).pkl,1,Ban đêm,Ban đêm,"[""Ban đêm""]",signer_039,01_BAN_ĐÊM_NGUYỄN_THẠC_ANH_ (5),,True,6370313,train
cosign_01_00184,cosign_01_00184,Ban đêm/BAN_ĐÊM_PHẠM_ĐÌNH_HẢI_(1).mp4,pose_format/Ban đêm/BAN_ĐÊM_PHẠM_ĐÌNH_HẢI_(1).pkl,1,Ban đêm,Ban đêm,"[""Ban đêm""]",signer_040,01_BAN_ĐÊM_PHẠM_ĐÌNH_HẢI_(1),,True,6807696,train
cosign_01_00185,cosign_01_00185,Ban đêm/BAN_ĐÊM_PHẠM_ĐÌNH_HẢI_(2).mp4,pose_format/Ban đêm/BAN_ĐÊM_PHẠM_ĐÌNH_HẢI_(2).pkl,1,Ban đêm,Ban đêm,"[""Ban đêm""]",signer_040,01_BAN_ĐÊM_PHẠM_ĐÌNH_HẢI_(2),,True,6991886,train
cosign_01_00186,cosign_01_00186,Ban đêm/BAN_ĐÊM_PHẠM_ĐÌNH_HẢI_(3).mp4,pose_format/Ban đêm/BAN_ĐÊM_PHẠM_ĐÌNH_HẢI_(3).pkl,1,Ban đêm,Ban đêm,"[""Ban đêm""]",signer_040,01_BAN_ĐÊM_PHẠM_ĐÌNH_HẢI_(3),,True,7803281,train
cosign_01_00187,cosign_01_00187,Ban đêm/BAN_ĐÊM_PHẠM_ĐÌNH_HẢI_(4).mp4,pose_format/Ban đêm/BAN_ĐÊM_PHẠM_ĐÌNH_HẢI_(4).pkl,1,Ban đêm,Ban đêm,"[""Ban đêm""]",signer_040,01_BAN_ĐÊM_PHẠM_ĐÌNH_HẢI_(4),,True,8054881,train
cosign_01_00188,cosign_01_00188,Ban đêm/BAN_ĐÊM_PHẠM_ĐÌNH_HẢI_(5).mp4,pose_format/Ban đêm/BAN_ĐÊM_PHẠM_ĐÌNH_HẢI_(5).pkl,1,Ban đêm,Ban đêm,"[""Ban đêm""]",signer_040,01_BAN_ĐÊM_PHẠM_ĐÌNH_HẢI_(5),,True,8067423,train
cosign_01_00189,cosign_01_00189,Ban đêm/BAN_ĐÊM_TRƯƠNG_NGỌC_DIỄM_ (1).mp4,pose_format/Ban đêm/BAN_ĐÊM_TRƯƠNG_NGỌC_DIỄM_ (1).pkl,1,Ban đêm,Ban đêm,"[""Ban đêm""]",signer_041,01_BAN_ĐÊM_TRƯƠNG_NGỌC_DIỄM_ (1),,True,7494939,train
cosign_01_00190,cosign_01_00190,Ban đêm/BAN_ĐÊM_TRƯƠNG_NGỌC_DIỄM_ (2).mp4,pose_format/Ban đêm/BAN_ĐÊM_TRƯƠNG_NGỌC_DIỄM_ (2).pkl,1,Ban đêm,Ban đêm,"[""Ban đêm""]",signer_041,01_BAN_ĐÊM_TRƯƠNG_NGỌC_DIỄM_ (2),,True,8673368,train
cosign_01_00191,cosign_01_00191,Ban đêm/BAN_ĐÊM_TRƯƠNG_NGỌC_DIỄM_ (3).mp4,pose_format/Ban đêm/BAN_ĐÊM_TRƯƠNG_NGỌC_DIỄM_ (3).pkl,1,Ban đêm,Ban đêm,"[""Ban đêm""]",signer_041,01_BAN_ĐÊM_TRƯƠNG_NGỌC_DIỄM_ (3),,True,8257565,train
cosign_01_00192,cosign_01_00192,Ban đêm/BAN_ĐÊM_TRƯƠNG_NGỌC_DIỄM_ (4).mp4,pose_format/Ban đêm/BAN_ĐÊM_TRƯƠNG_NGỌC_DIỄM_ (4).pkl,1,Ban đêm,Ban đêm,"[""Ban đêm""]",signer_041,01_BAN_ĐÊM_TRƯƠNG_NGỌC_DIỄM_ (4),,True,9150336,train
cosign_01_00193,cosign_01_00193,Ban đêm/BAN_ĐÊM_TRƯƠNG_NGỌC_DIỄM_ (5).mp4,pose_format/Ban đêm/BAN_ĐÊM_TRƯƠNG_NGỌC_DIỄM_ (5).pkl,1,Ban đêm,Ban đêm,"[""Ban đêm""]",signer_041,01_BAN_ĐÊM_TRƯƠNG_NGỌC_DIỄM_ (5),,True,8944735,train
cosign_01_00194,cosign_01_00194,Ban đêm/BAN_ĐÊM_TRẦN_TUẤN_MINH (1).mp4,pose_format/Ban đêm/BAN_ĐÊM_TRẦN_TUẤN_MINH (1).pkl,1,Ban đêm,Ban đêm,"[""Ban đêm""]",signer_042,01_BAN_ĐÊM_TRẦN_TUẤN_MINH (1),,True,8055707,train
cosign_01_00195,cosign_01_00195,Ban đêm/BAN_ĐÊM_TRẦN_TUẤN_MINH (2).mp4,pose_format/Ban đêm/BAN_ĐÊM_TRẦN_TUẤN_MINH (2).pkl,1,Ban đêm,Ban đêm,"[""Ban đêm""]",signer_042,01_BAN_ĐÊM_TRẦN_TUẤN_MINH (2),,True,7980516,train
cosign_01_00196,cosign_01_00196,Ban đêm/BAN_ĐÊM_TRẦN_TUẤN_MINH (3).mp4,pose_format/Ban đêm/BAN_ĐÊM_TRẦN_TUẤN_MINH (3).pkl,1,Ban đêm,Ban đêm,"[""Ban đêm""]",signer_042,01_BAN_ĐÊM_TRẦN_TUẤN_MINH (3),,True,8332971,train
cosign_01_00197,cosign_01_00197,Ban đêm/BAN_ĐÊM_TRẦN_TUẤN_MINH (4).mp4,pose_format/Ban đêm/BAN_ĐÊM_TRẦN_TUẤN_MINH (4).pkl,1,Ban đêm,Ban đêm,"[""Ban đêm""]",signer_042,01_BAN_ĐÊM_TRẦN_TUẤN_MINH (4),,True,8520740,train
cosign_01_00198,cosign_01_00198,Ban đêm/BAN_ĐÊM_TRẦN_TUẤN_MINH (5).mp4,pose_format/Ban đêm/BAN_ĐÊM_TRẦN_TUẤN_MINH (5).pkl,1,Ban đêm,Ban đêm,"[""Ban đêm""]",signer_042,01_BAN_ĐÊM_TRẦN_TUẤN_MINH (5),,True,8594724,train
cosign_01_00199,cosign_01_00199,Ban đêm/BAN_ĐÊM_TRẦN_ĐỨC_QUÂN_1.mp4,pose_format/Ban đêm/BAN_ĐÊM_TRẦN_ĐỨC_QUÂN_1.pkl,1,Ban đêm,Ban đêm,"[""Ban đêm""]",signer_043,01_BAN_ĐÊM_TRẦN_ĐỨC_QUÂN_1,,True,5866957,train
cosign_01_00200,cosign_01_00200,Ban đêm/BAN_ĐÊM_TRẦN_ĐỨC_QUÂN_2.mp4,pose_format/Ban đêm/BAN_ĐÊM_TRẦN_ĐỨC_QUÂN_2.pkl,1,Ban đêm,Ban đêm,"[""Ban đêm""]",signer_043,01_BAN_ĐÊM_TRẦN_ĐỨC_QUÂN_2,,True,7369893,train
cosign_01_00201,cosign_01_00201,Ban đêm/BAN_ĐÊM_TRẦN_ĐỨC_QUÂN_3.mp4,pose_format/Ban đêm/BAN_ĐÊM_TRẦN_ĐỨC_QUÂN_3.pkl,1,Ban đêm,Ban đêm,"[""Ban đêm""]",signer_043,01_BAN_ĐÊM_TRẦN_ĐỨC_QUÂN_3,,True,7569465,train
cosign_01_00202,cosign_01_00202,Ban đêm/BAN_ĐÊM_TRẦN_ĐỨC_QUÂN_4.mp4,pose_format/Ban đêm/BAN_ĐÊM_TRẦN_ĐỨC_QUÂN_4.pkl,1,Ban đêm,Ban đêm,"[""Ban đêm""]",signer_043,01_BAN_ĐÊM_TRẦN_ĐỨC_QUÂN_4,,True,7630659,train
cosign_01_00203,cosign_01_00203,Ban đêm/BAN_ĐÊM_TRẦN_ĐỨC_QUÂN_5.mp4,pose_format/Ban đêm/BAN_ĐÊM_TRẦN_ĐỨC_QUÂN_5.pkl,1,Ban đêm,Ban đêm,"[""Ban đêm""]",signer_043,01_BAN_ĐÊM_TRẦN_ĐỨC_QUÂN_5,,True,8317964,train
cosign_01_00204,cosign_01_00204,Ban đêm/BAN_ĐÊM_TẠ_THỊ_PHƯƠNG_LINH_ (1).mp4,pose_format/Ban đêm/BAN_ĐÊM_TẠ_THỊ_PHƯƠNG_LINH_ (1).pkl,1,Ban đêm,Ban đêm,"[""Ban đêm""]",signer_044,01_BAN_ĐÊM_TẠ_THỊ_PHƯƠNG_LINH_ (1),,True,5498306,train
cosign_01_00205,cosign_01_00205,Ban đêm/BAN_ĐÊM_TẠ_THỊ_PHƯƠNG_LINH_ (2).mp4,pose_format/Ban đêm/BAN_ĐÊM_TẠ_THỊ_PHƯƠNG_LINH_ (2).pkl,1,Ban đêm,Ban đêm,"[""Ban đêm""]",signer_044,01_BAN_ĐÊM_TẠ_THỊ_PHƯƠNG_LINH_ (2),,True,5799256,train
cosign_01_00206,cosign_01_00206,Ban đêm/BAN_ĐÊM_TẠ_THỊ_PHƯƠNG_LINH_ (3).mp4,pose_format/Ban đêm/BAN_ĐÊM_TẠ_THỊ_PHƯƠNG_LINH_ (3).pkl,1,Ban đêm,Ban đêm,"[""Ban đêm""]",signer_044,01_BAN_ĐÊM_TẠ_THỊ_PHƯƠNG_LINH_ (3),,True,4250665,train
cosign_01_00207,cosign_01_00207,Ban đêm/BAN_ĐÊM_TẠ_THỊ_PHƯƠNG_LINH_ (4).mp4,pose_format/Ban đêm/BAN_ĐÊM_TẠ_THỊ_PHƯƠNG_LINH_ (4).pkl,1,Ban đêm,Ban đêm,"[""Ban đêm""]",signer_044,01_BAN_ĐÊM_TẠ_THỊ_PHƯƠNG_LINH_ (4),,True,4236112,train
cosign_01_00208,cosign_01_00208,Ban đêm/BAN_ĐÊM_TẠ_THỊ_PHƯƠNG_LINH_ (5).mp4,pose_format/Ban đêm/BAN_ĐÊM_TẠ_THỊ_PHƯƠNG_LINH_ (5).pkl,1,Ban đêm,Ban đêm,"[""Ban đêm""]",signer_044,01_BAN_ĐÊM_TẠ_THỊ_PHƯƠNG_LINH_ (5),,True,3674286,train
cosign_01_00209,cosign_01_00209,Ban đêm/BAN_ĐÊM_VŨ_HUY_DU_ (1).mp4,pose_format/Ban đêm/BAN_ĐÊM_VŨ_HUY_DU_ (1).pkl,1,Ban đêm,Ban đêm,"[""Ban đêm""]",signer_045,01_BAN_ĐÊM_VŨ_HUY_DU_ (1),,True,8543072,train
cosign_01_00210,cosign_01_00210,Ban đêm/BAN_ĐÊM_VŨ_HUY_DU_ (2).mp4,pose_format/Ban đêm/BAN_ĐÊM_VŨ_HUY_DU_ (2).pkl,1,Ban đêm,Ban đêm,"[""Ban đêm""]",signer_045,01_BAN_ĐÊM_VŨ_HUY_DU_ (2),,True,8560521,train
cosign_01_00211,cosign_01_00211,Ban đêm/BAN_ĐÊM_VŨ_HUY_DU_ (3).mp4,pose_format/Ban đêm/BAN_ĐÊM_VŨ_HUY_DU_ (3).pkl,1,Ban đêm,Ban đêm,"[""Ban đêm""]",signer_045,01_BAN_ĐÊM_VŨ_HUY_DU_ (3),,True,7526714,train
cosign_01_00212,cosign_01_00212,Ban đêm/BAN_ĐÊM_VŨ_HUY_DU_ (4).mp4,pose_format/Ban đêm/BAN_ĐÊM_VŨ_HUY_DU_ (4).pkl,1,Ban đêm,Ban đêm,"[""Ban đêm""]",signer_045,01_BAN_ĐÊM_VŨ_HUY_DU_ (4),,True,7601643,train
cosign_01_00213,cosign_01_00213,Ban đêm/BAN_ĐÊM_VŨ_HUY_DU_ (5).mp4,pose_format/Ban đêm/BAN_ĐÊM_VŨ_HUY_DU_ (5).pkl,1,Ban đêm,Ban đêm,"[""Ban đêm""]",signer_045,01_BAN_ĐÊM_VŨ_HUY_DU_ (5),,True,7465024,train
cosign_01_00214,cosign_01_00214,Ban đêm/BAN_ĐÊM_VŨ_KẾT_ĐỒNG_1.mp4,pose_format/Ban đêm/BAN_ĐÊM_VŨ_KẾT_ĐỒNG_1.pkl,1,Ban đêm,Ban đêm,"[""Ban đêm""]",signer_046,01_BAN_ĐÊM_VŨ_KẾT_ĐỒNG_1,,True,5260962,train
cosign_01_00215,cosign_01_00215,Ban đêm/BAN_ĐÊM_VŨ_KẾT_ĐỒNG_2.mp4,pose_format/Ban đêm/BAN_ĐÊM_VŨ_KẾT_ĐỒNG_2.pkl,1,Ban đêm,Ban đêm,"[""Ban đêm""]",signer_046,01_BAN_ĐÊM_VŨ_KẾT_ĐỒNG_2,,True,6019003,train
cosign_01_00216,cosign_01_00216,Ban đêm/BAN_ĐÊM_VŨ_KẾT_ĐỒNG_3.mp4,pose_format/Ban đêm/BAN_ĐÊM_VŨ_KẾT_ĐỒNG_3.pkl,1,Ban đêm,Ban đêm,"[""Ban đêm""]",signer_046,01_BAN_ĐÊM_VŨ_KẾT_ĐỒNG_3,,True,6957885,train
cosign_01_00217,cosign_01_00217,Ban đêm/BAN_ĐÊM_VŨ_KẾT_ĐỒNG_4.mp4,pose_format/Ban đêm/BAN_ĐÊM_VŨ_KẾT_ĐỒNG_4.pkl,1,Ban đêm,Ban đêm,"[""Ban đêm""]",signer_046,01_BAN_ĐÊM_VŨ_KẾT_ĐỒNG_4,,True,6460746,train
cosign_01_00218,cosign_01_00218,Ban đêm/BAN_ĐÊM_VŨ_KẾT_ĐỒNG_5.mp4,pose_format/Ban đêm/BAN_ĐÊM_VŨ_KẾT_ĐỒNG_5.pkl,1,Ban đêm,Ban đêm,"[""Ban đêm""]",signer_046,01_BAN_ĐÊM_VŨ_KẾT_ĐỒNG_5,,True,6569569,train
cosign_01_00219,cosign_01_00219,Ban đêm/Ban đêm _ LQM.mp4,pose_format/Ban đêm/Ban đêm _ LQM.pkl,1,Ban đêm,Ban đêm,"[""Ban đêm""]",signer_047,01_Ban đêm _ LQM,,True,9945795,train
cosign_01_00220,cosign_01_00220,Ban đêm/Ban đêm _ LQM (2).mp4,pose_format/Ban đêm/Ban đêm _ LQM (2).pkl,1,Ban đêm,Ban đêm,"[""Ban đêm""]",signer_047,01_Ban đêm _ LQM (2),,True,7546887,train
cosign_01_00221,cosign_01_00221,Ban đêm/Ban đêm _ LQM (3).mp4,pose_format/Ban đêm/Ban đêm _ LQM (3).pkl,1,Ban đêm,Ban đêm,"[""Ban đêm""]",signer_047,01_Ban đêm _ LQM (3),,True,9064659,train
cosign_01_00222,cosign_01_00222,Ban đêm/Ban đêm _ LQM (4).mp4,pose_format/Ban đêm/Ban đêm _ LQM (4).pkl,1,Ban đêm,Ban đêm,"[""Ban đêm""]",signer_047,01_Ban đêm _ LQM (4),,True,8011808,train
cosign_01_00223,cosign_01_00223,Ban đêm/Ban đêm _ LQM (5).mp4,pose_format/Ban đêm/Ban đêm _ LQM (5).pkl,1,Ban đêm,Ban đêm,"[""Ban đêm""]",signer_047,01_Ban đêm _ LQM (5),,True,9104603,train
cosign_01_00224,cosign_01_00224,Ban đêm/Ban đêm_MVT.mp4,pose_format/Ban đêm/Ban đêm_MVT.pkl,1,Ban đêm,Ban đêm,"[""Ban đêm""]",signer_048,01_Ban đêm_MVT,,True,10873802,train
cosign_01_00225,cosign_01_00225,Ban đêm/Ban đêm_MVT (2).mp4,pose_format/Ban đêm/Ban đêm_MVT (2).pkl,1,Ban đêm,Ban đêm,"[""Ban đêm""]",signer_048,01_Ban đêm_MVT (2),,True,10906538,train
cosign_01_00226,cosign_01_00226,Ban đêm/Ban đêm_MVT (3).mp4,pose_format/Ban đêm/Ban đêm_MVT (3).pkl,1,Ban đêm,Ban đêm,"[""Ban đêm""]",signer_048,01_Ban đêm_MVT (3),,True,10376326,train
cosign_01_00227,cosign_01_00227,Ban đêm/Ban đêm_MVT (4).mp4,pose_format/Ban đêm/Ban đêm_MVT (4).pkl,1,Ban đêm,Ban đêm,"[""Ban đêm""]",signer_048,01_Ban đêm_MVT (4),,True,10425547,train
cosign_01_00228,cosign_01_00228,Ban đêm/Lê Thanh Như_12_Ban đêm_1692753705.289231_0_cut.avi,pose_format/Ban đêm/Lê Thanh Như_12_Ban đêm_1692753705.289231_0_cut.pkl,1,Ban đêm,Ban đêm,"[""Ban đêm""]",signer_020,01_Lê Thanh Như_12_Ban đêm_1692753705.289231_0,,True,993858,train
cosign_01_00229,cosign_01_00229,Ban đêm/Lê Thanh Như_12_Ban đêm_1692753705.289231_0_frames_35.avi,pose_format/Ban đêm/Lê Thanh Như_12_Ban đêm_1692753705.289231_0_frames_35.pkl,1,Ban đêm,Ban đêm,"[""Ban đêm""]",signer_020,01_Lê Thanh Như_12_Ban đêm_1692753705.289231_0,01_Lê Thanh Như_12_Ban đêm_1692753705.289231_0,False,1321322,train
cosign_01_00230,cosign_01_00230,Ban đêm/Lê Thanh Như_12_Ban đêm_1692753705.289231_0_frames_40.avi,pose_format/Ban đêm/Lê Thanh Như_12_Ban đêm_1692753705.289231_0_frames_40.pkl,1,Ban đêm,Ban đêm,"[""Ban đêm""]",signer_020,01_Lê Thanh Như_12_Ban đêm_1692753705.289231_0,01_Lê Thanh Như_12_Ban đêm_1692753705.289231_0,False,1321322,train
cosign_01_00231,cosign_01_00231,Ban đêm/Lê Thanh Như_12_Ban đêm_1692753705.289231_0_cut (1).avi,pose_format/Ban đêm/Lê Thanh Như_12_Ban đêm_1692753705.289231_0_cut (1).pkl,1,Ban đêm,Ban đêm,"[""Ban đêm""]",signer_020,01_Lê Thanh Như_12_Ban đêm_1692753705.289231_0_cut (1),,True,993858,train
cosign_01_00232,cosign_01_00232,Ban đêm/Nguyễn Gia Bảo_10_ban  đêm_1692753744.717472_0_cut.avi,pose_format/Ban đêm/Nguyễn Gia Bảo_10_ban  đêm_1692753744.717472_0_cut.pkl,1,Ban đêm,Ban đêm,"[""Ban đêm""]",signer_021,01_Nguyễn Gia Bảo_10_ban  đêm_1692753744.717472_0,,True,1722798,train
cosign_01_00233,cosign_01_00233,Ban đêm/Nguyễn Gia Bảo_10_ban  đêm_1692753744.717472_0_frames_35.avi,pose_format/Ban đêm/Nguyễn Gia Bảo_10_ban  đêm_1692753744.717472_0_frames_35.pkl,1,Ban đêm,Ban đêm,"[""Ban đêm""]",signer_021,01_Nguyễn Gia Bảo_10_ban  đêm_1692753744.717472_0,01_Nguyễn Gia Bảo_10_ban  đêm_1692753744.717472_0,False,2137470,train
cosign_01_00234,cosign_01_00234,Ban đêm/Nguyễn Gia Bảo_10_ban  đêm_1692753744.717472_0_frames_40.avi,pose_format/Ban đêm/Nguyễn Gia Bảo_10_ban  đêm_1692753744.717472_0_frames_40.pkl,1,Ban đêm,Ban đêm,"[""Ban đêm""]",signer_021,01_Nguyễn Gia Bảo_10_ban  đêm_1692753744.717472_0,01_Nguyễn Gia Bảo_10_ban  đêm_1692753744.717472_0,False,2137470,train
cosign_01_00235,cosign_01_00235,Ban đêm/Nguyễn Gia Bảo_10_ban  đêm_1692753744.717472_0_cut (1).avi,pose_format/Ban đêm/Nguyễn Gia Bảo_10_ban  đêm_1692753744.717472_0_cut (1).pkl,1,Ban đêm,Ban đêm,"[""Ban đêm""]",signer_021,01_Nguyễn Gia Bảo_10_ban  đêm_1692753744.717472_0_cut (1),,True,1722798,train
cosign_01_00236,cosign_01_00236,Ban đêm/Nguyễn Thị Huyền_35_ban đêm_1692861698.5915635_0_cut.avi,pose_format/Ban đêm/Nguyễn Thị Huyền_35_ban đêm_1692861698.5915635_0_cut.pkl,1,Ban đêm,Ban đêm,"[""Ban đêm""]",signer_022,01_Nguyễn Thị Huyền_35_ban đêm_1692861698.5915635_0,,True,1498330,train
cosign_01_00237,cosign_01_00237,Ban đêm/Nguyễn Thị Huyền_35_ban đêm_1692861698.5915635_0_frames_35.avi,pose_format/Ban đêm/Nguyễn Thị Huyền_35_ban đêm_1692861698.5915635_0_frames_35.pkl,1,Ban đêm,Ban đêm,"[""Ban đêm""]",signer_022,01_Nguyễn Thị Huyền_35_ban đêm_1692861698.5915635_0,01_Nguyễn Thị Huyền_35_ban đêm_1692861698.5915635_0,False,1849576,train
cosign_01_00238,cosign_01_00238,Ban đêm/Nguyễn Thị Huyền_35_ban đêm_1692861698.5915635_0_frames_40.avi,pose_format/Ban đêm/Nguyễn Thị Huyền_35_ban đêm_1692861698.5915635_0_frames_40.pkl,1,Ban đêm,Ban đêm,"[""Ban đêm""]",signer_022,01_Nguyễn Thị Huyền_35_ban đêm_1692861698.5915635_0,01_Nguyễn Thị Huyền_35_ban đêm_1692861698.5915635_0,False,1849576,train
cosign_01_00239,cosign_01_00239,Ban đêm/Nguyễn Thị Huyền_35_ban đêm_1692861698.5915635_0_cut (1).avi,pose_format/Ban đêm/Nguyễn Thị Huyền_35_ban đêm_1692861698.5915635_0_cut (1).pkl,1,Ban đêm,Ban đêm,"[""Ban đêm""]",signer_022,01_Nguyễn Thị Huyền_35_ban đêm_1692861698.5915635_0_cut (1),,True,1498330,train
cosign_01_00240,cosign_01_00240,Ban đêm/Nguyễn Thị Hồng_32_Ban đêm_1692946321.8031855_0_frames_35.avi,pose_format/Ban đêm/Nguyễn Thị Hồng_32_Ban đêm_1692946321.8031855_0_frames_35.pkl,1,Ban đêm,Ban đêm,"[""Ban đêm""]",signer_023,01_Nguyễn Thị Hồng_32_Ban đêm_1692946321.8031855_0,,True,1084538,train
cosign_01_00241,cosign_01_00241,Ban đêm/Nguyễn Thị Hồng_32_Ban đêm_1692946321.8031855_0_frames_40.avi,pose_format/Ban đêm/Nguyễn Thị Hồng_32_Ban đêm_1692946321.8031855_0_frames_40.pkl,1,Ban đêm,Ban đêm,"[""Ban đêm""]",signer_023,01_Nguyễn Thị Hồng_32_Ban đêm_1692946321.8031855_0,01_Nguyễn Thị Hồng_32_Ban đêm_1692946321.8031855_0,False,1084538,train
cosign_01_00242,cosign_01_00242,Ban đêm/Nguyễn Thị Mai Anh_39_ban đêm_1693187587.600091_0_cut.avi,pose_format/Ban đêm/Nguyễn Thị Mai Anh_39_ban đêm_1693187587.600091_0_cut.pkl,1,Ban đêm,Ban đêm,"[""Ban đêm""]",signer_024,01_Nguyễn Thị Mai Anh_39_ban đêm_1693187587.600091_0,,True,919064,train
cosign_01_00243,cosign_01_00243,Ban đêm/Nguyễn Thị Mai Anh_39_ban đêm_1693187587.600091_0_frames_35.avi,pose_format/Ban đêm/Nguyễn Thị Mai Anh_39_ban đêm_1693187587.600091_0_frames_35.pkl,1,Ban đêm,Ban đêm,"[""Ban đêm""]",signer_024,01_Nguyễn Thị Mai Anh_39_ban đêm_1693187587.600091_0,01_Nguyễn Thị Mai Anh_39_ban đêm_1693187587.600091_0,False,1166104,train
cosign_01_00244,cosign_01_00244,Ban đêm/Nguyễn Thị Mai Anh_39_ban đêm_1693187587.600091_0_frames_40.avi,pose_format/Ban đêm/Nguyễn Thị Mai Anh_39_ban đêm_1693187587.600091_0_frames_40.pkl,1,Ban đêm,Ban đêm,"[""Ban đêm""]",signer_024,01_Nguyễn Thị Mai Anh_39_ban đêm_1693187587.600091_0,01_Nguyễn Thị Mai Anh_39_ban đêm_1693187587.600091_0,False,1166104,train
cosign_01_00245,cosign_01_00245,Ban đêm/Nguyễn Thị Mai Anh_39_ban đêm_1693187587.600091_0_cut (1).avi,pose_format/Ban đêm/Nguyễn Thị Mai Anh_39_ban đêm_1693187587.600091_0_cut (1).pkl,1,Ban đêm,Ban đêm,"[""Ban đêm""]",signer_024,01_Nguyễn Thị Mai Anh_39_ban đêm_1693187587.600091_0_cut (1),,True,919064,train
cosign_01_00246,cosign_01_00246,Ban đêm/Nguyễn Thị Thu Trang_38_Ban đêm_1692841958.0338604_0_cut.avi,pose_format/Ban đêm/Nguyễn Thị Thu Trang_38_Ban đêm_1692841958.0338604_0_cut.pkl,1,Ban đêm,Ban đêm,"[""Ban đêm""]",signer_025,01_Nguyễn Thị Thu Trang_38_Ban đêm_1692841958.0338604_0,,True,997910,train
cosign_01_00247,cosign_01_00247,Ban đêm/Nguyễn Thị Thu Trang_38_Ban đêm_1692841958.0338604_0_frames_35.avi,pose_format/Ban đêm/Nguyễn Thị Thu Trang_38_Ban đêm_1692841958.0338604_0_frames_35.pkl,1,Ban đêm,Ban đêm,"[""Ban đêm""]",signer_025,01_Nguyễn Thị Thu Trang_38_Ban đêm_1692841958.0338604_0,01_Nguyễn Thị Thu Trang_38_Ban đêm_1692841958.0338604_0,False,1296712,train
cosign_01_00248,cosign_01_00248,Ban đêm/Nguyễn Thị Thu Trang_38_Ban đêm_1692841958.0338604_0_frames_40.avi,pose_format/Ban đêm/Nguyễn Thị Thu Trang_38_Ban đêm_1692841958.0338604_0_frames_40.pkl,1,Ban đêm,Ban đêm,"[""Ban đêm""]",signer_025,01_Nguyễn Thị Thu Trang_38_Ban đêm_1692841958.0338604_0,01_Nguyễn Thị Thu Trang_38_Ban đêm_1692841958.0338604_0,False,1296712,train
cosign_01_00249,cosign_01_00249,Ban đêm/Nguyễn Thị Thu Trang_38_Ban đêm_1692841958.0338604_0_cut (1).avi,pose_format/Ban đêm/Nguyễn Thị Thu Trang_38_Ban đêm_1692841958.0338604_0_cut (1).pkl,1,Ban đêm,Ban đêm,"[""Ban đêm""]",signer_025,01_Nguyễn Thị Thu Trang_38_Ban đêm_1692841958.0338604_0_cut (1),,True,997910,train
cosign_01_00250,cosign_01_00250,Ban đêm/Trần Thị Vân Anh_39_ban_đêm_1692946454.0425122_0_cut.avi,pose_format/Ban đêm/Trần Thị Vân Anh_39_ban_đêm_1692946454.0425122_0_cut.pkl,1,Ban đêm,Ban đêm,"[""Ban đêm""]",signer_026,01_Trần Thị Vân Anh_39_ban_đêm_1692946454.0425122_0,,True,844934,train
cosign_01_00251,cosign_01_00251,Ban đêm/Trần Thị Vân Anh_39_ban_đêm_1692946454.0425122_0_frames_35.avi,pose_format/Ban đêm/Trần Thị Vân Anh_39_ban_đêm_1692946454.0425122_0_frames_35.pkl,1,Ban đêm,Ban đêm,"[""Ban đêm""]",signer_026,01_Trần Thị Vân Anh_39_ban_đêm_1692946454.0425122_0,01_Trần Thị Vân Anh_39_ban_đêm_1692946454.0425122_0,False,1011146,train
cosign_01_00252,cosign_01_00252,Ban đêm/Trần Thị Vân Anh_39_ban_đêm_1692946454.0425122_0_frames_40.avi,pose_format/Ban đêm/Trần Thị Vân Anh_39_ban_đêm_1692946454.0425122_0_frames_40.pkl,1,Ban đêm,Ban đêm,"[""Ban đêm""]",signer_026,01_Trần Thị Vân Anh_39_ban_đêm_1692946454.0425122_0,01_Trần Thị Vân Anh_39_ban_đêm_1692946454.0425122_0,False,1011146,train
cosign_01_00253,cosign_01_00253,Ban đêm/Trần Thị Vân Anh_39_ban_đêm_1692946454.0425122_0_cut (1).avi,pose_format/Ban đêm/Trần Thị Vân Anh_39_ban_đêm_1692946454.0425122_0_cut (1).pkl,1,Ban đêm,Ban đêm,"[""Ban đêm""]",signer_026,01_Trần Thị Vân Anh_39_ban_đêm_1692946454.0425122_0_cut (1),,True,844934,train
cosign_01_00254,cosign_01_00254,Ban đêm/Trần Xuân Ngọc_41_ban đêm_1692782475.822741_0_cut.avi,pose_format/Ban đêm/Trần Xuân Ngọc_41_ban đêm_1692782475.822741_0_cut.pkl,1,Ban đêm,Ban đêm,"[""Ban đêm""]",signer_027,01_Trần Xuân Ngọc_41_ban đêm_1692782475.822741_0,,True,1003654,train
cosign_01_00255,cosign_01_00255,Ban đêm/Trần Xuân Ngọc_41_ban đêm_1692782475.822741_0_frames_35.avi,pose_format/Ban đêm/Trần Xuân Ngọc_41_ban đêm_1692782475.822741_0_frames_35.pkl,1,Ban đêm,Ban đêm,"[""Ban đêm""]",signer_027,01_Trần Xuân Ngọc_41_ban đêm_1692782475.822741_0,01_Trần Xuân Ngọc_41_ban đêm_1692782475.822741_0,False,1320780,train
cosign_01_00256,cosign_01_00256,Ban đêm/Trần Xuân Ngọc_41_ban đêm_1692782475.822741_0_frames_40.avi,pose_format/Ban đêm/Trần Xuân Ngọc_41_ban đêm_1692782475.822741_0_frames_40.pkl,1,Ban đêm,Ban đêm,"[""Ban đêm""]",signer_027,01_Trần Xuân Ngọc_41_ban đêm_1692782475.822741_0,01_Trần Xuân Ngọc_41_ban đêm_1692782475.822741_0,False,1320780,train
cosign_01_00257,cosign_01_00257,Ban đêm/Trần Xuân Ngọc_41_ban đêm_1692782475.822741_0_cut (1).avi,pose_format/Ban đêm/Trần Xuân Ngọc_41_ban đêm_1692782475.822741_0_cut (1).pkl,1,Ban đêm,Ban đêm,"[""Ban đêm""]",signer_027,01_Trần Xuân Ngọc_41_ban đêm_1692782475.822741_0_cut (1),,True,1003654,train
cosign_01_00258,cosign_01_00258,Ban đêm/Vũ Thị Thu Phương_37_ban đêm_1692864373.4517877_0_cut.avi,pose_format/Ban đêm/Vũ Thị Thu Phương_37_ban đêm_1692864373.4517877_0_cut.pkl,1,Ban đêm,Ban đêm,"[""Ban đêm""]",signer_028,01_Vũ Thị Thu Phương_37_ban đêm_1692864373.4517877_0,,True,1023280,train
cosign_01_00259,cosign_01_00259,Ban đêm/Vũ Thị Thu Phương_37_ban đêm_1692864373.4517877_0_frames_35.avi,pose_format/Ban đêm/Vũ Thị Thu Phương_37_ban đêm_1692864373.4517877_0_frames_35.pkl,1,Ban đêm,Ban đêm,"[""Ban đêm""]",signer_028,01_Vũ Thị Thu Phương_37_ban đêm_1692864373.4517877_0,01_Vũ Thị Thu Phương_37_ban đêm_1692864373.4517877_0,False,1295800,train
cosign_01_00260,cosign_01_00260,Ban đêm/Vũ Thị Thu Phương_37_ban đêm_1692864373.4517877_0_frames_40.avi,pose_format/Ban đêm/Vũ Thị Thu Phương_37_ban đêm_1692864373.4517877_0_frames_40.pkl,1,Ban đêm,Ban đêm,"[""Ban đêm""]",signer_028,01_Vũ Thị Thu Phương_37_ban đêm_1692864373.4517877_0,01_Vũ Thị Thu Phương_37_ban đêm_1692864373.4517877_0,False,1295800,train
cosign_01_00261,cosign_01_00261,Ban đêm/Vũ Thị Thu Phương_37_ban đêm_1692864373.4517877_0_cut (1).avi,pose_format/Ban đêm/Vũ Thị Thu Phương_37_ban đêm_1692864373.4517877_0_cut (1).pkl,1,Ban đêm,Ban đêm,"[""Ban đêm""]",signer_028,01_Vũ Thị Thu Phương_37_ban đêm_1692864373.4517877_0_cut (1),,True,1023280,train
cosign_01_00262,cosign_01_00262,Ban đêm/Đoàn Thị Thu Thủy_40_ban đêm_1692951622.38186_0_cut.avi,pose_format/Ban đêm/Đoàn Thị Thu Thủy_40_ban đêm_1692951622.38186_0_cut.pkl,1,Ban đêm,Ban đêm,"[""Ban đêm""]",signer_029,01_Đoàn Thị Thu Thủy_40_ban đêm_1692951622.38186_0,,True,1144762,train
cosign_01_00263,cosign_01_00263,Ban đêm/Đoàn Thị Thu Thủy_40_ban đêm_1692951622.38186_0_frames_35.avi,pose_format/Ban đêm/Đoàn Thị Thu Thủy_40_ban đêm_1692951622.38186_0_frames_35.pkl,1,Ban đêm,Ban đêm,"[""Ban đêm""]",signer_029,01_Đoàn Thị Thu Thủy_40_ban đêm_1692951622.38186_0,01_Đoàn Thị Thu Thủy_40_ban đêm_1692951622.38186_0,False,1507634,train
cosign_01_00264,cosign_01_00264,Ban đêm/Đoàn Thị Thu Thủy_40_ban đêm_1692951622.38186_0_frames_40.avi,pose_format/Ban đêm/Đoàn Thị Thu Thủy_40_ban đêm_1692951622.38186_0_frames_40.pkl,1,Ban đêm,Ban đêm,"[""Ban đêm""]",signer_029,01_Đoàn Thị Thu Thủy_40_ban đêm_1692951622.38186_0,01_Đoàn Thị Thu Thủy_40_ban đêm_1692951622.38186_0,False,1507634,train
cosign_01_00265,cosign_01_00265,Ban đêm/Đoàn Thị Thu Thủy_40_ban đêm_1692951622.38186_0_cut (1).avi,pose_format/Ban đêm/Đoàn Thị Thu Thủy_40_ban đêm_1692951622.38186_0_cut (1).pkl,1,Ban đêm,Ban đêm,"[""Ban đêm""]",signer_029,01_Đoàn Thị Thu Thủy_40_ban đêm_1692951622.38186_0_cut (1),,True,1144762,train
cosign_01_00266,cosign_01_00266,Ban đêm/Đặng Thị Kiên_37_ban đêm_1693125716.6362326_0_frames_35.avi,pose_format/Ban đêm/Đặng Thị Kiên_37_ban đêm_1693125716.6362326_0_frames_35.pkl,1,Ban đêm,Ban đêm,"[""Ban đêm""]",signer_030,01_Đặng Thị Kiên_37_ban đêm_1693125716.6362326_0,,True,1413196,train
cosign_01_00267,cosign_01_00267,Ban đêm/Đặng Thị Kiên_37_ban đêm_1693125716.6362326_0_frames_40.avi,pose_format/Ban đêm/Đặng Thị Kiên_37_ban đêm_1693125716.6362326_0_frames_40.pkl,1,Ban đêm,Ban đêm,"[""Ban đêm""]",signer_030,01_Đặng Thị Kiên_37_ban đêm_1693125716.6362326_0,01_Đặng Thị Kiên_37_ban đêm_1693125716.6362326_0,False,1413196,train
cosign_01_00268,cosign_01_00268,Ban đêm/Đỗ Thị Vấn_41_ban đêm_1692778700.5760252_0_cut.avi,pose_format/Ban đêm/Đỗ Thị Vấn_41_ban đêm_1692778700.5760252_0_cut.pkl,1,Ban đêm,Ban đêm,"[""Ban đêm""]",signer_031,01_Đỗ Thị Vấn_41_ban đêm_1692778700.5760252_0,,True,1477790,train
cosign_01_00269,cosign_01_00269,Ban đêm/Đỗ Thị Vấn_41_ban đêm_1692778700.5760252_0_frames_35.avi,pose_format/Ban đêm/Đỗ Thị Vấn_41_ban đêm_1692778700.5760252_0_frames_35.pkl,1,Ban đêm,Ban đêm,"[""Ban đêm""]",signer_031,01_Đỗ Thị Vấn_41_ban đêm_1692778700.5760252_0,01_Đỗ Thị Vấn_41_ban đêm_1692778700.5760252_0,False,1740416,train
cosign_01_00270,cosign_01_00270,Ban đêm/Đỗ Thị Vấn_41_ban đêm_1692778700.5760252_0_frames_40.avi,pose_format/Ban đêm/Đỗ Thị Vấn_41_ban đêm_1692778700.5760252_0_frames_40.pkl,1,Ban đêm,Ban đêm,"[""Ban đêm""]",signer_031,01_Đỗ Thị Vấn_41_ban đêm_1692778700.5760252_0,01_Đỗ Thị Vấn_41_ban đêm_1692778700.5760252_0,False,1740416,train
cosign_01_00271,cosign_01_00271,Ban đêm/Đỗ Thị Vấn_41_ban đêm_1692778700.5760252_0_cut (1).avi,pose_format/Ban đêm/Đỗ Thị Vấn_41_ban đêm_1692778700.5760252_0_cut (1).pkl,1,Ban đêm,Ban đêm,"[""Ban đêm""]",signer_031,01_Đỗ Thị Vấn_41_ban đêm_1692778700.5760252_0_cut (1),,True,1477790,train
cosign_02_00272,cosign_02_00272,Bàn tay/BÀN_TAY_BÙI_MAI_CHI_ (1).mp4,pose_format/Bàn tay/BÀN_TAY_BÙI_MAI_CHI_ (1).pkl,2,Bàn tay,Bàn tay,"[""Bàn tay""]",signer_049,02_BÀN_TAY_BÙI_MAI_CHI_ (1),,True,6949844,train
cosign_02_00273,cosign_02_00273,Bàn tay/BÀN_TAY_BÙI_MAI_CHI_ (2).mp4,pose_format/Bàn tay/BÀN_TAY_BÙI_MAI_CHI_ (2).pkl,2,Bàn tay,Bàn tay,"[""Bàn tay""]",signer_049,02_BÀN_TAY_BÙI_MAI_CHI_ (2),,True,6813815,train
cosign_02_00274,cosign_02_00274,Bàn tay/BÀN_TAY_BÙI_MAI_CHI_ (3).mp4,pose_format/Bàn tay/BÀN_TAY_BÙI_MAI_CHI_ (3).pkl,2,Bàn tay,Bàn tay,"[""Bàn tay""]",signer_049,02_BÀN_TAY_BÙI_MAI_CHI_ (3),,True,6325847,train
cosign_02_00275,cosign_02_00275,Bàn tay/BÀN_TAY_BÙI_MAI_CHI_ (4).mp4,pose_format/Bàn tay/BÀN_TAY_BÙI_MAI_CHI_ (4).pkl,2,Bàn tay,Bàn tay,"[""Bàn tay""]",signer_049,02_BÀN_TAY_BÙI_MAI_CHI_ (4),,True,6625147,train
cosign_02_00276,cosign_02_00276,Bàn tay/BÀN_TAY_BÙI_MAI_CHI_ (5).mp4,pose_format/Bàn tay/BÀN_TAY_BÙI_MAI_CHI_ (5).pkl,2,Bàn tay,Bàn tay,"[""Bàn tay""]",signer_049,02_BÀN_TAY_BÙI_MAI_CHI_ (5),,True,6279850,train
cosign_02_00277,cosign_02_00277,Bàn tay/BÀN_TAY_BÙI_MẬU_VĂN_ (1).mp4,pose_format/Bàn tay/BÀN_TAY_BÙI_MẬU_VĂN_ (1).pkl,2,Bàn tay,Bàn tay,"[""Bàn tay""]",signer_050,02_BÀN_TAY_BÙI_MẬU_VĂN_ (1),,True,5387974,train
cosign_02_00278,cosign_02_00278,Bàn tay/BÀN_TAY_BÙI_MẬU_VĂN_ (2).mp4,pose_format/Bàn tay/BÀN_TAY_BÙI_MẬU_VĂN_ (2).pkl,2,Bàn tay,Bàn tay,"[""Bàn tay""]",signer_050,02_BÀN_TAY_BÙI_MẬU_VĂN_ (2),,True,5555388,train
cosign_02_00279,cosign_02_00279,Bàn tay/BÀN_TAY_BÙI_MẬU_VĂN_ (3).mp4,pose_format/Bàn tay/BÀN_TAY_BÙI_MẬU_VĂN_ (3).pkl,2,Bàn tay,Bàn tay,"[""Bàn tay""]",signer_050,02_BÀN_TAY_BÙI_MẬU_VĂN_ (3),,True,5431502,train
cosign_02_00280,cosign_02_00280,Bàn tay/BÀN_TAY_BÙI_MẬU_VĂN_ (4).mp4,pose_format/Bàn tay/BÀN_TAY_BÙI_MẬU_VĂN_ (4).pkl,2,Bàn tay,Bàn tay,"[""Bàn tay""]",signer_050,02_BÀN_TAY_BÙI_MẬU_VĂN_ (4),,True,6075565,train
cosign_02_00281,cosign_02_00281,Bàn tay/BÀN_TAY_BÙI_MẬU_VĂN_ (5).mp4,pose_format/Bàn tay/BÀN_TAY_BÙI_MẬU_VĂN_ (5).pkl,2,Bàn tay,Bàn tay,"[""Bàn tay""]",signer_050,02_BÀN_TAY_BÙI_MẬU_VĂN_ (5),,True,5750275,train
cosign_02_00282,cosign_02_00282,Bàn tay/BÀN_TAY_LẠI_QUANG_VINH_(1).mp4,pose_format/Bàn tay/BÀN_TAY_LẠI_QUANG_VINH_(1).pkl,2,Bàn tay,Bàn tay,"[""Bàn tay""]",signer_051,02_BÀN_TAY_LẠI_QUANG_VINH_(1),,True,2320193,train
cosign_02_00283,cosign_02_00283,Bàn tay/BÀN_TAY_LẠI_QUANG_VINH_(2).mp4,pose_format/Bàn tay/BÀN_TAY_LẠI_QUANG_VINH_(2).pkl,2,Bàn tay,Bàn tay,"[""Bàn tay""]",signer_051,02_BÀN_TAY_LẠI_QUANG_VINH_(2),,True,2079523,train
cosign_02_00284,cosign_02_00284,Bàn tay/BÀN_TAY_LẠI_QUANG_VINH_(3).mp4,pose_format/Bàn tay/BÀN_TAY_LẠI_QUANG_VINH_(3).pkl,2,Bàn tay,Bàn tay,"[""Bàn tay""]",signer_051,02_BÀN_TAY_LẠI_QUANG_VINH_(3),,True,2306360,train
cosign_02_00285,cosign_02_00285,Bàn tay/BÀN_TAY_LẠI_QUANG_VINH_(4).mp4,pose_format/Bàn tay/BÀN_TAY_LẠI_QUANG_VINH_(4).pkl,2,Bàn tay,Bàn tay,"[""Bàn tay""]",signer_051,02_BÀN_TAY_LẠI_QUANG_VINH_(4),,True,2445712,train
cosign_02_00286,cosign_02_00286,Bàn tay/BÀN_TAY_LẠI_QUANG_VINH_(5).mp4,pose_format/Bàn tay/BÀN_TAY_LẠI_QUANG_VINH_(5).pkl,2,Bàn tay,Bàn tay,"[""Bàn tay""]",signer_051,02_BÀN_TAY_LẠI_QUANG_VINH_(5),,True,2921691,train
cosign_02_00287,cosign_02_00287,Bàn tay/BÀN_TAY_MAI_HOÀNG_XUÂN_ (1).mp4,pose_format/Bàn tay/BÀN_TAY_MAI_HOÀNG_XUÂN_ (1).pkl,2,Bàn tay,Bàn tay,"[""Bàn tay""]",signer_052,02_BÀN_TAY_MAI_HOÀNG_XUÂN_ (1),,True,5941748,train
cosign_02_00288,cosign_02_00288,Bàn tay/BÀN_TAY_MAI_HOÀNG_XUÂN_ (2).mp4,pose_format/Bàn tay/BÀN_TAY_MAI_HOÀNG_XUÂN_ (2).pkl,2,Bàn tay,Bàn tay,"[""Bàn tay""]",signer_052,02_BÀN_TAY_MAI_HOÀNG_XUÂN_ (2),,True,5853175,train
cosign_02_00289,cosign_02_00289,Bàn tay/BÀN_TAY_MAI_HOÀNG_XUÂN_ (3).mp4,pose_format/Bàn tay/BÀN_TAY_MAI_HOÀNG_XUÂN_ (3).pkl,2,Bàn tay,Bàn tay,"[""Bàn tay""]",signer_052,02_BÀN_TAY_MAI_HOÀNG_XUÂN_ (3),,True,6036691,train
cosign_02_00290,cosign_02_00290,Bàn tay/BÀN_TAY_MAI_HOÀNG_XUÂN_ (4).mp4,pose_format/Bàn tay/BÀN_TAY_MAI_HOÀNG_XUÂN_ (4).pkl,2,Bàn tay,Bàn tay,"[""Bàn tay""]",signer_052,02_BÀN_TAY_MAI_HOÀNG_XUÂN_ (4),,True,6022012,train
cosign_02_00291,cosign_02_00291,Bàn tay/BÀN_TAY_MAI_HOÀNG_XUÂN_ (5).mp4,pose_format/Bàn tay/BÀN_TAY_MAI_HOÀNG_XUÂN_ (5).pkl,2,Bàn tay,Bàn tay,"[""Bàn tay""]",signer_052,02_BÀN_TAY_MAI_HOÀNG_XUÂN_ (5),,True,5211264,train
cosign_02_00292,cosign_02_00292,Bàn tay/BÀN_TAY_NGUYỄN_HOÀNG_ĐIỆP_ (1).mp4,pose_format/Bàn tay/BÀN_TAY_NGUYỄN_HOÀNG_ĐIỆP_ (1).pkl,2,Bàn tay,Bàn tay,"[""Bàn tay""]",signer_053,02_BÀN_TAY_NGUYỄN_HOÀNG_ĐIỆP_ (1),,True,6313251,train
cosign_02_00293,cosign_02_00293,Bàn tay/BÀN_TAY_NGUYỄN_HOÀNG_ĐIỆP_ (2).mp4,pose_format/Bàn tay/BÀN_TAY_NGUYỄN_HOÀNG_ĐIỆP_ (2).pkl,2,Bàn tay,Bàn tay,"[""Bàn tay""]",signer_053,02_BÀN_TAY_NGUYỄN_HOÀNG_ĐIỆP_ (2),,True,7996687,train
cosign_02_00294,cosign_02_00294,Bàn tay/BÀN_TAY_NGUYỄN_HOÀNG_ĐIỆP_ (3).mp4,pose_format/Bàn tay/BÀN_TAY_NGUYỄN_HOÀNG_ĐIỆP_ (3).pkl,2,Bàn tay,Bàn tay,"[""Bàn tay""]",signer_053,02_BÀN_TAY_NGUYỄN_HOÀNG_ĐIỆP_ (3),,True,8049148,train
cosign_02_00295,cosign_02_00295,Bàn tay/BÀN_TAY_NGUYỄN_HOÀNG_ĐIỆP_ (4).mp4,pose_format/Bàn tay/BÀN_TAY_NGUYỄN_HOÀNG_ĐIỆP_ (4).pkl,2,Bàn tay,Bàn tay,"[""Bàn tay""]",signer_053,02_BÀN_TAY_NGUYỄN_HOÀNG_ĐIỆP_ (4),,True,6412371,train
cosign_02_00296,cosign_02_00296,Bàn tay/BÀN_TAY_NGUYỄN_HOÀNG_ĐIỆP_ (5).mp4,pose_format/Bàn tay/BÀN_TAY_NGUYỄN_HOÀNG_ĐIỆP_ (5).pkl,2,Bàn tay,Bàn tay,"[""Bàn tay""]",signer_053,02_BÀN_TAY_NGUYỄN_HOÀNG_ĐIỆP_ (5),,True,7099061,train
cosign_02_00297,cosign_02_00297,Bàn tay/BÀN_TAY_NGUYỄN_PHƯƠNG_ANH_ (1).mp4,pose_format/Bàn tay/BÀN_TAY_NGUYỄN_PHƯƠNG_ANH_ (1).pkl,2,Bàn tay,Bàn tay,"[""Bàn tay""]",signer_054,02_BÀN_TAY_NGUYỄN_PHƯƠNG_ANH_ (1),,True,6064457,train
cosign_02_00298,cosign_02_00298,Bàn tay/BÀN_TAY_NGUYỄN_PHƯƠNG_ANH_ (2).mp4,pose_format/Bàn tay/BÀN_TAY_NGUYỄN_PHƯƠNG_ANH_ (2).pkl,2,Bàn tay,Bàn tay,"[""Bàn tay""]",signer_054,02_BÀN_TAY_NGUYỄN_PHƯƠNG_ANH_ (2),,True,5943451,train
cosign_02_00299,cosign_02_00299,Bàn tay/BÀN_TAY_NGUYỄN_PHƯƠNG_ANH_ (3).mp4,pose_format/Bàn tay/BÀN_TAY_NGUYỄN_PHƯƠNG_ANH_ (3).pkl,2,Bàn tay,Bàn tay,"[""Bàn tay""]",signer_054,02_BÀN_TAY_NGUYỄN_PHƯƠNG_ANH_ (3),,True,5683775,train
cosign_02_00300,cosign_02_00300,Bàn tay/BÀN_TAY_NGUYỄN_PHƯƠNG_ANH_ (4).mp4,pose_format/Bàn tay/BÀN_TAY_NGUYỄN_PHƯƠNG_ANH_ (4).pkl,2,Bàn tay,Bàn tay,"[""Bàn tay""]",signer_054,02_BÀN_TAY_NGUYỄN_PHƯƠNG_ANH_ (4),,True,5705312,train
cosign_02_00301,cosign_02_00301,Bàn tay/BÀN_TAY_NGUYỄN_PHƯƠNG_ANH_ (5).mp4,pose_format/Bàn tay/BÀN_TAY_NGUYỄN_PHƯƠNG_ANH_ (5).pkl,2,Bàn tay,Bàn tay,"[""Bàn tay""]",signer_054,02_BÀN_TAY_NGUYỄN_PHƯƠNG_ANH_ (5),,True,5925271,train
cosign_02_00302,cosign_02_00302,Bàn tay/BÀN_TAY_NGUYỄN_QUÝ_DƯƠNG_1.mp4,pose_format/Bàn tay/BÀN_TAY_NGUYỄN_QUÝ_DƯƠNG_1.pkl,2,Bàn tay,Bàn tay,"[""Bàn tay""]",signer_055,02_BÀN_TAY_NGUYỄN_QUÝ_DƯƠNG_1,,True,8796590,train
cosign_02_00303,cosign_02_00303,Bàn tay/BÀN_TAY_NGUYỄN_QUÝ_DƯƠNG_2.mp4,pose_format/Bàn tay/BÀN_TAY_NGUYỄN_QUÝ_DƯƠNG_2.pkl,2,Bàn tay,Bàn tay,"[""Bàn tay""]",signer_055,02_BÀN_TAY_NGUYỄN_QUÝ_DƯƠNG_2,,True,7916635,train
cosign_02_00304,cosign_02_00304,Bàn tay/BÀN_TAY_NGUYỄN_QUÝ_DƯƠNG_3.mp4,pose_format/Bàn tay/BÀN_TAY_NGUYỄN_QUÝ_DƯƠNG_3.pkl,2,Bàn tay,Bàn tay,"[""Bàn tay""]",signer_055,02_BÀN_TAY_NGUYỄN_QUÝ_DƯƠNG_3,,True,8436142,train
cosign_02_00305,cosign_02_00305,Bàn tay/BÀN_TAY_NGUYỄN_QUÝ_DƯƠNG_4.mp4,pose_format/Bàn tay/BÀN_TAY_NGUYỄN_QUÝ_DƯƠNG_4.pkl,2,Bàn tay,Bàn tay,"[""Bàn tay""]",signer_055,02_BÀN_TAY_NGUYỄN_QUÝ_DƯƠNG_4,,True,7933977,train
cosign_02_00306,cosign_02_00306,Bàn tay/BÀN_TAY_NGUYỄN_QUÝ_DƯƠNG_5.mp4,pose_format/Bàn tay/BÀN_TAY_NGUYỄN_QUÝ_DƯƠNG_5.pkl,2,Bàn tay,Bàn tay,"[""Bàn tay""]",signer_055,02_BÀN_TAY_NGUYỄN_QUÝ_DƯƠNG_5,,True,7787582,train
cosign_02_00307,cosign_02_00307,Bàn tay/BÀN_TAY_NGUYỄN_THẠC_ANH_ (1).mp4,pose_format/Bàn tay/BÀN_TAY_NGUYỄN_THẠC_ANH_ (1).pkl,2,Bàn tay,Bàn tay,"[""Bàn tay""]",signer_056,02_BÀN_TAY_NGUYỄN_THẠC_ANH_ (1),,True,5949970,train
cosign_02_00308,cosign_02_00308,Bàn tay/BÀN_TAY_NGUYỄN_THẠC_ANH_ (2).mp4,pose_format/Bàn tay/BÀN_TAY_NGUYỄN_THẠC_ANH_ (2).pkl,2,Bàn tay,Bàn tay,"[""Bàn tay""]",signer_056,02_BÀN_TAY_NGUYỄN_THẠC_ANH_ (2),,True,6923126,train
cosign_02_00309,cosign_02_00309,Bàn tay/BÀN_TAY_NGUYỄN_THẠC_ANH_ (3).mp4,pose_format/Bàn tay/BÀN_TAY_NGUYỄN_THẠC_ANH_ (3).pkl,2,Bàn tay,Bàn tay,"[""Bàn tay""]",signer_056,02_BÀN_TAY_NGUYỄN_THẠC_ANH_ (3),,True,5667226,train
cosign_02_00310,cosign_02_00310,Bàn tay/BÀN_TAY_NGUYỄN_THẠC_ANH_ (4).mp4,pose_format/Bàn tay/BÀN_TAY_NGUYỄN_THẠC_ANH_ (4).pkl,2,Bàn tay,Bàn tay,"[""Bàn tay""]",signer_056,02_BÀN_TAY_NGUYỄN_THẠC_ANH_ (4),,True,5440349,train
cosign_02_00311,cosign_02_00311,Bàn tay/BÀN_TAY_NGUYỄN_THẠC_ANH_ (5).mp4,pose_format/Bàn tay/BÀN_TAY_NGUYỄN_THẠC_ANH_ (5).pkl,2,Bàn tay,Bàn tay,"[""Bàn tay""]",signer_056,02_BÀN_TAY_NGUYỄN_THẠC_ANH_ (5),,True,6177801,train
cosign_02_00312,cosign_02_00312,Bàn tay/BÀN_TAY_PHẠM_ĐÌNH_HẢI_(1).mp4,pose_format/Bàn tay/BÀN_TAY_PHẠM_ĐÌNH_HẢI_(1).pkl,2,Bàn tay,Bàn tay,"[""Bàn tay""]",signer_057,02_BÀN_TAY_PHẠM_ĐÌNH_HẢI_(1),,True,10087054,train
cosign_02_00313,cosign_02_00313,Bàn tay/BÀN_TAY_PHẠM_ĐÌNH_HẢI_(2).mp4,pose_format/Bàn tay/BÀN_TAY_PHẠM_ĐÌNH_HẢI_(2).pkl,2,Bàn tay,Bàn tay,"[""Bàn tay""]",signer_057,02_BÀN_TAY_PHẠM_ĐÌNH_HẢI_(2),,True,11349103,train
cosign_02_00314,cosign_02_00314,Bàn tay/BÀN_TAY_PHẠM_ĐÌNH_HẢI_(3).mp4,pose_format/Bàn tay/BÀN_TAY_PHẠM_ĐÌNH_HẢI_(3).pkl,2,Bàn tay,Bàn tay,"[""Bàn tay""]",signer_057,02_BÀN_TAY_PHẠM_ĐÌNH_HẢI_(3),,True,10360854,train
cosign_02_00315,cosign_02_00315,Bàn tay/BÀN_TAY_PHẠM_ĐÌNH_HẢI_(4).mp4,pose_format/Bàn tay/BÀN_TAY_PHẠM_ĐÌNH_HẢI_(4).pkl,2,Bàn tay,Bàn tay,"[""Bàn tay""]",signer_057,02_BÀN_TAY_PHẠM_ĐÌNH_HẢI_(4),,True,10418948,train
cosign_02_00316,cosign_02_00316,Bàn tay/BÀN_TAY_PHẠM_ĐÌNH_HẢI_(5).mp4,pose_format/Bàn tay/BÀN_TAY_PHẠM_ĐÌNH_HẢI_(5).pkl,2,Bàn tay,Bàn tay,"[""Bàn tay""]",signer_057,02_BÀN_TAY_PHẠM_ĐÌNH_HẢI_(5),,True,9348802,train
cosign_02_00317,cosign_02_00317,Bàn tay/BÀN_TAY_TRƯƠNG_NGỌC_DIỄM_ (1).mp4,pose_format/Bàn tay/BÀN_TAY_TRƯƠNG_NGỌC_DIỄM_ (1).pkl,2,Bàn tay,Bàn tay,"[""Bàn tay""]",signer_058,02_BÀN_TAY_TRƯƠNG_NGỌC_DIỄM_ (1),,True,6857166,train
cosign_02_00318,cosign_02_00318,Bàn tay/BÀN_TAY_TRƯƠNG_NGỌC_DIỄM_ (2).mp4,pose_format/Bàn tay/BÀN_TAY_TRƯƠNG_NGỌC_DIỄM_ (2).pkl,2,Bàn tay,Bàn tay,"[""Bàn tay""]",signer_058,02_BÀN_TAY_TRƯƠNG_NGỌC_DIỄM_ (2),,True,7304768,train
cosign_02_00319,cosign_02_00319,Bàn tay/BÀN_TAY_TRƯƠNG_NGỌC_DIỄM_ (3).mp4,pose_format/Bàn tay/BÀN_TAY_TRƯƠNG_NGỌC_DIỄM_ (3).pkl,2,Bàn tay,Bàn tay,"[""Bàn tay""]",signer_058,02_BÀN_TAY_TRƯƠNG_NGỌC_DIỄM_ (3),,True,8124360,train
cosign_02_00320,cosign_02_00320,Bàn tay/BÀN_TAY_TRƯƠNG_NGỌC_DIỄM_ (4).mp4,pose_format/Bàn tay/BÀN_TAY_TRƯƠNG_NGỌC_DIỄM_ (4).pkl,2,Bàn tay,Bàn tay,"[""Bàn tay""]",signer_058,02_BÀN_TAY_TRƯƠNG_NGỌC_DIỄM_ (4),,True,7023552,train
cosign_02_00321,cosign_02_00321,Bàn tay/BÀN_TAY_TRƯƠNG_NGỌC_DIỄM_ (5).mp4,pose_format/Bàn tay/BÀN_TAY_TRƯƠNG_NGỌC_DIỄM_ (5).pkl,2,Bàn tay,Bàn tay,"[""Bàn tay""]",signer_058,02_BÀN_TAY_TRƯƠNG_NGỌC_DIỄM_ (5),,True,7551270,train
cosign_02_00322,cosign_02_00322,Bàn tay/BÀN_TAY_TRẦN_TUẤN_MINH (1).mp4,pose_format/Bàn tay/BÀN_TAY_TRẦN_TUẤN_MINH (1).pkl,2,Bàn tay,Bàn tay,"[""Bàn tay""]",signer_059,02_BÀN_TAY_TRẦN_TUẤN_MINH (1),,True,6203615,train
cosign_02_00323,cosign_02_00323,Bàn tay/BÀN_TAY_TRẦN_TUẤN_MINH (2).mp4,pose_format/Bàn tay/BÀN_TAY_TRẦN_TUẤN_MINH (2).pkl,2,Bàn tay,Bàn tay,"[""Bàn tay""]",signer_059,02_BÀN_TAY_TRẦN_TUẤN_MINH (2),,True,7396232,train
cosign_02_00324,cosign_02_00324,Bàn tay/BÀN_TAY_TRẦN_TUẤN_MINH (3).mp4,pose_format/Bàn tay/BÀN_TAY_TRẦN_TUẤN_MINH (3).pkl,2,Bàn tay,Bàn tay,"[""Bàn tay""]",signer_059,02_BÀN_TAY_TRẦN_TUẤN_MINH (3),,True,7197867,train
cosign_02_00325,cosign_02_00325,Bàn tay/BÀN_TAY_TRẦN_TUẤN_MINH (4).mp4,pose_format/Bàn tay/BÀN_TAY_TRẦN_TUẤN_MINH (4).pkl,2,Bàn tay,Bàn tay,"[""Bàn tay""]",signer_059,02_BÀN_TAY_TRẦN_TUẤN_MINH (4),,True,6660023,train
cosign_02_00326,cosign_02_00326,Bàn tay/BÀN_TAY_TRẦN_TUẤN_MINH (5).mp4,pose_format/Bàn tay/BÀN_TAY_TRẦN_TUẤN_MINH (5).pkl,2,Bàn tay,Bàn tay,"[""Bàn tay""]",signer_059,02_BÀN_TAY_TRẦN_TUẤN_MINH (5),,True,6530716,train
cosign_02_00327,cosign_02_00327,Bàn tay/BÀN_TAY_TRẦN_ĐỨC_QUÂN_1.mp4,pose_format/Bàn tay/BÀN_TAY_TRẦN_ĐỨC_QUÂN_1.pkl,2,Bàn tay,Bàn tay,"[""Bàn tay""]",signer_060,02_BÀN_TAY_TRẦN_ĐỨC_QUÂN_1,,True,5516958,train
cosign_02_00328,cosign_02_00328,Bàn tay/BÀN_TAY_TRẦN_ĐỨC_QUÂN_2.mp4,pose_format/Bàn tay/BÀN_TAY_TRẦN_ĐỨC_QUÂN_2.pkl,2,Bàn tay,Bàn tay,"[""Bàn tay""]",signer_060,02_BÀN_TAY_TRẦN_ĐỨC_QUÂN_2,,True,6596516,train
cosign_02_00329,cosign_02_00329,Bàn tay/BÀN_TAY_TRẦN_ĐỨC_QUÂN_3.mp4,pose_format/Bàn tay/BÀN_TAY_TRẦN_ĐỨC_QUÂN_3.pkl,2,Bàn tay,Bàn tay,"[""Bàn tay""]",signer_060,02_BÀN_TAY_TRẦN_ĐỨC_QUÂN_3,,True,7230440,train
cosign_02_00330,cosign_02_00330,Bàn tay/BÀN_TAY_TRẦN_ĐỨC_QUÂN_4.mp4,pose_format/Bàn tay/BÀN_TAY_TRẦN_ĐỨC_QUÂN_4.pkl,2,Bàn tay,Bàn tay,"[""Bàn tay""]",signer_060,02_BÀN_TAY_TRẦN_ĐỨC_QUÂN_4,,True,7850680,train
cosign_02_00331,cosign_02_00331,Bàn tay/BÀN_TAY_TRẦN_ĐỨC_QUÂN_5.mp4,pose_format/Bàn tay/BÀN_TAY_TRẦN_ĐỨC_QUÂN_5.pkl,2,Bàn tay,Bàn tay,"[""Bàn tay""]",signer_060,02_BÀN_TAY_TRẦN_ĐỨC_QUÂN_5,,True,8137784,train
cosign_02_00332,cosign_02_00332,Bàn tay/BÀN_TAY_TẠ_THỊ_PHƯƠNG_LINH_ (1).mp4,pose_format/Bàn tay/BÀN_TAY_TẠ_THỊ_PHƯƠNG_LINH_ (1).pkl,2,Bàn tay,Bàn tay,"[""Bàn tay""]",signer_061,02_BÀN_TAY_TẠ_THỊ_PHƯƠNG_LINH_ (1),,True,3418607,train
cosign_02_00333,cosign_02_00333,Bàn tay/BÀN_TAY_TẠ_THỊ_PHƯƠNG_LINH_ (2).mp4,pose_format/Bàn tay/BÀN_TAY_TẠ_THỊ_PHƯƠNG_LINH_ (2).pkl,2,Bàn tay,Bàn tay,"[""Bàn tay""]",signer_061,02_BÀN_TAY_TẠ_THỊ_PHƯƠNG_LINH_ (2),,True,3954013,train
cosign_02_00334,cosign_02_00334,Bàn tay/BÀN_TAY_TẠ_THỊ_PHƯƠNG_LINH_ (3).mp4,pose_format/Bàn tay/BÀN_TAY_TẠ_THỊ_PHƯƠNG_LINH_ (3).pkl,2,Bàn tay,Bàn tay,"[""Bàn tay""]",signer_061,02_BÀN_TAY_TẠ_THỊ_PHƯƠNG_LINH_ (3),,True,4464751,train
cosign_02_00335,cosign_02_00335,Bàn tay/BÀN_TAY_TẠ_THỊ_PHƯƠNG_LINH_ (4).mp4,pose_format/Bàn tay/BÀN_TAY_TẠ_THỊ_PHƯƠNG_LINH_ (4).pkl,2,Bàn tay,Bàn tay,"[""Bàn tay""]",signer_061,02_BÀN_TAY_TẠ_THỊ_PHƯƠNG_LINH_ (4),,True,3752581,train
cosign_02_00336,cosign_02_00336,Bàn tay/BÀN_TAY_TẠ_THỊ_PHƯƠNG_LINH_ (5).mp4,pose_format/Bàn tay/BÀN_TAY_TẠ_THỊ_PHƯƠNG_LINH_ (5).pkl,2,Bàn tay,Bàn tay,"[""Bàn tay""]",signer_061,02_BÀN_TAY_TẠ_THỊ_PHƯƠNG_LINH_ (5),,True,3575420,train
cosign_02_00337,cosign_02_00337,Bàn tay/BÀN_TAY_VŨ_HUY_DU_ (1).mp4,pose_format/Bàn tay/BÀN_TAY_VŨ_HUY_DU_ (1).pkl,2,Bàn tay,Bàn tay,"[""Bàn tay""]",signer_062,02_BÀN_TAY_VŨ_HUY_DU_ (1),,True,7219829,train
cosign_02_00338,cosign_02_00338,Bàn tay/BÀN_TAY_VŨ_HUY_DU_ (2).mp4,pose_format/Bàn tay/BÀN_TAY_VŨ_HUY_DU_ (2).pkl,2,Bàn tay,Bàn tay,"[""Bàn tay""]",signer_062,02_BÀN_TAY_VŨ_HUY_DU_ (2),,True,6886703,train
cosign_02_00339,cosign_02_00339,Bàn tay/BÀN_TAY_VŨ_HUY_DU_ (3).mp4,pose_format/Bàn tay/BÀN_TAY_VŨ_HUY_DU_ (3).pkl,2,Bàn tay,Bàn tay,"[""Bàn tay""]",signer_062,02_BÀN_TAY_VŨ_HUY_DU_ (3),,True,6771603,train
cosign_02_00340,cosign_02_00340,Bàn tay/BÀN_TAY_VŨ_HUY_DU_ (4).mp4,pose_format/Bàn tay/BÀN_TAY_VŨ_HUY_DU_ (4).pkl,2,Bàn tay,Bàn tay,"[""Bàn tay""]",signer_062,02_BÀN_TAY_VŨ_HUY_DU_ (4),,True,6537096,train
cosign_02_00341,cosign_02_00341,Bàn tay/BÀN_TAY_VŨ_HUY_DU_ (5).mp4,pose_format/Bàn tay/BÀN_TAY_VŨ_HUY_DU_ (5).pkl,2,Bàn tay,Bàn tay,"[""Bàn tay""]",signer_062,02_BÀN_TAY_VŨ_HUY_DU_ (5),,True,6738613,train
cosign_02_00342,cosign_02_00342,Bàn tay/BÀN_TAY_VŨ_KẾT_ĐỒNG_1.mp4,pose_format/Bàn tay/BÀN_TAY_VŨ_KẾT_ĐỒNG_1.pkl,2,Bàn tay,Bàn tay,"[""Bàn tay""]",signer_063,02_BÀN_TAY_VŨ_KẾT_ĐỒNG_1,,True,5806325,train
cosign_02_00343,cosign_02_00343,Bàn tay/BÀN_TAY_VŨ_KẾT_ĐỒNG_2.mp4,pose_format/Bàn tay/BÀN_TAY_VŨ_KẾT_ĐỒNG_2.pkl,2,Bàn tay,Bàn tay,"[""Bàn tay""]",signer_063,02_BÀN_TAY_VŨ_KẾT_ĐỒNG_2,,True,7822274,train
cosign_02_00344,cosign_02_00344,Bàn tay/BÀN_TAY_VŨ_KẾT_ĐỒNG_3.mp4,pose_format/Bàn tay/BÀN_TAY_VŨ_KẾT_ĐỒNG_3.pkl,2,Bàn tay,Bàn tay,"[""Bàn tay""]",signer_063,02_BÀN_TAY_VŨ_KẾT_ĐỒNG_3,,True,9323011,train
cosign_02_00345,cosign_02_00345,Bàn tay/BÀN_TAY_VŨ_KẾT_ĐỒNG_4.mp4,pose_format/Bàn tay/BÀN_TAY_VŨ_KẾT_ĐỒNG_4.pkl,2,Bàn tay,Bàn tay,"[""Bàn tay""]",signer_063,02_BÀN_TAY_VŨ_KẾT_ĐỒNG_4,,True,7535122,train
cosign_02_00346,cosign_02_00346,Bàn tay/BÀN_TAY_VŨ_KẾT_ĐỒNG_5.mp4,pose_format/Bàn tay/BÀN_TAY_VŨ_KẾT_ĐỒNG_5.pkl,2,Bàn tay,Bàn tay,"[""Bàn tay""]",signer_063,02_BÀN_TAY_VŨ_KẾT_ĐỒNG_5,,True,6576535,train
cosign_02_00347,cosign_02_00347,Bàn tay/Bàn tay _ LQM.mp4,pose_format/Bàn tay/Bàn tay _ LQM.pkl,2,Bàn tay,Bàn tay,"[""Bàn tay""]",signer_064,02_Bàn tay _ LQM,,True,8303409,train
cosign_02_00348,cosign_02_00348,Bàn tay/Bàn tay _ LQM (2).mp4,pose_format/Bàn tay/Bàn tay _ LQM (2).pkl,2,Bàn tay,Bàn tay,"[""Bàn tay""]",signer_064,02_Bàn tay _ LQM (2),,True,7363578,train
cosign_02_00349,cosign_02_00349,Bàn tay/Bàn tay _ LQM (3).mp4,pose_format/Bàn tay/Bàn tay _ LQM (3).pkl,2,Bàn tay,Bàn tay,"[""Bàn tay""]",signer_064,02_Bàn tay _ LQM (3),,True,8873270,train
cosign_02_00350,cosign_02_00350,Bàn tay/Bàn tay _ LQM (4).mp4,pose_format/Bàn tay/Bàn tay _ LQM (4).pkl,2,Bàn tay,Bàn tay,"[""Bàn tay""]",signer_064,02_Bàn tay _ LQM (4),,True,9209786,train
cosign_02_00351,cosign_02_00351,Bàn tay/Bàn tay _ LQM (5).mp4,pose_format/Bàn tay/Bàn tay _ LQM (5).pkl,2,Bàn tay,Bàn tay,"[""Bàn tay""]",signer_064,02_Bàn tay _ LQM (5),,True,8409001,train
cosign_02_00352,cosign_02_00352,Bàn tay/Bàn tay _ LQM (6).mp4,pose_format/Bàn tay/Bàn tay _ LQM (6).pkl,2,Bàn tay,Bàn tay,"[""Bàn tay""]",signer_064,02_Bàn tay _ LQM (6),,True,8409001,train
cosign_02_00353,cosign_02_00353,Bàn tay/Bàn tay_MVT.mp4,pose_format/Bàn tay/Bàn tay_MVT.pkl,2,Bàn tay,Bàn tay,"[""Bàn tay""]",signer_065,02_Bàn tay_MVT,,True,6254220,train
cosign_02_00354,cosign_02_00354,Bàn tay/Bàn tay_MVT (2).mp4,pose_format/Bàn tay/Bàn tay_MVT (2).pkl,2,Bàn tay,Bàn tay,"[""Bàn tay""]",signer_065,02_Bàn tay_MVT (2),,True,9961235,train
cosign_02_00355,cosign_02_00355,Bàn tay/Bàn tay_MVT (3).mp4,pose_format/Bàn tay/Bàn tay_MVT (3).pkl,2,Bàn tay,Bàn tay,"[""Bàn tay""]",signer_065,02_Bàn tay_MVT (3),,True,9441143,train
cosign_02_00356,cosign_02_00356,Bàn tay/Bàn tay_MVT (4).mp4,pose_format/Bàn tay/Bàn tay_MVT (4).pkl,2,Bàn tay,Bàn tay,"[""Bàn tay""]",signer_065,02_Bàn tay_MVT (4),,True,9300360,train
cosign_02_00357,cosign_02_00357,Bàn tay/Bàn tay_MVT (5).mp4,pose_format/Bàn tay/Bàn tay_MVT (5).pkl,2,Bàn tay,Bàn tay,"[""Bàn tay""]",signer_065,02_Bàn tay_MVT (5),,True,10748071,train
cosign_02_00358,cosign_02_00358,Bàn tay/Lê Phương Thảo_12_Bàn Tay_1692697422.0939505_0_cut.avi,pose_format/Bàn tay/Lê Phương Thảo_12_Bàn Tay_1692697422.0939505_0_cut.pkl,2,Bàn tay,Bàn tay,"[""Bàn tay""]",signer_019,02_Lê Phương Thảo_12_Bàn Tay_1692697422.0939505_0,,True,812784,train
cosign_02_00359,cosign_02_00359,Bàn tay/Lê Phương Thảo_12_Bàn Tay_1692697422.0939505_0_frames_35.avi,pose_format/Bàn tay/Lê Phương Thảo_12_Bàn Tay_1692697422.0939505_0_frames_35.pkl,2,Bàn tay,Bàn tay,"[""Bàn tay""]",signer_019,02_Lê Phương Thảo_12_Bàn Tay_1692697422.0939505_0,02_Lê Phương Thảo_12_Bàn Tay_1692697422.0939505_0,False,1041574,train
cosign_02_00360,cosign_02_00360,Bàn tay/Lê Phương Thảo_12_Bàn Tay_1692697422.0939505_0_frames_40.avi,pose_format/Bàn tay/Lê Phương Thảo_12_Bàn Tay_1692697422.0939505_0_frames_40.pkl,2,Bàn tay,Bàn tay,"[""Bàn tay""]",signer_019,02_Lê Phương Thảo_12_Bàn Tay_1692697422.0939505_0,02_Lê Phương Thảo_12_Bàn Tay_1692697422.0939505_0,False,1041574,train
cosign_02_00361,cosign_02_00361,Bàn tay/Lê Thanh Như_12_Bàn tay_1692697498.4355705_0_cut.avi,pose_format/Bàn tay/Lê Thanh Như_12_Bàn tay_1692697498.4355705_0_cut.pkl,2,Bàn tay,Bàn tay,"[""Bàn tay""]",signer_020,02_Lê Thanh Như_12_Bàn tay_1692697498.4355705_0,,True,1200478,train
cosign_02_00362,cosign_02_00362,Bàn tay/Lê Thanh Như_12_Bàn tay_1692697498.4355705_0_frames_35.avi,pose_format/Bàn tay/Lê Thanh Như_12_Bàn tay_1692697498.4355705_0_frames_35.pkl,2,Bàn tay,Bàn tay,"[""Bàn tay""]",signer_020,02_Lê Thanh Như_12_Bàn tay_1692697498.4355705_0,02_Lê Thanh Như_12_Bàn tay_1692697498.4355705_0,False,1455852,train
cosign_02_00363,cosign_02_00363,Bàn tay/Lê Thanh Như_12_Bàn tay_1692697498.4355705_0_frames_40.avi,pose_format/Bàn tay/Lê Thanh Như_12_Bàn tay_1692697498.4355705_0_frames_40.pkl,2,Bàn tay,Bàn tay,"[""Bàn tay""]",signer_020,02_Lê Thanh Như_12_Bàn tay_1692697498.4355705_0,02_Lê Thanh Như_12_Bàn tay_1692697498.4355705_0,False,1455852,train
cosign_02_00364,cosign_02_00364,Bàn tay/Nguyễn Gia Bảo_10_bàn tay_1692751682.9270802_0_cut.avi,pose_format/Bàn tay/Nguyễn Gia Bảo_10_bàn tay_1692751682.9270802_0_cut.pkl,2,Bàn tay,Bàn tay,"[""Bàn tay""]",signer_021,02_Nguyễn Gia Bảo_10_bàn tay_1692751682.9270802_0,,True,1362884,train
cosign_02_00365,cosign_02_00365,Bàn tay/Nguyễn Gia Bảo_10_bàn tay_1692751682.9270802_0_frames_35.avi,pose_format/Bàn tay/Nguyễn Gia Bảo_10_bàn tay_1692751682.9270802_0_frames_35.pkl,2,Bàn tay,Bàn tay,"[""Bàn tay""]",signer_021,02_Nguyễn Gia Bảo_10_bàn tay_1692751682.9270802_0,02_Nguyễn Gia Bảo_10_bàn tay_1692751682.9270802_0,False,1773338,train
cosign_02_00366,cosign_02_00366,Bàn tay/Nguyễn Gia Bảo_10_bàn tay_1692751682.9270802_0_frames_40.avi,pose_format/Bàn tay/Nguyễn Gia Bảo_10_bàn tay_1692751682.9270802_0_frames_40.pkl,2,Bàn tay,Bàn tay,"[""Bàn tay""]",signer_021,02_Nguyễn Gia Bảo_10_bàn tay_1692751682.9270802_0,02_Nguyễn Gia Bảo_10_bàn tay_1692751682.9270802_0,False,1773338,train
cosign_02_00367,cosign_02_00367,Bàn tay/Nguyễn Thị Huyền_35_bàn tay_1692860315.4062853_0_cut.avi,pose_format/Bàn tay/Nguyễn Thị Huyền_35_bàn tay_1692860315.4062853_0_cut.pkl,2,Bàn tay,Bàn tay,"[""Bàn tay""]",signer_022,02_Nguyễn Thị Huyền_35_bàn tay_1692860315.4062853_0,,True,1807566,train
cosign_02_00368,cosign_02_00368,Bàn tay/Nguyễn Thị Huyền_35_bàn tay_1692860315.4062853_0_frames_35.avi,pose_format/Bàn tay/Nguyễn Thị Huyền_35_bàn tay_1692860315.4062853_0_frames_35.pkl,2,Bàn tay,Bàn tay,"[""Bàn tay""]",signer_022,02_Nguyễn Thị Huyền_35_bàn tay_1692860315.4062853_0,02_Nguyễn Thị Huyền_35_bàn tay_1692860315.4062853_0,False,2107738,train
cosign_02_00369,cosign_02_00369,Bàn tay/Nguyễn Thị Huyền_35_bàn tay_1692860315.4062853_0_frames_40.avi,pose_format/Bàn tay/Nguyễn Thị Huyền_35_bàn tay_1692860315.4062853_0_frames_40.pkl,2,Bàn tay,Bàn tay,"[""Bàn tay""]",signer_022,02_Nguyễn Thị Huyền_35_bàn tay_1692860315.4062853_0,02_Nguyễn Thị Huyền_35_bàn tay_1692860315.4062853_0,False,2107738,train
cosign_02_00370,cosign_02_00370,Bàn tay/Nguyễn Thị Hồng_32_Bàn tay_1692937066.1975033_0_cut.avi,pose_format/Bàn tay/Nguyễn Thị Hồng_32_Bàn tay_1692937066.1975033_0_cut.pkl,2,Bàn tay,Bàn tay,"[""Bàn tay""]",signer_023,02_Nguyễn Thị Hồng_32_Bàn tay_1692937066.1975033_0,,True,790256,train
cosign_02_00371,cosign_02_00371,Bàn tay/Nguyễn Thị Hồng_32_Bàn tay_1692937066.1975033_0_frames_35.avi,pose_format/Bàn tay/Nguyễn Thị Hồng_32_Bàn tay_1692937066.1975033_0_frames_35.pkl,2,Bàn tay,Bàn tay,"[""Bàn tay""]",signer_023,02_Nguyễn Thị Hồng_32_Bàn tay_1692937066.1975033_0,02_Nguyễn Thị Hồng_32_Bàn tay_1692937066.1975033_0,False,1040188,train
cosign_02_00372,cosign_02_00372,Bàn tay/Nguyễn Thị Hồng_32_Bàn tay_1692937066.1975033_0_frames_40.avi,pose_format/Bàn tay/Nguyễn Thị Hồng_32_Bàn tay_1692937066.1975033_0_frames_40.pkl,2,Bàn tay,Bàn tay,"[""Bàn tay""]",signer_023,02_Nguyễn Thị Hồng_32_Bàn tay_1692937066.1975033_0,02_Nguyễn Thị Hồng_32_Bàn tay_1692937066.1975033_0,False,1040188,train
cosign_02_00373,cosign_02_00373,Bàn tay/Nguyễn Thị Mai Anh_39_bàn tay_1693022767.0665627_0_cut.avi,pose_format/Bàn tay/Nguyễn Thị Mai Anh_39_bàn tay_1693022767.0665627_0_cut.pkl,2,Bàn tay,Bàn tay,"[""Bàn tay""]",signer_024,02_Nguyễn Thị Mai Anh_39_bàn tay_1693022767.0665627_0,,True,882310,train
cosign_02_00374,cosign_02_00374,Bàn tay/Nguyễn Thị Mai Anh_39_bàn tay_1693022767.0665627_0_frames_35.avi,pose_format/Bàn tay/Nguyễn Thị Mai Anh_39_bàn tay_1693022767.0665627_0_frames_35.pkl,2,Bàn tay,Bàn tay,"[""Bàn tay""]",signer_024,02_Nguyễn Thị Mai Anh_39_bàn tay_1693022767.0665627_0,02_Nguyễn Thị Mai Anh_39_bàn tay_1693022767.0665627_0,False,1071594,train
cosign_02_00375,cosign_02_00375,Bàn tay/Nguyễn Thị Mai Anh_39_bàn tay_1693022767.0665627_0_frames_40.avi,pose_format/Bàn tay/Nguyễn Thị Mai Anh_39_bàn tay_1693022767.0665627_0_frames_40.pkl,2,Bàn tay,Bàn tay,"[""Bàn tay""]",signer_024,02_Nguyễn Thị Mai Anh_39_bàn tay_1693022767.0665627_0,02_Nguyễn Thị Mai Anh_39_bàn tay_1693022767.0665627_0,False,1071594,train
cosign_02_00376,cosign_02_00376,Bàn tay/Nguyễn Thị Thu Trang_38_Bàn tay_1692782727.3898056_0_cut.avi,pose_format/Bàn tay/Nguyễn Thị Thu Trang_38_Bàn tay_1692782727.3898056_0_cut.pkl,2,Bàn tay,Bàn tay,"[""Bàn tay""]",signer_025,02_Nguyễn Thị Thu Trang_38_Bàn tay_1692782727.3898056_0,,True,1135046,train
cosign_02_00377,cosign_02_00377,Bàn tay/Nguyễn Thị Thu Trang_38_Bàn tay_1692782727.3898056_0_frames_35.avi,pose_format/Bàn tay/Nguyễn Thị Thu Trang_38_Bàn tay_1692782727.3898056_0_frames_35.pkl,2,Bàn tay,Bàn tay,"[""Bàn tay""]",signer_025,02_Nguyễn Thị Thu Trang_38_Bàn tay_1692782727.3898056_0,02_Nguyễn Thị Thu Trang_38_Bàn tay_1692782727.3898056_0,False,1361864,train
cosign_02_00378,cosign_02_00378,Bàn tay/Nguyễn Thị Thu Trang_38_Bàn tay_1692782727.3898056_0_frames_40.avi,pose_format/Bàn tay/Nguyễn Thị Thu Trang_38_Bàn tay_1692782727.3898056_0_frames_40.pkl,2,Bàn tay,Bàn tay,"[""Bàn tay""]",signer_025,02_Nguyễn Thị Thu Trang_38_Bàn tay_1692782727.3898056_0,02_Nguyễn Thị Thu Trang_38_Bàn tay_1692782727.3898056_0,False,1361864,train
cosign_02_00379,cosign_02_00379,Bàn tay/Phạm Thị Mai Hương_32_Bàn tay_1692610779.5616345_0_cut.avi,pose_format/Bàn tay/Phạm Thị Mai Hương_32_Bàn tay_1692610779.5616345_0_cut.pkl,2,Bàn tay,Bàn tay,"[""Bàn tay""]",signer_066,02_Phạm Thị Mai Hương_32_Bàn tay_1692610779.5616345_0,,True,1139658,train
cosign_02_00380,cosign_02_00380,Bàn tay/Phạm Thị Mai Hương_32_Bàn tay_1692610779.5616345_0_frames_35.avi,pose_format/Bàn tay/Phạm Thị Mai Hương_32_Bàn tay_1692610779.5616345_0_frames_35.pkl,2,Bàn tay,Bàn tay,"[""Bàn tay""]",signer_066,02_Phạm Thị Mai Hương_32_Bàn tay_1692610779.5616345_0,02_Phạm Thị Mai Hương_32_Bàn tay_1692610779.5616345_0,False,1467592,train
cosign_02_00381,cosign_02_00381,Bàn tay/Phạm Thị Mai Hương_32_Bàn tay_1692610779.5616345_0_frames_40.avi,pose_format/Bàn tay/Phạm Thị Mai Hương_32_Bàn tay_1692610779.5616345_0_frames_40.pkl,2,Bàn tay,Bàn tay,"[""Bàn tay""]",signer_066,02_Phạm Thị Mai Hương_32_Bàn tay_1692610779.5616345_0,02_Phạm Thị Mai Hương_32_Bàn tay_1692610779.5616345_0,False,1467592,train
cosign_02_00382,cosign_02_00382,Bàn tay/Trần Thị Vân Anh_39_bàn_tay_1692932946.804746_0_cut.avi,pose_format/Bàn tay/Trần Thị Vân Anh_39_bàn_tay_1692932946.804746_0_cut.pkl,2,Bàn tay,Bàn tay,"[""Bàn tay""]",signer_026,02_Trần Thị Vân Anh_39_bàn_tay_1692932946.804746_0,,True,1095028,train
cosign_02_00383,cosign_02_00383,Bàn tay/Trần Thị Vân Anh_39_bàn_tay_1692932946.804746_0_frames_35.avi,pose_format/Bàn tay/Trần Thị Vân Anh_39_bàn_tay_1692932946.804746_0_frames_35.pkl,2,Bàn tay,Bàn tay,"[""Bàn tay""]",signer_026,02_Trần Thị Vân Anh_39_bàn_tay_1692932946.804746_0,02_Trần Thị Vân Anh_39_bàn_tay_1692932946.804746_0,False,1306032,train
cosign_02_00384,cosign_02_00384,Bàn tay/Trần Thị Vân Anh_39_bàn_tay_1692932946.804746_0_frames_40.avi,pose_format/Bàn tay/Trần Thị Vân Anh_39_bàn_tay_1692932946.804746_0_frames_40.pkl,2,Bàn tay,Bàn tay,"[""Bàn tay""]",signer_026,02_Trần Thị Vân Anh_39_bàn_tay_1692932946.804746_0,02_Trần Thị Vân Anh_39_bàn_tay_1692932946.804746_0,False,1306032,train
cosign_02_00385,cosign_02_00385,Bàn tay/Trần Xuân Ngọc_41_bàn tay_1692780252.1102707_0_frames_35.avi,pose_format/Bàn tay/Trần Xuân Ngọc_41_bàn tay_1692780252.1102707_0_frames_35.pkl,2,Bàn tay,Bàn tay,"[""Bàn tay""]",signer_027,02_Trần Xuân Ngọc_41_bàn tay_1692780252.1102707_0,,True,1044156,train
cosign_02_00386,cosign_02_00386,Bàn tay/Trần Xuân Ngọc_41_bàn tay_1692780252.1102707_0_frames_40.avi,pose_format/Bàn tay/Trần Xuân Ngọc_41_bàn tay_1692780252.1102707_0_frames_40.pkl,2,Bàn tay,Bàn tay,"[""Bàn tay""]",signer_027,02_Trần Xuân Ngọc_41_bàn tay_1692780252.1102707_0,02_Trần Xuân Ngọc_41_bàn tay_1692780252.1102707_0,False,1044156,train
cosign_02_00387,cosign_02_00387,Bàn tay/Vũ Thị Thu Phương_37_bàn tay_1692862159.9951444_0_cut.avi,pose_format/Bàn tay/Vũ Thị Thu Phương_37_bàn tay_1692862159.9951444_0_cut.pkl,2,Bàn tay,Bàn tay,"[""Bàn tay""]",signer_028,02_Vũ Thị Thu Phương_37_bàn tay_1692862159.9951444_0,,True,907938,train
cosign_02_00388,cosign_02_00388,Bàn tay/Vũ Thị Thu Phương_37_bàn tay_1692862159.9951444_0_frames_35.avi,pose_format/Bàn tay/Vũ Thị Thu Phương_37_bàn tay_1692862159.9951444_0_frames_35.pkl,2,Bàn tay,Bàn tay,"[""Bàn tay""]",signer_028,02_Vũ Thị Thu Phương_37_bàn tay_1692862159.9951444_0,02_Vũ Thị Thu Phương_37_bàn tay_1692862159.9951444_0,False,1119842,train
cosign_02_00389,cosign_02_00389,Bàn tay/Vũ Thị Thu Phương_37_bàn tay_1692862159.9951444_0_frames_40.avi,pose_format/Bàn tay/Vũ Thị Thu Phương_37_bàn tay_1692862159.9951444_0_frames_40.pkl,2,Bàn tay,Bàn tay,"[""Bàn tay""]",signer_028,02_Vũ Thị Thu Phương_37_bàn tay_1692862159.9951444_0,02_Vũ Thị Thu Phương_37_bàn tay_1692862159.9951444_0,False,1119842,train
cosign_02_00390,cosign_02_00390,Bàn tay/Đoàn Thị Thu Thủy_40_bàn tay_1692935057.3837237_0_cut.avi,pose_format/Bàn tay/Đoàn Thị Thu Thủy_40_bàn tay_1692935057.3837237_0_cut.pkl,2,Bàn tay,Bàn tay,"[""Bàn tay""]",signer_029,02_Đoàn Thị Thu Thủy_40_bàn tay_1692935057.3837237_0,,True,861674,train
cosign_02_00391,cosign_02_00391,Bàn tay/Đoàn Thị Thu Thủy_40_bàn tay_1692935057.3837237_0_frames_35.avi,pose_format/Bàn tay/Đoàn Thị Thu Thủy_40_bàn tay_1692935057.3837237_0_frames_35.pkl,2,Bàn tay,Bàn tay,"[""Bàn tay""]",signer_029,02_Đoàn Thị Thu Thủy_40_bàn tay_1692935057.3837237_0,02_Đoàn Thị Thu Thủy_40_bàn tay_1692935057.3837237_0,False,1028606,train
cosign_02_00392,cosign_02_00392,Bàn tay/Đoàn Thị Thu Thủy_40_bàn tay_1692935057.3837237_0_frames_40.avi,pose_format/Bàn tay/Đoàn Thị Thu Thủy_40_bàn tay_1692935057.3837237_0_frames_40.pkl,2,Bàn tay,Bàn tay,"[""Bàn tay""]",signer_029,02_Đoàn Thị Thu Thủy_40_bàn tay_1692935057.3837237_0,02_Đoàn Thị Thu Thủy_40_bàn tay_1692935057.3837237_0,False,1028606,train
cosign_02_00393,cosign_02_00393,Bàn tay/Đặng Thị Kiên_37_bàn tay_1693016117.9984486_0_cut.avi,pose_format/Bàn tay/Đặng Thị Kiên_37_bàn tay_1693016117.9984486_0_cut.pkl,2,Bàn tay,Bàn tay,"[""Bàn tay""]",signer_030,02_Đặng Thị Kiên_37_bàn tay_1693016117.9984486_0,,True,1368496,train
cosign_02_00394,cosign_02_00394,Bàn tay/Đặng Thị Kiên_37_bàn tay_1693016117.9984486_0_frames_35.avi,pose_format/Bàn tay/Đặng Thị Kiên_37_bàn tay_1693016117.9984486_0_frames_35.pkl,2,Bàn tay,Bàn tay,"[""Bàn tay""]",signer_030,02_Đặng Thị Kiên_37_bàn tay_1693016117.9984486_0,02_Đặng Thị Kiên_37_bàn tay_1693016117.9984486_0,False,1676922,train
cosign_02_00395,cosign_02_00395,Bàn tay/Đặng Thị Kiên_37_bàn tay_1693016117.9984486_0_frames_40.avi,pose_format/Bàn tay/Đặng Thị Kiên_37_bàn tay_1693016117.9984486_0_frames_40.pkl,2,Bàn tay,Bàn tay,"[""Bàn tay""]",signer_030,02_Đặng Thị Kiên_37_bàn tay_1693016117.9984486_0,02_Đặng Thị Kiên_37_bàn tay_1693016117.9984486_0,False,1676922,train
cosign_02_00396,cosign_02_00396,Bàn tay/Đỗ Thị Vấn_41_bàn tay_1692777431.7503433_0_cut.avi,pose_format/Bàn tay/Đỗ Thị Vấn_41_bàn tay_1692777431.7503433_0_cut.pkl,2,Bàn tay,Bàn tay,"[""Bàn tay""]",signer_031,02_Đỗ Thị Vấn_41_bàn tay_1692777431.7503433_0,,True,1392790,train
cosign_02_00397,cosign_02_00397,Bàn tay/Đỗ Thị Vấn_41_bàn tay_1692777431.7503433_0_frames_35.avi,pose_format/Bàn tay/Đỗ Thị Vấn_41_bàn tay_1692777431.7503433_0_frames_35.pkl,2,Bàn tay,Bàn tay,"[""Bàn tay""]",signer_031,02_Đỗ Thị Vấn_41_bàn tay_1692777431.7503433_0,02_Đỗ Thị Vấn_41_bàn tay_1692777431.7503433_0,False,1840086,train
cosign_02_00398,cosign_02_00398,Bàn tay/Đỗ Thị Vấn_41_bàn tay_1692777431.7503433_0_frames_40.avi,pose_format/Bàn tay/Đỗ Thị Vấn_41_bàn tay_1692777431.7503433_0_frames_40.pkl,2,Bàn tay,Bàn tay,"[""Bàn tay""]",signer_031,02_Đỗ Thị Vấn_41_bàn tay_1692777431.7503433_0,02_Đỗ Thị Vấn_41_bàn tay_1692777431.7503433_0,False,1840086,train
cosign_03_00399,cosign_03_00399,Bạn thân/BẠN_THÂN_BÙI_MAI_CHI_ (1).mp4,pose_format/Bạn thân/BẠN_THÂN_BÙI_MAI_CHI_ (1).pkl,3,Bạn thân,Bạn thân,"[""Bạn thân""]",signer_067,03_BẠN_THÂN_BÙI_MAI_CHI_ (1),,True,6372570,train
cosign_03_00400,cosign_03_00400,Bạn thân/BẠN_THÂN_BÙI_MAI_CHI_ (2).mp4,pose_format/Bạn thân/BẠN_THÂN_BÙI_MAI_CHI_ (2).pkl,3,Bạn thân,Bạn thân,"[""Bạn thân""]",signer_067,03_BẠN_THÂN_BÙI_MAI_CHI_ (2),,True,7274185,train
cosign_03_00401,cosign_03_00401,Bạn thân/BẠN_THÂN_BÙI_MAI_CHI_ (3).mp4,pose_format/Bạn thân/BẠN_THÂN_BÙI_MAI_CHI_ (3).pkl,3,Bạn thân,Bạn thân,"[""Bạn thân""]",signer_067,03_BẠN_THÂN_BÙI_MAI_CHI_ (3),,True,7881458,train
cosign_03_00402,cosign_03_00402,Bạn thân/BẠN_THÂN_BÙI_MAI_CHI_ (4).mp4,pose_format/Bạn thân/BẠN_THÂN_BÙI_MAI_CHI_ (4).pkl,3,Bạn thân,Bạn thân,"[""Bạn thân""]",signer_067,03_BẠN_THÂN_BÙI_MAI_CHI_ (4),,True,7812889,train
cosign_03_00403,cosign_03_00403,Bạn thân/BẠN_THÂN_BÙI_MAI_CHI_ (5).mp4,pose_format/Bạn thân/BẠN_THÂN_BÙI_MAI_CHI_ (5).pkl,3,Bạn thân,Bạn thân,"[""Bạn thân""]",signer_067,03_BẠN_THÂN_BÙI_MAI_CHI_ (5),,True,7392936,train
cosign_03_00404,cosign_03_00404,Bạn thân/BẠN_THÂN_BÙI_MẬU_VĂN_ (1).mp4,pose_format/Bạn thân/BẠN_THÂN_BÙI_MẬU_VĂN_ (1).pkl,3,Bạn thân,Bạn thân,"[""Bạn thân""]",signer_068,03_BẠN_THÂN_BÙI_MẬU_VĂN_ (1),,True,6566837,train
cosign_03_00405,cosign_03_00405,Bạn thân/BẠN_THÂN_BÙI_MẬU_VĂN_ (2).mp4,pose_format/Bạn thân/BẠN_THÂN_BÙI_MẬU_VĂN_ (2).pkl,3,Bạn thân,Bạn thân,"[""Bạn thân""]",signer_068,03_BẠN_THÂN_BÙI_MẬU_VĂN_ (2),,True,6577799,train
cosign_03_00406,cosign_03_00406,Bạn thân/BẠN_THÂN_BÙI_MẬU_VĂN_ (3).mp4,pose_format/Bạn thân/BẠN_THÂN_BÙI_MẬU_VĂN_ (3).pkl,3,Bạn thân,Bạn thân,"[""Bạn thân""]",signer_068,03_BẠN_THÂN_BÙI_MẬU_VĂN_ (3),,True,6411678,train
cosign_03_00407,cosign_03_00407,Bạn thân/BẠN_THÂN_BÙI_MẬU_VĂN_ (4).mp4,pose_format/Bạn thân/BẠN_THÂN_BÙI_MẬU_VĂN_ (4).pkl,3,Bạn thân,Bạn thân,"[""Bạn thân""]",signer_068,03_BẠN_THÂN_BÙI_MẬU_VĂN_ (4),,True,5939707,train
cosign_03_00408,cosign_03_00408,Bạn thân/BẠN_THÂN_BÙI_MẬU_VĂN_ (5).mp4,pose_format/Bạn thân/BẠN_THÂN_BÙI_MẬU_VĂN_ (5).pkl,3,Bạn thân,Bạn thân,"[""Bạn thân""]",signer_068,03_BẠN_THÂN_BÙI_MẬU_VĂN_ (5),,True,6892742,train
cosign_03_00409,cosign_03_00409,Bạn thân/BẠN_THÂN_LẠI_QUANG_VINH_(1).mp4,pose_format/Bạn thân/BẠN_THÂN_LẠI_QUANG_VINH_(1).pkl,3,Bạn thân,Bạn thân,"[""Bạn thân""]",signer_069,03_BẠN_THÂN_LẠI_QUANG_VINH_(1),,True,2649175,train
cosign_03_00410,cosign_03_00410,Bạn thân/BẠN_THÂN_LẠI_QUANG_VINH_(2).mp4,pose_format/Bạn thân/BẠN_THÂN_LẠI_QUANG_VINH_(2).pkl,3,Bạn thân,Bạn thân,"[""Bạn thân""]",signer_069,03_BẠN_THÂN_LẠI_QUANG_VINH_(2),,True,3112124,train
cosign_03_00411,cosign_03_00411,Bạn thân/BẠN_THÂN_LẠI_QUANG_VINH_(3).mp4,pose_format/Bạn thân/BẠN_THÂN_LẠI_QUANG_VINH_(3).pkl,3,Bạn thân,Bạn thân,"[""Bạn thân""]",signer_069,03_BẠN_THÂN_LẠI_QUANG_VINH_(3),,True,3534190,train
cosign_03_00412,cosign_03_00412,Bạn thân/BẠN_THÂN_LẠI_QUANG_VINH_(4).mp4,pose_format/Bạn thân/BẠN_THÂN_LẠI_QUANG_VINH_(4).pkl,3,Bạn thân,Bạn thân,"[""Bạn thân""]",signer_069,03_BẠN_THÂN_LẠI_QUANG_VINH_(4),,True,3177400,train
cosign_03_00413,cosign_03_00413,Bạn thân/BẠN_THÂN_LẠI_QUANG_VINH_(5).mp4,pose_format/Bạn thân/BẠN_THÂN_LẠI_QUANG_VINH_(5).pkl,3,Bạn thân,Bạn thân,"[""Bạn thân""]",signer_069,03_BẠN_THÂN_LẠI_QUANG_VINH_(5),,True,3198134,train
cosign_03_00414,cosign_03_00414,Bạn thân/BẠN_THÂN_MAI_HOÀNG_XUÂN_ (1).mp4,pose_format/Bạn thân/BẠN_THÂN_MAI_HOÀNG_XUÂN_ (1).pkl,3,Bạn thân,Bạn thân,"[""Bạn thân""]",signer_070,03_BẠN_THÂN_MAI_HOÀNG_XUÂN_ (1),,True,5821532,train
cosign_03_00415,cosign_03_00415,Bạn thân/BẠN_THÂN_MAI_HOÀNG_XUÂN_ (2).mp4,pose_format/Bạn thân/BẠN_THÂN_MAI_HOÀNG_XUÂN_ (2).pkl,3,Bạn thân,Bạn thân,"[""Bạn thân""]",signer_070,03_BẠN_THÂN_MAI_HOÀNG_XUÂN_ (2),,True,6327750,train
cosign_03_00416,cosign_03_00416,Bạn thân/BẠN_THÂN_MAI_HOÀNG_XUÂN_ (3).mp4,pose_format/Bạn thân/BẠN_THÂN_MAI_HOÀNG_XUÂN_ (3).pkl,3,Bạn thân,Bạn thân,"[""Bạn thân""]",signer_070,03_BẠN_THÂN_MAI_HOÀNG_XUÂN_ (3),,True,6380627,train
cosign_03_00417,cosign_03_00417,Bạn thân/BẠN_THÂN_MAI_HOÀNG_XUÂN_ (4).mp4,pose_format/Bạn thân/BẠN_THÂN_MAI_HOÀNG_XUÂN_ (4).pkl,3,Bạn thân,Bạn thân,"[""Bạn thân""]",signer_070,03_BẠN_THÂN_MAI_HOÀNG_XUÂN_ (4),,True,6288860,train
cosign_03_00418,cosign_03_00418,Bạn thân/BẠN_THÂN_MAI_HOÀNG_XUÂN_ (5).mp4,pose_format/Bạn thân/BẠN_THÂN_MAI_HOÀNG_XUÂN_ (5).pkl,3,Bạn thân,Bạn thân,"[""Bạn thân""]",signer_070,03_BẠN_THÂN_MAI_HOÀNG_XUÂN_ (5),,True,5592536,train
cosign_03_00419,cosign_03_00419,Bạn thân/BẠN_THÂN_NGUYỄN_PHƯƠNG_ANH_ (1).mp4,pose_format/Bạn thân/BẠN_THÂN_NGUYỄN_PHƯƠNG_ANH_ (1).pkl,3,Bạn thân,Bạn thân,"[""Bạn thân""]",signer_071,03_BẠN_THÂN_NGUYỄN_PHƯƠNG_ANH_ (1),,True,6105676,train
cosign_03_00420,cosign_03_00420,Bạn thân/BẠN_THÂN_NGUYỄN_PHƯƠNG_ANH_ (2).mp4,pose_format/Bạn thân/BẠN_THÂN_NGUYỄN_PHƯƠNG_ANH_ (2).pkl,3,Bạn thân,Bạn thân,"[""Bạn thân""]",signer_071,03_BẠN_THÂN_NGUYỄN_PHƯƠNG_ANH_ (2),,True,6422832,train
cosign_03_00421,cosign_03_00421,Bạn thân/BẠN_THÂN_NGUYỄN_PHƯƠNG_ANH_ (3).mp4,pose_format/Bạn thân/BẠN_THÂN_NGUYỄN_PHƯƠNG_ANH_ (3).pkl,3,Bạn thân,Bạn thân,"[""Bạn thân""]",signer_071,03_BẠN_THÂN_NGUYỄN_PHƯƠNG_ANH_ (3),,True,6609256,train
cosign_03_00422,cosign_03_00422,Bạn thân/BẠN_THÂN_NGUYỄN_PHƯƠNG_ANH_ (4).mp4,pose_format/Bạn thân/BẠN_THÂN_NGUYỄN_PHƯƠNG_ANH_ (4).pkl,3,Bạn thân,Bạn thân,"[""Bạn thân""]",signer_071,03_BẠN_THÂN_NGUYỄN_PHƯƠNG_ANH_ (4),,True,5597845,train
cosign_03_00423,cosign_03_00423,Bạn thân/BẠN_THÂN_NGUYỄN_PHƯƠNG_ANH_ (5).mp4,pose_format/Bạn thân/BẠN_THÂN_NGUYỄN_PHƯƠNG_ANH_ (5).pkl,3,Bạn thân,Bạn thân,"[""Bạn thân""]",signer_071,03_BẠN_THÂN_NGUYỄN_PHƯƠNG_ANH_ (5),,True,6225441,train
cosign_03_00424,cosign_03_00424,Bạn thân/BẠN_THÂN_NGUYỄN_QUÝ_DƯƠNG_1.mp4,pose_format/Bạn thân/BẠN_THÂN_NGUYỄN_QUÝ_DƯƠNG_1.pkl,3,Bạn thân,Bạn thân,"[""Bạn thân""]",signer_072,03_BẠN_THÂN_NGUYỄN_QUÝ_DƯƠNG_1,,True,6764445,train
cosign_03_00425,cosign_03_00425,Bạn thân/BẠN_THÂN_NGUYỄN_QUÝ_DƯƠNG_2.mp4,pose_format/Bạn thân/BẠN_THÂN_NGUYỄN_QUÝ_DƯƠNG_2.pkl,3,Bạn thân,Bạn thân,"[""Bạn thân""]",signer_072,03_BẠN_THÂN_NGUYỄN_QUÝ_DƯƠNG_2,,True,8750289,train
cosign_03_00426,cosign_03_00426,Bạn thân/BẠN_THÂN_NGUYỄN_QUÝ_DƯƠNG_3.mp4,pose_format/Bạn thân/BẠN_THÂN_NGUYỄN_QUÝ_DƯƠNG_3.pkl,3,Bạn thân,Bạn thân,"[""Bạn thân""]",signer_072,03_BẠN_THÂN_NGUYỄN_QUÝ_DƯƠNG_3,,True,6789671,train
cosign_03_00427,cosign_03_00427,Bạn thân/BẠN_THÂN_NGUYỄN_QUÝ_DƯƠNG_4.mp4,pose_format/Bạn thân/BẠN_THÂN_NGUYỄN_QUÝ_DƯƠNG_4.pkl,3,Bạn thân,Bạn thân,"[""Bạn thân""]",signer_072,03_BẠN_THÂN_NGUYỄN_QUÝ_DƯƠNG_4,,True,7910175,train
cosign_03_00428,cosign_03_00428,Bạn thân/BẠN_THÂN_NGUYỄN_QUÝ_DƯƠNG_5.mp4,pose_format/Bạn thân/BẠN_THÂN_NGUYỄN_QUÝ_DƯƠNG_5.pkl,3,Bạn thân,Bạn thân,"[""Bạn thân""]",signer_072,03_BẠN_THÂN_NGUYỄN_QUÝ_DƯƠNG_5,,True,8661193,train
cosign_03_00429,cosign_03_00429,Bạn thân/BẠN_THÂN_PHẠM_ĐÌNH_HẢI_(1).mp4,pose_format/Bạn thân/BẠN_THÂN_PHẠM_ĐÌNH_HẢI_(1).pkl,3,Bạn thân,Bạn thân,"[""Bạn thân""]",signer_073,03_BẠN_THÂN_PHẠM_ĐÌNH_HẢI_(1),,True,10269350,train
cosign_03_00430,cosign_03_00430,Bạn thân/BẠN_THÂN_PHẠM_ĐÌNH_HẢI_(2).mp4,pose_format/Bạn thân/BẠN_THÂN_PHẠM_ĐÌNH_HẢI_(2).pkl,3,Bạn thân,Bạn thân,"[""Bạn thân""]",signer_073,03_BẠN_THÂN_PHẠM_ĐÌNH_HẢI_(2),,True,10895180,train
cosign_03_00431,cosign_03_00431,Bạn thân/BẠN_THÂN_PHẠM_ĐÌNH_HẢI_(3).mp4,pose_format/Bạn thân/BẠN_THÂN_PHẠM_ĐÌNH_HẢI_(3).pkl,3,Bạn thân,Bạn thân,"[""Bạn thân""]",signer_073,03_BẠN_THÂN_PHẠM_ĐÌNH_HẢI_(3),,True,11732467,train
cosign_03_00432,cosign_03_00432,Bạn thân/BẠN_THÂN_PHẠM_ĐÌNH_HẢI_(4).mp4,pose_format/Bạn thân/BẠN_THÂN_PHẠM_ĐÌNH_HẢI_(4).pkl,3,Bạn thân,Bạn thân,"[""Bạn thân""]",signer_073,03_BẠN_THÂN_PHẠM_ĐÌNH_HẢI_(4),,True,11776560,train
cosign_03_00433,cosign_03_00433,Bạn thân/BẠN_THÂN_PHẠM_ĐÌNH_HẢI_(5).mp4,pose_format/Bạn thân/BẠN_THÂN_PHẠM_ĐÌNH_HẢI_(5).pkl,3,Bạn thân,Bạn thân,"[""Bạn thân""]",signer_073,03_BẠN_THÂN_PHẠM_ĐÌNH_HẢI_(5),,True,11222506,train
cosign_03_00434,cosign_03_00434,Bạn thân/BẠN_THÂN_TRƯƠNG_NGỌC_DIỄM_ (1).mp4,pose_format/Bạn thân/BẠN_THÂN_TRƯƠNG_NGỌC_DIỄM_ (1).pkl,3,Bạn thân,Bạn thân,"[""Bạn thân""]",signer_074,03_BẠN_THÂN_TRƯƠNG_NGỌC_DIỄM_ (1),,True,7151921,train
cosign_03_00435,cosign_03_00435,Bạn thân/BẠN_THÂN_TRƯƠNG_NGỌC_DIỄM_ (2).mp4,pose_format/Bạn thân/BẠN_THÂN_TRƯƠNG_NGỌC_DIỄM_ (2).pkl,3,Bạn thân,Bạn thân,"[""Bạn thân""]",signer_074,03_BẠN_THÂN_TRƯƠNG_NGỌC_DIỄM_ (2),,True,8522437,train
cosign_03_00436,cosign_03_00436,Bạn thân/BẠN_THÂN_TRƯƠNG_NGỌC_DIỄM_ (3).mp4,pose_format/Bạn thân/BẠN_THÂN_TRƯƠNG_NGỌC_DIỄM_ (3).pkl,3,Bạn thân,Bạn thân,"[""Bạn thân""]",signer_074,03_BẠN_THÂN_TRƯƠNG_NGỌC_DIỄM_ (3),,True,7599145,train
cosign_03_00437,cosign_03_00437,Bạn thân/BẠN_THÂN_TRƯƠNG_NGỌC_DIỄM_ (4).mp4,pose_format/Bạn thân/BẠN_THÂN_TRƯƠNG_NGỌC_DIỄM_ (4).pkl,3,Bạn thân,Bạn thân,"[""Bạn thân""]",signer_074,03_BẠN_THÂN_TRƯƠNG_NGỌC_DIỄM_ (4),,True,8133475,train
cosign_03_00438,cosign_03_00438,Bạn thân/BẠN_THÂN_TRƯƠNG_NGỌC_DIỄM_ (5).mp4,pose_format/Bạn thân/BẠN_THÂN_TRƯƠNG_NGỌC_DIỄM_ (5).pkl,3,Bạn thân,Bạn thân,"[""Bạn thân""]",signer_074,03_BẠN_THÂN_TRƯƠNG_NGỌC_DIỄM_ (5),,True,7456963,train
cosign_03_00439,cosign_03_00439,Bạn thân/BẠN_THÂN_TRẦN_TUẤN_MINH (1).mp4,pose_format/Bạn thân/BẠN_THÂN_TRẦN_TUẤN_MINH (1).pkl,3,Bạn thân,Bạn thân,"[""Bạn thân""]",signer_075,03_BẠN_THÂN_TRẦN_TUẤN_MINH (1),,True,6800422,train
cosign_03_00440,cosign_03_00440,Bạn thân/BẠN_THÂN_TRẦN_TUẤN_MINH (2).mp4,pose_format/Bạn thân/BẠN_THÂN_TRẦN_TUẤN_MINH (2).pkl,3,Bạn thân,Bạn thân,"[""Bạn thân""]",signer_075,03_BẠN_THÂN_TRẦN_TUẤN_MINH (2),,True,7425561,train
cosign_03_00441,cosign_03_00441,Bạn thân/BẠN_THÂN_TRẦN_TUẤN_MINH (3).mp4,pose_format/Bạn thân/BẠN_THÂN_TRẦN_TUẤN_MINH (3).pkl,3,Bạn thân,Bạn thân,"[""Bạn thân""]",signer_075,03_BẠN_THÂN_TRẦN_TUẤN_MINH (3),,True,7093675,train
cosign_03_00442,cosign_03_00442,Bạn thân/BẠN_THÂN_TRẦN_TUẤN_MINH (4).mp4,pose_format/Bạn thân/BẠN_THÂN_TRẦN_TUẤN_MINH (4).pkl,3,Bạn thân,Bạn thân,"[""Bạn thân""]",signer_075,03_BẠN_THÂN_TRẦN_TUẤN_MINH (4),,True,6727281,train
cosign_03_00443,cosign_03_00443,Bạn thân/BẠN_THÂN_TRẦN_TUẤN_MINH (5).mp4,pose_format/Bạn thân/BẠN_THÂN_TRẦN_TUẤN_MINH (5).pkl,3,Bạn thân,Bạn thân,"[""Bạn thân""]",signer_075,03_BẠN_THÂN_TRẦN_TUẤN_MINH (5),,True,6673249,train
cosign_03_00444,cosign_03_00444,Bạn thân/BẠN_THÂN_TRẦN_ĐỨC_QUÂN_1.mp4,pose_format/Bạn thân/BẠN_THÂN_TRẦN_ĐỨC_QUÂN_1.pkl,3,Bạn thân,Bạn thân,"[""Bạn thân""]",signer_076,03_BẠN_THÂN_TRẦN_ĐỨC_QUÂN_1,,True,6460999,train
cosign_03_00445,cosign_03_00445,Bạn thân/BẠN_THÂN_TRẦN_ĐỨC_QUÂN_2.mp4,pose_format/Bạn thân/BẠN_THÂN_TRẦN_ĐỨC_QUÂN_2.pkl,3,Bạn thân,Bạn thân,"[""Bạn thân""]",signer_076,03_BẠN_THÂN_TRẦN_ĐỨC_QUÂN_2,,True,8571279,train
cosign_03_00446,cosign_03_00446,Bạn thân/BẠN_THÂN_TRẦN_ĐỨC_QUÂN_3.mp4,pose_format/Bạn thân/BẠN_THÂN_TRẦN_ĐỨC_QUÂN_3.pkl,3,Bạn thân,Bạn thân,"[""Bạn thân""]",signer_076,03_BẠN_THÂN_TRẦN_ĐỨC_QUÂN_3,,True,9146918,train
cosign_03_00447,cosign_03_00447,Bạn thân/BẠN_THÂN_TRẦN_ĐỨC_QUÂN_4.mp4,pose_format/Bạn thân/BẠN_THÂN_TRẦN_ĐỨC_QUÂN_4.pkl,3,Bạn thân,Bạn thân,"[""Bạn thân""]",signer_076,03_BẠN_THÂN_TRẦN_ĐỨC_QUÂN_4,,True,8454010,train
cosign_03_00448,cosign_03_00448,Bạn thân/BẠN_THÂN_TRẦN_ĐỨC_QUÂN_5.mp4,pose_format/Bạn thân/BẠN_THÂN_TRẦN_ĐỨC_QUÂN_5.pkl,3,Bạn thân,Bạn thân,"[""Bạn thân""]",signer_076,03_BẠN_THÂN_TRẦN_ĐỨC_QUÂN_5,,True,8837141,train
cosign_03_00449,cosign_03_00449,Bạn thân/BẠN_THÂN_TẠ_THỊ_PHƯƠNG_LINH_ (1).mp4,pose_format/Bạn thân/BẠN_THÂN_TẠ_THỊ_PHƯƠNG_LINH_ (1).pkl,3,Bạn thân,Bạn thân,"[""Bạn thân""]",signer_077,03_BẠN_THÂN_TẠ_THỊ_PHƯƠNG_LINH_ (1),,True,4619300,train
cosign_03_00450,cosign_03_00450,Bạn thân/BẠN_THÂN_TẠ_THỊ_PHƯƠNG_LINH_ (2).mp4,pose_format/Bạn thân/BẠN_THÂN_TẠ_THỊ_PHƯƠNG_LINH_ (2).pkl,3,Bạn thân,Bạn thân,"[""Bạn thân""]",signer_077,03_BẠN_THÂN_TẠ_THỊ_PHƯƠNG_LINH_ (2),,True,4804243,train
cosign_03_00451,cosign_03_00451,Bạn thân/BẠN_THÂN_TẠ_THỊ_PHƯƠNG_LINH_ (3).mp4,pose_format/Bạn thân/BẠN_THÂN_TẠ_THỊ_PHƯƠNG_LINH_ (3).pkl,3,Bạn thân,Bạn thân,"[""Bạn thân""]",signer_077,03_BẠN_THÂN_TẠ_THỊ_PHƯƠNG_LINH_ (3),,True,4281819,train
cosign_03_00452,cosign_03_00452,Bạn thân/BẠN_THÂN_TẠ_THỊ_PHƯƠNG_LINH_ (4).mp4,pose_format/Bạn thân/BẠN_THÂN_TẠ_THỊ_PHƯƠNG_LINH_ (4).pkl,3,Bạn thân,Bạn thân,"[""Bạn thân""]",signer_077,03_BẠN_THÂN_TẠ_THỊ_PHƯƠNG_LINH_ (4),,True,4510838,train
cosign_03_00453,cosign_03_00453,Bạn thân/BẠN_THÂN_TẠ_THỊ_PHƯƠNG_LINH_ (5).mp4,pose_format/Bạn thân/BẠN_THÂN_TẠ_THỊ_PHƯƠNG_LINH_ (5).pkl,3,Bạn thân,Bạn thân,"[""Bạn thân""]",signer_077,03_BẠN_THÂN_TẠ_THỊ_PHƯƠNG_LINH_ (5),,True,4390362,train
cosign_03_00454,cosign_03_00454,Bạn thân/BẠN_THÂN_VŨ_HUY_DU_ (1).mp4,pose_format/Bạn thân/BẠN_THÂN_VŨ_HUY_DU_ (1).pkl,3,Bạn thân,Bạn thân,"[""Bạn thân""]",signer_078,03_BẠN_THÂN_VŨ_HUY_DU_ (1),,True,6917273,train
cosign_03_00455,cosign_03_00455,Bạn thân/BẠN_THÂN_VŨ_HUY_DU_ (2).mp4,pose_format/Bạn thân/BẠN_THÂN_VŨ_HUY_DU_ (2).pkl,3,Bạn thân,Bạn thân,"[""Bạn thân""]",signer_078,03_BẠN_THÂN_VŨ_HUY_DU_ (2),,True,7315120,train
cosign_03_00456,cosign_03_00456,Bạn thân/BẠN_THÂN_VŨ_HUY_DU_ (3).mp4,pose_format/Bạn thân/BẠN_THÂN_VŨ_HUY_DU_ (3).pkl,3,Bạn thân,Bạn thân,"[""Bạn thân""]",signer_078,03_BẠN_THÂN_VŨ_HUY_DU_ (3),,True,6538024,train
cosign_03_00457,cosign_03_00457,Bạn thân/BẠN_THÂN_VŨ_HUY_DU_ (4).mp4,pose_format/Bạn thân/BẠN_THÂN_VŨ_HUY_DU_ (4).pkl,3,Bạn thân,Bạn thân,"[""Bạn thân""]",signer_078,03_BẠN_THÂN_VŨ_HUY_DU_ (4),,True,6525631,train
cosign_03_00458,cosign_03_00458,Bạn thân/BẠN_THÂN_VŨ_HUY_DU_ (5).mp4,pose_format/Bạn thân/BẠN_THÂN_VŨ_HUY_DU_ (5).pkl,3,Bạn thân,Bạn thân,"[""Bạn thân""]",signer_078,03_BẠN_THÂN_VŨ_HUY_DU_ (5),,True,6281228,train
cosign_03_00459,cosign_03_00459,Bạn thân/BẠN_THÂN_VŨ_KẾT_ĐỒNG_1.mp4,pose_format/Bạn thân/BẠN_THÂN_VŨ_KẾT_ĐỒNG_1.pkl,3,Bạn thân,Bạn thân,"[""Bạn thân""]",signer_079,03_BẠN_THÂN_VŨ_KẾT_ĐỒNG_1,,True,4096194,train
cosign_03_00460,cosign_03_00460,Bạn thân/BẠN_THÂN_VŨ_KẾT_ĐỒNG_2.mp4,pose_format/Bạn thân/BẠN_THÂN_VŨ_KẾT_ĐỒNG_2.pkl,3,Bạn thân,Bạn thân,"[""Bạn thân""]",signer_079,03_BẠN_THÂN_VŨ_KẾT_ĐỒNG_2,,True,5248888,train
cosign_03_00461,cosign_03_00461,Bạn thân/BẠN_THÂN_VŨ_KẾT_ĐỒNG_3.mp4,pose_format/Bạn thân/BẠN_THÂN_VŨ_KẾT_ĐỒNG_3.pkl,3,Bạn thân,Bạn thân,"[""Bạn thân""]",signer_079,03_BẠN_THÂN_VŨ_KẾT_ĐỒNG_3,,True,4765554,train
cosign_03_00462,cosign_03_00462,Bạn thân/BẠN_THÂN_VŨ_KẾT_ĐỒNG_4.mp4,pose_format/Bạn thân/BẠN_THÂN_VŨ_KẾT_ĐỒNG_4.pkl,3,Bạn thân,Bạn thân,"[""Bạn thân""]",signer_079,03_BẠN_THÂN_VŨ_KẾT_ĐỒNG_4,,True,4776947,train
cosign_03_00463,cosign_03_00463,Bạn thân/BẠN_THÂN__NGUYỄN_HOÀNG_ĐIỆP_ (1).mp4,pose_format/Bạn thân/BẠN_THÂN__NGUYỄN_HOÀNG_ĐIỆP_ (1).pkl,3,Bạn thân,Bạn thân,"[""Bạn thân""]",signer_080,03_BẠN_THÂN__NGUYỄN_HOÀNG_ĐIỆP_ (1),,True,8548419,train
cosign_03_00464,cosign_03_00464,Bạn thân/BẠN_THÂN__NGUYỄN_HOÀNG_ĐIỆP_ (2).mp4,pose_format/Bạn thân/BẠN_THÂN__NGUYỄN_HOÀNG_ĐIỆP_ (2).pkl,3,Bạn thân,Bạn thân,"[""Bạn thân""]",signer_080,03_BẠN_THÂN__NGUYỄN_HOÀNG_ĐIỆP_ (2),,True,8014832,train
cosign_03_00465,cosign_03_00465,Bạn thân/BẠN_THÂN__NGUYỄN_HOÀNG_ĐIỆP_ (3).mp4,pose_format/Bạn thân/BẠN_THÂN__NGUYỄN_HOÀNG_ĐIỆP_ (3).pkl,3,Bạn thân,Bạn thân,"[""Bạn thân""]",signer_080,03_BẠN_THÂN__NGUYỄN_HOÀNG_ĐIỆP_ (3),,True,8432741,train
cosign_03_00466,cosign_03_00466,Bạn thân/BẠN_THÂN__NGUYỄN_HOÀNG_ĐIỆP_ (4).mp4,pose_format/Bạn thân/BẠN_THÂN__NGUYỄN_HOÀNG_ĐIỆP_ (4).pkl,3,Bạn thân,Bạn thân,"[""Bạn thân""]",signer_080,03_BẠN_THÂN__NGUYỄN_HOÀNG_ĐIỆP_ (4),,True,8298104,train
cosign_03_00467,cosign_03_00467,Bạn thân/BẠN_THÂN__NGUYỄN_HOÀNG_ĐIỆP_ (5).mp4,pose_format/Bạn thân/BẠN_THÂN__NGUYỄN_HOÀNG_ĐIỆP_ (5).pkl,3,Bạn thân,Bạn thân,"[""Bạn thân""]",signer_080,03_BẠN_THÂN__NGUYỄN_HOÀNG_ĐIỆP_ (5),,True,10292970,train
cosign_03_00468,cosign_03_00468,Bạn thân/BẠN_THÂN__NGUYỄN_THẠC_ANH_ (1).mp4,pose_format/Bạn thân/BẠN_THÂN__NGUYỄN_THẠC_ANH_ (1).pkl,3,Bạn thân,Bạn thân,"[""Bạn thân""]",signer_081,03_BẠN_THÂN__NGUYỄN_THẠC_ANH_ (1),,True,5781236,train
cosign_03_00469,cosign_03_00469,Bạn thân/BẠN_THÂN__NGUYỄN_THẠC_ANH_ (2).mp4,pose_format/Bạn thân/BẠN_THÂN__NGUYỄN_THẠC_ANH_ (2).pkl,3,Bạn thân,Bạn thân,"[""Bạn thân""]",signer_081,03_BẠN_THÂN__NGUYỄN_THẠC_ANH_ (2),,True,6577112,train
cosign_03_00470,cosign_03_00470,Bạn thân/BẠN_THÂN__NGUYỄN_THẠC_ANH_ (3).mp4,pose_format/Bạn thân/BẠN_THÂN__NGUYỄN_THẠC_ANH_ (3).pkl,3,Bạn thân,Bạn thân,"[""Bạn thân""]",signer_081,03_BẠN_THÂN__NGUYỄN_THẠC_ANH_ (3),,True,6799019,train
cosign_03_00471,cosign_03_00471,Bạn thân/BẠN_THÂN__NGUYỄN_THẠC_ANH_ (4).mp4,pose_format/Bạn thân/BẠN_THÂN__NGUYỄN_THẠC_ANH_ (4).pkl,3,Bạn thân,Bạn thân,"[""Bạn thân""]",signer_081,03_BẠN_THÂN__NGUYỄN_THẠC_ANH_ (4),,True,6734825,train
cosign_03_00472,cosign_03_00472,Bạn thân/BẠN_THÂN__NGUYỄN_THẠC_ANH_ (5).mp4,pose_format/Bạn thân/BẠN_THÂN__NGUYỄN_THẠC_ANH_ (5).pkl,3,Bạn thân,Bạn thân,"[""Bạn thân""]",signer_081,03_BẠN_THÂN__NGUYỄN_THẠC_ANH_ (5),,True,6556711,train
cosign_03_00473,cosign_03_00473,Bạn thân/Bạn thân _MVT.mp4,pose_format/Bạn thân/Bạn thân _MVT.pkl,3,Bạn thân,Bạn thân,"[""Bạn thân""]",signer_082,03_Bạn thân _MVT,,True,9406098,train
cosign_03_00474,cosign_03_00474,Bạn thân/Bạn thân _MVT (2).mp4,pose_format/Bạn thân/Bạn thân _MVT (2).pkl,3,Bạn thân,Bạn thân,"[""Bạn thân""]",signer_082,03_Bạn thân _MVT (2),,True,7979367,train
cosign_03_00475,cosign_03_00475,Bạn thân/Bạn thân _MVT (3).mp4,pose_format/Bạn thân/Bạn thân _MVT (3).pkl,3,Bạn thân,Bạn thân,"[""Bạn thân""]",signer_082,03_Bạn thân _MVT (3),,True,9079715,train
cosign_03_00476,cosign_03_00476,Bạn thân/Bạn thân _MVT (4).mp4,pose_format/Bạn thân/Bạn thân _MVT (4).pkl,3,Bạn thân,Bạn thân,"[""Bạn thân""]",signer_082,03_Bạn thân _MVT (4),,True,8951835,train
cosign_03_00477,cosign_03_00477,Bạn thân/Bạn thân _MVT (5).mp4,pose_format/Bạn thân/Bạn thân _MVT (5).pkl,3,Bạn thân,Bạn thân,"[""Bạn thân""]",signer_082,03_Bạn thân _MVT (5),,True,7648130,train
cosign_03_00478,cosign_03_00478,Bạn thân/Bạn thân_LQM.mp4,pose_format/Bạn thân/Bạn thân_LQM.pkl,3,Bạn thân,Bạn thân,"[""Bạn thân""]",signer_083,03_Bạn thân_LQM,,True,9986778,train
cosign_03_00479,cosign_03_00479,Bạn thân/Bạn thân_LQM (2).mp4,pose_format/Bạn thân/Bạn thân_LQM (2).pkl,3,Bạn thân,Bạn thân,"[""Bạn thân""]",signer_083,03_Bạn thân_LQM (2),,True,10037985,train
cosign_03_00480,cosign_03_00480,Bạn thân/Bạn thân_LQM (3).mp4,pose_format/Bạn thân/Bạn thân_LQM (3).pkl,3,Bạn thân,Bạn thân,"[""Bạn thân""]",signer_083,03_Bạn thân_LQM (3),,True,9943376,train
cosign_03_00481,cosign_03_00481,Bạn thân/Bạn thân_LQM (4).mp4,pose_format/Bạn thân/Bạn thân_LQM (4).pkl,3,Bạn thân,Bạn thân,"[""Bạn thân""]",signer_083,03_Bạn thân_LQM (4),,True,8701026,train
cosign_03_00482,cosign_03_00482,Bạn thân/Bạn thân_LQM (5).mp4,pose_format/Bạn thân/Bạn thân_LQM (5).pkl,3,Bạn thân,Bạn thân,"[""Bạn thân""]",signer_083,03_Bạn thân_LQM (5),,True,10035124,train
cosign_03_00483,cosign_03_00483,Bạn thân/DANG THI KIEN_37_BẠN THÂN_1693193971.6962264_0_cut.avi,pose_format/Bạn thân/DANG THI KIEN_37_BẠN THÂN_1693193971.6962264_0_cut.pkl,3,Bạn thân,Bạn thân,"[""Bạn thân""]",signer_084,03_DANG THI KIEN_37_BẠN THÂN_1693193971.6962264_0,,True,827648,train
cosign_03_00484,cosign_03_00484,Bạn thân/DANG THI KIEN_37_BẠN THÂN_1693193971.6962264_0_frames_35.avi,pose_format/Bạn thân/DANG THI KIEN_37_BẠN THÂN_1693193971.6962264_0_frames_35.pkl,3,Bạn thân,Bạn thân,"[""Bạn thân""]",signer_084,03_DANG THI KIEN_37_BẠN THÂN_1693193971.6962264_0,03_DANG THI KIEN_37_BẠN THÂN_1693193971.6962264_0,False,999598,train
cosign_03_00485,cosign_03_00485,Bạn thân/DANG THI KIEN_37_BẠN THÂN_1693193971.6962264_0_frames_40.avi,pose_format/Bạn thân/DANG THI KIEN_37_BẠN THÂN_1693193971.6962264_0_frames_40.pkl,3,Bạn thân,Bạn thân,"[""Bạn thân""]",signer_084,03_DANG THI KIEN_37_BẠN THÂN_1693193971.6962264_0,03_DANG THI KIEN_37_BẠN THÂN_1693193971.6962264_0,False,999598,train
cosign_03_00486,cosign_03_00486,Bạn thân/Lê Phương Thảo _12_Bạn Thân _1692756990.4592826_0_cut.avi,pose_format/Bạn thân/Lê Phương Thảo _12_Bạn Thân _1692756990.4592826_0_cut.pkl,3,Bạn thân,Bạn thân,"[""Bạn thân""]",signer_019,03_Lê Phương Thảo _12_Bạn Thân _1692756990.4592826_0,,True,716264,train
cosign_03_00487,cosign_03_00487,Bạn thân/Lê Phương Thảo _12_Bạn Thân _1692756990.4592826_0_frames_35.avi,pose_format/Bạn thân/Lê Phương Thảo _12_Bạn Thân _1692756990.4592826_0_frames_35.pkl,3,Bạn thân,Bạn thân,"[""Bạn thân""]",signer_019,03_Lê Phương Thảo _12_Bạn Thân _1692756990.4592826_0,03_Lê Phương Thảo _12_Bạn Thân _1692756990.4592826_0,False,903426,train
cosign_03_00488,cosign_03_00488,Bạn thân/Lê Phương Thảo _12_Bạn Thân _1692756990.4592826_0_frames_40.avi,pose_format/Bạn thân/Lê Phương Thảo _12_Bạn Thân _1692756990.4592826_0_frames_40.pkl,3,Bạn thân,Bạn thân,"[""Bạn thân""]",signer_019,03_Lê Phương Thảo _12_Bạn Thân _1692756990.4592826_0,03_Lê Phương Thảo _12_Bạn Thân _1692756990.4592826_0,False,903426,train
cosign_03_00489,cosign_03_00489,Bạn thân/Lê Thanh Như_12_Bạn thân _1692756795.9594212_0_cut.avi,pose_format/Bạn thân/Lê Thanh Như_12_Bạn thân _1692756795.9594212_0_cut.pkl,3,Bạn thân,Bạn thân,"[""Bạn thân""]",signer_020,03_Lê Thanh Như_12_Bạn thân _1692756795.9594212_0,,True,989716,train
cosign_03_00490,cosign_03_00490,Bạn thân/Lê Thanh Như_12_Bạn thân _1692756795.9594212_0_frames_35.avi,pose_format/Bạn thân/Lê Thanh Như_12_Bạn thân _1692756795.9594212_0_frames_35.pkl,3,Bạn thân,Bạn thân,"[""Bạn thân""]",signer_020,03_Lê Thanh Như_12_Bạn thân _1692756795.9594212_0,03_Lê Thanh Như_12_Bạn thân _1692756795.9594212_0,False,1193242,train
cosign_03_00491,cosign_03_00491,Bạn thân/Lê Thanh Như_12_Bạn thân _1692756795.9594212_0_frames_40.avi,pose_format/Bạn thân/Lê Thanh Như_12_Bạn thân _1692756795.9594212_0_frames_40.pkl,3,Bạn thân,Bạn thân,"[""Bạn thân""]",signer_020,03_Lê Thanh Như_12_Bạn thân _1692756795.9594212_0,03_Lê Thanh Như_12_Bạn thân _1692756795.9594212_0,False,1193242,train
cosign_03_00492,cosign_03_00492,Bạn thân/Nguyễn Gia Bảo_10_bạn thân_1692757493.798604_0_cut.avi,pose_format/Bạn thân/Nguyễn Gia Bảo_10_bạn thân_1692757493.798604_0_cut.pkl,3,Bạn thân,Bạn thân,"[""Bạn thân""]",signer_021,03_Nguyễn Gia Bảo_10_bạn thân_1692757493.798604_0,,True,1692444,train
cosign_03_00493,cosign_03_00493,Bạn thân/Nguyễn Gia Bảo_10_bạn thân_1692757493.798604_0_frames_35.avi,pose_format/Bạn thân/Nguyễn Gia Bảo_10_bạn thân_1692757493.798604_0_frames_35.pkl,3,Bạn thân,Bạn thân,"[""Bạn thân""]",signer_021,03_Nguyễn Gia Bảo_10_bạn thân_1692757493.798604_0,03_Nguyễn Gia Bảo_10_bạn thân_1692757493.798604_0,False,2165966,train
cosign_03_00494,cosign_03_00494,Bạn thân/Nguyễn Gia Bảo_10_bạn thân_1692757493.798604_0_frames_40.avi,pose_format/Bạn thân/Nguyễn Gia Bảo_10_bạn thân_1692757493.798604_0_frames_40.pkl,3,Bạn thân,Bạn thân,"[""Bạn thân""]",signer_021,03_Nguyễn Gia Bảo_10_bạn thân_1692757493.798604_0,03_Nguyễn Gia Bảo_10_bạn thân_1692757493.798604_0,False,2165966,train
cosign_03_00495,cosign_03_00495,Bạn thân/Nguyễn Thị Huyền_35_bạn  thân_1692866008.5053482_0_cut.avi,pose_format/Bạn thân/Nguyễn Thị Huyền_35_bạn  thân_1692866008.5053482_0_cut.pkl,3,Bạn thân,Bạn thân,"[""Bạn thân""]",signer_022,03_Nguyễn Thị Huyền_35_bạn  thân_1692866008.5053482_0,,True,1536074,train
cosign_03_00496,cosign_03_00496,Bạn thân/Nguyễn Thị Huyền_35_bạn  thân_1692866008.5053482_0_frames_35.avi,pose_format/Bạn thân/Nguyễn Thị Huyền_35_bạn  thân_1692866008.5053482_0_frames_35.pkl,3,Bạn thân,Bạn thân,"[""Bạn thân""]",signer_022,03_Nguyễn Thị Huyền_35_bạn  thân_1692866008.5053482_0,03_Nguyễn Thị Huyền_35_bạn  thân_1692866008.5053482_0,False,1986152,train
cosign_03_00497,cosign_03_00497,Bạn thân/Nguyễn Thị Huyền_35_bạn  thân_1692866008.5053482_0_frames_40.avi,pose_format/Bạn thân/Nguyễn Thị Huyền_35_bạn  thân_1692866008.5053482_0_frames_40.pkl,3,Bạn thân,Bạn thân,"[""Bạn thân""]",signer_022,03_Nguyễn Thị Huyền_35_bạn  thân_1692866008.5053482_0,03_Nguyễn Thị Huyền_35_bạn  thân_1692866008.5053482_0,False,1986152,train
cosign_03_00498,cosign_03_00498,Bạn thân/Nguyễn Thị Hồng_32_Bạn thân_1692949506.8117995_0_cut.avi,pose_format/Bạn thân/Nguyễn Thị Hồng_32_Bạn thân_1692949506.8117995_0_cut.pkl,3,Bạn thân,Bạn thân,"[""Bạn thân""]",signer_023,03_Nguyễn Thị Hồng_32_Bạn thân_1692949506.8117995_0,,True,847624,train
cosign_03_00499,cosign_03_00499,Bạn thân/Nguyễn Thị Hồng_32_Bạn thân_1692949506.8117995_0_frames_35.avi,pose_format/Bạn thân/Nguyễn Thị Hồng_32_Bạn thân_1692949506.8117995_0_frames_35.pkl,3,Bạn thân,Bạn thân,"[""Bạn thân""]",signer_023,03_Nguyễn Thị Hồng_32_Bạn thân_1692949506.8117995_0,03_Nguyễn Thị Hồng_32_Bạn thân_1692949506.8117995_0,False,983094,train
cosign_03_00500,cosign_03_00500,Bạn thân/Nguyễn Thị Hồng_32_Bạn thân_1692949506.8117995_0_frames_40.avi,pose_format/Bạn thân/Nguyễn Thị Hồng_32_Bạn thân_1692949506.8117995_0_frames_40.pkl,3,Bạn thân,Bạn thân,"[""Bạn thân""]",signer_023,03_Nguyễn Thị Hồng_32_Bạn thân_1692949506.8117995_0,03_Nguyễn Thị Hồng_32_Bạn thân_1692949506.8117995_0,False,983094,train
cosign_03_00501,cosign_03_00501,Bạn thân/Nguyễn Thị Mai Anh_39_bạn thân_1693193586.9298186_0_frames_35.avi,pose_format/Bạn thân/Nguyễn Thị Mai Anh_39_bạn thân_1693193586.9298186_0_frames_35.pkl,3,Bạn thân,Bạn thân,"[""Bạn thân""]",signer_024,03_Nguyễn Thị Mai Anh_39_bạn thân_1693193586.9298186_0,,True,928320,train
cosign_03_00502,cosign_03_00502,Bạn thân/Nguyễn Thị Mai Anh_39_bạn thân_1693193586.9298186_0_frames_40.avi,pose_format/Bạn thân/Nguyễn Thị Mai Anh_39_bạn thân_1693193586.9298186_0_frames_40.pkl,3,Bạn thân,Bạn thân,"[""Bạn thân""]",signer_024,03_Nguyễn Thị Mai Anh_39_bạn thân_1693193586.9298186_0,03_Nguyễn Thị Mai Anh_39_bạn thân_1693193586.9298186_0,False,928320,train
cosign_03_00503,cosign_03_00503,Bạn thân/Nguyễn Thị Thu Trang_38_Bạn thân_1692861487.5030954_0_cut.avi,pose_format/Bạn thân/Nguyễn Thị Thu Trang_38_Bạn thân_1692861487.5030954_0_cut.pkl,3,Bạn thân,Bạn thân,"[""Bạn thân""]",signer_025,03_Nguyễn Thị Thu Trang_38_Bạn thân_1692861487.5030954_0,,True,1242666,train
cosign_03_00504,cosign_03_00504,Bạn thân/Nguyễn Thị Thu Trang_38_Bạn thân_1692861487.5030954_0_frames_35.avi,pose_format/Bạn thân/Nguyễn Thị Thu Trang_38_Bạn thân_1692861487.5030954_0_frames_35.pkl,3,Bạn thân,Bạn thân,"[""Bạn thân""]",signer_025,03_Nguyễn Thị Thu Trang_38_Bạn thân_1692861487.5030954_0,03_Nguyễn Thị Thu Trang_38_Bạn thân_1692861487.5030954_0,False,1604120,train
cosign_03_00505,cosign_03_00505,Bạn thân/Nguyễn Thị Thu Trang_38_Bạn thân_1692861487.5030954_0_frames_40.avi,pose_format/Bạn thân/Nguyễn Thị Thu Trang_38_Bạn thân_1692861487.5030954_0_frames_40.pkl,3,Bạn thân,Bạn thân,"[""Bạn thân""]",signer_025,03_Nguyễn Thị Thu Trang_38_Bạn thân_1692861487.5030954_0,03_Nguyễn Thị Thu Trang_38_Bạn thân_1692861487.5030954_0,False,1604120,train
cosign_03_00506,cosign_03_00506,Bạn thân/Phạm Thị Mai Hương _32_Bạn thân_1692779446.6886814_0_cut.avi,pose_format/Bạn thân/Phạm Thị Mai Hương _32_Bạn thân_1692779446.6886814_0_cut.pkl,3,Bạn thân,Bạn thân,"[""Bạn thân""]",signer_066,03_Phạm Thị Mai Hương _32_Bạn thân_1692779446.6886814_0,,True,805188,train
cosign_03_00507,cosign_03_00507,Bạn thân/Phạm Thị Mai Hương _32_Bạn thân_1692779446.6886814_0_frames_35.avi,pose_format/Bạn thân/Phạm Thị Mai Hương _32_Bạn thân_1692779446.6886814_0_frames_35.pkl,3,Bạn thân,Bạn thân,"[""Bạn thân""]",signer_066,03_Phạm Thị Mai Hương _32_Bạn thân_1692779446.6886814_0,03_Phạm Thị Mai Hương _32_Bạn thân_1692779446.6886814_0,False,969300,train
cosign_03_00508,cosign_03_00508,Bạn thân/Phạm Thị Mai Hương _32_Bạn thân_1692779446.6886814_0_frames_40.avi,pose_format/Bạn thân/Phạm Thị Mai Hương _32_Bạn thân_1692779446.6886814_0_frames_40.pkl,3,Bạn thân,Bạn thân,"[""Bạn thân""]",signer_066,03_Phạm Thị Mai Hương _32_Bạn thân_1692779446.6886814_0,03_Phạm Thị Mai Hương _32_Bạn thân_1692779446.6886814_0,False,969300,train
cosign_03_00509,cosign_03_00509,Bạn thân/Trần Thị Vân Anh_39_bạn_thân_1692952016.8444073_0_cut.avi,pose_format/Bạn thân/Trần Thị Vân Anh_39_bạn_thân_1692952016.8444073_0_cut.pkl,3,Bạn thân,Bạn thân,"[""Bạn thân""]",signer_026,03_Trần Thị Vân Anh_39_bạn_thân_1692952016.8444073_0,,True,866634,train
cosign_03_00510,cosign_03_00510,Bạn thân/Trần Thị Vân Anh_39_bạn_thân_1692952016.8444073_0_frames_35.avi,pose_format/Bạn thân/Trần Thị Vân Anh_39_bạn_thân_1692952016.8444073_0_frames_35.pkl,3,Bạn thân,Bạn thân,"[""Bạn thân""]",signer_026,03_Trần Thị Vân Anh_39_bạn_thân_1692952016.8444073_0,03_Trần Thị Vân Anh_39_bạn_thân_1692952016.8444073_0,False,1035380,train
cosign_03_00511,cosign_03_00511,Bạn thân/Trần Thị Vân Anh_39_bạn_thân_1692952016.8444073_0_frames_40.avi,pose_format/Bạn thân/Trần Thị Vân Anh_39_bạn_thân_1692952016.8444073_0_frames_40.pkl,3,Bạn thân,Bạn thân,"[""Bạn thân""]",signer_026,03_Trần Thị Vân Anh_39_bạn_thân_1692952016.8444073_0,03_Trần Thị Vân Anh_39_bạn_thân_1692952016.8444073_0,False,1035380,train
cosign_03_00512,cosign_03_00512,Bạn thân/Trần Xuân Ngọc_41_bạn thân_1692927532.7719536_0_cut.avi,pose_format/Bạn thân/Trần Xuân Ngọc_41_bạn thân_1692927532.7719536_0_cut.pkl,3,Bạn thân,Bạn thân,"[""Bạn thân""]",signer_027,03_Trần Xuân Ngọc_41_bạn thân_1692927532.7719536_0,,True,1136958,train
cosign_03_00513,cosign_03_00513,Bạn thân/Trần Xuân Ngọc_41_bạn thân_1692927532.7719536_0_frames_35.avi,pose_format/Bạn thân/Trần Xuân Ngọc_41_bạn thân_1692927532.7719536_0_frames_35.pkl,3,Bạn thân,Bạn thân,"[""Bạn thân""]",signer_027,03_Trần Xuân Ngọc_41_bạn thân_1692927532.7719536_0,03_Trần Xuân Ngọc_41_bạn thân_1692927532.7719536_0,False,1501824,train
cosign_03_00514,cosign_03_00514,Bạn thân/Trần Xuân Ngọc_41_bạn thân_1692927532.7719536_0_frames_40.avi,pose_format/Bạn thân/Trần Xuân Ngọc_41_bạn thân_1692927532.7719536_0_frames_40.pkl,3,Bạn thân,Bạn thân,"[""Bạn thân""]",signer_027,03_Trần Xuân Ngọc_41_bạn thân_1692927532.7719536_0,03_Trần Xuân Ngọc_41_bạn thân_1692927532.7719536_0,False,1501824,train
cosign_03_00515,cosign_03_00515,Bạn thân/Vũ Thị Thu Phương_37_bạn thân_1692867425.1818159_0_cut.avi,pose_format/Bạn thân/Vũ Thị Thu Phương_37_bạn thân_1692867425.1818159_0_cut.pkl,3,Bạn thân,Bạn thân,"[""Bạn thân""]",signer_028,03_Vũ Thị Thu Phương_37_bạn thân_1692867425.1818159_0,,True,1029410,train
cosign_03_00516,cosign_03_00516,Bạn thân/Vũ Thị Thu Phương_37_bạn thân_1692867425.1818159_0_frames_35.avi,pose_format/Bạn thân/Vũ Thị Thu Phương_37_bạn thân_1692867425.1818159_0_frames_35.pkl,3,Bạn thân,Bạn thân,"[""Bạn thân""]",signer_028,03_Vũ Thị Thu Phương_37_bạn thân_1692867425.1818159_0,03_Vũ Thị Thu Phương_37_bạn thân_1692867425.1818159_0,False,1346590,train
cosign_03_00517,cosign_03_00517,Bạn thân/Vũ Thị Thu Phương_37_bạn thân_1692867425.1818159_0_frames_40.avi,pose_format/Bạn thân/Vũ Thị Thu Phương_37_bạn thân_1692867425.1818159_0_frames_40.pkl,3,Bạn thân,Bạn thân,"[""Bạn thân""]",signer_028,03_Vũ Thị Thu Phương_37_bạn thân_1692867425.1818159_0,03_Vũ Thị Thu Phương_37_bạn thân_1692867425.1818159_0,False,1346590,train
cosign_03_00518,cosign_03_00518,Bạn thân/Đoàn Thị Thu Thủy_40_bạn thân_1692955264.1556165_0_cut.avi,pose_format/Bạn thân/Đoàn Thị Thu Thủy_40_bạn thân_1692955264.1556165_0_cut.pkl,3,Bạn thân,Bạn thân,"[""Bạn thân""]",signer_029,03_Đoàn Thị Thu Thủy_40_bạn thân_1692955264.1556165_0,,True,1528678,train
cosign_03_00519,cosign_03_00519,Bạn thân/Đoàn Thị Thu Thủy_40_bạn thân_1692955264.1556165_0_frames_35.avi,pose_format/Bạn thân/Đoàn Thị Thu Thủy_40_bạn thân_1692955264.1556165_0_frames_35.pkl,3,Bạn thân,Bạn thân,"[""Bạn thân""]",signer_029,03_Đoàn Thị Thu Thủy_40_bạn thân_1692955264.1556165_0,03_Đoàn Thị Thu Thủy_40_bạn thân_1692955264.1556165_0,False,1866132,train
cosign_03_00520,cosign_03_00520,Bạn thân/Đoàn Thị Thu Thủy_40_bạn thân_1692955264.1556165_0_frames_40.avi,pose_format/Bạn thân/Đoàn Thị Thu Thủy_40_bạn thân_1692955264.1556165_0_frames_40.pkl,3,Bạn thân,Bạn thân,"[""Bạn thân""]",signer_029,03_Đoàn Thị Thu Thủy_40_bạn thân_1692955264.1556165_0,03_Đoàn Thị Thu Thủy_40_bạn thân_1692955264.1556165_0,False,1866132,train
cosign_03_00521,cosign_03_00521,Bạn thân/Đỗ Thị Vấn_41_bạn thân_1692780318.4094846_0_cut.avi,pose_format/Bạn thân/Đỗ Thị Vấn_41_bạn thân_1692780318.4094846_0_cut.pkl,3,Bạn thân,Bạn thân,"[""Bạn thân""]",signer_031,03_Đỗ Thị Vấn_41_bạn thân_1692780318.4094846_0,,True,1470510,train
cosign_03_00522,cosign_03_00522,Bạn thân/Đỗ Thị Vấn_41_bạn thân_1692780318.4094846_0_frames_35.avi,pose_format/Bạn thân/Đỗ Thị Vấn_41_bạn thân_1692780318.4094846_0_frames_35.pkl,3,Bạn thân,Bạn thân,"[""Bạn thân""]",signer_031,03_Đỗ Thị Vấn_41_bạn thân_1692780318.4094846_0,03_Đỗ Thị Vấn_41_bạn thân_1692780318.4094846_0,False,1728296,train
cosign_03_00523,cosign_03_00523,Bạn thân/Đỗ Thị Vấn_41_bạn thân_1692780318.4094846_0_frames_40.avi,pose_format/Bạn thân/Đỗ Thị Vấn_41_bạn thân_1692780318.4094846_0_frames_40.pkl,3,Bạn thân,Bạn thân,"[""Bạn thân""]",signer_031,03_Đỗ Thị Vấn_41_bạn thân_1692780318.4094846_0,03_Đỗ Thị Vấn_41_bạn thân_1692780318.4094846_0,False,1728296,train
cosign_04_00524,cosign_04_00524,Bệnh viện/BỆNH_VIỆN_BÙI_MAI_CHI_ (1).mp4,pose_format/Bệnh viện/BỆNH_VIỆN_BÙI_MAI_CHI_ (1).pkl,4,Bệnh viện,Bệnh viện,"[""Bệnh viện""]",signer_085,04_BỆNH_VIỆN_BÙI_MAI_CHI_ (1),,True,7565402,train
cosign_04_00525,cosign_04_00525,Bệnh viện/BỆNH_VIỆN_BÙI_MAI_CHI_ (2).mp4,pose_format/Bệnh viện/BỆNH_VIỆN_BÙI_MAI_CHI_ (2).pkl,4,Bệnh viện,Bệnh viện,"[""Bệnh viện""]",signer_085,04_BỆNH_VIỆN_BÙI_MAI_CHI_ (2),,True,8310443,train
cosign_04_00526,cosign_04_00526,Bệnh viện/BỆNH_VIỆN_BÙI_MAI_CHI_ (3).mp4,pose_format/Bệnh viện/BỆNH_VIỆN_BÙI_MAI_CHI_ (3).pkl,4,Bệnh viện,Bệnh viện,"[""Bệnh viện""]",signer_085,04_BỆNH_VIỆN_BÙI_MAI_CHI_ (3),,True,8203540,train
cosign_04_00527,cosign_04_00527,Bệnh viện/BỆNH_VIỆN_BÙI_MAI_CHI_ (4).mp4,pose_format/Bệnh viện/BỆNH_VIỆN_BÙI_MAI_CHI_ (4).pkl,4,Bệnh viện,Bệnh viện,"[""Bệnh viện""]",signer_085,04_BỆNH_VIỆN_BÙI_MAI_CHI_ (4),,True,8069462,train
cosign_04_00528,cosign_04_00528,Bệnh viện/BỆNH_VIỆN_BÙI_MAI_CHI_ (5).mp4,pose_format/Bệnh viện/BỆNH_VIỆN_BÙI_MAI_CHI_ (5).pkl,4,Bệnh viện,Bệnh viện,"[""Bệnh viện""]",signer_085,04_BỆNH_VIỆN_BÙI_MAI_CHI_ (5),,True,8052620,train
cosign_04_00529,cosign_04_00529,Bệnh viện/BỆNH_VIỆN_BÙI_MẬU_VĂN_ (1).mp4,pose_format/Bệnh viện/BỆNH_VIỆN_BÙI_MẬU_VĂN_ (1).pkl,4,Bệnh viện,Bệnh viện,"[""Bệnh viện""]",signer_086,04_BỆNH_VIỆN_BÙI_MẬU_VĂN_ (1),,True,6877792,train
cosign_04_00530,cosign_04_00530,Bệnh viện/BỆNH_VIỆN_BÙI_MẬU_VĂN_ (2).mp4,pose_format/Bệnh viện/BỆNH_VIỆN_BÙI_MẬU_VĂN_ (2).pkl,4,Bệnh viện,Bệnh viện,"[""Bệnh viện""]",signer_086,04_BỆNH_VIỆN_BÙI_MẬU_VĂN_ (2),,True,6949037,train
cosign_04_00531,cosign_04_00531,Bệnh viện/BỆNH_VIỆN_BÙI_MẬU_VĂN_ (3).mp4,pose_format/Bệnh viện/BỆNH_VIỆN_BÙI_MẬU_VĂN_ (3).pkl,4,Bệnh viện,Bệnh viện,"[""Bệnh viện""]",signer_086,04_BỆNH_VIỆN_BÙI_MẬU_VĂN_ (3),,True,7085185,train
cosign_04_00532,cosign_04_00532,Bệnh viện/BỆNH_VIỆN_BÙI_MẬU_VĂN_ (4).mp4,pose_format/Bệnh viện/BỆNH_VIỆN_BÙI_MẬU_VĂN_ (4).pkl,4,Bệnh viện,Bệnh viện,"[""Bệnh viện""]",signer_086,04_BỆNH_VIỆN_BÙI_MẬU_VĂN_ (4),,True,7274441,train
cosign_04_00533,cosign_04_00533,Bệnh viện/BỆNH_VIỆN_BÙI_MẬU_VĂN_ (5).mp4,pose_format/Bệnh viện/BỆNH_VIỆN_BÙI_MẬU_VĂN_ (5).pkl,4,Bệnh viện,Bệnh viện,"[""Bệnh viện""]",signer_086,04_BỆNH_VIỆN_BÙI_MẬU_VĂN_ (5),,True,6859312,train
cosign_04_00534,cosign_04_00534,Bệnh viện/BỆNH_VIỆN_LẠI_QUANG_VINH_(1).mp4,pose_format/Bệnh viện/BỆNH_VIỆN_LẠI_QUANG_VINH_(1).pkl,4,Bệnh viện,Bệnh viện,"[""Bệnh viện""]",signer_087,04_BỆNH_VIỆN_LẠI_QUANG_VINH_(1),,True,3333615,train
cosign_04_00535,cosign_04_00535,Bệnh viện/BỆNH_VIỆN_LẠI_QUANG_VINH_(2).mp4,pose_format/Bệnh viện/BỆNH_VIỆN_LẠI_QUANG_VINH_(2).pkl,4,Bệnh viện,Bệnh viện,"[""Bệnh viện""]",signer_087,04_BỆNH_VIỆN_LẠI_QUANG_VINH_(2),,True,3623425,train
cosign_04_00536,cosign_04_00536,Bệnh viện/BỆNH_VIỆN_LẠI_QUANG_VINH_(3).mp4,pose_format/Bệnh viện/BỆNH_VIỆN_LẠI_QUANG_VINH_(3).pkl,4,Bệnh viện,Bệnh viện,"[""Bệnh viện""]",signer_087,04_BỆNH_VIỆN_LẠI_QUANG_VINH_(3),,True,3281107,train
cosign_04_00537,cosign_04_00537,Bệnh viện/BỆNH_VIỆN_LẠI_QUANG_VINH_(4).mp4,pose_format/Bệnh viện/BỆNH_VIỆN_LẠI_QUANG_VINH_(4).pkl,4,Bệnh viện,Bệnh viện,"[""Bệnh viện""]",signer_087,04_BỆNH_VIỆN_LẠI_QUANG_VINH_(4),,True,3301852,train
cosign_04_00538,cosign_04_00538,Bệnh viện/BỆNH_VIỆN_LẠI_QUANG_VINH_(5).mp4,pose_format/Bệnh viện/BỆNH_VIỆN_LẠI_QUANG_VINH_(5).pkl,4,Bệnh viện,Bệnh viện,"[""Bệnh viện""]",signer_087,04_BỆNH_VIỆN_LẠI_QUANG_VINH_(5),,True,3604303,train
cosign_04_00539,cosign_04_00539,Bệnh viện/BỆNH_VIỆN_MAI_HOÀNG_XUÂN_ (1).mp4,pose_format/Bệnh viện/BỆNH_VIỆN_MAI_HOÀNG_XUÂN_ (1).pkl,4,Bệnh viện,Bệnh viện,"[""Bệnh viện""]",signer_088,04_BỆNH_VIỆN_MAI_HOÀNG_XUÂN_ (1),,True,5870417,train
cosign_04_00540,cosign_04_00540,Bệnh viện/BỆNH_VIỆN_MAI_HOÀNG_XUÂN_ (2).mp4,pose_format/Bệnh viện/BỆNH_VIỆN_MAI_HOÀNG_XUÂN_ (2).pkl,4,Bệnh viện,Bệnh viện,"[""Bệnh viện""]",signer_088,04_BỆNH_VIỆN_MAI_HOÀNG_XUÂN_ (2),,True,5908262,train
cosign_04_00541,cosign_04_00541,Bệnh viện/BỆNH_VIỆN_MAI_HOÀNG_XUÂN_ (3).mp4,pose_format/Bệnh viện/BỆNH_VIỆN_MAI_HOÀNG_XUÂN_ (3).pkl,4,Bệnh viện,Bệnh viện,"[""Bệnh viện""]",signer_088,04_BỆNH_VIỆN_MAI_HOÀNG_XUÂN_ (3),,True,5753483,train
cosign_04_00542,cosign_04_00542,Bệnh viện/BỆNH_VIỆN_MAI_HOÀNG_XUÂN_ (4).mp4,pose_format/Bệnh viện/BỆNH_VIỆN_MAI_HOÀNG_XUÂN_ (4).pkl,4,Bệnh viện,Bệnh viện,"[""Bệnh viện""]",signer_088,04_BỆNH_VIỆN_MAI_HOÀNG_XUÂN_ (4),,True,5613005,train
cosign_04_00543,cosign_04_00543,Bệnh viện/BỆNH_VIỆN_MAI_HOÀNG_XUÂN_ (5).mp4,pose_format/Bệnh viện/BỆNH_VIỆN_MAI_HOÀNG_XUÂN_ (5).pkl,4,Bệnh viện,Bệnh viện,"[""Bệnh viện""]",signer_088,04_BỆNH_VIỆN_MAI_HOÀNG_XUÂN_ (5),,True,5532715,train
cosign_04_00544,cosign_04_00544,Bệnh viện/BỆNH_VIỆN_NGUYỄN_PHƯƠNG_ANH_ (1).mp4,pose_format/Bệnh viện/BỆNH_VIỆN_NGUYỄN_PHƯƠNG_ANH_ (1).pkl,4,Bệnh viện,Bệnh viện,"[""Bệnh viện""]",signer_089,04_BỆNH_VIỆN_NGUYỄN_PHƯƠNG_ANH_ (1),,True,7163014,train
cosign_04_00545,cosign_04_00545,Bệnh viện/BỆNH_VIỆN_NGUYỄN_PHƯƠNG_ANH_ (2).mp4,pose_format/Bệnh viện/BỆNH_VIỆN_NGUYỄN_PHƯƠNG_ANH_ (2).pkl,4,Bệnh viện,Bệnh viện,"[""Bệnh viện""]",signer_089,04_BỆNH_VIỆN_NGUYỄN_PHƯƠNG_ANH_ (2),,True,6591679,train
cosign_04_00546,cosign_04_00546,Bệnh viện/BỆNH_VIỆN_NGUYỄN_PHƯƠNG_ANH_ (3).mp4,pose_format/Bệnh viện/BỆNH_VIỆN_NGUYỄN_PHƯƠNG_ANH_ (3).pkl,4,Bệnh viện,Bệnh viện,"[""Bệnh viện""]",signer_089,04_BỆNH_VIỆN_NGUYỄN_PHƯƠNG_ANH_ (3),,True,7098226,train
cosign_04_00547,cosign_04_00547,Bệnh viện/BỆNH_VIỆN_NGUYỄN_PHƯƠNG_ANH_ (4).mp4,pose_format/Bệnh viện/BỆNH_VIỆN_NGUYỄN_PHƯƠNG_ANH_ (4).pkl,4,Bệnh viện,Bệnh viện,"[""Bệnh viện""]",signer_089,04_BỆNH_VIỆN_NGUYỄN_PHƯƠNG_ANH_ (4),,True,6673593,train
cosign_04_00548,cosign_04_00548,Bệnh viện/BỆNH_VIỆN_NGUYỄN_PHƯƠNG_ANH_ (5).mp4,pose_format/Bệnh viện/BỆNH_VIỆN_NGUYỄN_PHƯƠNG_ANH_ (5).pkl,4,Bệnh viện,Bệnh viện,"[""Bệnh viện""]",signer_089,04_BỆNH_VIỆN_NGUYỄN_PHƯƠNG_ANH_ (5),,True,6811872,train
cosign_04_00549,cosign_04_00549,Bệnh viện/BỆNH_VIỆN_NGUYỄN_QUÝ_DƯƠNG_1.mp4,pose_format/Bệnh viện/BỆNH_VIỆN_NGUYỄN_QUÝ_DƯƠNG_1.pkl,4,Bệnh viện,Bệnh viện,"[""Bệnh viện""]",signer_090,04_BỆNH_VIỆN_NGUYỄN_QUÝ_DƯƠNG_1,,True,8151827,train
cosign_04_00550,cosign_04_00550,Bệnh viện/BỆNH_VIỆN_NGUYỄN_QUÝ_DƯƠNG_2.mp4,pose_format/Bệnh viện/BỆNH_VIỆN_NGUYỄN_QUÝ_DƯƠNG_2.pkl,4,Bệnh viện,Bệnh viện,"[""Bệnh viện""]",signer_090,04_BỆNH_VIỆN_NGUYỄN_QUÝ_DƯƠNG_2,,True,10105376,train
cosign_04_00551,cosign_04_00551,Bệnh viện/BỆNH_VIỆN_NGUYỄN_QUÝ_DƯƠNG_3.mp4,pose_format/Bệnh viện/BỆNH_VIỆN_NGUYỄN_QUÝ_DƯƠNG_3.pkl,4,Bệnh viện,Bệnh viện,"[""Bệnh viện""]",signer_090,04_BỆNH_VIỆN_NGUYỄN_QUÝ_DƯƠNG_3,,True,10774552,train
cosign_04_00552,cosign_04_00552,Bệnh viện/BỆNH_VIỆN_NGUYỄN_QUÝ_DƯƠNG_4.mp4,pose_format/Bệnh viện/BỆNH_VIỆN_NGUYỄN_QUÝ_DƯƠNG_4.pkl,4,Bệnh viện,Bệnh viện,"[""Bệnh viện""]",signer_090,04_BỆNH_VIỆN_NGUYỄN_QUÝ_DƯƠNG_4,,True,9795270,train
cosign_04_00553,cosign_04_00553,Bệnh viện/BỆNH_VIỆN_NGUYỄN_QUÝ_DƯƠNG_5.mp4,pose_format/Bệnh viện/BỆNH_VIỆN_NGUYỄN_QUÝ_DƯƠNG_5.pkl,4,Bệnh viện,Bệnh viện,"[""Bệnh viện""]",signer_090,04_BỆNH_VIỆN_NGUYỄN_QUÝ_DƯƠNG_5,,True,8940815,train
cosign_04_00554,cosign_04_00554,Bệnh viện/BỆNH_VIỆN_PHẠM_ĐÌNH_HẢI_(1).mp4,pose_format/Bệnh viện/BỆNH_VIỆN_PHẠM_ĐÌNH_HẢI_(1).pkl,4,Bệnh viện,Bệnh viện,"[""Bệnh viện""]",signer_091,04_BỆNH_VIỆN_PHẠM_ĐÌNH_HẢI_(1),,True,11178838,train
cosign_04_00555,cosign_04_00555,Bệnh viện/BỆNH_VIỆN_PHẠM_ĐÌNH_HẢI_(2).mp4,pose_format/Bệnh viện/BỆNH_VIỆN_PHẠM_ĐÌNH_HẢI_(2).pkl,4,Bệnh viện,Bệnh viện,"[""Bệnh viện""]",signer_091,04_BỆNH_VIỆN_PHẠM_ĐÌNH_HẢI_(2),,True,13719920,train
cosign_04_00556,cosign_04_00556,Bệnh viện/BỆNH_VIỆN_PHẠM_ĐÌNH_HẢI_(3).mp4,pose_format/Bệnh viện/BỆNH_VIỆN_PHẠM_ĐÌNH_HẢI_(3).pkl,4,Bệnh viện,Bệnh viện,"[""Bệnh viện""]",signer_091,04_BỆNH_VIỆN_PHẠM_ĐÌNH_HẢI_(3),,True,11572575,train
cosign_04_00557,cosign_04_00557,Bệnh viện/BỆNH_VIỆN_PHẠM_ĐÌNH_HẢI_(4).mp4,pose_format/Bệnh viện/BỆNH_VIỆN_PHẠM_ĐÌNH_HẢI_(4).pkl,4,Bệnh viện,Bệnh viện,"[""Bệnh viện""]",signer_091,04_BỆNH_VIỆN_PHẠM_ĐÌNH_HẢI_(4),,True,12199680,train
cosign_04_00558,cosign_04_00558,Bệnh viện/BỆNH_VIỆN_PHẠM_ĐÌNH_HẢI_(5).mp4,pose_format/Bệnh viện/BỆNH_VIỆN_PHẠM_ĐÌNH_HẢI_(5).pkl,4,Bệnh viện,Bệnh viện,"[""Bệnh viện""]",signer_091,04_BỆNH_VIỆN_PHẠM_ĐÌNH_HẢI_(5),,True,13527527,train
cosign_04_00559,cosign_04_00559,Bệnh viện/BỆNH_VIỆN_TRƯƠNG_NGỌC_DIỄM_ (1).mp4,pose_format/Bệnh viện/BỆNH_VIỆN_TRƯƠNG_NGỌC_DIỄM_ (1).pkl,4,Bệnh viện,Bệnh viện,"[""Bệnh viện""]",signer_092,04_BỆNH_VIỆN_TRƯƠNG_NGỌC_DIỄM_ (1),,True,7141490,train
cosign_04_00560,cosign_04_00560,Bệnh viện/BỆNH_VIỆN_TRƯƠNG_NGỌC_DIỄM_ (2).mp4,pose_format/Bệnh viện/BỆNH_VIỆN_TRƯƠNG_NGỌC_DIỄM_ (2).pkl,4,Bệnh viện,Bệnh viện,"[""Bệnh viện""]",signer_092,04_BỆNH_VIỆN_TRƯƠNG_NGỌC_DIỄM_ (2),,True,7649360,train
cosign_04_00561,cosign_04_00561,Bệnh viện/BỆNH_VIỆN_TRƯƠNG_NGỌC_DIỄM_ (3).mp4,pose_format/Bệnh viện/BỆNH_VIỆN_TRƯƠNG_NGỌC_DIỄM_ (3).pkl,4,Bệnh viện,Bệnh viện,"[""Bệnh viện""]",signer_092,04_BỆNH_VIỆN_TRƯƠNG_NGỌC_DIỄM_ (3),,True,7129842,train
cosign_04_00562,cosign_04_00562,Bệnh viện/BỆNH_VIỆN_TRƯƠNG_NGỌC_DIỄM_ (4).mp4,pose_format/Bệnh viện/BỆNH_VIỆN_TRƯƠNG_NGỌC_DIỄM_ (4).pkl,4,Bệnh viện,Bệnh viện,"[""Bệnh viện""]",signer_092,04_BỆNH_VIỆN_TRƯƠNG_NGỌC_DIỄM_ (4),,True,8174533,train
cosign_04_00563,cosign_04_00563,Bệnh viện/BỆNH_VIỆN_TRƯƠNG_NGỌC_DIỄM_ (5).mp4,pose_format/Bệnh viện/BỆNH_VIỆN_TRƯƠNG_NGỌC_DIỄM_ (5).pkl,4,Bệnh viện,Bệnh viện,"[""Bệnh viện""]",signer_092,04_BỆNH_VIỆN_TRƯƠNG_NGỌC_DIỄM_ (5),,True,7531737,train
cosign_04_00564,cosign_04_00564,Bệnh viện/BỆNH_VIỆN_TRẦN_TUẤN_MINH (1).mp4,pose_format/Bệnh viện/BỆNH_VIỆN_TRẦN_TUẤN_MINH (1).pkl,4,Bệnh viện,Bệnh viện,"[""Bệnh viện""]",signer_093,04_BỆNH_VIỆN_TRẦN_TUẤN_MINH (1),,True,6970444,train
cosign_04_00565,cosign_04_00565,Bệnh viện/BỆNH_VIỆN_TRẦN_TUẤN_MINH (2).mp4,pose_format/Bệnh viện/BỆNH_VIỆN_TRẦN_TUẤN_MINH (2).pkl,4,Bệnh viện,Bệnh viện,"[""Bệnh viện""]",signer_093,04_BỆNH_VIỆN_TRẦN_TUẤN_MINH (2),,True,8921370,train
cosign_04_00566,cosign_04_00566,Bệnh viện/BỆNH_VIỆN_TRẦN_TUẤN_MINH (3).mp4,pose_format/Bệnh viện/BỆNH_VIỆN_TRẦN_TUẤN_MINH (3).pkl,4,Bệnh viện,Bệnh viện,"[""Bệnh viện""]",signer_093,04_BỆNH_VIỆN_TRẦN_TUẤN_MINH (3),,True,8098576,train
cosign_04_00567,cosign_04_00567,Bệnh viện/BỆNH_VIỆN_TRẦN_TUẤN_MINH (4).mp4,pose_format/Bệnh viện/BỆNH_VIỆN_TRẦN_TUẤN_MINH (4).pkl,4,Bệnh viện,Bệnh viện,"[""Bệnh viện""]",signer_093,04_BỆNH_VIỆN_TRẦN_TUẤN_MINH (4),,True,7736455,train
cosign_04_00568,cosign_04_00568,Bệnh viện/BỆNH_VIỆN_TRẦN_TUẤN_MINH (5).mp4,pose_format/Bệnh viện/BỆNH_VIỆN_TRẦN_TUẤN_MINH (5).pkl,4,Bệnh viện,Bệnh viện,"[""Bệnh viện""]",signer_093,04_BỆNH_VIỆN_TRẦN_TUẤN_MINH (5),,True,7626203,train
cosign_04_00569,cosign_04_00569,Bệnh viện/BỆNH_VIỆN_TRẦN_ĐỨC_QUÂN_1.mp4,pose_format/Bệnh viện/BỆNH_VIỆN_TRẦN_ĐỨC_QUÂN_1.pkl,4,Bệnh viện,Bệnh viện,"[""Bệnh viện""]",signer_094,04_BỆNH_VIỆN_TRẦN_ĐỨC_QUÂN_1,,True,6556172,train
cosign_04_00570,cosign_04_00570,Bệnh viện/BỆNH_VIỆN_TRẦN_ĐỨC_QUÂN_2.mp4,pose_format/Bệnh viện/BỆNH_VIỆN_TRẦN_ĐỨC_QUÂN_2.pkl,4,Bệnh viện,Bệnh viện,"[""Bệnh viện""]",signer_094,04_BỆNH_VIỆN_TRẦN_ĐỨC_QUÂN_2,,True,8938259,train
cosign_04_00571,cosign_04_00571,Bệnh viện/BỆNH_VIỆN_TRẦN_ĐỨC_QUÂN_3.mp4,pose_format/Bệnh viện/BỆNH_VIỆN_TRẦN_ĐỨC_QUÂN_3.pkl,4,Bệnh viện,Bệnh viện,"[""Bệnh viện""]",signer_094,04_BỆNH_VIỆN_TRẦN_ĐỨC_QUÂN_3,,True,9264324,train
cosign_04_00572,cosign_04_00572,Bệnh viện/BỆNH_VIỆN_TRẦN_ĐỨC_QUÂN_4.mp4,pose_format/Bệnh viện/BỆNH_VIỆN_TRẦN_ĐỨC_QUÂN_4.pkl,4,Bệnh viện,Bệnh viện,"[""Bệnh viện""]",signer_094,04_BỆNH_VIỆN_TRẦN_ĐỨC_QUÂN_4,,True,7496047,train
cosign_04_00573,cosign_04_00573,Bệnh viện/BỆNH_VIỆN_TRẦN_ĐỨC_QUÂN_5.mp4,pose_format/Bệnh viện/BỆNH_VIỆN_TRẦN_ĐỨC_QUÂN_5.pkl,4,Bệnh viện,Bệnh viện,"[""Bệnh viện""]",signer_094,04_BỆNH_VIỆN_TRẦN_ĐỨC_QUÂN_5,,True,8638020,train
cosign_04_00574,cosign_04_00574,Bệnh viện/BỆNH_VIỆN_TẠ_THỊ_PHƯƠNG_LINH_ (1).mp4,pose_format/Bệnh viện/BỆNH_VIỆN_TẠ_THỊ_PHƯƠNG_LINH_ (1).pkl,4,Bệnh viện,Bệnh viện,"[""Bệnh viện""]",signer_095,04_BỆNH_VIỆN_TẠ_THỊ_PHƯƠNG_LINH_ (1),,True,3965938,train
cosign_04_00575,cosign_04_00575,Bệnh viện/BỆNH_VIỆN_TẠ_THỊ_PHƯƠNG_LINH_ (2).mp4,pose_format/Bệnh viện/BỆNH_VIỆN_TẠ_THỊ_PHƯƠNG_LINH_ (2).pkl,4,Bệnh viện,Bệnh viện,"[""Bệnh viện""]",signer_095,04_BỆNH_VIỆN_TẠ_THỊ_PHƯƠNG_LINH_ (2),,True,4405740,train
cosign_04_00576,cosign_04_00576,Bệnh viện/BỆNH_VIỆN_TẠ_THỊ_PHƯƠNG_LINH_ (3).mp4,pose_format/Bệnh viện/BỆNH_VIỆN_TẠ_THỊ_PHƯƠNG_LINH_ (3).pkl,4,Bệnh viện,Bệnh viện,"[""Bệnh viện""]",signer_095,04_BỆNH_VIỆN_TẠ_THỊ_PHƯƠNG_LINH_ (3),,True,5044234,train
cosign_04_00577,cosign_04_00577,Bệnh viện/BỆNH_VIỆN_TẠ_THỊ_PHƯƠNG_LINH_ (4).mp4,pose_format/Bệnh viện/BỆNH_VIỆN_TẠ_THỊ_PHƯƠNG_LINH_ (4).pkl,4,Bệnh viện,Bệnh viện,"[""Bệnh viện""]",signer_095,04_BỆNH_VIỆN_TẠ_THỊ_PHƯƠNG_LINH_ (4),,True,4287322,train
cosign_04_00578,cosign_04_00578,Bệnh viện/BỆNH_VIỆN_TẠ_THỊ_PHƯƠNG_LINH_ (5).mp4,pose_format/Bệnh viện/BỆNH_VIỆN_TẠ_THỊ_PHƯƠNG_LINH_ (5).pkl,4,Bệnh viện,Bệnh viện,"[""Bệnh viện""]",signer_095,04_BỆNH_VIỆN_TẠ_THỊ_PHƯƠNG_LINH_ (5),,True,4542114,train
cosign_04_00579,cosign_04_00579,Bệnh viện/BỆNH_VIỆN_VŨ_HUY_DU_ (1).mp4,pose_format/Bệnh viện/BỆNH_VIỆN_VŨ_HUY_DU_ (1).pkl,4,Bệnh viện,Bệnh viện,"[""Bệnh viện""]",signer_096,04_BỆNH_VIỆN_VŨ_HUY_DU_ (1),,True,7122855,train
cosign_04_00580,cosign_04_00580,Bệnh viện/BỆNH_VIỆN_VŨ_HUY_DU_ (2).mp4,pose_format/Bệnh viện/BỆNH_VIỆN_VŨ_HUY_DU_ (2).pkl,4,Bệnh viện,Bệnh viện,"[""Bệnh viện""]",signer_096,04_BỆNH_VIỆN_VŨ_HUY_DU_ (2),,True,7665902,train
cosign_04_00581,cosign_04_00581,Bệnh viện/BỆNH_VIỆN_VŨ_HUY_DU_ (3).mp4,pose_format/Bệnh viện/BỆNH_VIỆN_VŨ_HUY_DU_ (3).pkl,4,Bệnh viện,Bệnh viện,"[""Bệnh viện""]",signer_096,04_BỆNH_VIỆN_VŨ_HUY_DU_ (3),,True,6770768,train
cosign_04_00582,cosign_04_00582,Bệnh viện/BỆNH_VIỆN_VŨ_HUY_DU_ (4).mp4,pose_format/Bệnh viện/BỆNH_VIỆN_VŨ_HUY_DU_ (4).pkl,4,Bệnh viện,Bệnh viện,"[""Bệnh viện""]",signer_096,04_BỆNH_VIỆN_VŨ_HUY_DU_ (4),,True,7084090,train
cosign_04_00583,cosign_04_00583,Bệnh viện/BỆNH_VIỆN_VŨ_HUY_DU_ (5).mp4,pose_format/Bệnh viện/BỆNH_VIỆN_VŨ_HUY_DU_ (5).pkl,4,Bệnh viện,Bệnh viện,"[""Bệnh viện""]",signer_096,04_BỆNH_VIỆN_VŨ_HUY_DU_ (5),,True,7367147,train
cosign_04_00584,cosign_04_00584,Bệnh viện/BỆNH_VIỆN_VŨ_KẾT_ĐỒNG_1.mp4,pose_format/Bệnh viện/BỆNH_VIỆN_VŨ_KẾT_ĐỒNG_1.pkl,4,Bệnh viện,Bệnh viện,"[""Bệnh viện""]",signer_097,04_BỆNH_VIỆN_VŨ_KẾT_ĐỒNG_1,,True,7498659,train
cosign_04_00585,cosign_04_00585,Bệnh viện/BỆNH_VIỆN_VŨ_KẾT_ĐỒNG_2.mp4,pose_format/Bệnh viện/BỆNH_VIỆN_VŨ_KẾT_ĐỒNG_2.pkl,4,Bệnh viện,Bệnh viện,"[""Bệnh viện""]",signer_097,04_BỆNH_VIỆN_VŨ_KẾT_ĐỒNG_2,,True,7520481,train
cosign_04_00586,cosign_04_00586,Bệnh viện/BỆNH_VIỆN_VŨ_KẾT_ĐỒNG_3.mp4,pose_format/Bệnh viện/BỆNH_VIỆN_VŨ_KẾT_ĐỒNG_3.pkl,4,Bệnh viện,Bệnh viện,"[""Bệnh viện""]",signer_097,04_BỆNH_VIỆN_VŨ_KẾT_ĐỒNG_3,,True,7828580,train
cosign_04_00587,cosign_04_00587,Bệnh viện/BỆNH_VIỆN_VŨ_KẾT_ĐỒNG_4.mp4,pose_format/Bệnh viện/BỆNH_VIỆN_VŨ_KẾT_ĐỒNG_4.pkl,4,Bệnh viện,Bệnh viện,"[""Bệnh viện""]",signer_097,04_BỆNH_VIỆN_VŨ_KẾT_ĐỒNG_4,,True,8739275,train
cosign_04_00588,cosign_04_00588,Bệnh viện/BỆNH_VIỆN_VŨ_KẾT_ĐỒNG_5.mp4,pose_format/Bệnh viện/BỆNH_VIỆN_VŨ_KẾT_ĐỒNG_5.pkl,4,Bệnh viện,Bệnh viện,"[""Bệnh viện""]",signer_097,04_BỆNH_VIỆN_VŨ_KẾT_ĐỒNG_5,,True,8562744,train
cosign_04_00589,cosign_04_00589,Bệnh viện/BỆNH_VIỆN__NGUYỄN_HOÀNG_ĐIỆP_ (1).mp4,pose_format/Bệnh viện/BỆNH_VIỆN__NGUYỄN_HOÀNG_ĐIỆP_ (1).pkl,4,Bệnh viện,Bệnh viện,"[""Bệnh viện""]",signer_098,04_BỆNH_VIỆN__NGUYỄN_HOÀNG_ĐIỆP_ (1),,True,10037734,train
cosign_04_00590,cosign_04_00590,Bệnh viện/BỆNH_VIỆN__NGUYỄN_HOÀNG_ĐIỆP_ (2).mp4,pose_format/Bệnh viện/BỆNH_VIỆN__NGUYỄN_HOÀNG_ĐIỆP_ (2).pkl,4,Bệnh viện,Bệnh viện,"[""Bệnh viện""]",signer_098,04_BỆNH_VIỆN__NGUYỄN_HOÀNG_ĐIỆP_ (2),,True,10706756,train
cosign_04_00591,cosign_04_00591,Bệnh viện/BỆNH_VIỆN__NGUYỄN_HOÀNG_ĐIỆP_ (3).mp4,pose_format/Bệnh viện/BỆNH_VIỆN__NGUYỄN_HOÀNG_ĐIỆP_ (3).pkl,4,Bệnh viện,Bệnh viện,"[""Bệnh viện""]",signer_098,04_BỆNH_VIỆN__NGUYỄN_HOÀNG_ĐIỆP_ (3),,True,12437291,train
cosign_04_00592,cosign_04_00592,Bệnh viện/BỆNH_VIỆN__NGUYỄN_HOÀNG_ĐIỆP_ (4).mp4,pose_format/Bệnh viện/BỆNH_VIỆN__NGUYỄN_HOÀNG_ĐIỆP_ (4).pkl,4,Bệnh viện,Bệnh viện,"[""Bệnh viện""]",signer_098,04_BỆNH_VIỆN__NGUYỄN_HOÀNG_ĐIỆP_ (4),,True,10647434,train
cosign_04_00593,cosign_04_00593,Bệnh viện/BỆNH_VIỆN__NGUYỄN_HOÀNG_ĐIỆP_ (5).mp4,pose_format/Bệnh viện/BỆNH_VIỆN__NGUYỄN_HOÀNG_ĐIỆP_ (5).pkl,4,Bệnh viện,Bệnh viện,"[""Bệnh viện""]",signer_098,04_BỆNH_VIỆN__NGUYỄN_HOÀNG_ĐIỆP_ (5),,True,11588462,train
cosign_04_00594,cosign_04_00594,Bệnh viện/BỆNH_VIỆN__NGUYỄN_THẠC_ANH_ (1).mp4,pose_format/Bệnh viện/BỆNH_VIỆN__NGUYỄN_THẠC_ANH_ (1).pkl,4,Bệnh viện,Bệnh viện,"[""Bệnh viện""]",signer_099,04_BỆNH_VIỆN__NGUYỄN_THẠC_ANH_ (1),,True,7387045,train
cosign_04_00595,cosign_04_00595,Bệnh viện/BỆNH_VIỆN__NGUYỄN_THẠC_ANH_ (2).mp4,pose_format/Bệnh viện/BỆNH_VIỆN__NGUYỄN_THẠC_ANH_ (2).pkl,4,Bệnh viện,Bệnh viện,"[""Bệnh viện""]",signer_099,04_BỆNH_VIỆN__NGUYỄN_THẠC_ANH_ (2),,True,6911282,train
cosign_04_00596,cosign_04_00596,Bệnh viện/BỆNH_VIỆN__NGUYỄN_THẠC_ANH_ (3).mp4,pose_format/Bệnh viện/BỆNH_VIỆN__NGUYỄN_THẠC_ANH_ (3).pkl,4,Bệnh viện,Bệnh viện,"[""Bệnh viện""]",signer_099,04_BỆNH_VIỆN__NGUYỄN_THẠC_ANH_ (3),,True,7443812,train
cosign_04_00597,cosign_04_00597,Bệnh viện/BỆNH_VIỆN__NGUYỄN_THẠC_ANH_ (4).mp4,pose_format/Bệnh viện/BỆNH_VIỆN__NGUYỄN_THẠC_ANH_ (4).pkl,4,Bệnh viện,Bệnh viện,"[""Bệnh viện""]",signer_099,04_BỆNH_VIỆN__NGUYỄN_THẠC_ANH_ (4),,True,7913345,train
cosign_04_00598,cosign_04_00598,Bệnh viện/BỆNH_VIỆN__NGUYỄN_THẠC_ANH_ (5).mp4,pose_format/Bệnh viện/BỆNH_VIỆN__NGUYỄN_THẠC_ANH_ (5).pkl,4,Bệnh viện,Bệnh viện,"[""Bệnh viện""]",signer_099,04_BỆNH_VIỆN__NGUYỄN_THẠC_ANH_ (5),,True,8217547,train
cosign_04_00599,cosign_04_00599,Bệnh viện/Bệnh viên_MVT.mp4,pose_format/Bệnh viện/Bệnh viên_MVT.pkl,4,Bệnh viện,Bệnh viện,"[""Bệnh viện""]",signer_100,04_Bệnh viên_MVT,,True,10966657,train
cosign_04_00600,cosign_04_00600,Bệnh viện/Bệnh viên_MVT (2).mp4,pose_format/Bệnh viện/Bệnh viên_MVT (2).pkl,4,Bệnh viện,Bệnh viện,"[""Bệnh viện""]",signer_100,04_Bệnh viên_MVT (2),,True,10535693,train
cosign_04_00601,cosign_04_00601,Bệnh viện/Bệnh viên_MVT (3).mp4,pose_format/Bệnh viện/Bệnh viên_MVT (3).pkl,4,Bệnh viện,Bệnh viện,"[""Bệnh viện""]",signer_100,04_Bệnh viên_MVT (3),,True,11946869,train
cosign_04_00602,cosign_04_00602,Bệnh viện/Bệnh viên_MVT (4).mp4,pose_format/Bệnh viện/Bệnh viên_MVT (4).pkl,4,Bệnh viện,Bệnh viện,"[""Bệnh viện""]",signer_100,04_Bệnh viên_MVT (4),,True,9496552,train
cosign_04_00603,cosign_04_00603,Bệnh viện/Bệnh viên_MVT (5).mp4,pose_format/Bệnh viện/Bệnh viên_MVT (5).pkl,4,Bệnh viện,Bệnh viện,"[""Bệnh viện""]",signer_100,04_Bệnh viên_MVT (5),,True,8997039,train
cosign_04_00604,cosign_04_00604,Bệnh viện/Bệnh viện _ LQM.mp4,pose_format/Bệnh viện/Bệnh viện _ LQM.pkl,4,Bệnh viện,Bệnh viện,"[""Bệnh viện""]",signer_101,04_Bệnh viện _ LQM,,True,9503612,train
cosign_04_00605,cosign_04_00605,Bệnh viện/Bệnh viện _ LQM (2).mp4,pose_format/Bệnh viện/Bệnh viện _ LQM (2).pkl,4,Bệnh viện,Bệnh viện,"[""Bệnh viện""]",signer_101,04_Bệnh viện _ LQM (2),,True,10818931,train
cosign_04_00606,cosign_04_00606,Bệnh viện/Bệnh viện _ LQM (3).mp4,pose_format/Bệnh viện/Bệnh viện _ LQM (3).pkl,4,Bệnh viện,Bệnh viện,"[""Bệnh viện""]",signer_101,04_Bệnh viện _ LQM (3),,True,9917455,train
cosign_04_00607,cosign_04_00607,Bệnh viện/Bệnh viện _ LQM (4).mp4,pose_format/Bệnh viện/Bệnh viện _ LQM (4).pkl,4,Bệnh viện,Bệnh viện,"[""Bệnh viện""]",signer_101,04_Bệnh viện _ LQM (4),,True,9632984,train
cosign_04_00608,cosign_04_00608,Bệnh viện/Bệnh viện _ LQM (5).mp4,pose_format/Bệnh viện/Bệnh viện _ LQM (5).pkl,4,Bệnh viện,Bệnh viện,"[""Bệnh viện""]",signer_101,04_Bệnh viện _ LQM (5),,True,12481122,train
cosign_04_00609,cosign_04_00609,Bệnh viện/DANG THI KIEN_37_BENH VIEN_1693191399.5303464_0_cut.avi,pose_format/Bệnh viện/DANG THI KIEN_37_BENH VIEN_1693191399.5303464_0_cut.pkl,4,Bệnh viện,Bệnh viện,"[""Bệnh viện""]",signer_084,04_DANG THI KIEN_37_BENH VIEN_1693191399.5303464_0,,True,821686,train
cosign_04_00610,cosign_04_00610,Bệnh viện/Lê Phương Thảo _12_Bệnh Viện_1692754258.7303965_0_cut.avi,pose_format/Bệnh viện/Lê Phương Thảo _12_Bệnh Viện_1692754258.7303965_0_cut.pkl,4,Bệnh viện,Bệnh viện,"[""Bệnh viện""]",signer_019,04_Lê Phương Thảo _12_Bệnh Viện_1692754258.7303965_0,,True,692006,train
cosign_04_00611,cosign_04_00611,Bệnh viện/Lê Phương Thảo _12_Bệnh Viện_1692754258.7303965_0_frames_35.avi,pose_format/Bệnh viện/Lê Phương Thảo _12_Bệnh Viện_1692754258.7303965_0_frames_35.pkl,4,Bệnh viện,Bệnh viện,"[""Bệnh viện""]",signer_019,04_Lê Phương Thảo _12_Bệnh Viện_1692754258.7303965_0,04_Lê Phương Thảo _12_Bệnh Viện_1692754258.7303965_0,False,851332,train
cosign_04_00612,cosign_04_00612,Bệnh viện/Lê Phương Thảo _12_Bệnh Viện_1692754258.7303965_0_frames_40.avi,pose_format/Bệnh viện/Lê Phương Thảo _12_Bệnh Viện_1692754258.7303965_0_frames_40.pkl,4,Bệnh viện,Bệnh viện,"[""Bệnh viện""]",signer_019,04_Lê Phương Thảo _12_Bệnh Viện_1692754258.7303965_0,04_Lê Phương Thảo _12_Bệnh Viện_1692754258.7303965_0,False,851332,train
cosign_04_00613,cosign_04_00613,Bệnh viện/Lê Thanh Như_12_Bệnh viện_1692754269.2264545_0_cut.avi,pose_format/Bệnh viện/Lê Thanh Như_12_Bệnh viện_1692754269.2264545_0_cut.pkl,4,Bệnh viện,Bệnh viện,"[""Bệnh viện""]",signer_020,04_Lê Thanh Như_12_Bệnh viện_1692754269.2264545_0,,True,1021788,train
cosign_04_00614,cosign_04_00614,Bệnh viện/Lê Thanh Như_12_Bệnh viện_1692754269.2264545_0_frames_35.avi,pose_format/Bệnh viện/Lê Thanh Như_12_Bệnh viện_1692754269.2264545_0_frames_35.pkl,4,Bệnh viện,Bệnh viện,"[""Bệnh viện""]",signer_020,04_Lê Thanh Như_12_Bệnh viện_1692754269.2264545_0,04_Lê Thanh Như_12_Bệnh viện_1692754269.2264545_0,False,1330706,train
cosign_04_00615,cosign_04_00615,Bệnh viện/Lê Thanh Như_12_Bệnh viện_1692754269.2264545_0_frames_40.avi,pose_format/Bệnh viện/Lê Thanh Như_12_Bệnh viện_1692754269.2264545_0_frames_40.pkl,4,Bệnh viện,Bệnh viện,"[""Bệnh viện""]",signer_020,04_Lê Thanh Như_12_Bệnh viện_1692754269.2264545_0,04_Lê Thanh Như_12_Bệnh viện_1692754269.2264545_0,False,1330706,train
cosign_04_00616,cosign_04_00616,Bệnh viện/Nguyễn Gia Bảo_10_bệnh viện_1692754242.4431386_0_cut.avi,pose_format/Bệnh viện/Nguyễn Gia Bảo_10_bệnh viện_1692754242.4431386_0_cut.pkl,4,Bệnh viện,Bệnh viện,"[""Bệnh viện""]",signer_021,04_Nguyễn Gia Bảo_10_bệnh viện_1692754242.4431386_0,,True,1562184,train
cosign_04_00617,cosign_04_00617,Bệnh viện/Nguyễn Gia Bảo_10_bệnh viện_1692754242.4431386_0_frames_35.avi,pose_format/Bệnh viện/Nguyễn Gia Bảo_10_bệnh viện_1692754242.4431386_0_frames_35.pkl,4,Bệnh viện,Bệnh viện,"[""Bệnh viện""]",signer_021,04_Nguyễn Gia Bảo_10_bệnh viện_1692754242.4431386_0,04_Nguyễn Gia Bảo_10_bệnh viện_1692754242.4431386_0,False,1916290,train
cosign_04_00618,cosign_04_00618,Bệnh viện/Nguyễn Gia Bảo_10_bệnh viện_1692754242.4431386_0_frames_40.avi,pose_format/Bệnh viện/Nguyễn Gia Bảo_10_bệnh viện_1692754242.4431386_0_frames_40.pkl,4,Bệnh viện,Bệnh viện,"[""Bệnh viện""]",signer_021,04_Nguyễn Gia Bảo_10_bệnh viện_1692754242.4431386_0,04_Nguyễn Gia Bảo_10_bệnh viện_1692754242.4431386_0,False,1916290,train
cosign_04_00619,cosign_04_00619,Bệnh viện/Nguyễn Thị Huyền_35_bệnh viện_1692862150.7200098_0_cut.avi,pose_format/Bệnh viện/Nguyễn Thị Huyền_35_bệnh viện_1692862150.7200098_0_cut.pkl,4,Bệnh viện,Bệnh viện,"[""Bệnh viện""]",signer_022,04_Nguyễn Thị Huyền_35_bệnh viện_1692862150.7200098_0,,True,1240448,train
cosign_04_00620,cosign_04_00620,Bệnh viện/Nguyễn Thị Huyền_35_bệnh viện_1692862150.7200098_0_frames_35.avi,pose_format/Bệnh viện/Nguyễn Thị Huyền_35_bệnh viện_1692862150.7200098_0_frames_35.pkl,4,Bệnh viện,Bệnh viện,"[""Bệnh viện""]",signer_022,04_Nguyễn Thị Huyền_35_bệnh viện_1692862150.7200098_0,04_Nguyễn Thị Huyền_35_bệnh viện_1692862150.7200098_0,False,1616784,train
cosign_04_00621,cosign_04_00621,Bệnh viện/Nguyễn Thị Huyền_35_bệnh viện_1692862150.7200098_0_frames_40.avi,pose_format/Bệnh viện/Nguyễn Thị Huyền_35_bệnh viện_1692862150.7200098_0_frames_40.pkl,4,Bệnh viện,Bệnh viện,"[""Bệnh viện""]",signer_022,04_Nguyễn Thị Huyền_35_bệnh viện_1692862150.7200098_0,04_Nguyễn Thị Huyền_35_bệnh viện_1692862150.7200098_0,False,1616784,train
cosign_04_00622,cosign_04_00622,Bệnh viện/Nguyễn Thị Hồng_32_Bệnh viện_1692946732.696373_0_cut.avi,pose_format/Bệnh viện/Nguyễn Thị Hồng_32_Bệnh viện_1692946732.696373_0_cut.pkl,4,Bệnh viện,Bệnh viện,"[""Bệnh viện""]",signer_023,04_Nguyễn Thị Hồng_32_Bệnh viện_1692946732.696373_0,,True,941530,train
cosign_04_00623,cosign_04_00623,Bệnh viện/Nguyễn Thị Hồng_32_Bệnh viện_1692946732.696373_0_frames_35.avi,pose_format/Bệnh viện/Nguyễn Thị Hồng_32_Bệnh viện_1692946732.696373_0_frames_35.pkl,4,Bệnh viện,Bệnh viện,"[""Bệnh viện""]",signer_023,04_Nguyễn Thị Hồng_32_Bệnh viện_1692946732.696373_0,04_Nguyễn Thị Hồng_32_Bệnh viện_1692946732.696373_0,False,1175264,train
cosign_04_00624,cosign_04_00624,Bệnh viện/Nguyễn Thị Hồng_32_Bệnh viện_1692946732.696373_0_frames_40.avi,pose_format/Bệnh viện/Nguyễn Thị Hồng_32_Bệnh viện_1692946732.696373_0_frames_40.pkl,4,Bệnh viện,Bệnh viện,"[""Bệnh viện""]",signer_023,04_Nguyễn Thị Hồng_32_Bệnh viện_1692946732.696373_0,04_Nguyễn Thị Hồng_32_Bệnh viện_1692946732.696373_0,False,1175264,train
cosign_04_00625,cosign_04_00625,Bệnh viện/Nguyễn Thị Mai Anh_39_bệnh viện_1693189033.115482_0_cut.avi,pose_format/Bệnh viện/Nguyễn Thị Mai Anh_39_bệnh viện_1693189033.115482_0_cut.pkl,4,Bệnh viện,Bệnh viện,"[""Bệnh viện""]",signer_024,04_Nguyễn Thị Mai Anh_39_bệnh viện_1693189033.115482_0,,True,834258,train
cosign_04_00626,cosign_04_00626,Bệnh viện/Nguyễn Thị Mai Anh_39_bệnh viện_1693189033.115482_0_frames_35.avi,pose_format/Bệnh viện/Nguyễn Thị Mai Anh_39_bệnh viện_1693189033.115482_0_frames_35.pkl,4,Bệnh viện,Bệnh viện,"[""Bệnh viện""]",signer_024,04_Nguyễn Thị Mai Anh_39_bệnh viện_1693189033.115482_0,04_Nguyễn Thị Mai Anh_39_bệnh viện_1693189033.115482_0,False,987986,train
cosign_04_00627,cosign_04_00627,Bệnh viện/Nguyễn Thị Mai Anh_39_bệnh viện_1693189033.115482_0_frames_40.avi,pose_format/Bệnh viện/Nguyễn Thị Mai Anh_39_bệnh viện_1693189033.115482_0_frames_40.pkl,4,Bệnh viện,Bệnh viện,"[""Bệnh viện""]",signer_024,04_Nguyễn Thị Mai Anh_39_bệnh viện_1693189033.115482_0,04_Nguyễn Thị Mai Anh_39_bệnh viện_1693189033.115482_0,False,987986,train
cosign_04_00628,cosign_04_00628,Bệnh viện/Nguyễn Thị Thu Trang_38_Bệnh viện_1692842760.9334478_0_cut.avi,pose_format/Bệnh viện/Nguyễn Thị Thu Trang_38_Bệnh viện_1692842760.9334478_0_cut.pkl,4,Bệnh viện,Bệnh viện,"[""Bệnh viện""]",signer_025,04_Nguyễn Thị Thu Trang_38_Bệnh viện_1692842760.9334478_0,,True,1043774,train
cosign_04_00629,cosign_04_00629,Bệnh viện/Nguyễn Thị Thu Trang_38_Bệnh viện_1692842760.9334478_0_frames_35.avi,pose_format/Bệnh viện/Nguyễn Thị Thu Trang_38_Bệnh viện_1692842760.9334478_0_frames_35.pkl,4,Bệnh viện,Bệnh viện,"[""Bệnh viện""]",signer_025,04_Nguyễn Thị Thu Trang_38_Bệnh viện_1692842760.9334478_0,04_Nguyễn Thị Thu Trang_38_Bệnh viện_1692842760.9334478_0,False,1255148,train
cosign_04_00630,cosign_04_00630,Bệnh viện/Nguyễn Thị Thu Trang_38_Bệnh viện_1692842760.9334478_0_frames_40.avi,pose_format/Bệnh viện/Nguyễn Thị Thu Trang_38_Bệnh viện_1692842760.9334478_0_frames_40.pkl,4,Bệnh viện,Bệnh viện,"[""Bệnh viện""]",signer_025,04_Nguyễn Thị Thu Trang_38_Bệnh viện_1692842760.9334478_0,04_Nguyễn Thị Thu Trang_38_Bệnh viện_1692842760.9334478_0,False,1255148,train
cosign_04_00631,cosign_04_00631,Bệnh viện/Phạm Thị Mai Hương _32_Bệnh viện_1692775906.898855_0_cut.avi,pose_format/Bệnh viện/Phạm Thị Mai Hương _32_Bệnh viện_1692775906.898855_0_cut.pkl,4,Bệnh viện,Bệnh viện,"[""Bệnh viện""]",signer_066,04_Phạm Thị Mai Hương _32_Bệnh viện_1692775906.898855_0,,True,804962,train
cosign_04_00632,cosign_04_00632,Bệnh viện/Phạm Thị Mai Hương _32_Bệnh viện_1692775906.898855_0_frames_35.avi,pose_format/Bệnh viện/Phạm Thị Mai Hương _32_Bệnh viện_1692775906.898855_0_frames_35.pkl,4,Bệnh viện,Bệnh viện,"[""Bệnh viện""]",signer_066,04_Phạm Thị Mai Hương _32_Bệnh viện_1692775906.898855_0,04_Phạm Thị Mai Hương _32_Bệnh viện_1692775906.898855_0,False,1040770,train
cosign_04_00633,cosign_04_00633,Bệnh viện/Phạm Thị Mai Hương _32_Bệnh viện_1692775906.898855_0_frames_40.avi,pose_format/Bệnh viện/Phạm Thị Mai Hương _32_Bệnh viện_1692775906.898855_0_frames_40.pkl,4,Bệnh viện,Bệnh viện,"[""Bệnh viện""]",signer_066,04_Phạm Thị Mai Hương _32_Bệnh viện_1692775906.898855_0,04_Phạm Thị Mai Hương _32_Bệnh viện_1692775906.898855_0,False,1040770,train
cosign_04_00634,cosign_04_00634,Bệnh viện/Trần Thị Vân Anh_39_bệnh_viện_1692947218.218696_0_cut.avi,pose_format/Bệnh viện/Trần Thị Vân Anh_39_bệnh_viện_1692947218.218696_0_cut.pkl,4,Bệnh viện,Bệnh viện,"[""Bệnh viện""]",signer_026,04_Trần Thị Vân Anh_39_bệnh_viện_1692947218.218696_0,,True,830226,train
cosign_04_00635,cosign_04_00635,Bệnh viện/Trần Thị Vân Anh_39_bệnh_viện_1692947218.218696_0_frames_35.avi,pose_format/Bệnh viện/Trần Thị Vân Anh_39_bệnh_viện_1692947218.218696_0_frames_35.pkl,4,Bệnh viện,Bệnh viện,"[""Bệnh viện""]",signer_026,04_Trần Thị Vân Anh_39_bệnh_viện_1692947218.218696_0,04_Trần Thị Vân Anh_39_bệnh_viện_1692947218.218696_0,False,1009500,train
cosign_04_00636,cosign_04_00636,Bệnh viện/Trần Thị Vân Anh_39_bệnh_viện_1692947218.218696_0_frames_40.avi,pose_format/Bệnh viện/Trần Thị Vân Anh_39_bệnh_viện_1692947218.218696_0_frames_40.pkl,4,Bệnh viện,Bệnh viện,"[""Bệnh viện""]",signer_026,04_Trần Thị Vân Anh_39_bệnh_viện_1692947218.218696_0,04_Trần Thị Vân Anh_39_bệnh_viện_1692947218.218696_0,False,1009500,train
cosign_04_00637,cosign_04_00637,Bệnh viện/Trần Xuân Ngọc_41_bệnh viện_1692866154.5151107_0_cut.avi,pose_format/Bệnh viện/Trần Xuân Ngọc_41_bệnh viện_1692866154.5151107_0_cut.pkl,4,Bệnh viện,Bệnh viện,"[""Bệnh viện""]",signer_027,04_Trần Xuân Ngọc_41_bệnh viện_1692866154.5151107_0,,True,1317718,train
cosign_04_00638,cosign_04_00638,Bệnh viện/Trần Xuân Ngọc_41_bệnh viện_1692866154.5151107_0_frames_35.avi,pose_format/Bệnh viện/Trần Xuân Ngọc_41_bệnh viện_1692866154.5151107_0_frames_35.pkl,4,Bệnh viện,Bệnh viện,"[""Bệnh viện""]",signer_027,04_Trần Xuân Ngọc_41_bệnh viện_1692866154.5151107_0,04_Trần Xuân Ngọc_41_bệnh viện_1692866154.5151107_0,False,1744776,train
cosign_04_00639,cosign_04_00639,Bệnh viện/Trần Xuân Ngọc_41_bệnh viện_1692866154.5151107_0_frames_40.avi,pose_format/Bệnh viện/Trần Xuân Ngọc_41_bệnh viện_1692866154.5151107_0_frames_40.pkl,4,Bệnh viện,Bệnh viện,"[""Bệnh viện""]",signer_027,04_Trần Xuân Ngọc_41_bệnh viện_1692866154.5151107_0,04_Trần Xuân Ngọc_41_bệnh viện_1692866154.5151107_0,False,1744776,train
cosign_04_00640,cosign_04_00640,Bệnh viện/Vũ Thị Thu Phương_37_bệnh viện _1692864632.3965845_0_cut.avi,pose_format/Bệnh viện/Vũ Thị Thu Phương_37_bệnh viện _1692864632.3965845_0_cut.pkl,4,Bệnh viện,Bệnh viện,"[""Bệnh viện""]",signer_028,04_Vũ Thị Thu Phương_37_bệnh viện _1692864632.3965845_0,,True,985598,train
cosign_04_00641,cosign_04_00641,Bệnh viện/Đoàn Thị Thu Thủy_40_bệnh viện_1692952798.5812936_0_cut.avi,pose_format/Bệnh viện/Đoàn Thị Thu Thủy_40_bệnh viện_1692952798.5812936_0_cut.pkl,4,Bệnh viện,Bệnh viện,"[""Bệnh viện""]",signer_029,04_Đoàn Thị Thu Thủy_40_bệnh viện_1692952798.5812936_0,,True,1158090,train
cosign_04_00642,cosign_04_00642,Bệnh viện/Đoàn Thị Thu Thủy_40_bệnh viện_1692952798.5812936_0_frames_35.avi,pose_format/Bệnh viện/Đoàn Thị Thu Thủy_40_bệnh viện_1692952798.5812936_0_frames_35.pkl,4,Bệnh viện,Bệnh viện,"[""Bệnh viện""]",signer_029,04_Đoàn Thị Thu Thủy_40_bệnh viện_1692952798.5812936_0,04_Đoàn Thị Thu Thủy_40_bệnh viện_1692952798.5812936_0,False,1453434,train
cosign_04_00643,cosign_04_00643,Bệnh viện/Đoàn Thị Thu Thủy_40_bệnh viện_1692952798.5812936_0_frames_40.avi,pose_format/Bệnh viện/Đoàn Thị Thu Thủy_40_bệnh viện_1692952798.5812936_0_frames_40.pkl,4,Bệnh viện,Bệnh viện,"[""Bệnh viện""]",signer_029,04_Đoàn Thị Thu Thủy_40_bệnh viện_1692952798.5812936_0,04_Đoàn Thị Thu Thủy_40_bệnh viện_1692952798.5812936_0,False,1453434,train
cosign_04_00644,cosign_04_00644,Bệnh viện/Đỗ Thị Vấn_41_bệnh viện_1692779009.0171776_0_cut.avi,pose_format/Bệnh viện/Đỗ Thị Vấn_41_bệnh viện_1692779009.0171776_0_cut.pkl,4,Bệnh viện,Bệnh viện,"[""Bệnh viện""]",signer_031,04_Đỗ Thị Vấn_41_bệnh viện_1692779009.0171776_0,,True,1355498,train
cosign_05_00645,cosign_05_00645,Chiều/CHIỀU_BÙI_MAI_CHI_ (1).mp4,pose_format/Chiều/CHIỀU_BÙI_MAI_CHI_ (1).pkl,5,Chiều,Chiều,"[""Chiều""]",signer_102,05_CHIỀU_BÙI_MAI_CHI_ (1),,True,7120127,train
cosign_05_00646,cosign_05_00646,Chiều/CHIỀU_BÙI_MAI_CHI_ (2).mp4,pose_format/Chiều/CHIỀU_BÙI_MAI_CHI_ (2).pkl,5,Chiều,Chiều,"[""Chiều""]",signer_102,05_CHIỀU_BÙI_MAI_CHI_ (2),,True,7279377,train
cosign_05_00647,cosign_05_00647,Chiều/CHIỀU_BÙI_MAI_CHI_ (3).mp4,pose_format/Chiều/CHIỀU_BÙI_MAI_CHI_ (3).pkl,5,Chiều,Chiều,"[""Chiều""]",signer_102,05_CHIỀU_BÙI_MAI_CHI_ (3),,True,7175986,train
cosign_05_00648,cosign_05_00648,Chiều/CHIỀU_BÙI_MAI_CHI_ (4).mp4,pose_format/Chiều/CHIỀU_BÙI_MAI_CHI_ (4).pkl,5,Chiều,Chiều,"[""Chiều""]",signer_102,05_CHIỀU_BÙI_MAI_CHI_ (4),,True,7397571,train
cosign_05_00649,cosign_05_00649,Chiều/CHIỀU_BÙI_MAI_CHI_ (5).mp4,pose_format/Chiều/CHIỀU_BÙI_MAI_CHI_ (5).pkl,5,Chiều,Chiều,"[""Chiều""]",signer_102,05_CHIỀU_BÙI_MAI_CHI_ (5),,True,8144899,train
cosign_05_00650,cosign_05_00650,Chiều/CHIỀU_BÙI_MẬU_VĂN_ (1).mp4,pose_format/Chiều/CHIỀU_BÙI_MẬU_VĂN_ (1).pkl,5,Chiều,Chiều,"[""Chiều""]",signer_103,05_CHIỀU_BÙI_MẬU_VĂN_ (1),,True,5893677,train
cosign_05_00651,cosign_05_00651,Chiều/CHIỀU_BÙI_MẬU_VĂN_ (2).mp4,pose_format/Chiều/CHIỀU_BÙI_MẬU_VĂN_ (2).pkl,5,Chiều,Chiều,"[""Chiều""]",signer_103,05_CHIỀU_BÙI_MẬU_VĂN_ (2),,True,6061992,train
cosign_05_00652,cosign_05_00652,Chiều/CHIỀU_BÙI_MẬU_VĂN_ (3).mp4,pose_format/Chiều/CHIỀU_BÙI_MẬU_VĂN_ (3).pkl,5,Chiều,Chiều,"[""Chiều""]",signer_103,05_CHIỀU_BÙI_MẬU_VĂN_ (3),,True,5903431,train
cosign_05_00653,cosign_05_00653,Chiều/CHIỀU_BÙI_MẬU_VĂN_ (4).mp4,pose_format/Chiều/CHIỀU_BÙI_MẬU_VĂN_ (4).pkl,5,Chiều,Chiều,"[""Chiều""]",signer_103,05_CHIỀU_BÙI_MẬU_VĂN_ (4),,True,5446581,train
cosign_05_00654,cosign_05_00654,Chiều/CHIỀU_BÙI_MẬU_VĂN_ (5).mp4,pose_format/Chiều/CHIỀU_BÙI_MẬU_VĂN_ (5).pkl,5,Chiều,Chiều,"[""Chiều""]",signer_103,05_CHIỀU_BÙI_MẬU_VĂN_ (5),,True,4981806,train
cosign_05_00655,cosign_05_00655,Chiều/CHIỀU_LẠI_QUANG_VINH_(1).mp4,pose_format/Chiều/CHIỀU_LẠI_QUANG_VINH_(1).pkl,5,Chiều,Chiều,"[""Chiều""]",signer_104,05_CHIỀU_LẠI_QUANG_VINH_(1),,True,2897385,train
cosign_05_00656,cosign_05_00656,Chiều/CHIỀU_LẠI_QUANG_VINH_(2).mp4,pose_format/Chiều/CHIỀU_LẠI_QUANG_VINH_(2).pkl,5,Chiều,Chiều,"[""Chiều""]",signer_104,05_CHIỀU_LẠI_QUANG_VINH_(2),,True,2995202,train
cosign_05_00657,cosign_05_00657,Chiều/CHIỀU_LẠI_QUANG_VINH_(3).mp4,pose_format/Chiều/CHIỀU_LẠI_QUANG_VINH_(3).pkl,5,Chiều,Chiều,"[""Chiều""]",signer_104,05_CHIỀU_LẠI_QUANG_VINH_(3),,True,3225586,train
cosign_05_00658,cosign_05_00658,Chiều/CHIỀU_LẠI_QUANG_VINH_(4).mp4,pose_format/Chiều/CHIỀU_LẠI_QUANG_VINH_(4).pkl,5,Chiều,Chiều,"[""Chiều""]",signer_104,05_CHIỀU_LẠI_QUANG_VINH_(4),,True,2885170,train
cosign_05_00659,cosign_05_00659,Chiều/CHIỀU_LẠI_QUANG_VINH_(5).mp4,pose_format/Chiều/CHIỀU_LẠI_QUANG_VINH_(5).pkl,5,Chiều,Chiều,"[""Chiều""]",signer_104,05_CHIỀU_LẠI_QUANG_VINH_(5),,True,3336849,train
cosign_05_00660,cosign_05_00660,Chiều/CHIỀU_MAI_HOÀNG_XUÂN_ (1).mp4,pose_format/Chiều/CHIỀU_MAI_HOÀNG_XUÂN_ (1).pkl,5,Chiều,Chiều,"[""Chiều""]",signer_105,05_CHIỀU_MAI_HOÀNG_XUÂN_ (1),,True,5424416,train
cosign_05_00661,cosign_05_00661,Chiều/CHIỀU_MAI_HOÀNG_XUÂN_ (2).mp4,pose_format/Chiều/CHIỀU_MAI_HOÀNG_XUÂN_ (2).pkl,5,Chiều,Chiều,"[""Chiều""]",signer_105,05_CHIỀU_MAI_HOÀNG_XUÂN_ (2),,True,5889402,train
cosign_05_00662,cosign_05_00662,Chiều/CHIỀU_MAI_HOÀNG_XUÂN_ (3).mp4,pose_format/Chiều/CHIỀU_MAI_HOÀNG_XUÂN_ (3).pkl,5,Chiều,Chiều,"[""Chiều""]",signer_105,05_CHIỀU_MAI_HOÀNG_XUÂN_ (3),,True,6205585,train
cosign_05_00663,cosign_05_00663,Chiều/CHIỀU_MAI_HOÀNG_XUÂN_ (4).mp4,pose_format/Chiều/CHIỀU_MAI_HOÀNG_XUÂN_ (4).pkl,5,Chiều,Chiều,"[""Chiều""]",signer_105,05_CHIỀU_MAI_HOÀNG_XUÂN_ (4),,True,5927910,train
cosign_05_00664,cosign_05_00664,Chiều/CHIỀU_MAI_HOÀNG_XUÂN_ (5).mp4,pose_format/Chiều/CHIỀU_MAI_HOÀNG_XUÂN_ (5).pkl,5,Chiều,Chiều,"[""Chiều""]",signer_105,05_CHIỀU_MAI_HOÀNG_XUÂN_ (5),,True,6041041,train
cosign_05_00665,cosign_05_00665,Chiều/CHIỀU_NGUYỄN_PHƯƠNG_ANH_ (1).mp4,pose_format/Chiều/CHIỀU_NGUYỄN_PHƯƠNG_ANH_ (1).pkl,5,Chiều,Chiều,"[""Chiều""]",signer_106,05_CHIỀU_NGUYỄN_PHƯƠNG_ANH_ (1),,True,5254103,train
cosign_05_00666,cosign_05_00666,Chiều/CHIỀU_NGUYỄN_PHƯƠNG_ANH_ (2).mp4,pose_format/Chiều/CHIỀU_NGUYỄN_PHƯƠNG_ANH_ (2).pkl,5,Chiều,Chiều,"[""Chiều""]",signer_106,05_CHIỀU_NGUYỄN_PHƯƠNG_ANH_ (2),,True,5900992,train
cosign_05_00667,cosign_05_00667,Chiều/CHIỀU_NGUYỄN_PHƯƠNG_ANH_ (3).mp4,pose_format/Chiều/CHIỀU_NGUYỄN_PHƯƠNG_ANH_ (3).pkl,5,Chiều,Chiều,"[""Chiều""]",signer_106,05_CHIỀU_NGUYỄN_PHƯƠNG_ANH_ (3),,True,6564824,train
cosign_05_00668,cosign_05_00668,Chiều/CHIỀU_NGUYỄN_PHƯƠNG_ANH_ (4).mp4,pose_format/Chiều/CHIỀU_NGUYỄN_PHƯƠNG_ANH_ (4).pkl,5,Chiều,Chiều,"[""Chiều""]",signer_106,05_CHIỀU_NGUYỄN_PHƯƠNG_ANH_ (4),,True,6441979,train
cosign_05_00669,cosign_05_00669,Chiều/CHIỀU_NGUYỄN_PHƯƠNG_ANH_ (5).mp4,pose_format/Chiều/CHIỀU_NGUYỄN_PHƯƠNG_ANH_ (5).pkl,5,Chiều,Chiều,"[""Chiều""]",signer_106,05_CHIỀU_NGUYỄN_PHƯƠNG_ANH_ (5),,True,6451135,train
cosign_05_00670,cosign_05_00670,Chiều/CHIỀU_NGUYỄN_QUÝ_DƯƠNG_1.mp4,pose_format/Chiều/CHIỀU_NGUYỄN_QUÝ_DƯƠNG_1.pkl,5,Chiều,Chiều,"[""Chiều""]",signer_107,05_CHIỀU_NGUYỄN_QUÝ_DƯƠNG_1,,True,6537527,train
cosign_05_00671,cosign_05_00671,Chiều/CHIỀU_NGUYỄN_QUÝ_DƯƠNG_2.mp4,pose_format/Chiều/CHIỀU_NGUYỄN_QUÝ_DƯƠNG_2.pkl,5,Chiều,Chiều,"[""Chiều""]",signer_107,05_CHIỀU_NGUYỄN_QUÝ_DƯƠNG_2,,True,6915429,train
cosign_05_00672,cosign_05_00672,Chiều/CHIỀU_NGUYỄN_QUÝ_DƯƠNG_3.mp4,pose_format/Chiều/CHIỀU_NGUYỄN_QUÝ_DƯƠNG_3.pkl,5,Chiều,Chiều,"[""Chiều""]",signer_107,05_CHIỀU_NGUYỄN_QUÝ_DƯƠNG_3,,True,6797991,train
cosign_05_00673,cosign_05_00673,Chiều/CHIỀU_NGUYỄN_QUÝ_DƯƠNG_4.mp4,pose_format/Chiều/CHIỀU_NGUYỄN_QUÝ_DƯƠNG_4.pkl,5,Chiều,Chiều,"[""Chiều""]",signer_107,05_CHIỀU_NGUYỄN_QUÝ_DƯƠNG_4,,True,6562347,train
cosign_05_00674,cosign_05_00674,Chiều/CHIỀU_NGUYỄN_QUÝ_DƯƠNG_5.mp4,pose_format/Chiều/CHIỀU_NGUYỄN_QUÝ_DƯƠNG_5.pkl,5,Chiều,Chiều,"[""Chiều""]",signer_107,05_CHIỀU_NGUYỄN_QUÝ_DƯƠNG_5,,True,6519413,train
cosign_05_00675,cosign_05_00675,Chiều/CHIỀU_NGUYỄN_THẠC_ANH_ (1).mp4,pose_format/Chiều/CHIỀU_NGUYỄN_THẠC_ANH_ (1).pkl,5,Chiều,Chiều,"[""Chiều""]",signer_108,05_CHIỀU_NGUYỄN_THẠC_ANH_ (1),,True,4680974,train
cosign_05_00676,cosign_05_00676,Chiều/CHIỀU_NGUYỄN_THẠC_ANH_ (2).mp4,pose_format/Chiều/CHIỀU_NGUYỄN_THẠC_ANH_ (2).pkl,5,Chiều,Chiều,"[""Chiều""]",signer_108,05_CHIỀU_NGUYỄN_THẠC_ANH_ (2),,True,6755813,train
cosign_05_00677,cosign_05_00677,Chiều/CHIỀU_NGUYỄN_THẠC_ANH_ (3).mp4,pose_format/Chiều/CHIỀU_NGUYỄN_THẠC_ANH_ (3).pkl,5,Chiều,Chiều,"[""Chiều""]",signer_108,05_CHIỀU_NGUYỄN_THẠC_ANH_ (3),,True,5008141,train
cosign_05_00678,cosign_05_00678,Chiều/CHIỀU_NGUYỄN_THẠC_ANH_ (4).mp4,pose_format/Chiều/CHIỀU_NGUYỄN_THẠC_ANH_ (4).pkl,5,Chiều,Chiều,"[""Chiều""]",signer_108,05_CHIỀU_NGUYỄN_THẠC_ANH_ (4),,True,5764122,train
cosign_05_00679,cosign_05_00679,Chiều/CHIỀU_NGUYỄN_THẠC_ANH_ (5).mp4,pose_format/Chiều/CHIỀU_NGUYỄN_THẠC_ANH_ (5).pkl,5,Chiều,Chiều,"[""Chiều""]",signer_108,05_CHIỀU_NGUYỄN_THẠC_ANH_ (5),,True,5921025,train
cosign_05_00680,cosign_05_00680,Chiều/CHIỀU_NGÔ_TUẤN_ANH_1.mp4,pose_format/Chiều/CHIỀU_NGÔ_TUẤN_ANH_1.pkl,5,Chiều,Chiều,"[""Chiều""]",signer_109,05_CHIỀU_NGÔ_TUẤN_ANH_1,,True,5041933,train
cosign_05_00681,cosign_05_00681,Chiều/CHIỀU_NGÔ_TUẤN_ANH_2.mp4,pose_format/Chiều/CHIỀU_NGÔ_TUẤN_ANH_2.pkl,5,Chiều,Chiều,"[""Chiều""]",signer_109,05_CHIỀU_NGÔ_TUẤN_ANH_2,,True,4790532,train
cosign_05_00682,cosign_05_00682,Chiều/CHIỀU_NGÔ_TUẤN_ANH_3.mp4,pose_format/Chiều/CHIỀU_NGÔ_TUẤN_ANH_3.pkl,5,Chiều,Chiều,"[""Chiều""]",signer_109,05_CHIỀU_NGÔ_TUẤN_ANH_3,,True,4595042,train
cosign_05_00683,cosign_05_00683,Chiều/CHIỀU_NGÔ_TUẤN_ANH_4.mp4,pose_format/Chiều/CHIỀU_NGÔ_TUẤN_ANH_4.pkl,5,Chiều,Chiều,"[""Chiều""]",signer_109,05_CHIỀU_NGÔ_TUẤN_ANH_4,,True,5115287,train
cosign_05_00684,cosign_05_00684,Chiều/CHIỀU_NGÔ_TUẤN_ANH_5.mp4,pose_format/Chiều/CHIỀU_NGÔ_TUẤN_ANH_5.pkl,5,Chiều,Chiều,"[""Chiều""]",signer_109,05_CHIỀU_NGÔ_TUẤN_ANH_5,,True,5145159,train
cosign_05_00685,cosign_05_00685,Chiều/CHIỀU_PHẠM_ĐÌNH_HẢI_(1).mp4,pose_format/Chiều/CHIỀU_PHẠM_ĐÌNH_HẢI_(1).pkl,5,Chiều,Chiều,"[""Chiều""]",signer_110,05_CHIỀU_PHẠM_ĐÌNH_HẢI_(1),,True,10338711,train
cosign_05_00686,cosign_05_00686,Chiều/CHIỀU_PHẠM_ĐÌNH_HẢI_(2).mp4,pose_format/Chiều/CHIỀU_PHẠM_ĐÌNH_HẢI_(2).pkl,5,Chiều,Chiều,"[""Chiều""]",signer_110,05_CHIỀU_PHẠM_ĐÌNH_HẢI_(2),,True,12059777,train
cosign_05_00687,cosign_05_00687,Chiều/CHIỀU_PHẠM_ĐÌNH_HẢI_(3).mp4,pose_format/Chiều/CHIỀU_PHẠM_ĐÌNH_HẢI_(3).pkl,5,Chiều,Chiều,"[""Chiều""]",signer_110,05_CHIỀU_PHẠM_ĐÌNH_HẢI_(3),,True,12729414,train
cosign_05_00688,cosign_05_00688,Chiều/CHIỀU_PHẠM_ĐÌNH_HẢI_(4).mp4,pose_format/Chiều/CHIỀU_PHẠM_ĐÌNH_HẢI_(4).pkl,5,Chiều,Chiều,"[""Chiều""]",signer_110,05_CHIỀU_PHẠM_ĐÌNH_HẢI_(4),,True,12424373,train
cosign_05_00689,cosign_05_00689,Chiều/CHIỀU_PHẠM_ĐÌNH_HẢI_(5).mp4,pose_format/Chiều/CHIỀU_PHẠM_ĐÌNH_HẢI_(5).pkl,5,Chiều,Chiều,"[""Chiều""]",signer_110,05_CHIỀU_PHẠM_ĐÌNH_HẢI_(5),,True,13604020,train
cosign_05_00690,cosign_05_00690,Chiều/CHIỀU_TRƯƠNG_NGỌC_DIỄM_ (1).mp4,pose_format/Chiều/CHIỀU_TRƯƠNG_NGỌC_DIỄM_ (1).pkl,5,Chiều,Chiều,"[""Chiều""]",signer_111,05_CHIỀU_TRƯƠNG_NGỌC_DIỄM_ (1),,True,5701689,train
cosign_05_00691,cosign_05_00691,Chiều/CHIỀU_TRƯƠNG_NGỌC_DIỄM_ (2).mp4,pose_format/Chiều/CHIỀU_TRƯƠNG_NGỌC_DIỄM_ (2).pkl,5,Chiều,Chiều,"[""Chiều""]",signer_111,05_CHIỀU_TRƯƠNG_NGỌC_DIỄM_ (2),,True,5646965,train
cosign_05_00692,cosign_05_00692,Chiều/CHIỀU_TRƯƠNG_NGỌC_DIỄM_ (3).mp4,pose_format/Chiều/CHIỀU_TRƯƠNG_NGỌC_DIỄM_ (3).pkl,5,Chiều,Chiều,"[""Chiều""]",signer_111,05_CHIỀU_TRƯƠNG_NGỌC_DIỄM_ (3),,True,5680747,train
cosign_05_00693,cosign_05_00693,Chiều/CHIỀU_TRƯƠNG_NGỌC_DIỄM_ (4).mp4,pose_format/Chiều/CHIỀU_TRƯƠNG_NGỌC_DIỄM_ (4).pkl,5,Chiều,Chiều,"[""Chiều""]",signer_111,05_CHIỀU_TRƯƠNG_NGỌC_DIỄM_ (4),,True,6435623,train
cosign_05_00694,cosign_05_00694,Chiều/CHIỀU_TRƯƠNG_NGỌC_DIỄM_ (5).mp4,pose_format/Chiều/CHIỀU_TRƯƠNG_NGỌC_DIỄM_ (5).pkl,5,Chiều,Chiều,"[""Chiều""]",signer_111,05_CHIỀU_TRƯƠNG_NGỌC_DIỄM_ (5),,True,5558650,train
cosign_05_00695,cosign_05_00695,Chiều/CHIỀU_TRẦN_TUẤN_MINH (1).mp4,pose_format/Chiều/CHIỀU_TRẦN_TUẤN_MINH (1).pkl,5,Chiều,Chiều,"[""Chiều""]",signer_112,05_CHIỀU_TRẦN_TUẤN_MINH (1),,True,6847465,train
cosign_05_00696,cosign_05_00696,Chiều/CHIỀU_TRẦN_TUẤN_MINH (2).mp4,pose_format/Chiều/CHIỀU_TRẦN_TUẤN_MINH (2).pkl,5,Chiều,Chiều,"[""Chiều""]",signer_112,05_CHIỀU_TRẦN_TUẤN_MINH (2),,True,7457100,train
cosign_05_00697,cosign_05_00697,Chiều/CHIỀU_TRẦN_TUẤN_MINH (3).mp4,pose_format/Chiều/CHIỀU_TRẦN_TUẤN_MINH (3).pkl,5,Chiều,Chiều,"[""Chiều""]",signer_112,05_CHIỀU_TRẦN_TUẤN_MINH (3),,True,7076036,train
cosign_05_00698,cosign_05_00698,Chiều/CHIỀU_TRẦN_TUẤN_MINH (4).mp4,pose_format/Chiều/CHIỀU_TRẦN_TUẤN_MINH (4).pkl,5,Chiều,Chiều,"[""Chiều""]",signer_112,05_CHIỀU_TRẦN_TUẤN_MINH (4),,True,7309696,train
cosign_05_00699,cosign_05_00699,Chiều/CHIỀU_TRẦN_TUẤN_MINH (5).mp4,pose_format/Chiều/CHIỀU_TRẦN_TUẤN_MINH (5).pkl,5,Chiều,Chiều,"[""Chiều""]",signer_112,05_CHIỀU_TRẦN_TUẤN_MINH (5),,True,7383593,train
cosign_05_00700,cosign_05_00700,Chiều/CHIỀU_TRẦN_ĐỨC_QUÂN_ (1).mp4,pose_format/Chiều/CHIỀU_TRẦN_ĐỨC_QUÂN_ (1).pkl,5,Chiều,Chiều,"[""Chiều""]",signer_113,05_CHIỀU_TRẦN_ĐỨC_QUÂN_ (1),,True,5415023,train
cosign_05_00701,cosign_05_00701,Chiều/CHIỀU_TRẦN_ĐỨC_QUÂN_ (2).mp4,pose_format/Chiều/CHIỀU_TRẦN_ĐỨC_QUÂN_ (2).pkl,5,Chiều,Chiều,"[""Chiều""]",signer_113,05_CHIỀU_TRẦN_ĐỨC_QUÂN_ (2),,True,5434085,train
cosign_05_00702,cosign_05_00702,Chiều/CHIỀU_TRẦN_ĐỨC_QUÂN_ (3).mp4,pose_format/Chiều/CHIỀU_TRẦN_ĐỨC_QUÂN_ (3).pkl,5,Chiều,Chiều,"[""Chiều""]",signer_113,05_CHIỀU_TRẦN_ĐỨC_QUÂN_ (3),,True,4954847,train
cosign_05_00703,cosign_05_00703,Chiều/CHIỀU_TRẦN_ĐỨC_QUÂN_ (4).mp4,pose_format/Chiều/CHIỀU_TRẦN_ĐỨC_QUÂN_ (4).pkl,5,Chiều,Chiều,"[""Chiều""]",signer_113,05_CHIỀU_TRẦN_ĐỨC_QUÂN_ (4),,True,4873026,train
cosign_05_00704,cosign_05_00704,Chiều/CHIỀU_TRẦN_ĐỨC_QUÂN_ (5).mp4,pose_format/Chiều/CHIỀU_TRẦN_ĐỨC_QUÂN_ (5).pkl,5,Chiều,Chiều,"[""Chiều""]",signer_113,05_CHIỀU_TRẦN_ĐỨC_QUÂN_ (5),,True,5057254,train
cosign_05_00705,cosign_05_00705,Chiều/CHIỀU_TẠ_THỊ_PHƯƠNG_LINH_ (1).mp4,pose_format/Chiều/CHIỀU_TẠ_THỊ_PHƯƠNG_LINH_ (1).pkl,5,Chiều,Chiều,"[""Chiều""]",signer_114,05_CHIỀU_TẠ_THỊ_PHƯƠNG_LINH_ (1),,True,3230663,train
cosign_05_00706,cosign_05_00706,Chiều/CHIỀU_TẠ_THỊ_PHƯƠNG_LINH_ (2).mp4,pose_format/Chiều/CHIỀU_TẠ_THỊ_PHƯƠNG_LINH_ (2).pkl,5,Chiều,Chiều,"[""Chiều""]",signer_114,05_CHIỀU_TẠ_THỊ_PHƯƠNG_LINH_ (2),,True,3213165,train
cosign_05_00707,cosign_05_00707,Chiều/CHIỀU_TẠ_THỊ_PHƯƠNG_LINH_ (3).mp4,pose_format/Chiều/CHIỀU_TẠ_THỊ_PHƯƠNG_LINH_ (3).pkl,5,Chiều,Chiều,"[""Chiều""]",signer_114,05_CHIỀU_TẠ_THỊ_PHƯƠNG_LINH_ (3),,True,3485076,train
cosign_05_00708,cosign_05_00708,Chiều/CHIỀU_TẠ_THỊ_PHƯƠNG_LINH_ (4).mp4,pose_format/Chiều/CHIỀU_TẠ_THỊ_PHƯƠNG_LINH_ (4).pkl,5,Chiều,Chiều,"[""Chiều""]",signer_114,05_CHIỀU_TẠ_THỊ_PHƯƠNG_LINH_ (4),,True,3037781,train
cosign_05_00709,cosign_05_00709,Chiều/CHIỀU_TẠ_THỊ_PHƯƠNG_LINH_ (5).mp4,pose_format/Chiều/CHIỀU_TẠ_THỊ_PHƯƠNG_LINH_ (5).pkl,5,Chiều,Chiều,"[""Chiều""]",signer_114,05_CHIỀU_TẠ_THỊ_PHƯƠNG_LINH_ (5),,True,3327413,train
cosign_05_00710,cosign_05_00710,Chiều/CHIỀU_VŨ_HUY_DU_ (1).mp4,pose_format/Chiều/CHIỀU_VŨ_HUY_DU_ (1).pkl,5,Chiều,Chiều,"[""Chiều""]",signer_115,05_CHIỀU_VŨ_HUY_DU_ (1),,True,5256090,train
cosign_05_00711,cosign_05_00711,Chiều/CHIỀU_VŨ_HUY_DU_ (2).mp4,pose_format/Chiều/CHIỀU_VŨ_HUY_DU_ (2).pkl,5,Chiều,Chiều,"[""Chiều""]",signer_115,05_CHIỀU_VŨ_HUY_DU_ (2),,True,6137670,train
cosign_05_00712,cosign_05_00712,Chiều/CHIỀU_VŨ_HUY_DU_ (3).mp4,pose_format/Chiều/CHIỀU_VŨ_HUY_DU_ (3).pkl,5,Chiều,Chiều,"[""Chiều""]",signer_115,05_CHIỀU_VŨ_HUY_DU_ (3),,True,6097875,train
cosign_05_00713,cosign_05_00713,Chiều/CHIỀU_VŨ_HUY_DU_ (4).mp4,pose_format/Chiều/CHIỀU_VŨ_HUY_DU_ (4).pkl,5,Chiều,Chiều,"[""Chiều""]",signer_115,05_CHIỀU_VŨ_HUY_DU_ (4),,True,6027734,train
cosign_05_00714,cosign_05_00714,Chiều/CHIỀU_VŨ_HUY_DU_ (5).mp4,pose_format/Chiều/CHIỀU_VŨ_HUY_DU_ (5).pkl,5,Chiều,Chiều,"[""Chiều""]",signer_115,05_CHIỀU_VŨ_HUY_DU_ (5),,True,6377982,train
cosign_05_00715,cosign_05_00715,Chiều/CHIỀU_VŨ_KẾT_ĐỒNG_1.mp4,pose_format/Chiều/CHIỀU_VŨ_KẾT_ĐỒNG_1.pkl,5,Chiều,Chiều,"[""Chiều""]",signer_116,05_CHIỀU_VŨ_KẾT_ĐỒNG_1,,True,6468694,train
cosign_05_00716,cosign_05_00716,Chiều/CHIỀU_VŨ_KẾT_ĐỒNG_2.mp4,pose_format/Chiều/CHIỀU_VŨ_KẾT_ĐỒNG_2.pkl,5,Chiều,Chiều,"[""Chiều""]",signer_116,05_CHIỀU_VŨ_KẾT_ĐỒNG_2,,True,6894537,train
cosign_05_00717,cosign_05_00717,Chiều/CHIỀU_VŨ_KẾT_ĐỒNG_3.mp4,pose_format/Chiều/CHIỀU_VŨ_KẾT_ĐỒNG_3.pkl,5,Chiều,Chiều,"[""Chiều""]",signer_116,05_CHIỀU_VŨ_KẾT_ĐỒNG_3,,True,7020174,train
cosign_05_00718,cosign_05_00718,Chiều/CHIỀU_VŨ_KẾT_ĐỒNG_4.mp4,pose_format/Chiều/CHIỀU_VŨ_KẾT_ĐỒNG_4.pkl,5,Chiều,Chiều,"[""Chiều""]",signer_116,05_CHIỀU_VŨ_KẾT_ĐỒNG_4,,True,6486627,train
cosign_05_00719,cosign_05_00719,Chiều/CHIỀU_VŨ_KẾT_ĐỒNG_5.mp4,pose_format/Chiều/CHIỀU_VŨ_KẾT_ĐỒNG_5.pkl,5,Chiều,Chiều,"[""Chiều""]",signer_116,05_CHIỀU_VŨ_KẾT_ĐỒNG_5,,True,5352194,train
cosign_05_00720,cosign_05_00720,Chiều/CHIỀU__NGUYỄN_HOÀNG_ĐIỆP_ (1).mp4,pose_format/Chiều/CHIỀU__NGUYỄN_HOÀNG_ĐIỆP_ (1).pkl,5,Chiều,Chiều,"[""Chiều""]",signer_117,05_CHIỀU__NGUYỄN_HOÀNG_ĐIỆP_ (1),,True,6497073,train
cosign_05_00721,cosign_05_00721,Chiều/CHIỀU__NGUYỄN_HOÀNG_ĐIỆP_ (2).mp4,pose_format/Chiều/CHIỀU__NGUYỄN_HOÀNG_ĐIỆP_ (2).pkl,5,Chiều,Chiều,"[""Chiều""]",signer_117,05_CHIỀU__NGUYỄN_HOÀNG_ĐIỆP_ (2),,True,7958099,train
cosign_05_00722,cosign_05_00722,Chiều/CHIỀU__NGUYỄN_HOÀNG_ĐIỆP_ (3).mp4,pose_format/Chiều/CHIỀU__NGUYỄN_HOÀNG_ĐIỆP_ (3).pkl,5,Chiều,Chiều,"[""Chiều""]",signer_117,05_CHIỀU__NGUYỄN_HOÀNG_ĐIỆP_ (3),,True,7808033,train
cosign_05_00723,cosign_05_00723,Chiều/CHIỀU__NGUYỄN_HOÀNG_ĐIỆP_ (4).mp4,pose_format/Chiều/CHIỀU__NGUYỄN_HOÀNG_ĐIỆP_ (4).pkl,5,Chiều,Chiều,"[""Chiều""]",signer_117,05_CHIỀU__NGUYỄN_HOÀNG_ĐIỆP_ (4),,True,7473455,train
cosign_05_00724,cosign_05_00724,Chiều/CHIỀU__NGUYỄN_HOÀNG_ĐIỆP_ (5).mp4,pose_format/Chiều/CHIỀU__NGUYỄN_HOÀNG_ĐIỆP_ (5).pkl,5,Chiều,Chiều,"[""Chiều""]",signer_117,05_CHIỀU__NGUYỄN_HOÀNG_ĐIỆP_ (5),,True,7470670,train
cosign_05_00725,cosign_05_00725,Chiều/Chiều_LQM.mp4,pose_format/Chiều/Chiều_LQM.pkl,5,Chiều,Chiều,"[""Chiều""]",signer_118,05_Chiều_LQM,,True,7969467,train
cosign_05_00726,cosign_05_00726,Chiều/Chiều_LQM (2).mp4,pose_format/Chiều/Chiều_LQM (2).pkl,5,Chiều,Chiều,"[""Chiều""]",signer_118,05_Chiều_LQM (2),,True,9370707,train
cosign_05_00727,cosign_05_00727,Chiều/Chiều_LQM (3).mp4,pose_format/Chiều/Chiều_LQM (3).pkl,5,Chiều,Chiều,"[""Chiều""]",signer_118,05_Chiều_LQM (3),,True,9683707,train
cosign_05_00728,cosign_05_00728,Chiều/Chiều_LQM (4).mp4,pose_format/Chiều/Chiều_LQM (4).pkl,5,Chiều,Chiều,"[""Chiều""]",signer_118,05_Chiều_LQM (4),,True,8267470,train
cosign_05_00729,cosign_05_00729,Chiều/Chiều_LQM (5).mp4,pose_format/Chiều/Chiều_LQM (5).pkl,5,Chiều,Chiều,"[""Chiều""]",signer_118,05_Chiều_LQM (5),,True,8305761,train
cosign_05_00730,cosign_05_00730,Chiều/Chiều_MVT.mp4,pose_format/Chiều/Chiều_MVT.pkl,5,Chiều,Chiều,"[""Chiều""]",signer_119,05_Chiều_MVT,,True,9561842,train
cosign_05_00731,cosign_05_00731,Chiều/Chiều_MVT (2).mp4,pose_format/Chiều/Chiều_MVT (2).pkl,5,Chiều,Chiều,"[""Chiều""]",signer_119,05_Chiều_MVT (2),,True,9891400,train
cosign_05_00732,cosign_05_00732,Chiều/Chiều_MVT (3).mp4,pose_format/Chiều/Chiều_MVT (3).pkl,5,Chiều,Chiều,"[""Chiều""]",signer_119,05_Chiều_MVT (3),,True,9506248,train
cosign_05_00733,cosign_05_00733,Chiều/Chiều_MVT (4).mp4,pose_format/Chiều/Chiều_MVT (4).pkl,5,Chiều,Chiều,"[""Chiều""]",signer_119,05_Chiều_MVT (4),,True,9295127,train
cosign_05_00734,cosign_05_00734,Chiều/Chiều_MVT (5).mp4,pose_format/Chiều/Chiều_MVT (5).pkl,5,Chiều,Chiều,"[""Chiều""]",signer_119,05_Chiều_MVT (5),,True,9600260,train
cosign_05_00735,cosign_05_00735,Chiều/Lê Phương Thảo _12_Chiều_1692753491.5768375_0_cut.avi,pose_format/Chiều/Lê Phương Thảo _12_Chiều_1692753491.5768375_0_cut.pkl,5,Chiều,Chiều,"[""Chiều""]",signer_019,05_Lê Phương Thảo _12_Chiều_1692753491.5768375_0,,True,689368,train
cosign_05_00736,cosign_05_00736,Chiều/Lê Phương Thảo _12_Chiều_1692753491.5768375_0_frames_35.avi,pose_format/Chiều/Lê Phương Thảo _12_Chiều_1692753491.5768375_0_frames_35.pkl,5,Chiều,Chiều,"[""Chiều""]",signer_019,05_Lê Phương Thảo _12_Chiều_1692753491.5768375_0,05_Lê Phương Thảo _12_Chiều_1692753491.5768375_0,False,842590,train
cosign_05_00737,cosign_05_00737,Chiều/Lê Phương Thảo _12_Chiều_1692753491.5768375_0_frames_40.avi,pose_format/Chiều/Lê Phương Thảo _12_Chiều_1692753491.5768375_0_frames_40.pkl,5,Chiều,Chiều,"[""Chiều""]",signer_019,05_Lê Phương Thảo _12_Chiều_1692753491.5768375_0,05_Lê Phương Thảo _12_Chiều_1692753491.5768375_0,False,842590,train
cosign_05_00738,cosign_05_00738,Chiều/Lê Thanh Như_12_Chiều_1692753513.668999_0_cut.avi,pose_format/Chiều/Lê Thanh Như_12_Chiều_1692753513.668999_0_cut.pkl,5,Chiều,Chiều,"[""Chiều""]",signer_020,05_Lê Thanh Như_12_Chiều_1692753513.668999_0,,True,1023780,train
cosign_05_00739,cosign_05_00739,Chiều/Lê Thanh Như_12_Chiều_1692753513.668999_0_frames_35.avi,pose_format/Chiều/Lê Thanh Như_12_Chiều_1692753513.668999_0_frames_35.pkl,5,Chiều,Chiều,"[""Chiều""]",signer_020,05_Lê Thanh Như_12_Chiều_1692753513.668999_0,05_Lê Thanh Như_12_Chiều_1692753513.668999_0,False,1194052,train
cosign_05_00740,cosign_05_00740,Chiều/Lê Thanh Như_12_Chiều_1692753513.668999_0_frames_40.avi,pose_format/Chiều/Lê Thanh Như_12_Chiều_1692753513.668999_0_frames_40.pkl,5,Chiều,Chiều,"[""Chiều""]",signer_020,05_Lê Thanh Như_12_Chiều_1692753513.668999_0,05_Lê Thanh Như_12_Chiều_1692753513.668999_0,False,1194052,train
cosign_05_00741,cosign_05_00741,Chiều/Nguyễn Gia Bảo_10_chiều_1692753505.9297516_0_cut.avi,pose_format/Chiều/Nguyễn Gia Bảo_10_chiều_1692753505.9297516_0_cut.pkl,5,Chiều,Chiều,"[""Chiều""]",signer_021,05_Nguyễn Gia Bảo_10_chiều_1692753505.9297516_0,,True,1456086,train
cosign_05_00742,cosign_05_00742,Chiều/Nguyễn Gia Bảo_10_chiều_1692753505.9297516_0_frames_35.avi,pose_format/Chiều/Nguyễn Gia Bảo_10_chiều_1692753505.9297516_0_frames_35.pkl,5,Chiều,Chiều,"[""Chiều""]",signer_021,05_Nguyễn Gia Bảo_10_chiều_1692753505.9297516_0,05_Nguyễn Gia Bảo_10_chiều_1692753505.9297516_0,False,1820662,train
cosign_05_00743,cosign_05_00743,Chiều/Nguyễn Gia Bảo_10_chiều_1692753505.9297516_0_frames_40.avi,pose_format/Chiều/Nguyễn Gia Bảo_10_chiều_1692753505.9297516_0_frames_40.pkl,5,Chiều,Chiều,"[""Chiều""]",signer_021,05_Nguyễn Gia Bảo_10_chiều_1692753505.9297516_0,05_Nguyễn Gia Bảo_10_chiều_1692753505.9297516_0,False,1820662,train
cosign_05_00744,cosign_05_00744,Chiều/Nguyễn Thị Huyền_35_chiều_1692861545.920145_0_cut.avi,pose_format/Chiều/Nguyễn Thị Huyền_35_chiều_1692861545.920145_0_cut.pkl,5,Chiều,Chiều,"[""Chiều""]",signer_022,05_Nguyễn Thị Huyền_35_chiều_1692861545.920145_0,,True,1322272,train
cosign_05_00745,cosign_05_00745,Chiều/Nguyễn Thị Huyền_35_chiều_1692861545.920145_0_frames_35.avi,pose_format/Chiều/Nguyễn Thị Huyền_35_chiều_1692861545.920145_0_frames_35.pkl,5,Chiều,Chiều,"[""Chiều""]",signer_022,05_Nguyễn Thị Huyền_35_chiều_1692861545.920145_0,05_Nguyễn Thị Huyền_35_chiều_1692861545.920145_0,False,1620758,train
cosign_05_00746,cosign_05_00746,Chiều/Nguyễn Thị Huyền_35_chiều_1692861545.920145_0_frames_40.avi,pose_format/Chiều/Nguyễn Thị Huyền_35_chiều_1692861545.920145_0_frames_40.pkl,5,Chiều,Chiều,"[""Chiều""]",signer_022,05_Nguyễn Thị Huyền_35_chiều_1692861545.920145_0,05_Nguyễn Thị Huyền_35_chiều_1692861545.920145_0,False,1620758,train
cosign_05_00747,cosign_05_00747,Chiều/Nguyễn Thị Hồng_32_Chiều_1692945859.766693_0_cut.avi,pose_format/Chiều/Nguyễn Thị Hồng_32_Chiều_1692945859.766693_0_cut.pkl,5,Chiều,Chiều,"[""Chiều""]",signer_023,05_Nguyễn Thị Hồng_32_Chiều_1692945859.766693_0,,True,891462,train
cosign_05_00748,cosign_05_00748,Chiều/Nguyễn Thị Hồng_32_Chiều_1692945859.766693_0_frames_35.avi,pose_format/Chiều/Nguyễn Thị Hồng_32_Chiều_1692945859.766693_0_frames_35.pkl,5,Chiều,Chiều,"[""Chiều""]",signer_023,05_Nguyễn Thị Hồng_32_Chiều_1692945859.766693_0,05_Nguyễn Thị Hồng_32_Chiều_1692945859.766693_0,False,1086286,train
cosign_05_00749,cosign_05_00749,Chiều/Nguyễn Thị Hồng_32_Chiều_1692945859.766693_0_frames_40.avi,pose_format/Chiều/Nguyễn Thị Hồng_32_Chiều_1692945859.766693_0_frames_40.pkl,5,Chiều,Chiều,"[""Chiều""]",signer_023,05_Nguyễn Thị Hồng_32_Chiều_1692945859.766693_0,05_Nguyễn Thị Hồng_32_Chiều_1692945859.766693_0,False,1086286,train
cosign_05_00750,cosign_05_00750,Chiều/Nguyễn Thị Thu Trang_38_Chiều_1692841671.4405866_0_cut.avi,pose_format/Chiều/Nguyễn Thị Thu Trang_38_Chiều_1692841671.4405866_0_cut.pkl,5,Chiều,Chiều,"[""Chiều""]",signer_025,05_Nguyễn Thị Thu Trang_38_Chiều_1692841671.4405866_0,,True,1013504,train
cosign_05_00751,cosign_05_00751,Chiều/Nguyễn Thị Thu Trang_38_Chiều_1692841671.4405866_0_frames_35.avi,pose_format/Chiều/Nguyễn Thị Thu Trang_38_Chiều_1692841671.4405866_0_frames_35.pkl,5,Chiều,Chiều,"[""Chiều""]",signer_025,05_Nguyễn Thị Thu Trang_38_Chiều_1692841671.4405866_0,05_Nguyễn Thị Thu Trang_38_Chiều_1692841671.4405866_0,False,1364966,train
cosign_05_00752,cosign_05_00752,Chiều/Nguyễn Thị Thu Trang_38_Chiều_1692841671.4405866_0_frames_40.avi,pose_format/Chiều/Nguyễn Thị Thu Trang_38_Chiều_1692841671.4405866_0_frames_40.pkl,5,Chiều,Chiều,"[""Chiều""]",signer_025,05_Nguyễn Thị Thu Trang_38_Chiều_1692841671.4405866_0,05_Nguyễn Thị Thu Trang_38_Chiều_1692841671.4405866_0,False,1364966,train
cosign_05_00753,cosign_05_00753,Chiều/Phạm Thị Mai Hương_32_Chiều_1692614930.3423808_0_cut.avi,pose_format/Chiều/Phạm Thị Mai Hương_32_Chiều_1692614930.3423808_0_cut.pkl,5,Chiều,Chiều,"[""Chiều""]",signer_066,05_Phạm Thị Mai Hương_32_Chiều_1692614930.3423808_0,,True,1732724,train
cosign_05_00754,cosign_05_00754,Chiều/Phạm Thị Mai Hương_32_Chiều_1692614930.3423808_0_frames_35.avi,pose_format/Chiều/Phạm Thị Mai Hương_32_Chiều_1692614930.3423808_0_frames_35.pkl,5,Chiều,Chiều,"[""Chiều""]",signer_066,05_Phạm Thị Mai Hương_32_Chiều_1692614930.3423808_0,05_Phạm Thị Mai Hương_32_Chiều_1692614930.3423808_0,False,2268860,train
cosign_05_00755,cosign_05_00755,Chiều/Phạm Thị Mai Hương_32_Chiều_1692614930.3423808_0_frames_40.avi,pose_format/Chiều/Phạm Thị Mai Hương_32_Chiều_1692614930.3423808_0_frames_40.pkl,5,Chiều,Chiều,"[""Chiều""]",signer_066,05_Phạm Thị Mai Hương_32_Chiều_1692614930.3423808_0,05_Phạm Thị Mai Hương_32_Chiều_1692614930.3423808_0,False,2268860,train
cosign_05_00756,cosign_05_00756,Chiều/Trần Thị Vân Anh_39_chiều_1692946217.2896197_0_cut.avi,pose_format/Chiều/Trần Thị Vân Anh_39_chiều_1692946217.2896197_0_cut.pkl,5,Chiều,Chiều,"[""Chiều""]",signer_026,05_Trần Thị Vân Anh_39_chiều_1692946217.2896197_0,,True,814436,train
cosign_05_00757,cosign_05_00757,Chiều/Trần Thị Vân Anh_39_chiều_1692946217.2896197_0_frames_35.avi,pose_format/Chiều/Trần Thị Vân Anh_39_chiều_1692946217.2896197_0_frames_35.pkl,5,Chiều,Chiều,"[""Chiều""]",signer_026,05_Trần Thị Vân Anh_39_chiều_1692946217.2896197_0,05_Trần Thị Vân Anh_39_chiều_1692946217.2896197_0,False,1014876,train
cosign_05_00758,cosign_05_00758,Chiều/Trần Thị Vân Anh_39_chiều_1692946217.2896197_0_frames_40.avi,pose_format/Chiều/Trần Thị Vân Anh_39_chiều_1692946217.2896197_0_frames_40.pkl,5,Chiều,Chiều,"[""Chiều""]",signer_026,05_Trần Thị Vân Anh_39_chiều_1692946217.2896197_0,05_Trần Thị Vân Anh_39_chiều_1692946217.2896197_0,False,1014876,train
cosign_05_00759,cosign_05_00759,Chiều/Trần Xuân Ngọc_41_chiều_1692782199.486322_0_cut.avi,pose_format/Chiều/Trần Xuân Ngọc_41_chiều_1692782199.486322_0_cut.pkl,5,Chiều,Chiều,"[""Chiều""]",signer_027,05_Trần Xuân Ngọc_41_chiều_1692782199.486322_0,,True,931900,train
cosign_05_00760,cosign_05_00760,Chiều/Trần Xuân Ngọc_41_chiều_1692782199.486322_0_frames_35.avi,pose_format/Chiều/Trần Xuân Ngọc_41_chiều_1692782199.486322_0_frames_35.pkl,5,Chiều,Chiều,"[""Chiều""]",signer_027,05_Trần Xuân Ngọc_41_chiều_1692782199.486322_0,05_Trần Xuân Ngọc_41_chiều_1692782199.486322_0,False,1203796,train
cosign_05_00761,cosign_05_00761,Chiều/Trần Xuân Ngọc_41_chiều_1692782199.486322_0_frames_40.avi,pose_format/Chiều/Trần Xuân Ngọc_41_chiều_1692782199.486322_0_frames_40.pkl,5,Chiều,Chiều,"[""Chiều""]",signer_027,05_Trần Xuân Ngọc_41_chiều_1692782199.486322_0,05_Trần Xuân Ngọc_41_chiều_1692782199.486322_0,False,1203796,train
cosign_05_00762,cosign_05_00762,Chiều/Vũ Thị Thu Phương_37_chiều_1692864240.0615127_0_cut.avi,pose_format/Chiều/Vũ Thị Thu Phương_37_chiều_1692864240.0615127_0_cut.pkl,5,Chiều,Chiều,"[""Chiều""]",signer_028,05_Vũ Thị Thu Phương_37_chiều_1692864240.0615127_0,,True,995738,train
cosign_05_00763,cosign_05_00763,Chiều/Vũ Thị Thu Phương_37_chiều_1692864240.0615127_0_frames_35.avi,pose_format/Chiều/Vũ Thị Thu Phương_37_chiều_1692864240.0615127_0_frames_35.pkl,5,Chiều,Chiều,"[""Chiều""]",signer_028,05_Vũ Thị Thu Phương_37_chiều_1692864240.0615127_0,05_Vũ Thị Thu Phương_37_chiều_1692864240.0615127_0,False,1153946,train
cosign_05_00764,cosign_05_00764,Chiều/Vũ Thị Thu Phương_37_chiều_1692864240.0615127_0_frames_40.avi,pose_format/Chiều/Vũ Thị Thu Phương_37_chiều_1692864240.0615127_0_frames_40.pkl,5,Chiều,Chiều,"[""Chiều""]",signer_028,05_Vũ Thị Thu Phương_37_chiều_1692864240.0615127_0,05_Vũ Thị Thu Phương_37_chiều_1692864240.0615127_0,False,1153946,train
cosign_05_00765,cosign_05_00765,Chiều/Đoàn Thị Thu Thủy_40_chiều_1692951099.6221418_0_cut.avi,pose_format/Chiều/Đoàn Thị Thu Thủy_40_chiều_1692951099.6221418_0_cut.pkl,5,Chiều,Chiều,"[""Chiều""]",signer_029,05_Đoàn Thị Thu Thủy_40_chiều_1692951099.6221418_0,,True,1160390,train
cosign_05_00766,cosign_05_00766,Chiều/Đoàn Thị Thu Thủy_40_chiều_1692951099.6221418_0_frames_35.avi,pose_format/Chiều/Đoàn Thị Thu Thủy_40_chiều_1692951099.6221418_0_frames_35.pkl,5,Chiều,Chiều,"[""Chiều""]",signer_029,05_Đoàn Thị Thu Thủy_40_chiều_1692951099.6221418_0,05_Đoàn Thị Thu Thủy_40_chiều_1692951099.6221418_0,False,1431058,train
cosign_05_00767,cosign_05_00767,Chiều/Đoàn Thị Thu Thủy_40_chiều_1692951099.6221418_0_frames_40.avi,pose_format/Chiều/Đoàn Thị Thu Thủy_40_chiều_1692951099.6221418_0_frames_40.pkl,5,Chiều,Chiều,"[""Chiều""]",signer_029,05_Đoàn Thị Thu Thủy_40_chiều_1692951099.6221418_0,05_Đoàn Thị Thu Thủy_40_chiều_1692951099.6221418_0,False,1431058,train
cosign_05_00768,cosign_05_00768,Chiều/Đặng Thị Kiên_37_chiều_1693125147.9835665_0_frames_35.avi,pose_format/Chiều/Đặng Thị Kiên_37_chiều_1693125147.9835665_0_frames_35.pkl,5,Chiều,Chiều,"[""Chiều""]",signer_030,05_Đặng Thị Kiên_37_chiều_1693125147.9835665_0,,True,1220988,train
cosign_05_00769,cosign_05_00769,Chiều/Đặng Thị Kiên_37_chiều_1693125147.9835665_0_frames_40.avi,pose_format/Chiều/Đặng Thị Kiên_37_chiều_1693125147.9835665_0_frames_40.pkl,5,Chiều,Chiều,"[""Chiều""]",signer_030,05_Đặng Thị Kiên_37_chiều_1693125147.9835665_0,05_Đặng Thị Kiên_37_chiều_1693125147.9835665_0,False,1220988,train
cosign_05_00770,cosign_05_00770,Chiều/Đỗ Thị Vấn_41_chiều_1692778585.3276248_0_cut.avi,pose_format/Chiều/Đỗ Thị Vấn_41_chiều_1692778585.3276248_0_cut.pkl,5,Chiều,Chiều,"[""Chiều""]",signer_031,05_Đỗ Thị Vấn_41_chiều_1692778585.3276248_0,,True,1441104,train
cosign_05_00771,cosign_05_00771,Chiều/Đỗ Thị Vấn_41_chiều_1692778585.3276248_0_frames_35.avi,pose_format/Chiều/Đỗ Thị Vấn_41_chiều_1692778585.3276248_0_frames_35.pkl,5,Chiều,Chiều,"[""Chiều""]",signer_031,05_Đỗ Thị Vấn_41_chiều_1692778585.3276248_0,05_Đỗ Thị Vấn_41_chiều_1692778585.3276248_0,False,1873804,train
cosign_05_00772,cosign_05_00772,Chiều/Đỗ Thị Vấn_41_chiều_1692778585.3276248_0_frames_40.avi,pose_format/Chiều/Đỗ Thị Vấn_41_chiều_1692778585.3276248_0_frames_40.pkl,5,Chiều,Chiều,"[""Chiều""]",signer_031,05_Đỗ Thị Vấn_41_chiều_1692778585.3276248_0,05_Đỗ Thị Vấn_41_chiều_1692778585.3276248_0,False,1873804,train
cosign_06_00773,cosign_06_00773,Chào/CHÀO_BÙI_MAI_CHI_ (1).mp4,pose_format/Chào/CHÀO_BÙI_MAI_CHI_ (1).pkl,6,Chào,Chào,"[""Chào""]",signer_120,06_CHÀO_BÙI_MAI_CHI_ (1),,True,7227532,train
cosign_06_00774,cosign_06_00774,Chào/CHÀO_BÙI_MAI_CHI_ (2).mp4,pose_format/Chào/CHÀO_BÙI_MAI_CHI_ (2).pkl,6,Chào,Chào,"[""Chào""]",signer_120,06_CHÀO_BÙI_MAI_CHI_ (2),,True,7124839,train
cosign_06_00775,cosign_06_00775,Chào/CHÀO_BÙI_MAI_CHI_ (3).mp4,pose_format/Chào/CHÀO_BÙI_MAI_CHI_ (3).pkl,6,Chào,Chào,"[""Chào""]",signer_120,06_CHÀO_BÙI_MAI_CHI_ (3),,True,6732705,train
cosign_06_00776,cosign_06_00776,Chào/CHÀO_BÙI_MAI_CHI_ (4).mp4,pose_format/Chào/CHÀO_BÙI_MAI_CHI_ (4).pkl,6,Chào,Chào,"[""Chào""]",signer_120,06_CHÀO_BÙI_MAI_CHI_ (4),,True,6771877,train
cosign_06_00777,cosign_06_00777,Chào/CHÀO_BÙI_MAI_CHI_ (5).mp4,pose_format/Chào/CHÀO_BÙI_MAI_CHI_ (5).pkl,6,Chào,Chào,"[""Chào""]",signer_120,06_CHÀO_BÙI_MAI_CHI_ (5),,True,6919142,train
cosign_06_00778,cosign_06_00778,Chào/CHÀO_BÙI_MẬU_VĂN_ (1).mp4,pose_format/Chào/CHÀO_BÙI_MẬU_VĂN_ (1).pkl,6,Chào,Chào,"[""Chào""]",signer_121,06_CHÀO_BÙI_MẬU_VĂN_ (1),,True,6181050,train
cosign_06_00779,cosign_06_00779,Chào/CHÀO_BÙI_MẬU_VĂN_ (2).mp4,pose_format/Chào/CHÀO_BÙI_MẬU_VĂN_ (2).pkl,6,Chào,Chào,"[""Chào""]",signer_121,06_CHÀO_BÙI_MẬU_VĂN_ (2),,True,6767267,train
cosign_06_00780,cosign_06_00780,Chào/CHÀO_BÙI_MẬU_VĂN_ (3).mp4,pose_format/Chào/CHÀO_BÙI_MẬU_VĂN_ (3).pkl,6,Chào,Chào,"[""Chào""]",signer_121,06_CHÀO_BÙI_MẬU_VĂN_ (3),,True,6374884,train
cosign_06_00781,cosign_06_00781,Chào/CHÀO_BÙI_MẬU_VĂN_ (4).mp4,pose_format/Chào/CHÀO_BÙI_MẬU_VĂN_ (4).pkl,6,Chào,Chào,"[""Chào""]",signer_121,06_CHÀO_BÙI_MẬU_VĂN_ (4),,True,5919583,train
cosign_06_00782,cosign_06_00782,Chào/CHÀO_BÙI_MẬU_VĂN_ (5).mp4,pose_format/Chào/CHÀO_BÙI_MẬU_VĂN_ (5).pkl,6,Chào,Chào,"[""Chào""]",signer_121,06_CHÀO_BÙI_MẬU_VĂN_ (5),,True,5494896,train
cosign_06_00783,cosign_06_00783,Chào/CHÀO_LẠI_QUANG_VINH_(1).mp4,pose_format/Chào/CHÀO_LẠI_QUANG_VINH_(1).pkl,6,Chào,Chào,"[""Chào""]",signer_122,06_CHÀO_LẠI_QUANG_VINH_(1),,True,2668820,train
cosign_06_00784,cosign_06_00784,Chào/CHÀO_LẠI_QUANG_VINH_(2).mp4,pose_format/Chào/CHÀO_LẠI_QUANG_VINH_(2).pkl,6,Chào,Chào,"[""Chào""]",signer_122,06_CHÀO_LẠI_QUANG_VINH_(2),,True,2807850,train
cosign_06_00785,cosign_06_00785,Chào/CHÀO_LẠI_QUANG_VINH_(3).mp4,pose_format/Chào/CHÀO_LẠI_QUANG_VINH_(3).pkl,6,Chào,Chào,"[""Chào""]",signer_122,06_CHÀO_LẠI_QUANG_VINH_(3),,True,2761577,train
cosign_06_00786,cosign_06_00786,Chào/CHÀO_LẠI_QUANG_VINH_(4).mp4,pose_format/Chào/CHÀO_LẠI_QUANG_VINH_(4).pkl,6,Chào,Chào,"[""Chào""]",signer_122,06_CHÀO_LẠI_QUANG_VINH_(4),,True,2625199,train
cosign_06_00787,cosign_06_00787,Chào/CHÀO_LẠI_QUANG_VINH_(5).mp4,pose_format/Chào/CHÀO_LẠI_QUANG_VINH_(5).pkl,6,Chào,Chào,"[""Chào""]",signer_122,06_CHÀO_LẠI_QUANG_VINH_(5),,True,2761794,train
cosign_06_00788,cosign_06_00788,Chào/CHÀO_MAI_HOÀNG_XUÂN_ (1).mp4,pose_format/Chào/CHÀO_MAI_HOÀNG_XUÂN_ (1).pkl,6,Chào,Chào,"[""Chào""]",signer_123,06_CHÀO_MAI_HOÀNG_XUÂN_ (1),,True,6612979,train
cosign_06_00789,cosign_06_00789,Chào/CHÀO_MAI_HOÀNG_XUÂN_ (2).mp4,pose_format/Chào/CHÀO_MAI_HOÀNG_XUÂN_ (2).pkl,6,Chào,Chào,"[""Chào""]",signer_123,06_CHÀO_MAI_HOÀNG_XUÂN_ (2),,True,5735179,train
cosign_06_00790,cosign_06_00790,Chào/CHÀO_MAI_HOÀNG_XUÂN_ (3).mp4,pose_format/Chào/CHÀO_MAI_HOÀNG_XUÂN_ (3).pkl,6,Chào,Chào,"[""Chào""]",signer_123,06_CHÀO_MAI_HOÀNG_XUÂN_ (3),,True,5783715,train
cosign_06_00791,cosign_06_00791,Chào/CHÀO_MAI_HOÀNG_XUÂN_ (4).mp4,pose_format/Chào/CHÀO_MAI_HOÀNG_XUÂN_ (4).pkl,6,Chào,Chào,"[""Chào""]",signer_123,06_CHÀO_MAI_HOÀNG_XUÂN_ (4),,True,5184677,train
cosign_06_00792,cosign_06_00792,Chào/CHÀO_NGUYỄN_PHƯƠNG_ANH_ (1).mp4,pose_format/Chào/CHÀO_NGUYỄN_PHƯƠNG_ANH_ (1).pkl,6,Chào,Chào,"[""Chào""]",signer_124,06_CHÀO_NGUYỄN_PHƯƠNG_ANH_ (1),,True,4448073,train
cosign_06_00793,cosign_06_00793,Chào/CHÀO_NGUYỄN_PHƯƠNG_ANH_ (2).mp4,pose_format/Chào/CHÀO_NGUYỄN_PHƯƠNG_ANH_ (2).pkl,6,Chào,Chào,"[""Chào""]",signer_124,06_CHÀO_NGUYỄN_PHƯƠNG_ANH_ (2),,True,4495180,train
cosign_06_00794,cosign_06_00794,Chào/CHÀO_NGUYỄN_PHƯƠNG_ANH_ (3).mp4,pose_format/Chào/CHÀO_NGUYỄN_PHƯƠNG_ANH_ (3).pkl,6,Chào,Chào,"[""Chào""]",signer_124,06_CHÀO_NGUYỄN_PHƯƠNG_ANH_ (3),,True,5108942,train
cosign_06_00795,cosign_06_00795,Chào/CHÀO_NGUYỄN_PHƯƠNG_ANH_ (4).mp4,pose_format/Chào/CHÀO_NGUYỄN_PHƯƠNG_ANH_ (4).pkl,6,Chào,Chào,"[""Chào""]",signer_124,06_CHÀO_NGUYỄN_PHƯƠNG_ANH_ (4),,True,4831372,train
cosign_06_00796,cosign_06_00796,Chào/CHÀO_NGUYỄN_PHƯƠNG_ANH_ (5).mp4,pose_format/Chào/CHÀO_NGUYỄN_PHƯƠNG_ANH_ (5).pkl,6,Chào,Chào,"[""Chào""]",signer_124,06_CHÀO_NGUYỄN_PHƯƠNG_ANH_ (5),,True,5390430,train
cosign_06_00797,cosign_06_00797,Chào/CHÀO_NGUYỄN_QUÝ_DƯƠNG_1.mp4,pose_format/Chào/CHÀO_NGUYỄN_QUÝ_DƯƠNG_1.pkl,6,Chào,Chào,"[""Chào""]",signer_125,06_CHÀO_NGUYỄN_QUÝ_DƯƠNG_1,,True,7392912,train
cosign_06_00798,cosign_06_00798,Chào/CHÀO_NGUYỄN_QUÝ_DƯƠNG_2.mp4,pose_format/Chào/CHÀO_NGUYỄN_QUÝ_DƯƠNG_2.pkl,6,Chào,Chào,"[""Chào""]",signer_125,06_CHÀO_NGUYỄN_QUÝ_DƯƠNG_2,,True,7919170,train
cosign_06_00799,cosign_06_00799,Chào/CHÀO_NGUYỄN_QUÝ_DƯƠNG_3.mp4,pose_format/Chào/CHÀO_NGUYỄN_QUÝ_DƯƠNG_3.pkl,6,Chào,Chào,"[""Chào""]",signer_125,06_CHÀO_NGUYỄN_QUÝ_DƯƠNG_3,,True,6845209,train
cosign_06_00800,cosign_06_00800,Chào/CHÀO_NGUYỄN_QUÝ_DƯƠNG_4.mp4,pose_format/Chào/CHÀO_NGUYỄN_QUÝ_DƯƠNG_4.pkl,6,Chào,Chào,"[""Chào""]",signer_125,06_CHÀO_NGUYỄN_QUÝ_DƯƠNG_4,,True,7327785,train
cosign_06_00801,cosign_06_00801,Chào/CHÀO_NGUYỄN_QUÝ_DƯƠNG_5.mp4,pose_format/Chào/CHÀO_NGUYỄN_QUÝ_DƯƠNG_5.pkl,6,Chào,Chào,"[""Chào""]",signer_125,06_CHÀO_NGUYỄN_QUÝ_DƯƠNG_5,,True,6635179,train
cosign_06_00802,cosign_06_00802,Chào/CHÀO_NGUYỄN_THẠC_ANH_ (1).mp4,pose_format/Chào/CHÀO_NGUYỄN_THẠC_ANH_ (1).pkl,6,Chào,Chào,"[""Chào""]",signer_126,06_CHÀO_NGUYỄN_THẠC_ANH_ (1),,True,6049380,train
cosign_06_00803,cosign_06_00803,Chào/CHÀO_NGUYỄN_THẠC_ANH_ (2).mp4,pose_format/Chào/CHÀO_NGUYỄN_THẠC_ANH_ (2).pkl,6,Chào,Chào,"[""Chào""]",signer_126,06_CHÀO_NGUYỄN_THẠC_ANH_ (2),,True,7055978,train
cosign_06_00804,cosign_06_00804,Chào/CHÀO_NGUYỄN_THẠC_ANH_ (3).mp4,pose_format/Chào/CHÀO_NGUYỄN_THẠC_ANH_ (3).pkl,6,Chào,Chào,"[""Chào""]",signer_126,06_CHÀO_NGUYỄN_THẠC_ANH_ (3),,True,6747184,train
cosign_06_00805,cosign_06_00805,Chào/CHÀO_NGUYỄN_THẠC_ANH_ (4).mp4,pose_format/Chào/CHÀO_NGUYỄN_THẠC_ANH_ (4).pkl,6,Chào,Chào,"[""Chào""]",signer_126,06_CHÀO_NGUYỄN_THẠC_ANH_ (4),,True,6569070,train
cosign_06_00806,cosign_06_00806,Chào/CHÀO_NGUYỄN_THẠC_ANH_ (5).mp4,pose_format/Chào/CHÀO_NGUYỄN_THẠC_ANH_ (5).pkl,6,Chào,Chào,"[""Chào""]",signer_126,06_CHÀO_NGUYỄN_THẠC_ANH_ (5),,True,7243762,train
cosign_06_00807,cosign_06_00807,Chào/CHÀO_PHẠM_ĐÌNH_HẢI_(1).mp4,pose_format/Chào/CHÀO_PHẠM_ĐÌNH_HẢI_(1).pkl,6,Chào,Chào,"[""Chào""]",signer_127,06_CHÀO_PHẠM_ĐÌNH_HẢI_(1),,True,11160138,train
cosign_06_00808,cosign_06_00808,Chào/CHÀO_PHẠM_ĐÌNH_HẢI_(2).mp4,pose_format/Chào/CHÀO_PHẠM_ĐÌNH_HẢI_(2).pkl,6,Chào,Chào,"[""Chào""]",signer_127,06_CHÀO_PHẠM_ĐÌNH_HẢI_(2),,True,14167564,train
cosign_06_00809,cosign_06_00809,Chào/CHÀO_PHẠM_ĐÌNH_HẢI_(3).mp4,pose_format/Chào/CHÀO_PHẠM_ĐÌNH_HẢI_(3).pkl,6,Chào,Chào,"[""Chào""]",signer_127,06_CHÀO_PHẠM_ĐÌNH_HẢI_(3),,True,12362260,train
cosign_06_00810,cosign_06_00810,Chào/CHÀO_PHẠM_ĐÌNH_HẢI_(4).mp4,pose_format/Chào/CHÀO_PHẠM_ĐÌNH_HẢI_(4).pkl,6,Chào,Chào,"[""Chào""]",signer_127,06_CHÀO_PHẠM_ĐÌNH_HẢI_(4),,True,12900553,train
cosign_06_00811,cosign_06_00811,Chào/CHÀO_PHẠM_ĐÌNH_HẢI_(5).mp4,pose_format/Chào/CHÀO_PHẠM_ĐÌNH_HẢI_(5).pkl,6,Chào,Chào,"[""Chào""]",signer_127,06_CHÀO_PHẠM_ĐÌNH_HẢI_(5),,True,12909287,train
cosign_06_00812,cosign_06_00812,Chào/CHÀO_TRƯƠNG_NGỌC_DIỄM_ (1).mp4,pose_format/Chào/CHÀO_TRƯƠNG_NGỌC_DIỄM_ (1).pkl,6,Chào,Chào,"[""Chào""]",signer_128,06_CHÀO_TRƯƠNG_NGỌC_DIỄM_ (1),,True,5397804,train
cosign_06_00813,cosign_06_00813,Chào/CHÀO_TRƯƠNG_NGỌC_DIỄM_ (2).mp4,pose_format/Chào/CHÀO_TRƯƠNG_NGỌC_DIỄM_ (2).pkl,6,Chào,Chào,"[""Chào""]",signer_128,06_CHÀO_TRƯƠNG_NGỌC_DIỄM_ (2),,True,6622499,train
cosign_06_00814,cosign_06_00814,Chào/CHÀO_TRƯƠNG_NGỌC_DIỄM_ (3).mp4,pose_format/Chào/CHÀO_TRƯƠNG_NGỌC_DIỄM_ (3).pkl,6,Chào,Chào,"[""Chào""]",signer_128,06_CHÀO_TRƯƠNG_NGỌC_DIỄM_ (3),,True,6095620,train
cosign_06_00815,cosign_06_00815,Chào/CHÀO_TRƯƠNG_NGỌC_DIỄM_ (4).mp4,pose_format/Chào/CHÀO_TRƯƠNG_NGỌC_DIỄM_ (4).pkl,6,Chào,Chào,"[""Chào""]",signer_128,06_CHÀO_TRƯƠNG_NGỌC_DIỄM_ (4),,True,5982195,train
cosign_06_00816,cosign_06_00816,Chào/CHÀO_TRƯƠNG_NGỌC_DIỄM_ (5).mp4,pose_format/Chào/CHÀO_TRƯƠNG_NGỌC_DIỄM_ (5).pkl,6,Chào,Chào,"[""Chào""]",signer_128,06_CHÀO_TRƯƠNG_NGỌC_DIỄM_ (5),,True,6125740,train
cosign_06_00817,cosign_06_00817,Chào/CHÀO_TRẦN_TUẤN_MINH (1).mp4,pose_format/Chào/CHÀO_TRẦN_TUẤN_MINH (1).pkl,6,Chào,Chào,"[""Chào""]",signer_129,06_CHÀO_TRẦN_TUẤN_MINH (1),,True,6378118,train
cosign_06_00818,cosign_06_00818,Chào/CHÀO_TRẦN_TUẤN_MINH (2).mp4,pose_format/Chào/CHÀO_TRẦN_TUẤN_MINH (2).pkl,6,Chào,Chào,"[""Chào""]",signer_129,06_CHÀO_TRẦN_TUẤN_MINH (2),,True,6705716,train
cosign_06_00819,cosign_06_00819,Chào/CHÀO_TRẦN_TUẤN_MINH (3).mp4,pose_format/Chào/CHÀO_TRẦN_TUẤN_MINH (3).pkl,6,Chào,Chào,"[""Chào""]",signer_129,06_CHÀO_TRẦN_TUẤN_MINH (3),,True,7014762,train
cosign_06_00820,cosign_06_00820,Chào/CHÀO_TRẦN_TUẤN_MINH (4).mp4,pose_format/Chào/CHÀO_TRẦN_TUẤN_MINH (4).pkl,6,Chào,Chào,"[""Chào""]",signer_129,06_CHÀO_TRẦN_TUẤN_MINH (4),,True,7448795,train
cosign_06_00821,cosign_06_00821,Chào/CHÀO_TRẦN_TUẤN_MINH (5).mp4,pose_format/Chào/CHÀO_TRẦN_TUẤN_MINH (5).pkl,6,Chào,Chào,"[""Chào""]",signer_129,06_CHÀO_TRẦN_TUẤN_MINH (5),,True,6371488,train
cosign_06_00822,cosign_06_00822,Chào/CHÀO_TRẦN_ĐỨC_QUÂN_1.mp4,pose_format/Chào/CHÀO_TRẦN_ĐỨC_QUÂN_1.pkl,6,Chào,Chào,"[""Chào""]",signer_130,06_CHÀO_TRẦN_ĐỨC_QUÂN_1,,True,5448597,train
cosign_06_00823,cosign_06_00823,Chào/CHÀO_TRẦN_ĐỨC_QUÂN_2.mp4,pose_format/Chào/CHÀO_TRẦN_ĐỨC_QUÂN_2.pkl,6,Chào,Chào,"[""Chào""]",signer_130,06_CHÀO_TRẦN_ĐỨC_QUÂN_2,,True,6603695,train
cosign_06_00824,cosign_06_00824,Chào/CHÀO_TRẦN_ĐỨC_QUÂN_3.mp4,pose_format/Chào/CHÀO_TRẦN_ĐỨC_QUÂN_3.pkl,6,Chào,Chào,"[""Chào""]",signer_130,06_CHÀO_TRẦN_ĐỨC_QUÂN_3,,True,7330642,train
cosign_06_00825,cosign_06_00825,Chào/CHÀO_TRẦN_ĐỨC_QUÂN_4.mp4,pose_format/Chào/CHÀO_TRẦN_ĐỨC_QUÂN_4.pkl,6,Chào,Chào,"[""Chào""]",signer_130,06_CHÀO_TRẦN_ĐỨC_QUÂN_4,,True,7017665,train
cosign_06_00826,cosign_06_00826,Chào/CHÀO_TRẦN_ĐỨC_QUÂN_5.mp4,pose_format/Chào/CHÀO_TRẦN_ĐỨC_QUÂN_5.pkl,6,Chào,Chào,"[""Chào""]",signer_130,06_CHÀO_TRẦN_ĐỨC_QUÂN_5,,True,7168824,train
cosign_06_00827,cosign_06_00827,Chào/CHÀO_TẠ_THỊ_PHƯƠNG_LINH_ (1).mp4,pose_format/Chào/CHÀO_TẠ_THỊ_PHƯƠNG_LINH_ (1).pkl,6,Chào,Chào,"[""Chào""]",signer_131,06_CHÀO_TẠ_THỊ_PHƯƠNG_LINH_ (1),,True,3635953,train
cosign_06_00828,cosign_06_00828,Chào/CHÀO_TẠ_THỊ_PHƯƠNG_LINH_ (2).mp4,pose_format/Chào/CHÀO_TẠ_THỊ_PHƯƠNG_LINH_ (2).pkl,6,Chào,Chào,"[""Chào""]",signer_131,06_CHÀO_TẠ_THỊ_PHƯƠNG_LINH_ (2),,True,3976607,train
cosign_06_00829,cosign_06_00829,Chào/CHÀO_TẠ_THỊ_PHƯƠNG_LINH_ (3).mp4,pose_format/Chào/CHÀO_TẠ_THỊ_PHƯƠNG_LINH_ (3).pkl,6,Chào,Chào,"[""Chào""]",signer_131,06_CHÀO_TẠ_THỊ_PHƯƠNG_LINH_ (3),,True,3974541,train
cosign_06_00830,cosign_06_00830,Chào/CHÀO_TẠ_THỊ_PHƯƠNG_LINH_ (4).mp4,pose_format/Chào/CHÀO_TẠ_THỊ_PHƯƠNG_LINH_ (4).pkl,6,Chào,Chào,"[""Chào""]",signer_131,06_CHÀO_TẠ_THỊ_PHƯƠNG_LINH_ (4),,True,3861826,train
cosign_06_00831,cosign_06_00831,Chào/CHÀO_TẠ_THỊ_PHƯƠNG_LINH_ (5).mp4,pose_format/Chào/CHÀO_TẠ_THỊ_PHƯƠNG_LINH_ (5).pkl,6,Chào,Chào,"[""Chào""]",signer_131,06_CHÀO_TẠ_THỊ_PHƯƠNG_LINH_ (5),,True,4032013,train
cosign_06_00832,cosign_06_00832,Chào/CHÀO_VŨ_HUY_DU_ (1).mp4,pose_format/Chào/CHÀO_VŨ_HUY_DU_ (1).pkl,6,Chào,Chào,"[""Chào""]",signer_132,06_CHÀO_VŨ_HUY_DU_ (1),,True,6168550,train
cosign_06_00833,cosign_06_00833,Chào/CHÀO_VŨ_HUY_DU_ (2).mp4,pose_format/Chào/CHÀO_VŨ_HUY_DU_ (2).pkl,6,Chào,Chào,"[""Chào""]",signer_132,06_CHÀO_VŨ_HUY_DU_ (2),,True,5786131,train
cosign_06_00834,cosign_06_00834,Chào/CHÀO_VŨ_HUY_DU_ (3).mp4,pose_format/Chào/CHÀO_VŨ_HUY_DU_ (3).pkl,6,Chào,Chào,"[""Chào""]",signer_132,06_CHÀO_VŨ_HUY_DU_ (3),,True,5534142,train
cosign_06_00835,cosign_06_00835,Chào/CHÀO_VŨ_HUY_DU_ (4).mp4,pose_format/Chào/CHÀO_VŨ_HUY_DU_ (4).pkl,6,Chào,Chào,"[""Chào""]",signer_132,06_CHÀO_VŨ_HUY_DU_ (4),,True,6270296,train
cosign_06_00836,cosign_06_00836,Chào/CHÀO_VŨ_HUY_DU_ (5).mp4,pose_format/Chào/CHÀO_VŨ_HUY_DU_ (5).pkl,6,Chào,Chào,"[""Chào""]",signer_132,06_CHÀO_VŨ_HUY_DU_ (5),,True,5865601,train
cosign_06_00837,cosign_06_00837,Chào/CHÀO_VŨ_KẾT_ĐỒNG_(1).mp4,pose_format/Chào/CHÀO_VŨ_KẾT_ĐỒNG_(1).pkl,6,Chào,Chào,"[""Chào""]",signer_133,06_CHÀO_VŨ_KẾT_ĐỒNG_(1),,True,6233864,train
cosign_06_00838,cosign_06_00838,Chào/CHÀO_VŨ_KẾT_ĐỒNG_(2).mp4,pose_format/Chào/CHÀO_VŨ_KẾT_ĐỒNG_(2).pkl,6,Chào,Chào,"[""Chào""]",signer_133,06_CHÀO_VŨ_KẾT_ĐỒNG_(2),,True,6591350,train
cosign_06_00839,cosign_06_00839,Chào/CHÀO_VŨ_KẾT_ĐỒNG_(3).mp4,pose_format/Chào/CHÀO_VŨ_KẾT_ĐỒNG_(3).pkl,6,Chào,Chào,"[""Chào""]",signer_133,06_CHÀO_VŨ_KẾT_ĐỒNG_(3),,True,7172318,train
cosign_06_00840,cosign_06_00840,Chào/CHÀO_VŨ_KẾT_ĐỒNG_(4).mp4,pose_format/Chào/CHÀO_VŨ_KẾT_ĐỒNG_(4).pkl,6,Chào,Chào,"[""Chào""]",signer_133,06_CHÀO_VŨ_KẾT_ĐỒNG_(4),,True,6413601,train
cosign_06_00841,cosign_06_00841,Chào/CHÀO_VŨ_KẾT_ĐỒNG_(5).mp4,pose_format/Chào/CHÀO_VŨ_KẾT_ĐỒNG_(5).pkl,6,Chào,Chào,"[""Chào""]",signer_133,06_CHÀO_VŨ_KẾT_ĐỒNG_(5),,True,7436335,train
cosign_06_00842,cosign_06_00842,Chào/CHÀO__NGUYỄN_HOÀNG_ĐIỆP_ (1).mp4,pose_format/Chào/CHÀO__NGUYỄN_HOÀNG_ĐIỆP_ (1).pkl,6,Chào,Chào,"[""Chào""]",signer_134,06_CHÀO__NGUYỄN_HOÀNG_ĐIỆP_ (1),,True,8587612,train
cosign_06_00843,cosign_06_00843,Chào/CHÀO__NGUYỄN_HOÀNG_ĐIỆP_ (2).mp4,pose_format/Chào/CHÀO__NGUYỄN_HOÀNG_ĐIỆP_ (2).pkl,6,Chào,Chào,"[""Chào""]",signer_134,06_CHÀO__NGUYỄN_HOÀNG_ĐIỆP_ (2),,True,7714847,train
cosign_06_00844,cosign_06_00844,Chào/CHÀO__NGUYỄN_HOÀNG_ĐIỆP_ (3).mp4,pose_format/Chào/CHÀO__NGUYỄN_HOÀNG_ĐIỆP_ (3).pkl,6,Chào,Chào,"[""Chào""]",signer_134,06_CHÀO__NGUYỄN_HOÀNG_ĐIỆP_ (3),,True,8820109,train
cosign_06_00845,cosign_06_00845,Chào/CHÀO__NGUYỄN_HOÀNG_ĐIỆP_ (4).mp4,pose_format/Chào/CHÀO__NGUYỄN_HOÀNG_ĐIỆP_ (4).pkl,6,Chào,Chào,"[""Chào""]",signer_134,06_CHÀO__NGUYỄN_HOÀNG_ĐIỆP_ (4),,True,8594469,train
cosign_06_00846,cosign_06_00846,Chào/CHÀO__NGUYỄN_HOÀNG_ĐIỆP_ (5).mp4,pose_format/Chào/CHÀO__NGUYỄN_HOÀNG_ĐIỆP_ (5).pkl,6,Chào,Chào,"[""Chào""]",signer_134,06_CHÀO__NGUYỄN_HOÀNG_ĐIỆP_ (5),,True,8348670,train
cosign_06_00847,cosign_06_00847,Chào/Chào_MVT.mp4,pose_format/Chào/Chào_MVT.pkl,6,Chào,Chào,"[""Chào""]",signer_135,06_Chào_MVT,,True,11233175,train
cosign_06_00848,cosign_06_00848,Chào/Chào_MVT (2).mp4,pose_format/Chào/Chào_MVT (2).pkl,6,Chào,Chào,"[""Chào""]",signer_135,06_Chào_MVT (2),,True,9746198,train
cosign_06_00849,cosign_06_00849,Chào/Chào_MVT (3).mp4,pose_format/Chào/Chào_MVT (3).pkl,6,Chào,Chào,"[""Chào""]",signer_135,06_Chào_MVT (3),,True,9718352,train
cosign_06_00850,cosign_06_00850,Chào/Chào_MVT (4).mp4,pose_format/Chào/Chào_MVT (4).pkl,6,Chào,Chào,"[""Chào""]",signer_135,06_Chào_MVT (4),,True,8734098,train
cosign_06_00851,cosign_06_00851,Chào/Chào_MVT (5).mp4,pose_format/Chào/Chào_MVT (5).pkl,6,Chào,Chào,"[""Chào""]",signer_135,06_Chào_MVT (5),,True,9146862,train
cosign_06_00852,cosign_06_00852,Chào/Nguyễn Thị Huyền_35_chào_1692845168.5961452_0_cut.avi,pose_format/Chào/Nguyễn Thị Huyền_35_chào_1692845168.5961452_0_cut.pkl,6,Chào,Chào,"[""Chào""]",signer_022,06_Nguyễn Thị Huyền_35_chào_1692845168.5961452_0,,True,1097554,train
cosign_06_00853,cosign_06_00853,Chào/Nguyễn Thị Huyền_35_chào_1692845168.5961452_0_frames_35.avi,pose_format/Chào/Nguyễn Thị Huyền_35_chào_1692845168.5961452_0_frames_35.pkl,6,Chào,Chào,"[""Chào""]",signer_022,06_Nguyễn Thị Huyền_35_chào_1692845168.5961452_0,06_Nguyễn Thị Huyền_35_chào_1692845168.5961452_0,False,1349144,train
cosign_06_00854,cosign_06_00854,Chào/Nguyễn Thị Huyền_35_chào_1692845168.5961452_0_frames_40.avi,pose_format/Chào/Nguyễn Thị Huyền_35_chào_1692845168.5961452_0_frames_40.pkl,6,Chào,Chào,"[""Chào""]",signer_022,06_Nguyễn Thị Huyền_35_chào_1692845168.5961452_0,06_Nguyễn Thị Huyền_35_chào_1692845168.5961452_0,False,1349144,train
cosign_06_00855,cosign_06_00855,Chào/Nguyễn Thị Hồng_32_Chào_1693184654.2064455_0_cut.avi,pose_format/Chào/Nguyễn Thị Hồng_32_Chào_1693184654.2064455_0_cut.pkl,6,Chào,Chào,"[""Chào""]",signer_023,06_Nguyễn Thị Hồng_32_Chào_1693184654.2064455_0,,True,1222522,train
cosign_06_00856,cosign_06_00856,Chào/Nguyễn Thị Hồng_32_Chào_1693184654.2064455_0_frames_35.avi,pose_format/Chào/Nguyễn Thị Hồng_32_Chào_1693184654.2064455_0_frames_35.pkl,6,Chào,Chào,"[""Chào""]",signer_023,06_Nguyễn Thị Hồng_32_Chào_1693184654.2064455_0,06_Nguyễn Thị Hồng_32_Chào_1693184654.2064455_0,False,1616382,train
cosign_06_00857,cosign_06_00857,Chào/Nguyễn Thị Hồng_32_Chào_1693184654.2064455_0_frames_40.avi,pose_format/Chào/Nguyễn Thị Hồng_32_Chào_1693184654.2064455_0_frames_40.pkl,6,Chào,Chào,"[""Chào""]",signer_023,06_Nguyễn Thị Hồng_32_Chào_1693184654.2064455_0,06_Nguyễn Thị Hồng_32_Chào_1693184654.2064455_0,False,1616382,train
cosign_06_00858,cosign_06_00858,Chào/Nguyễn Thị Mai Anh_39_chào_1693198192.2052968_0_cut.avi,pose_format/Chào/Nguyễn Thị Mai Anh_39_chào_1693198192.2052968_0_cut.pkl,6,Chào,Chào,"[""Chào""]",signer_024,06_Nguyễn Thị Mai Anh_39_chào_1693198192.2052968_0,,True,746164,train
cosign_06_00859,cosign_06_00859,Chào/Nguyễn Thị Mai Anh_39_chào_1693198192.2052968_0_frames_35.avi,pose_format/Chào/Nguyễn Thị Mai Anh_39_chào_1693198192.2052968_0_frames_35.pkl,6,Chào,Chào,"[""Chào""]",signer_024,06_Nguyễn Thị Mai Anh_39_chào_1693198192.2052968_0,06_Nguyễn Thị Mai Anh_39_chào_1693198192.2052968_0,False,930040,train
cosign_06_00860,cosign_06_00860,Chào/Nguyễn Thị Mai Anh_39_chào_1693198192.2052968_0_frames_40.avi,pose_format/Chào/Nguyễn Thị Mai Anh_39_chào_1693198192.2052968_0_frames_40.pkl,6,Chào,Chào,"[""Chào""]",signer_024,06_Nguyễn Thị Mai Anh_39_chào_1693198192.2052968_0,06_Nguyễn Thị Mai Anh_39_chào_1693198192.2052968_0,False,930040,train
cosign_06_00861,cosign_06_00861,Chào/Nguyễn Thị Thu Trang_38_Chào_1692945871.4734097_0_cut.avi,pose_format/Chào/Nguyễn Thị Thu Trang_38_Chào_1692945871.4734097_0_cut.pkl,6,Chào,Chào,"[""Chào""]",signer_025,06_Nguyễn Thị Thu Trang_38_Chào_1692945871.4734097_0,,True,1071652,train
cosign_06_00862,cosign_06_00862,Chào/Nguyễn Thị Thu Trang_38_Chào_1692945871.4734097_0_frames_35.avi,pose_format/Chào/Nguyễn Thị Thu Trang_38_Chào_1692945871.4734097_0_frames_35.pkl,6,Chào,Chào,"[""Chào""]",signer_025,06_Nguyễn Thị Thu Trang_38_Chào_1692945871.4734097_0,06_Nguyễn Thị Thu Trang_38_Chào_1692945871.4734097_0,False,1302162,train
cosign_06_00863,cosign_06_00863,Chào/Nguyễn Thị Thu Trang_38_Chào_1692945871.4734097_0_frames_40.avi,pose_format/Chào/Nguyễn Thị Thu Trang_38_Chào_1692945871.4734097_0_frames_40.pkl,6,Chào,Chào,"[""Chào""]",signer_025,06_Nguyễn Thị Thu Trang_38_Chào_1692945871.4734097_0,06_Nguyễn Thị Thu Trang_38_Chào_1692945871.4734097_0,False,1302162,train
cosign_06_00864,cosign_06_00864,Chào/Nguyễn Thị Thu Trang_38_Chào_1692959590.8036444_0_cut.avi,pose_format/Chào/Nguyễn Thị Thu Trang_38_Chào_1692959590.8036444_0_cut.pkl,6,Chào,Chào,"[""Chào""]",signer_025,06_Nguyễn Thị Thu Trang_38_Chào_1692959590.8036444_0,,True,1282380,train
cosign_06_00865,cosign_06_00865,Chào/Nguyễn Thị Thu Trang_38_Chào_1692959590.8036444_0_frames_35.avi,pose_format/Chào/Nguyễn Thị Thu Trang_38_Chào_1692959590.8036444_0_frames_35.pkl,6,Chào,Chào,"[""Chào""]",signer_025,06_Nguyễn Thị Thu Trang_38_Chào_1692959590.8036444_0,06_Nguyễn Thị Thu Trang_38_Chào_1692959590.8036444_0,False,1636278,train
cosign_06_00866,cosign_06_00866,Chào/Nguyễn Thị Thu Trang_38_Chào_1692959590.8036444_0_frames_40.avi,pose_format/Chào/Nguyễn Thị Thu Trang_38_Chào_1692959590.8036444_0_frames_40.pkl,6,Chào,Chào,"[""Chào""]",signer_025,06_Nguyễn Thị Thu Trang_38_Chào_1692959590.8036444_0,06_Nguyễn Thị Thu Trang_38_Chào_1692959590.8036444_0,False,1636278,train
cosign_06_00867,cosign_06_00867,Chào/Phạm Thị Mai Hương_32_Chào_1692843255.0634756_0_cut.avi,pose_format/Chào/Phạm Thị Mai Hương_32_Chào_1692843255.0634756_0_cut.pkl,6,Chào,Chào,"[""Chào""]",signer_066,06_Phạm Thị Mai Hương_32_Chào_1692843255.0634756_0,,True,766642,train
cosign_06_00868,cosign_06_00868,Chào/Phạm Thị Mai Hương_32_Chào_1692843255.0634756_0_frames_35.avi,pose_format/Chào/Phạm Thị Mai Hương_32_Chào_1692843255.0634756_0_frames_35.pkl,6,Chào,Chào,"[""Chào""]",signer_066,06_Phạm Thị Mai Hương_32_Chào_1692843255.0634756_0,06_Phạm Thị Mai Hương_32_Chào_1692843255.0634756_0,False,998960,train
cosign_06_00869,cosign_06_00869,Chào/Phạm Thị Mai Hương_32_Chào_1692843255.0634756_0_frames_40.avi,pose_format/Chào/Phạm Thị Mai Hương_32_Chào_1692843255.0634756_0_frames_40.pkl,6,Chào,Chào,"[""Chào""]",signer_066,06_Phạm Thị Mai Hương_32_Chào_1692843255.0634756_0,06_Phạm Thị Mai Hương_32_Chào_1692843255.0634756_0,False,998960,train
cosign_06_00870,cosign_06_00870,Chào/Trần Thị Vân Anh_39_chào_1693012485.3789718_0_cut.avi,pose_format/Chào/Trần Thị Vân Anh_39_chào_1693012485.3789718_0_cut.pkl,6,Chào,Chào,"[""Chào""]",signer_026,06_Trần Thị Vân Anh_39_chào_1693012485.3789718_0,,True,737972,train
cosign_06_00871,cosign_06_00871,Chào/Trần Thị Vân Anh_39_chào_1693012485.3789718_0_frames_35.avi,pose_format/Chào/Trần Thị Vân Anh_39_chào_1693012485.3789718_0_frames_35.pkl,6,Chào,Chào,"[""Chào""]",signer_026,06_Trần Thị Vân Anh_39_chào_1693012485.3789718_0,06_Trần Thị Vân Anh_39_chào_1693012485.3789718_0,False,918770,train
cosign_06_00872,cosign_06_00872,Chào/Trần Thị Vân Anh_39_chào_1693012485.3789718_0_frames_40.avi,pose_format/Chào/Trần Thị Vân Anh_39_chào_1693012485.3789718_0_frames_40.pkl,6,Chào,Chào,"[""Chào""]",signer_026,06_Trần Thị Vân Anh_39_chào_1693012485.3789718_0,06_Trần Thị Vân Anh_39_chào_1693012485.3789718_0,False,918770,train
cosign_06_00873,cosign_06_00873,Chào/Trần Xuân Ngọc_41_chào_1692930795.1333935_0_frames_35.avi,pose_format/Chào/Trần Xuân Ngọc_41_chào_1692930795.1333935_0_frames_35.pkl,6,Chào,Chào,"[""Chào""]",signer_027,06_Trần Xuân Ngọc_41_chào_1692930795.1333935_0,,True,1254508,train
cosign_06_00874,cosign_06_00874,Chào/Trần Xuân Ngọc_41_chào_1692930795.1333935_0_frames_40.avi,pose_format/Chào/Trần Xuân Ngọc_41_chào_1692930795.1333935_0_frames_40.pkl,6,Chào,Chào,"[""Chào""]",signer_027,06_Trần Xuân Ngọc_41_chào_1692930795.1333935_0,06_Trần Xuân Ngọc_41_chào_1692930795.1333935_0,False,1254508,train
cosign_06_00875,cosign_06_00875,Chào/Vũ Thị Thu Phương_37_chào_1692845278.9501052_0_cut.avi,pose_format/Chào/Vũ Thị Thu Phương_37_chào_1692845278.9501052_0_cut.pkl,6,Chào,Chào,"[""Chào""]",signer_028,06_Vũ Thị Thu Phương_37_chào_1692845278.9501052_0,,True,809358,train
cosign_06_00876,cosign_06_00876,Chào/Vũ Thị Thu Phương_37_chào_1692845278.9501052_0_frames_35.avi,pose_format/Chào/Vũ Thị Thu Phương_37_chào_1692845278.9501052_0_frames_35.pkl,6,Chào,Chào,"[""Chào""]",signer_028,06_Vũ Thị Thu Phương_37_chào_1692845278.9501052_0,06_Vũ Thị Thu Phương_37_chào_1692845278.9501052_0,False,1072014,train
cosign_06_00877,cosign_06_00877,Chào/Vũ Thị Thu Phương_37_chào_1692845278.9501052_0_frames_40.avi,pose_format/Chào/Vũ Thị Thu Phương_37_chào_1692845278.9501052_0_frames_40.pkl,6,Chào,Chào,"[""Chào""]",signer_028,06_Vũ Thị Thu Phương_37_chào_1692845278.9501052_0,06_Vũ Thị Thu Phương_37_chào_1692845278.9501052_0,False,1072014,train
cosign_06_00878,cosign_06_00878,Chào/Vũ Thị Thu Phương_37_chào_1692932733.7632468_0_cut.avi,pose_format/Chào/Vũ Thị Thu Phương_37_chào_1692932733.7632468_0_cut.pkl,6,Chào,Chào,"[""Chào""]",signer_028,06_Vũ Thị Thu Phương_37_chào_1692932733.7632468_0,,True,808200,train
cosign_06_00879,cosign_06_00879,Chào/Vũ Thị Thu Phương_37_chào_1692932733.7632468_0_frames_35.avi,pose_format/Chào/Vũ Thị Thu Phương_37_chào_1692932733.7632468_0_frames_35.pkl,6,Chào,Chào,"[""Chào""]",signer_028,06_Vũ Thị Thu Phương_37_chào_1692932733.7632468_0,06_Vũ Thị Thu Phương_37_chào_1692932733.7632468_0,False,950124,train
cosign_06_00880,cosign_06_00880,Chào/Vũ Thị Thu Phương_37_chào_1692932733.7632468_0_frames_40.avi,pose_format/Chào/Vũ Thị Thu Phương_37_chào_1692932733.7632468_0_frames_40.pkl,6,Chào,Chào,"[""Chào""]",signer_028,06_Vũ Thị Thu Phương_37_chào_1692932733.7632468_0,06_Vũ Thị Thu Phương_37_chào_1692932733.7632468_0,False,950124,train
cosign_06_00881,cosign_06_00881,Chào/XIN_CHÀO_MAI_HOÀNG_XUÂN_ (5).mp4,pose_format/Chào/XIN_CHÀO_MAI_HOÀNG_XUÂN_ (5).pkl,6,Chào,Chào,"[""Chào""]",signer_136,06_XIN_CHÀO_MAI_HOÀNG_XUÂN_ (5),,True,4758001,train
cosign_06_00882,cosign_06_00882,Chào/Đoàn Thị Thu Thủy_40_chào_1693018280.4789474_0_cut.avi,pose_format/Chào/Đoàn Thị Thu Thủy_40_chào_1693018280.4789474_0_cut.pkl,6,Chào,Chào,"[""Chào""]",signer_029,06_Đoàn Thị Thu Thủy_40_chào_1693018280.4789474_0,,True,972710,train
cosign_06_00883,cosign_06_00883,Chào/Đoàn Thị Thu Thủy_40_chào_1693018280.4789474_0_frames_35.avi,pose_format/Chào/Đoàn Thị Thu Thủy_40_chào_1693018280.4789474_0_frames_35.pkl,6,Chào,Chào,"[""Chào""]",signer_029,06_Đoàn Thị Thu Thủy_40_chào_1693018280.4789474_0,06_Đoàn Thị Thu Thủy_40_chào_1693018280.4789474_0,False,1193172,train
cosign_06_00884,cosign_06_00884,Chào/Đoàn Thị Thu Thủy_40_chào_1693018280.4789474_0_frames_40.avi,pose_format/Chào/Đoàn Thị Thu Thủy_40_chào_1693018280.4789474_0_frames_40.pkl,6,Chào,Chào,"[""Chào""]",signer_029,06_Đoàn Thị Thu Thủy_40_chào_1693018280.4789474_0,06_Đoàn Thị Thu Thủy_40_chào_1693018280.4789474_0,False,1193172,train
cosign_06_00885,cosign_06_00885,Chào/Đặng thị kiên_37_chào_1693205913.4439113_0_cut.avi,pose_format/Chào/Đặng thị kiên_37_chào_1693205913.4439113_0_cut.pkl,6,Chào,Chào,"[""Chào""]",signer_137,06_Đặng thị kiên_37_chào_1693205913.4439113_0,,True,763236,train
cosign_06_00886,cosign_06_00886,Chào/Đặng thị kiên_37_chào_1693205913.4439113_0_frames_35.avi,pose_format/Chào/Đặng thị kiên_37_chào_1693205913.4439113_0_frames_35.pkl,6,Chào,Chào,"[""Chào""]",signer_137,06_Đặng thị kiên_37_chào_1693205913.4439113_0,06_Đặng thị kiên_37_chào_1693205913.4439113_0,False,894270,train
cosign_06_00887,cosign_06_00887,Chào/Đặng thị kiên_37_chào_1693205913.4439113_0_frames_40.avi,pose_format/Chào/Đặng thị kiên_37_chào_1693205913.4439113_0_frames_40.pkl,6,Chào,Chào,"[""Chào""]",signer_137,06_Đặng thị kiên_37_chào_1693205913.4439113_0,06_Đặng thị kiên_37_chào_1693205913.4439113_0,False,894270,train
cosign_06_00888,cosign_06_00888,Chào/Đỗ Thị  Vấn_41_Chào_1692947975.182286_0_cut.avi,pose_format/Chào/Đỗ Thị  Vấn_41_Chào_1692947975.182286_0_cut.pkl,6,Chào,Chào,"[""Chào""]",signer_138,06_Đỗ Thị  Vấn_41_Chào_1692947975.182286_0,,True,1638372,train
cosign_06_00889,cosign_06_00889,Chào/Đỗ Thị  Vấn_41_Chào_1692947975.182286_0_frames_35.avi,pose_format/Chào/Đỗ Thị  Vấn_41_Chào_1692947975.182286_0_frames_35.pkl,6,Chào,Chào,"[""Chào""]",signer_138,06_Đỗ Thị  Vấn_41_Chào_1692947975.182286_0,06_Đỗ Thị  Vấn_41_Chào_1692947975.182286_0,False,2020516,train
cosign_06_00890,cosign_06_00890,Chào/Đỗ Thị  Vấn_41_Chào_1692947975.182286_0_frames_40.avi,pose_format/Chào/Đỗ Thị  Vấn_41_Chào_1692947975.182286_0_frames_40.pkl,6,Chào,Chào,"[""Chào""]",signer_138,06_Đỗ Thị  Vấn_41_Chào_1692947975.182286_0,06_Đỗ Thị  Vấn_41_Chào_1692947975.182286_0,False,2020516,train
cosign_07_00891,cosign_07_00891,Chân/CHÂN_BÙI_MAI_CHI_ (1).mp4,pose_format/Chân/CHÂN_BÙI_MAI_CHI_ (1).pkl,7,Chân,Chân,"[""Chân""]",signer_139,07_CHÂN_BÙI_MAI_CHI_ (1),,True,7297478,train
cosign_07_00892,cosign_07_00892,Chân/CHÂN_BÙI_MAI_CHI_ (2).mp4,pose_format/Chân/CHÂN_BÙI_MAI_CHI_ (2).pkl,7,Chân,Chân,"[""Chân""]",signer_139,07_CHÂN_BÙI_MAI_CHI_ (2),,True,8361487,train
cosign_07_00893,cosign_07_00893,Chân/CHÂN_BÙI_MAI_CHI_ (3).mp4,pose_format/Chân/CHÂN_BÙI_MAI_CHI_ (3).pkl,7,Chân,Chân,"[""Chân""]",signer_139,07_CHÂN_BÙI_MAI_CHI_ (3),,True,7747678,train
cosign_07_00894,cosign_07_00894,Chân/CHÂN_BÙI_MAI_CHI_ (4).mp4,pose_format/Chân/CHÂN_BÙI_MAI_CHI_ (4).pkl,7,Chân,Chân,"[""Chân""]",signer_139,07_CHÂN_BÙI_MAI_CHI_ (4),,True,8332097,train
cosign_07_00895,cosign_07_00895,Chân/CHÂN_BÙI_MAI_CHI_ (5).mp4,pose_format/Chân/CHÂN_BÙI_MAI_CHI_ (5).pkl,7,Chân,Chân,"[""Chân""]",signer_139,07_CHÂN_BÙI_MAI_CHI_ (5),,True,7468904,train
cosign_07_00896,cosign_07_00896,Chân/CHÂN_BÙI_MẬU_VĂN_ (1).mp4,pose_format/Chân/CHÂN_BÙI_MẬU_VĂN_ (1).pkl,7,Chân,Chân,"[""Chân""]",signer_140,07_CHÂN_BÙI_MẬU_VĂN_ (1),,True,6118653,train
cosign_07_00897,cosign_07_00897,Chân/CHÂN_BÙI_MẬU_VĂN_ (2).mp4,pose_format/Chân/CHÂN_BÙI_MẬU_VĂN_ (2).pkl,7,Chân,Chân,"[""Chân""]",signer_140,07_CHÂN_BÙI_MẬU_VĂN_ (2),,True,5784797,train
cosign_07_00898,cosign_07_00898,Chân/CHÂN_BÙI_MẬU_VĂN_ (3).mp4,pose_format/Chân/CHÂN_BÙI_MẬU_VĂN_ (3).pkl,7,Chân,Chân,"[""Chân""]",signer_140,07_CHÂN_BÙI_MẬU_VĂN_ (3),,True,5863045,train
cosign_07_00899,cosign_07_00899,Chân/CHÂN_BÙI_MẬU_VĂN_ (4).mp4,pose_format/Chân/CHÂN_BÙI_MẬU_VĂN_ (4).pkl,7,Chân,Chân,"[""Chân""]",signer_140,07_CHÂN_BÙI_MẬU_VĂN_ (4),,True,5768077,train
cosign_07_00900,cosign_07_00900,Chân/CHÂN_BÙI_MẬU_VĂN_ (5).mp4,pose_format/Chân/CHÂN_BÙI_MẬU_VĂN_ (5).pkl,7,Chân,Chân,"[""Chân""]",signer_140,07_CHÂN_BÙI_MẬU_VĂN_ (5),,True,5838623,train
cosign_07_00901,cosign_07_00901,Chân/CHÂN_LẠI_QUANG_VINH_(1).mp4,pose_format/Chân/CHÂN_LẠI_QUANG_VINH_(1).pkl,7,Chân,Chân,"[""Chân""]",signer_141,07_CHÂN_LẠI_QUANG_VINH_(1),,True,3071342,train
cosign_07_00902,cosign_07_00902,Chân/CHÂN_LẠI_QUANG_VINH_(2).mp4,pose_format/Chân/CHÂN_LẠI_QUANG_VINH_(2).pkl,7,Chân,Chân,"[""Chân""]",signer_141,07_CHÂN_LẠI_QUANG_VINH_(2),,True,3672833,train
cosign_07_00903,cosign_07_00903,Chân/CHÂN_LẠI_QUANG_VINH_(3).mp4,pose_format/Chân/CHÂN_LẠI_QUANG_VINH_(3).pkl,7,Chân,Chân,"[""Chân""]",signer_141,07_CHÂN_LẠI_QUANG_VINH_(3),,True,3456818,train
cosign_07_00904,cosign_07_00904,Chân/CHÂN_LẠI_QUANG_VINH_(4).mp4,pose_format/Chân/CHÂN_LẠI_QUANG_VINH_(4).pkl,7,Chân,Chân,"[""Chân""]",signer_141,07_CHÂN_LẠI_QUANG_VINH_(4),,True,3463718,train
cosign_07_00905,cosign_07_00905,Chân/CHÂN_LẠI_QUANG_VINH_(5).mp4,pose_format/Chân/CHÂN_LẠI_QUANG_VINH_(5).pkl,7,Chân,Chân,"[""Chân""]",signer_141,07_CHÂN_LẠI_QUANG_VINH_(5),,True,3614122,train
cosign_07_00906,cosign_07_00906,Chân/CHÂN_MAI_HOÀNG_XUÂN_ (1).mp4,pose_format/Chân/CHÂN_MAI_HOÀNG_XUÂN_ (1).pkl,7,Chân,Chân,"[""Chân""]",signer_142,07_CHÂN_MAI_HOÀNG_XUÂN_ (1),,True,7481238,train
cosign_07_00907,cosign_07_00907,Chân/CHÂN_MAI_HOÀNG_XUÂN_ (2).mp4,pose_format/Chân/CHÂN_MAI_HOÀNG_XUÂN_ (2).pkl,7,Chân,Chân,"[""Chân""]",signer_142,07_CHÂN_MAI_HOÀNG_XUÂN_ (2),,True,6177187,train
cosign_07_00908,cosign_07_00908,Chân/CHÂN_MAI_HOÀNG_XUÂN_ (3).mp4,pose_format/Chân/CHÂN_MAI_HOÀNG_XUÂN_ (3).pkl,7,Chân,Chân,"[""Chân""]",signer_142,07_CHÂN_MAI_HOÀNG_XUÂN_ (3),,True,6906528,train
cosign_07_00909,cosign_07_00909,Chân/CHÂN_MAI_HOÀNG_XUÂN_ (4).mp4,pose_format/Chân/CHÂN_MAI_HOÀNG_XUÂN_ (4).pkl,7,Chân,Chân,"[""Chân""]",signer_142,07_CHÂN_MAI_HOÀNG_XUÂN_ (4),,True,7208427,train
cosign_07_00910,cosign_07_00910,Chân/CHÂN_MAI_HOÀNG_XUÂN_ (5).mp4,pose_format/Chân/CHÂN_MAI_HOÀNG_XUÂN_ (5).pkl,7,Chân,Chân,"[""Chân""]",signer_142,07_CHÂN_MAI_HOÀNG_XUÂN_ (5),,True,6894616,train
cosign_07_00911,cosign_07_00911,Chân/CHÂN_NGUYỄN_PHƯƠNG_ANH_ (1).mp4,pose_format/Chân/CHÂN_NGUYỄN_PHƯƠNG_ANH_ (1).pkl,7,Chân,Chân,"[""Chân""]",signer_143,07_CHÂN_NGUYỄN_PHƯƠNG_ANH_ (1),,True,7356698,train
cosign_07_00912,cosign_07_00912,Chân/CHÂN_NGUYỄN_PHƯƠNG_ANH_ (2).mp4,pose_format/Chân/CHÂN_NGUYỄN_PHƯƠNG_ANH_ (2).pkl,7,Chân,Chân,"[""Chân""]",signer_143,07_CHÂN_NGUYỄN_PHƯƠNG_ANH_ (2),,True,6992927,train
cosign_07_00913,cosign_07_00913,Chân/CHÂN_NGUYỄN_PHƯƠNG_ANH_ (3).mp4,pose_format/Chân/CHÂN_NGUYỄN_PHƯƠNG_ANH_ (3).pkl,7,Chân,Chân,"[""Chân""]",signer_143,07_CHÂN_NGUYỄN_PHƯƠNG_ANH_ (3),,True,6636507,train
cosign_07_00914,cosign_07_00914,Chân/CHÂN_NGUYỄN_PHƯƠNG_ANH_ (4).mp4,pose_format/Chân/CHÂN_NGUYỄN_PHƯƠNG_ANH_ (4).pkl,7,Chân,Chân,"[""Chân""]",signer_143,07_CHÂN_NGUYỄN_PHƯƠNG_ANH_ (4),,True,7540891,train
cosign_07_00915,cosign_07_00915,Chân/CHÂN_NGUYỄN_PHƯƠNG_ANH_ (5).mp4,pose_format/Chân/CHÂN_NGUYỄN_PHƯƠNG_ANH_ (5).pkl,7,Chân,Chân,"[""Chân""]",signer_143,07_CHÂN_NGUYỄN_PHƯƠNG_ANH_ (5),,True,7878900,train
cosign_07_00916,cosign_07_00916,Chân/CHÂN_NGUYỄN_QUÝ_DƯƠNG_1.mp4,pose_format/Chân/CHÂN_NGUYỄN_QUÝ_DƯƠNG_1.pkl,7,Chân,Chân,"[""Chân""]",signer_144,07_CHÂN_NGUYỄN_QUÝ_DƯƠNG_1,,True,7286247,train
cosign_07_00917,cosign_07_00917,Chân/CHÂN_NGUYỄN_QUÝ_DƯƠNG_2.mp4,pose_format/Chân/CHÂN_NGUYỄN_QUÝ_DƯƠNG_2.pkl,7,Chân,Chân,"[""Chân""]",signer_144,07_CHÂN_NGUYỄN_QUÝ_DƯƠNG_2,,True,6694790,train
cosign_07_00918,cosign_07_00918,Chân/CHÂN_NGUYỄN_QUÝ_DƯƠNG_3.mp4,pose_format/Chân/CHÂN_NGUYỄN_QUÝ_DƯƠNG_3.pkl,7,Chân,Chân,"[""Chân""]",signer_144,07_CHÂN_NGUYỄN_QUÝ_DƯƠNG_3,,True,6488839,train
cosign_07_00919,cosign_07_00919,Chân/CHÂN_NGUYỄN_QUÝ_DƯƠNG_4.mp4,pose_format/Chân/CHÂN_NGUYỄN_QUÝ_DƯƠNG_4.pkl,7,Chân,Chân,"[""Chân""]",signer_144,07_CHÂN_NGUYỄN_QUÝ_DƯƠNG_4,,True,6252731,train
cosign_07_00920,cosign_07_00920,Chân/CHÂN_NGUYỄN_QUÝ_DƯƠNG_5.mp4,pose_format/Chân/CHÂN_NGUYỄN_QUÝ_DƯƠNG_5.pkl,7,Chân,Chân,"[""Chân""]",signer_144,07_CHÂN_NGUYỄN_QUÝ_DƯƠNG_5,,True,6687867,train
cosign_07_00921,cosign_07_00921,Chân/CHÂN_NGUYỄN_THẠC_ANH_ (1).mp4,pose_format/Chân/CHÂN_NGUYỄN_THẠC_ANH_ (1).pkl,7,Chân,Chân,"[""Chân""]",signer_145,07_CHÂN_NGUYỄN_THẠC_ANH_ (1),,True,5054295,train
cosign_07_00922,cosign_07_00922,Chân/CHÂN_NGUYỄN_THẠC_ANH_ (2).mp4,pose_format/Chân/CHÂN_NGUYỄN_THẠC_ANH_ (2).pkl,7,Chân,Chân,"[""Chân""]",signer_145,07_CHÂN_NGUYỄN_THẠC_ANH_ (2),,True,4934228,train
cosign_07_00923,cosign_07_00923,Chân/CHÂN_NGUYỄN_THẠC_ANH_ (3).mp4,pose_format/Chân/CHÂN_NGUYỄN_THẠC_ANH_ (3).pkl,7,Chân,Chân,"[""Chân""]",signer_145,07_CHÂN_NGUYỄN_THẠC_ANH_ (3),,True,5438293,train
cosign_07_00924,cosign_07_00924,Chân/CHÂN_NGUYỄN_THẠC_ANH_ (4).mp4,pose_format/Chân/CHÂN_NGUYỄN_THẠC_ANH_ (4).pkl,7,Chân,Chân,"[""Chân""]",signer_145,07_CHÂN_NGUYỄN_THẠC_ANH_ (4),,True,5758406,train
cosign_07_00925,cosign_07_00925,Chân/CHÂN_NGUYỄN_THẠC_ANH_ (5).mp4,pose_format/Chân/CHÂN_NGUYỄN_THẠC_ANH_ (5).pkl,7,Chân,Chân,"[""Chân""]",signer_145,07_CHÂN_NGUYỄN_THẠC_ANH_ (5),,True,5896073,train
cosign_07_00926,cosign_07_00926,Chân/CHÂN_NGÔ_TUẤN_ANH_1.mp4,pose_format/Chân/CHÂN_NGÔ_TUẤN_ANH_1.pkl,7,Chân,Chân,"[""Chân""]",signer_146,07_CHÂN_NGÔ_TUẤN_ANH_1,,True,7706665,train
cosign_07_00927,cosign_07_00927,Chân/CHÂN_NGÔ_TUẤN_ANH_2.mp4,pose_format/Chân/CHÂN_NGÔ_TUẤN_ANH_2.pkl,7,Chân,Chân,"[""Chân""]",signer_146,07_CHÂN_NGÔ_TUẤN_ANH_2,,True,8258093,train
cosign_07_00928,cosign_07_00928,Chân/CHÂN_NGÔ_TUẤN_ANH_3.mp4,pose_format/Chân/CHÂN_NGÔ_TUẤN_ANH_3.pkl,7,Chân,Chân,"[""Chân""]",signer_146,07_CHÂN_NGÔ_TUẤN_ANH_3,,True,7615770,train
cosign_07_00929,cosign_07_00929,Chân/CHÂN_NGÔ_TUẤN_ANH_4.mp4,pose_format/Chân/CHÂN_NGÔ_TUẤN_ANH_4.pkl,7,Chân,Chân,"[""Chân""]",signer_146,07_CHÂN_NGÔ_TUẤN_ANH_4,,True,7464374,train
cosign_07_00930,cosign_07_00930,Chân/CHÂN_NGÔ_TUẤN_ANH_5.mp4,pose_format/Chân/CHÂN_NGÔ_TUẤN_ANH_5.pkl,7,Chân,Chân,"[""Chân""]",signer_146,07_CHÂN_NGÔ_TUẤN_ANH_5,,True,8510813,train
cosign_07_00931,cosign_07_00931,Chân/CHÂN_PHẠM_ĐÌNH_HẢI_(1).mp4,pose_format/Chân/CHÂN_PHẠM_ĐÌNH_HẢI_(1).pkl,7,Chân,Chân,"[""Chân""]",signer_147,07_CHÂN_PHẠM_ĐÌNH_HẢI_(1),,True,10401599,train
cosign_07_00932,cosign_07_00932,Chân/CHÂN_PHẠM_ĐÌNH_HẢI_(2).mp4,pose_format/Chân/CHÂN_PHẠM_ĐÌNH_HẢI_(2).pkl,7,Chân,Chân,"[""Chân""]",signer_147,07_CHÂN_PHẠM_ĐÌNH_HẢI_(2),,True,11884090,train
cosign_07_00933,cosign_07_00933,Chân/CHÂN_PHẠM_ĐÌNH_HẢI_(3).mp4,pose_format/Chân/CHÂN_PHẠM_ĐÌNH_HẢI_(3).pkl,7,Chân,Chân,"[""Chân""]",signer_147,07_CHÂN_PHẠM_ĐÌNH_HẢI_(3),,True,11329962,train
cosign_07_00934,cosign_07_00934,Chân/CHÂN_PHẠM_ĐÌNH_HẢI_(4).mp4,pose_format/Chân/CHÂN_PHẠM_ĐÌNH_HẢI_(4).pkl,7,Chân,Chân,"[""Chân""]",signer_147,07_CHÂN_PHẠM_ĐÌNH_HẢI_(4),,True,12073710,train
cosign_07_00935,cosign_07_00935,Chân/CHÂN_PHẠM_ĐÌNH_HẢI_(5).mp4,pose_format/Chân/CHÂN_PHẠM_ĐÌNH_HẢI_(5).pkl,7,Chân,Chân,"[""Chân""]",signer_147,07_CHÂN_PHẠM_ĐÌNH_HẢI_(5),,True,11607519,train
cosign_07_00936,cosign_07_00936,Chân/CHÂN_TRƯƠNG_NGỌC_DIỄM_ (1).mp4,pose_format/Chân/CHÂN_TRƯƠNG_NGỌC_DIỄM_ (1).pkl,7,Chân,Chân,"[""Chân""]",signer_148,07_CHÂN_TRƯƠNG_NGỌC_DIỄM_ (1),,True,7138362,train
cosign_07_00937,cosign_07_00937,Chân/CHÂN_TRƯƠNG_NGỌC_DIỄM_ (4).mp4,pose_format/Chân/CHÂN_TRƯƠNG_NGỌC_DIỄM_ (4).pkl,7,Chân,Chân,"[""Chân""]",signer_148,07_CHÂN_TRƯƠNG_NGỌC_DIỄM_ (4),,True,9447860,train
cosign_07_00938,cosign_07_00938,Chân/CHÂN_TRƯƠNG_NGỌC_DIỄM_ (6).mp4,pose_format/Chân/CHÂN_TRƯƠNG_NGỌC_DIỄM_ (6).pkl,7,Chân,Chân,"[""Chân""]",signer_148,07_CHÂN_TRƯƠNG_NGỌC_DIỄM_ (6),,True,7216046,train
cosign_07_00939,cosign_07_00939,Chân/CHÂN_TRƯƠNG_NGỌC_DIỄM_ (7).mp4,pose_format/Chân/CHÂN_TRƯƠNG_NGỌC_DIỄM_ (7).pkl,7,Chân,Chân,"[""Chân""]",signer_148,07_CHÂN_TRƯƠNG_NGỌC_DIỄM_ (7),,True,7278445,train
cosign_07_00940,cosign_07_00940,Chân/CHÂN_TRƯƠNG_NGỌC_DIỄM_ (8).mp4,pose_format/Chân/CHÂN_TRƯƠNG_NGỌC_DIỄM_ (8).pkl,7,Chân,Chân,"[""Chân""]",signer_148,07_CHÂN_TRƯƠNG_NGỌC_DIỄM_ (8),,True,7062725,train
cosign_07_00941,cosign_07_00941,Chân/CHÂN_TRẦN_TUẤN_MINH (1).mp4,pose_format/Chân/CHÂN_TRẦN_TUẤN_MINH (1).pkl,7,Chân,Chân,"[""Chân""]",signer_149,07_CHÂN_TRẦN_TUẤN_MINH (1),,True,5842886,train
cosign_07_00942,cosign_07_00942,Chân/CHÂN_TRẦN_TUẤN_MINH (2).mp4,pose_format/Chân/CHÂN_TRẦN_TUẤN_MINH (2).pkl,7,Chân,Chân,"[""Chân""]",signer_149,07_CHÂN_TRẦN_TUẤN_MINH (2),,True,6672926,train
cosign_07_00943,cosign_07_00943,Chân/CHÂN_TRẦN_TUẤN_MINH (3).mp4,pose_format/Chân/CHÂN_TRẦN_TUẤN_MINH (3).pkl,7,Chân,Chân,"[""Chân""]",signer_149,07_CHÂN_TRẦN_TUẤN_MINH (3),,True,5795171,train
cosign_07_00944,cosign_07_00944,Chân/CHÂN_TRẦN_TUẤN_MINH (4).mp4,pose_format/Chân/CHÂN_TRẦN_TUẤN_MINH (4).pkl,7,Chân,Chân,"[""Chân""]",signer_149,07_CHÂN_TRẦN_TUẤN_MINH (4),,True,5908039,train
cosign_07_00945,cosign_07_00945,Chân/CHÂN_TRẦN_TUẤN_MINH (5).mp4,pose_format/Chân/CHÂN_TRẦN_TUẤN_MINH (5).pkl,7,Chân,Chân,"[""Chân""]",signer_149,07_CHÂN_TRẦN_TUẤN_MINH (5),,True,7412785,train
cosign_07_00946,cosign_07_00946,Chân/CHÂN_TRẦN_ĐỨC_QUÂN_1.mp4,pose_format/Chân/CHÂN_TRẦN_ĐỨC_QUÂN_1.pkl,7,Chân,Chân,"[""Chân""]",signer_150,07_CHÂN_TRẦN_ĐỨC_QUÂN_1,,True,6900036,train
cosign_07_00947,cosign_07_00947,Chân/CHÂN_TRẦN_ĐỨC_QUÂN_2.mp4,pose_format/Chân/CHÂN_TRẦN_ĐỨC_QUÂN_2.pkl,7,Chân,Chân,"[""Chân""]",signer_150,07_CHÂN_TRẦN_ĐỨC_QUÂN_2,,True,7335484,train
cosign_07_00948,cosign_07_00948,Chân/CHÂN_TRẦN_ĐỨC_QUÂN_3.mp4,pose_format/Chân/CHÂN_TRẦN_ĐỨC_QUÂN_3.pkl,7,Chân,Chân,"[""Chân""]",signer_150,07_CHÂN_TRẦN_ĐỨC_QUÂN_3,,True,7304773,train
cosign_07_00949,cosign_07_00949,Chân/CHÂN_TRẦN_ĐỨC_QUÂN_4.mp4,pose_format/Chân/CHÂN_TRẦN_ĐỨC_QUÂN_4.pkl,7,Chân,Chân,"[""Chân""]",signer_150,07_CHÂN_TRẦN_ĐỨC_QUÂN_4,,True,7631357,train
cosign_07_00950,cosign_07_00950,Chân/CHÂN_TRẦN_ĐỨC_QUÂN_5.mp4,pose_format/Chân/CHÂN_TRẦN_ĐỨC_QUÂN_5.pkl,7,Chân,Chân,"[""Chân""]",signer_150,07_CHÂN_TRẦN_ĐỨC_QUÂN_5,,True,7058269,train
cosign_07_00951,cosign_07_00951,Chân/CHÂN_TẠ_THỊ_PHƯƠNG_LINH_ (1).mp4,pose_format/Chân/CHÂN_TẠ_THỊ_PHƯƠNG_LINH_ (1).pkl,7,Chân,Chân,"[""Chân""]",signer_151,07_CHÂN_TẠ_THỊ_PHƯƠNG_LINH_ (1),,True,4134411,train
cosign_07_00952,cosign_07_00952,Chân/CHÂN_TẠ_THỊ_PHƯƠNG_LINH_ (2).mp4,pose_format/Chân/CHÂN_TẠ_THỊ_PHƯƠNG_LINH_ (2).pkl,7,Chân,Chân,"[""Chân""]",signer_151,07_CHÂN_TẠ_THỊ_PHƯƠNG_LINH_ (2),,True,4210063,train
cosign_07_00953,cosign_07_00953,Chân/CHÂN_TẠ_THỊ_PHƯƠNG_LINH_ (3).mp4,pose_format/Chân/CHÂN_TẠ_THỊ_PHƯƠNG_LINH_ (3).pkl,7,Chân,Chân,"[""Chân""]",signer_151,07_CHÂN_TẠ_THỊ_PHƯƠNG_LINH_ (3),,True,3949308,train
cosign_07_00954,cosign_07_00954,Chân/CHÂN_TẠ_THỊ_PHƯƠNG_LINH_ (4).mp4,pose_format/Chân/CHÂN_TẠ_THỊ_PHƯƠNG_LINH_ (4).pkl,7,Chân,Chân,"[""Chân""]",signer_151,07_CHÂN_TẠ_THỊ_PHƯƠNG_LINH_ (4),,True,4121183,train
cosign_07_00955,cosign_07_00955,Chân/CHÂN_TẠ_THỊ_PHƯƠNG_LINH_ (5).mp4,pose_format/Chân/CHÂN_TẠ_THỊ_PHƯƠNG_LINH_ (5).pkl,7,Chân,Chân,"[""Chân""]",signer_151,07_CHÂN_TẠ_THỊ_PHƯƠNG_LINH_ (5),,True,4130806,train
cosign_07_00956,cosign_07_00956,Chân/CHÂN_VŨ_HUY_DU_ (1).mp4,pose_format/Chân/CHÂN_VŨ_HUY_DU_ (1).pkl,7,Chân,Chân,"[""Chân""]",signer_152,07_CHÂN_VŨ_HUY_DU_ (1),,True,6456078,train
cosign_07_00957,cosign_07_00957,Chân/CHÂN_VŨ_HUY_DU_ (2).mp4,pose_format/Chân/CHÂN_VŨ_HUY_DU_ (2).pkl,7,Chân,Chân,"[""Chân""]",signer_152,07_CHÂN_VŨ_HUY_DU_ (2),,True,6022927,train
cosign_07_00958,cosign_07_00958,Chân/CHÂN_VŨ_HUY_DU_ (3).mp4,pose_format/Chân/CHÂN_VŨ_HUY_DU_ (3).pkl,7,Chân,Chân,"[""Chân""]",signer_152,07_CHÂN_VŨ_HUY_DU_ (3),,True,5801008,train
cosign_07_00959,cosign_07_00959,Chân/CHÂN_VŨ_HUY_DU_ (4).mp4,pose_format/Chân/CHÂN_VŨ_HUY_DU_ (4).pkl,7,Chân,Chân,"[""Chân""]",signer_152,07_CHÂN_VŨ_HUY_DU_ (4),,True,6795336,train
cosign_07_00960,cosign_07_00960,Chân/CHÂN_VŨ_HUY_DU_ (5).mp4,pose_format/Chân/CHÂN_VŨ_HUY_DU_ (5).pkl,7,Chân,Chân,"[""Chân""]",signer_152,07_CHÂN_VŨ_HUY_DU_ (5),,True,6393269,train
cosign_07_00961,cosign_07_00961,Chân/CHÂN_VŨ_KẾT_ĐỒNG_1.mp4,pose_format/Chân/CHÂN_VŨ_KẾT_ĐỒNG_1.pkl,7,Chân,Chân,"[""Chân""]",signer_153,07_CHÂN_VŨ_KẾT_ĐỒNG_1,,True,7477867,train
cosign_07_00962,cosign_07_00962,Chân/CHÂN_VŨ_KẾT_ĐỒNG_2.mp4,pose_format/Chân/CHÂN_VŨ_KẾT_ĐỒNG_2.pkl,7,Chân,Chân,"[""Chân""]",signer_153,07_CHÂN_VŨ_KẾT_ĐỒNG_2,,True,6945623,train
cosign_07_00963,cosign_07_00963,Chân/CHÂN_VŨ_KẾT_ĐỒNG_3.mp4,pose_format/Chân/CHÂN_VŨ_KẾT_ĐỒNG_3.pkl,7,Chân,Chân,"[""Chân""]",signer_153,07_CHÂN_VŨ_KẾT_ĐỒNG_3,,True,6702427,train
cosign_07_00964,cosign_07_00964,Chân/CHÂN_VŨ_KẾT_ĐỒNG_4.mp4,pose_format/Chân/CHÂN_VŨ_KẾT_ĐỒNG_4.pkl,7,Chân,Chân,"[""Chân""]",signer_153,07_CHÂN_VŨ_KẾT_ĐỒNG_4,,True,7533508,train
cosign_07_00965,cosign_07_00965,Chân/CHÂN_VŨ_KẾT_ĐỒNG_5.mp4,pose_format/Chân/CHÂN_VŨ_KẾT_ĐỒNG_5.pkl,7,Chân,Chân,"[""Chân""]",signer_153,07_CHÂN_VŨ_KẾT_ĐỒNG_5,,True,6561516,train
cosign_07_00966,cosign_07_00966,Chân/CHÂN__NGUYỄN_HOÀNG_ĐIỆP_ (1).mp4,pose_format/Chân/CHÂN__NGUYỄN_HOÀNG_ĐIỆP_ (1).pkl,7,Chân,Chân,"[""Chân""]",signer_154,07_CHÂN__NGUYỄN_HOÀNG_ĐIỆP_ (1),,True,8048578,train
cosign_07_00967,cosign_07_00967,Chân/CHÂN__NGUYỄN_HOÀNG_ĐIỆP_ (2).mp4,pose_format/Chân/CHÂN__NGUYỄN_HOÀNG_ĐIỆP_ (2).pkl,7,Chân,Chân,"[""Chân""]",signer_154,07_CHÂN__NGUYỄN_HOÀNG_ĐIỆP_ (2),,True,8915297,train
cosign_07_00968,cosign_07_00968,Chân/CHÂN__NGUYỄN_HOÀNG_ĐIỆP_ (3).mp4,pose_format/Chân/CHÂN__NGUYỄN_HOÀNG_ĐIỆP_ (3).pkl,7,Chân,Chân,"[""Chân""]",signer_154,07_CHÂN__NGUYỄN_HOÀNG_ĐIỆP_ (3),,True,8024229,train
cosign_07_00969,cosign_07_00969,Chân/CHÂN__NGUYỄN_HOÀNG_ĐIỆP_ (4).mp4,pose_format/Chân/CHÂN__NGUYỄN_HOÀNG_ĐIỆP_ (4).pkl,7,Chân,Chân,"[""Chân""]",signer_154,07_CHÂN__NGUYỄN_HOÀNG_ĐIỆP_ (4),,True,8316816,train
cosign_07_00970,cosign_07_00970,Chân/CHÂN__NGUYỄN_HOÀNG_ĐIỆP_ (5).mp4,pose_format/Chân/CHÂN__NGUYỄN_HOÀNG_ĐIỆP_ (5).pkl,7,Chân,Chân,"[""Chân""]",signer_154,07_CHÂN__NGUYỄN_HOÀNG_ĐIỆP_ (5),,True,8071684,train
cosign_07_00971,cosign_07_00971,Chân/Chân_LQM.mp4,pose_format/Chân/Chân_LQM.pkl,7,Chân,Chân,"[""Chân""]",signer_155,07_Chân_LQM,,True,6582443,train
cosign_07_00972,cosign_07_00972,Chân/Chân_LQM (2).mp4,pose_format/Chân/Chân_LQM (2).pkl,7,Chân,Chân,"[""Chân""]",signer_155,07_Chân_LQM (2),,True,7639779,train
cosign_07_00973,cosign_07_00973,Chân/Chân_LQM (3).mp4,pose_format/Chân/Chân_LQM (3).pkl,7,Chân,Chân,"[""Chân""]",signer_155,07_Chân_LQM (3),,True,8580509,train
cosign_07_00974,cosign_07_00974,Chân/Chân_LQM (4).mp4,pose_format/Chân/Chân_LQM (4).pkl,7,Chân,Chân,"[""Chân""]",signer_155,07_Chân_LQM (4),,True,7267153,train
cosign_07_00975,cosign_07_00975,Chân/Chân_LQM (5).mp4,pose_format/Chân/Chân_LQM (5).pkl,7,Chân,Chân,"[""Chân""]",signer_155,07_Chân_LQM (5),,True,8236984,train
cosign_07_00976,cosign_07_00976,Chân/Chân_MVT.mp4,pose_format/Chân/Chân_MVT.pkl,7,Chân,Chân,"[""Chân""]",signer_156,07_Chân_MVT,,True,10290199,train
cosign_07_00977,cosign_07_00977,Chân/Chân_MVT (2).mp4,pose_format/Chân/Chân_MVT (2).pkl,7,Chân,Chân,"[""Chân""]",signer_156,07_Chân_MVT (2),,True,10962526,train
cosign_07_00978,cosign_07_00978,Chân/Chân_MVT (3).mp4,pose_format/Chân/Chân_MVT (3).pkl,7,Chân,Chân,"[""Chân""]",signer_156,07_Chân_MVT (3),,True,9902703,train
cosign_07_00979,cosign_07_00979,Chân/Chân_MVT (4).mp4,pose_format/Chân/Chân_MVT (4).pkl,7,Chân,Chân,"[""Chân""]",signer_156,07_Chân_MVT (4),,True,10495098,train
cosign_07_00980,cosign_07_00980,Chân/Lê Phương Thảo_12_Chân_1692696957.6053588_0_cut.avi,pose_format/Chân/Lê Phương Thảo_12_Chân_1692696957.6053588_0_cut.pkl,7,Chân,Chân,"[""Chân""]",signer_019,07_Lê Phương Thảo_12_Chân_1692696957.6053588_0,,True,762926,train
cosign_07_00981,cosign_07_00981,Chân/Lê Phương Thảo_12_Chân_1692696957.6053588_0_frames_35.avi,pose_format/Chân/Lê Phương Thảo_12_Chân_1692696957.6053588_0_frames_35.pkl,7,Chân,Chân,"[""Chân""]",signer_019,07_Lê Phương Thảo_12_Chân_1692696957.6053588_0,07_Lê Phương Thảo_12_Chân_1692696957.6053588_0,False,954692,train
cosign_07_00982,cosign_07_00982,Chân/Lê Phương Thảo_12_Chân_1692696957.6053588_0_frames_40.avi,pose_format/Chân/Lê Phương Thảo_12_Chân_1692696957.6053588_0_frames_40.pkl,7,Chân,Chân,"[""Chân""]",signer_019,07_Lê Phương Thảo_12_Chân_1692696957.6053588_0,07_Lê Phương Thảo_12_Chân_1692696957.6053588_0,False,954692,train
cosign_07_00983,cosign_07_00983,Chân/Lê Thanh Như_12_Chân_1692697175.817892_0_frames_35.avi,pose_format/Chân/Lê Thanh Như_12_Chân_1692697175.817892_0_frames_35.pkl,7,Chân,Chân,"[""Chân""]",signer_020,07_Lê Thanh Như_12_Chân_1692697175.817892_0,,True,1479910,train
cosign_07_00984,cosign_07_00984,Chân/Lê Thanh Như_12_Chân_1692697175.817892_0_frames_40.avi,pose_format/Chân/Lê Thanh Như_12_Chân_1692697175.817892_0_frames_40.pkl,7,Chân,Chân,"[""Chân""]",signer_020,07_Lê Thanh Như_12_Chân_1692697175.817892_0,07_Lê Thanh Như_12_Chân_1692697175.817892_0,False,1479910,train
cosign_07_00985,cosign_07_00985,Chân/Nguyễn Gia Bảo_10_chân_1692697177.1925724_0_cut.avi,pose_format/Chân/Nguyễn Gia Bảo_10_chân_1692697177.1925724_0_cut.pkl,7,Chân,Chân,"[""Chân""]",signer_021,07_Nguyễn Gia Bảo_10_chân_1692697177.1925724_0,,True,979676,train
cosign_07_00986,cosign_07_00986,Chân/Nguyễn Gia Bảo_10_chân_1692697177.1925724_0_frames_35.avi,pose_format/Chân/Nguyễn Gia Bảo_10_chân_1692697177.1925724_0_frames_35.pkl,7,Chân,Chân,"[""Chân""]",signer_021,07_Nguyễn Gia Bảo_10_chân_1692697177.1925724_0,07_Nguyễn Gia Bảo_10_chân_1692697177.1925724_0,False,1251566,train
cosign_07_00987,cosign_07_00987,Chân/Nguyễn Gia Bảo_10_chân_1692697177.1925724_0_frames_40.avi,pose_format/Chân/Nguyễn Gia Bảo_10_chân_1692697177.1925724_0_frames_40.pkl,7,Chân,Chân,"[""Chân""]",signer_021,07_Nguyễn Gia Bảo_10_chân_1692697177.1925724_0,07_Nguyễn Gia Bảo_10_chân_1692697177.1925724_0,False,1251566,train
cosign_07_00988,cosign_07_00988,Chân/Nguyễn Thị Huyền_35_chân_1692860036.464193_0_cut.avi,pose_format/Chân/Nguyễn Thị Huyền_35_chân_1692860036.464193_0_cut.pkl,7,Chân,Chân,"[""Chân""]",signer_022,07_Nguyễn Thị Huyền_35_chân_1692860036.464193_0,,True,1477304,train
cosign_07_00989,cosign_07_00989,Chân/Nguyễn Thị Huyền_35_chân_1692860036.464193_0_frames_35.avi,pose_format/Chân/Nguyễn Thị Huyền_35_chân_1692860036.464193_0_frames_35.pkl,7,Chân,Chân,"[""Chân""]",signer_022,07_Nguyễn Thị Huyền_35_chân_1692860036.464193_0,07_Nguyễn Thị Huyền_35_chân_1692860036.464193_0,False,1744200,train
cosign_07_00990,cosign_07_00990,Chân/Nguyễn Thị Huyền_35_chân_1692860036.464193_0_frames_40.avi,pose_format/Chân/Nguyễn Thị Huyền_35_chân_1692860036.464193_0_frames_40.pkl,7,Chân,Chân,"[""Chân""]",signer_022,07_Nguyễn Thị Huyền_35_chân_1692860036.464193_0,07_Nguyễn Thị Huyền_35_chân_1692860036.464193_0,False,1744200,train
cosign_07_00991,cosign_07_00991,Chân/Nguyễn Thị Hồng_32_Chân_1692936439.6065784_0_cut.avi,pose_format/Chân/Nguyễn Thị Hồng_32_Chân_1692936439.6065784_0_cut.pkl,7,Chân,Chân,"[""Chân""]",signer_023,07_Nguyễn Thị Hồng_32_Chân_1692936439.6065784_0,,True,858842,train
cosign_07_00992,cosign_07_00992,Chân/Nguyễn Thị Hồng_32_Chân_1692936439.6065784_0_frames_35.avi,pose_format/Chân/Nguyễn Thị Hồng_32_Chân_1692936439.6065784_0_frames_35.pkl,7,Chân,Chân,"[""Chân""]",signer_023,07_Nguyễn Thị Hồng_32_Chân_1692936439.6065784_0,07_Nguyễn Thị Hồng_32_Chân_1692936439.6065784_0,False,1028770,train
cosign_07_00993,cosign_07_00993,Chân/Nguyễn Thị Hồng_32_Chân_1692936439.6065784_0_frames_40.avi,pose_format/Chân/Nguyễn Thị Hồng_32_Chân_1692936439.6065784_0_frames_40.pkl,7,Chân,Chân,"[""Chân""]",signer_023,07_Nguyễn Thị Hồng_32_Chân_1692936439.6065784_0,07_Nguyễn Thị Hồng_32_Chân_1692936439.6065784_0,False,1028770,train
cosign_07_00994,cosign_07_00994,Chân/Nguyễn Thị Mai Anh_39_chân_1693022072.4420621_0_cut.avi,pose_format/Chân/Nguyễn Thị Mai Anh_39_chân_1693022072.4420621_0_cut.pkl,7,Chân,Chân,"[""Chân""]",signer_024,07_Nguyễn Thị Mai Anh_39_chân_1693022072.4420621_0,,True,1020990,train
cosign_07_00995,cosign_07_00995,Chân/Nguyễn Thị Mai Anh_39_chân_1693022072.4420621_0_frames_35.avi,pose_format/Chân/Nguyễn Thị Mai Anh_39_chân_1693022072.4420621_0_frames_35.pkl,7,Chân,Chân,"[""Chân""]",signer_024,07_Nguyễn Thị Mai Anh_39_chân_1693022072.4420621_0,07_Nguyễn Thị Mai Anh_39_chân_1693022072.4420621_0,False,1211372,train
cosign_07_00996,cosign_07_00996,Chân/Nguyễn Thị Mai Anh_39_chân_1693022072.4420621_0_frames_40.avi,pose_format/Chân/Nguyễn Thị Mai Anh_39_chân_1693022072.4420621_0_frames_40.pkl,7,Chân,Chân,"[""Chân""]",signer_024,07_Nguyễn Thị Mai Anh_39_chân_1693022072.4420621_0,07_Nguyễn Thị Mai Anh_39_chân_1693022072.4420621_0,False,1211372,train
cosign_07_00997,cosign_07_00997,Chân/Nguyễn Thị Thu Trang_38_Chân_1692782228.2110367_0_cut.avi,pose_format/Chân/Nguyễn Thị Thu Trang_38_Chân_1692782228.2110367_0_cut.pkl,7,Chân,Chân,"[""Chân""]",signer_025,07_Nguyễn Thị Thu Trang_38_Chân_1692782228.2110367_0,,True,1089934,train
cosign_07_00998,cosign_07_00998,Chân/Nguyễn Thị Thu Trang_38_Chân_1692782228.2110367_0_frames_35.avi,pose_format/Chân/Nguyễn Thị Thu Trang_38_Chân_1692782228.2110367_0_frames_35.pkl,7,Chân,Chân,"[""Chân""]",signer_025,07_Nguyễn Thị Thu Trang_38_Chân_1692782228.2110367_0,07_Nguyễn Thị Thu Trang_38_Chân_1692782228.2110367_0,False,1383988,train
cosign_07_00999,cosign_07_00999,Chân/Nguyễn Thị Thu Trang_38_Chân_1692782228.2110367_0_frames_40.avi,pose_format/Chân/Nguyễn Thị Thu Trang_38_Chân_1692782228.2110367_0_frames_40.pkl,7,Chân,Chân,"[""Chân""]",signer_025,07_Nguyễn Thị Thu Trang_38_Chân_1692782228.2110367_0,07_Nguyễn Thị Thu Trang_38_Chân_1692782228.2110367_0,False,1383988,train
cosign_07_01000,cosign_07_01000,Chân/Phạm Thị Mai Hương_32_Chân_1692610475.5508974_0_cut.avi,pose_format/Chân/Phạm Thị Mai Hương_32_Chân_1692610475.5508974_0_cut.pkl,7,Chân,Chân,"[""Chân""]",signer_066,07_Phạm Thị Mai Hương_32_Chân_1692610475.5508974_0,,True,1186652,train
cosign_07_01001,cosign_07_01001,Chân/Phạm Thị Mai Hương_32_Chân_1692610475.5508974_0_frames_35.avi,pose_format/Chân/Phạm Thị Mai Hương_32_Chân_1692610475.5508974_0_frames_35.pkl,7,Chân,Chân,"[""Chân""]",signer_066,07_Phạm Thị Mai Hương_32_Chân_1692610475.5508974_0,07_Phạm Thị Mai Hương_32_Chân_1692610475.5508974_0,False,1543058,train
cosign_07_01002,cosign_07_01002,Chân/Phạm Thị Mai Hương_32_Chân_1692610475.5508974_0_frames_40.avi,pose_format/Chân/Phạm Thị Mai Hương_32_Chân_1692610475.5508974_0_frames_40.pkl,7,Chân,Chân,"[""Chân""]",signer_066,07_Phạm Thị Mai Hương_32_Chân_1692610475.5508974_0,07_Phạm Thị Mai Hương_32_Chân_1692610475.5508974_0,False,1543058,train
cosign_07_01003,cosign_07_01003,Chân/Trần Thị Vân Anh_39_chân_1692932456.2074735_0_cut.avi,pose_format/Chân/Trần Thị Vân Anh_39_chân_1692932456.2074735_0_cut.pkl,7,Chân,Chân,"[""Chân""]",signer_026,07_Trần Thị Vân Anh_39_chân_1692932456.2074735_0,,True,1065050,train
cosign_07_01004,cosign_07_01004,Chân/Trần Thị Vân Anh_39_chân_1692932456.2074735_0_frames_35.avi,pose_format/Chân/Trần Thị Vân Anh_39_chân_1692932456.2074735_0_frames_35.pkl,7,Chân,Chân,"[""Chân""]",signer_026,07_Trần Thị Vân Anh_39_chân_1692932456.2074735_0,07_Trần Thị Vân Anh_39_chân_1692932456.2074735_0,False,1285592,train
cosign_07_01005,cosign_07_01005,Chân/Trần Thị Vân Anh_39_chân_1692932456.2074735_0_frames_40.avi,pose_format/Chân/Trần Thị Vân Anh_39_chân_1692932456.2074735_0_frames_40.pkl,7,Chân,Chân,"[""Chân""]",signer_026,07_Trần Thị Vân Anh_39_chân_1692932456.2074735_0,07_Trần Thị Vân Anh_39_chân_1692932456.2074735_0,False,1285592,train
cosign_07_01006,cosign_07_01006,Chân/Trần Xuân Ngọc_41_chân_1692697269.5825906_0_cut.avi,pose_format/Chân/Trần Xuân Ngọc_41_chân_1692697269.5825906_0_cut.pkl,7,Chân,Chân,"[""Chân""]",signer_027,07_Trần Xuân Ngọc_41_chân_1692697269.5825906_0,,True,1591158,train
cosign_07_01007,cosign_07_01007,Chân/Trần Xuân Ngọc_41_chân_1692697269.5825906_0_frames_35.avi,pose_format/Chân/Trần Xuân Ngọc_41_chân_1692697269.5825906_0_frames_35.pkl,7,Chân,Chân,"[""Chân""]",signer_027,07_Trần Xuân Ngọc_41_chân_1692697269.5825906_0,07_Trần Xuân Ngọc_41_chân_1692697269.5825906_0,False,2033572,train
cosign_07_01008,cosign_07_01008,Chân/Trần Xuân Ngọc_41_chân_1692697269.5825906_0_frames_40.avi,pose_format/Chân/Trần Xuân Ngọc_41_chân_1692697269.5825906_0_frames_40.pkl,7,Chân,Chân,"[""Chân""]",signer_027,07_Trần Xuân Ngọc_41_chân_1692697269.5825906_0,07_Trần Xuân Ngọc_41_chân_1692697269.5825906_0,False,2033572,train
cosign_07_01009,cosign_07_01009,Chân/Vũ Thị Thu Phương_37_chân_1692849105.3689241_0_cut.avi,pose_format/Chân/Vũ Thị Thu Phương_37_chân_1692849105.3689241_0_cut.pkl,7,Chân,Chân,"[""Chân""]",signer_028,07_Vũ Thị Thu Phương_37_chân_1692849105.3689241_0,,True,821558,train
cosign_07_01010,cosign_07_01010,Chân/Vũ Thị Thu Phương_37_chân_1692849105.3689241_0_frames_35.avi,pose_format/Chân/Vũ Thị Thu Phương_37_chân_1692849105.3689241_0_frames_35.pkl,7,Chân,Chân,"[""Chân""]",signer_028,07_Vũ Thị Thu Phương_37_chân_1692849105.3689241_0,07_Vũ Thị Thu Phương_37_chân_1692849105.3689241_0,False,1017122,train
cosign_07_01011,cosign_07_01011,Chân/Vũ Thị Thu Phương_37_chân_1692849105.3689241_0_frames_40.avi,pose_format/Chân/Vũ Thị Thu Phương_37_chân_1692849105.3689241_0_frames_40.pkl,7,Chân,Chân,"[""Chân""]",signer_028,07_Vũ Thị Thu Phương_37_chân_1692849105.3689241_0,07_Vũ Thị Thu Phương_37_chân_1692849105.3689241_0,False,1017122,train
cosign_07_01012,cosign_07_01012,Chân/Đoàn Thị Thu Thủy_40_chân_1692934387.0854256_0_cut.avi,pose_format/Chân/Đoàn Thị Thu Thủy_40_chân_1692934387.0854256_0_cut.pkl,7,Chân,Chân,"[""Chân""]",signer_029,07_Đoàn Thị Thu Thủy_40_chân_1692934387.0854256_0,,True,904558,train
cosign_07_01013,cosign_07_01013,Chân/Đoàn Thị Thu Thủy_40_chân_1692934387.0854256_0_frames_35.avi,pose_format/Chân/Đoàn Thị Thu Thủy_40_chân_1692934387.0854256_0_frames_35.pkl,7,Chân,Chân,"[""Chân""]",signer_029,07_Đoàn Thị Thu Thủy_40_chân_1692934387.0854256_0,07_Đoàn Thị Thu Thủy_40_chân_1692934387.0854256_0,False,1135432,train
cosign_07_01014,cosign_07_01014,Chân/Đoàn Thị Thu Thủy_40_chân_1692934387.0854256_0_frames_40.avi,pose_format/Chân/Đoàn Thị Thu Thủy_40_chân_1692934387.0854256_0_frames_40.pkl,7,Chân,Chân,"[""Chân""]",signer_029,07_Đoàn Thị Thu Thủy_40_chân_1692934387.0854256_0,07_Đoàn Thị Thu Thủy_40_chân_1692934387.0854256_0,False,1135432,train
cosign_07_01015,cosign_07_01015,Chân/Đặng Thị Kiên_37_chân_1693015263.5827267_0_cut.avi,pose_format/Chân/Đặng Thị Kiên_37_chân_1693015263.5827267_0_cut.pkl,7,Chân,Chân,"[""Chân""]",signer_030,07_Đặng Thị Kiên_37_chân_1693015263.5827267_0,,True,1128394,train
cosign_07_01016,cosign_07_01016,Chân/Đặng Thị Kiên_37_chân_1693015263.5827267_0_frames_35.avi,pose_format/Chân/Đặng Thị Kiên_37_chân_1693015263.5827267_0_frames_35.pkl,7,Chân,Chân,"[""Chân""]",signer_030,07_Đặng Thị Kiên_37_chân_1693015263.5827267_0,07_Đặng Thị Kiên_37_chân_1693015263.5827267_0,False,1455180,train
cosign_07_01017,cosign_07_01017,Chân/Đỗ Thị Vấn_41_chân_1692777186.9766815_0_cut.avi,pose_format/Chân/Đỗ Thị Vấn_41_chân_1692777186.9766815_0_cut.pkl,7,Chân,Chân,"[""Chân""]",signer_031,07_Đỗ Thị Vấn_41_chân_1692777186.9766815_0,,True,1387056,train
cosign_08_01018,cosign_08_01018,Chúng ta/CHÚNG_TA_BÙI_MAI_CHI_ (1).mp4,pose_format/Chúng ta/CHÚNG_TA_BÙI_MAI_CHI_ (1).pkl,8,Chúng ta,Chúng ta,"[""Chúng ta""]",signer_157,08_CHÚNG_TA_BÙI_MAI_CHI_ (1),,True,9819598,train
cosign_08_01019,cosign_08_01019,Chúng ta/CHÚNG_TA_BÙI_MAI_CHI_ (2).mp4,pose_format/Chúng ta/CHÚNG_TA_BÙI_MAI_CHI_ (2).pkl,8,Chúng ta,Chúng ta,"[""Chúng ta""]",signer_157,08_CHÚNG_TA_BÙI_MAI_CHI_ (2),,True,10174456,train
cosign_08_01020,cosign_08_01020,Chúng ta/CHÚNG_TA_BÙI_MAI_CHI_ (3).mp4,pose_format/Chúng ta/CHÚNG_TA_BÙI_MAI_CHI_ (3).pkl,8,Chúng ta,Chúng ta,"[""Chúng ta""]",signer_157,08_CHÚNG_TA_BÙI_MAI_CHI_ (3),,True,9780854,train
cosign_08_01021,cosign_08_01021,Chúng ta/CHÚNG_TA_BÙI_MAI_CHI_ (4).mp4,pose_format/Chúng ta/CHÚNG_TA_BÙI_MAI_CHI_ (4).pkl,8,Chúng ta,Chúng ta,"[""Chúng ta""]",signer_157,08_CHÚNG_TA_BÙI_MAI_CHI_ (4),,True,9843703,train
cosign_08_01022,cosign_08_01022,Chúng ta/CHÚNG_TA_BÙI_MAI_CHI_ (5).mp4,pose_format/Chúng ta/CHÚNG_TA_BÙI_MAI_CHI_ (5).pkl,8,Chúng ta,Chúng ta,"[""Chúng ta""]",signer_157,08_CHÚNG_TA_BÙI_MAI_CHI_ (5),,True,9409141,train
cosign_08_01023,cosign_08_01023,Chúng ta/CHÚNG_TA_BÙI_MẬU_VĂN_ (1).mp4,pose_format/Chúng ta/CHÚNG_TA_BÙI_MẬU_VĂN_ (1).pkl,8,Chúng ta,Chúng ta,"[""Chúng ta""]",signer_158,08_CHÚNG_TA_BÙI_MẬU_VĂN_ (1),,True,9773597,train
cosign_08_01024,cosign_08_01024,Chúng ta/CHÚNG_TA_BÙI_MẬU_VĂN_ (2).mp4,pose_format/Chúng ta/CHÚNG_TA_BÙI_MẬU_VĂN_ (2).pkl,8,Chúng ta,Chúng ta,"[""Chúng ta""]",signer_158,08_CHÚNG_TA_BÙI_MẬU_VĂN_ (2),,True,8535757,train
cosign_08_01025,cosign_08_01025,Chúng ta/CHÚNG_TA_BÙI_MẬU_VĂN_ (3).mp4,pose_format/Chúng ta/CHÚNG_TA_BÙI_MẬU_VĂN_ (3).pkl,8,Chúng ta,Chúng ta,"[""Chúng ta""]",signer_158,08_CHÚNG_TA_BÙI_MẬU_VĂN_ (3),,True,8139964,train
cosign_08_01026,cosign_08_01026,Chúng ta/CHÚNG_TA_BÙI_MẬU_VĂN_ (4).mp4,pose_format/Chúng ta/CHÚNG_TA_BÙI_MẬU_VĂN_ (4).pkl,8,Chúng ta,Chúng ta,"[""Chúng ta""]",signer_158,08_CHÚNG_TA_BÙI_MẬU_VĂN_ (4),,True,8005551,train
cosign_08_01027,cosign_08_01027,Chúng ta/CHÚNG_TA_BÙI_MẬU_VĂN_ (5).mp4,pose_format/Chúng ta/CHÚNG_TA_BÙI_MẬU_VĂN_ (5).pkl,8,Chúng ta,Chúng ta,"[""Chúng ta""]",signer_158,08_CHÚNG_TA_BÙI_MẬU_VĂN_ (5),,True,7828935,train
cosign_08_01028,cosign_08_01028,Chúng ta/CHÚNG_TA_LẠI_QUANG_VINH_(1).mp4,pose_format/Chúng ta/CHÚNG_TA_LẠI_QUANG_VINH_(1).pkl,8,Chúng ta,Chúng ta,"[""Chúng ta""]",signer_159,08_CHÚNG_TA_LẠI_QUANG_VINH_(1),,True,2631920,train
cosign_08_01029,cosign_08_01029,Chúng ta/CHÚNG_TA_LẠI_QUANG_VINH_(2).mp4,pose_format/Chúng ta/CHÚNG_TA_LẠI_QUANG_VINH_(2).pkl,8,Chúng ta,Chúng ta,"[""Chúng ta""]",signer_159,08_CHÚNG_TA_LẠI_QUANG_VINH_(2),,True,2432744,train
cosign_08_01030,cosign_08_01030,Chúng ta/CHÚNG_TA_LẠI_QUANG_VINH_(3).mp4,pose_format/Chúng ta/CHÚNG_TA_LẠI_QUANG_VINH_(3).pkl,8,Chúng ta,Chúng ta,"[""Chúng ta""]",signer_159,08_CHÚNG_TA_LẠI_QUANG_VINH_(3),,True,2548813,train
cosign_08_01031,cosign_08_01031,Chúng ta/CHÚNG_TA_LẠI_QUANG_VINH_(4).mp4,pose_format/Chúng ta/CHÚNG_TA_LẠI_QUANG_VINH_(4).pkl,8,Chúng ta,Chúng ta,"[""Chúng ta""]",signer_159,08_CHÚNG_TA_LẠI_QUANG_VINH_(4),,True,2905238,train
cosign_08_01032,cosign_08_01032,Chúng ta/CHÚNG_TA_LẠI_QUANG_VINH_(5).mp4,pose_format/Chúng ta/CHÚNG_TA_LẠI_QUANG_VINH_(5).pkl,8,Chúng ta,Chúng ta,"[""Chúng ta""]",signer_159,08_CHÚNG_TA_LẠI_QUANG_VINH_(5),,True,2477128,train
cosign_08_01033,cosign_08_01033,Chúng ta/CHÚNG_TA_MAI_HOÀNG_XUÂN_ (1).mp4,pose_format/Chúng ta/CHÚNG_TA_MAI_HOÀNG_XUÂN_ (1).pkl,8,Chúng ta,Chúng ta,"[""Chúng ta""]",signer_160,08_CHÚNG_TA_MAI_HOÀNG_XUÂN_ (1),,True,6194765,train
cosign_08_01034,cosign_08_01034,Chúng ta/CHÚNG_TA_MAI_HOÀNG_XUÂN_ (2).mp4,pose_format/Chúng ta/CHÚNG_TA_MAI_HOÀNG_XUÂN_ (2).pkl,8,Chúng ta,Chúng ta,"[""Chúng ta""]",signer_160,08_CHÚNG_TA_MAI_HOÀNG_XUÂN_ (2),,True,6447206,train
cosign_08_01035,cosign_08_01035,Chúng ta/CHÚNG_TA_MAI_HOÀNG_XUÂN_ (3).mp4,pose_format/Chúng ta/CHÚNG_TA_MAI_HOÀNG_XUÂN_ (3).pkl,8,Chúng ta,Chúng ta,"[""Chúng ta""]",signer_160,08_CHÚNG_TA_MAI_HOÀNG_XUÂN_ (3),,True,6576504,train
cosign_08_01036,cosign_08_01036,Chúng ta/CHÚNG_TA_MAI_HOÀNG_XUÂN_ (4).mp4,pose_format/Chúng ta/CHÚNG_TA_MAI_HOÀNG_XUÂN_ (4).pkl,8,Chúng ta,Chúng ta,"[""Chúng ta""]",signer_160,08_CHÚNG_TA_MAI_HOÀNG_XUÂN_ (4),,True,5701393,train
cosign_08_01037,cosign_08_01037,Chúng ta/CHÚNG_TA_MAI_HOÀNG_XUÂN_ (5).mp4,pose_format/Chúng ta/CHÚNG_TA_MAI_HOÀNG_XUÂN_ (5).pkl,8,Chúng ta,Chúng ta,"[""Chúng ta""]",signer_160,08_CHÚNG_TA_MAI_HOÀNG_XUÂN_ (5),,True,6458459,train
cosign_08_01038,cosign_08_01038,Chúng ta/CHÚNG_TA_NGUYỄN_HOÀNG_ĐIỆP_ (1).mp4,pose_format/Chúng ta/CHÚNG_TA_NGUYỄN_HOÀNG_ĐIỆP_ (1).pkl,8,Chúng ta,Chúng ta,"[""Chúng ta""]",signer_161,08_CHÚNG_TA_NGUYỄN_HOÀNG_ĐIỆP_ (1),,True,8559968,train
cosign_08_01039,cosign_08_01039,Chúng ta/CHÚNG_TA_NGUYỄN_HOÀNG_ĐIỆP_ (2).mp4,pose_format/Chúng ta/CHÚNG_TA_NGUYỄN_HOÀNG_ĐIỆP_ (2).pkl,8,Chúng ta,Chúng ta,"[""Chúng ta""]",signer_161,08_CHÚNG_TA_NGUYỄN_HOÀNG_ĐIỆP_ (2),,True,8533052,train
cosign_08_01040,cosign_08_01040,Chúng ta/CHÚNG_TA_NGUYỄN_HOÀNG_ĐIỆP_ (3).mp4,pose_format/Chúng ta/CHÚNG_TA_NGUYỄN_HOÀNG_ĐIỆP_ (3).pkl,8,Chúng ta,Chúng ta,"[""Chúng ta""]",signer_161,08_CHÚNG_TA_NGUYỄN_HOÀNG_ĐIỆP_ (3),,True,8251182,train
cosign_08_01041,cosign_08_01041,Chúng ta/CHÚNG_TA_NGUYỄN_HOÀNG_ĐIỆP_ (4).mp4,pose_format/Chúng ta/CHÚNG_TA_NGUYỄN_HOÀNG_ĐIỆP_ (4).pkl,8,Chúng ta,Chúng ta,"[""Chúng ta""]",signer_161,08_CHÚNG_TA_NGUYỄN_HOÀNG_ĐIỆP_ (4),,True,8965673,train
cosign_08_01042,cosign_08_01042,Chúng ta/CHÚNG_TA_NGUYỄN_HOÀNG_ĐIỆP_ (5).mp4,pose_format/Chúng ta/CHÚNG_TA_NGUYỄN_HOÀNG_ĐIỆP_ (5).pkl,8,Chúng ta,Chúng ta,"[""Chúng ta""]",signer_161,08_CHÚNG_TA_NGUYỄN_HOÀNG_ĐIỆP_ (5),,True,8809248,train
cosign_08_01043,cosign_08_01043,Chúng ta/CHÚNG_TA_NGUYỄN_PHƯƠNG_ANH_ (1).mp4,pose_format/Chúng ta/CHÚNG_TA_NGUYỄN_PHƯƠNG_ANH_ (1).pkl,8,Chúng ta,Chúng ta,"[""Chúng ta""]",signer_162,08_CHÚNG_TA_NGUYỄN_PHƯƠNG_ANH_ (1),,True,7170703,train
cosign_08_01044,cosign_08_01044,Chúng ta/CHÚNG_TA_NGUYỄN_PHƯƠNG_ANH_ (2).mp4,pose_format/Chúng ta/CHÚNG_TA_NGUYỄN_PHƯƠNG_ANH_ (2).pkl,8,Chúng ta,Chúng ta,"[""Chúng ta""]",signer_162,08_CHÚNG_TA_NGUYỄN_PHƯƠNG_ANH_ (2),,True,6958967,train
cosign_08_01045,cosign_08_01045,Chúng ta/CHÚNG_TA_NGUYỄN_PHƯƠNG_ANH_ (3).mp4,pose_format/Chúng ta/CHÚNG_TA_NGUYỄN_PHƯƠNG_ANH_ (3).pkl,8,Chúng ta,Chúng ta,"[""Chúng ta""]",signer_162,08_CHÚNG_TA_NGUYỄN_PHƯƠNG_ANH_ (3),,True,6375848,train
cosign_08_01046,cosign_08_01046,Chúng ta/CHÚNG_TA_NGUYỄN_PHƯƠNG_ANH_ (4).mp4,pose_format/Chúng ta/CHÚNG_TA_NGUYỄN_PHƯƠNG_ANH_ (4).pkl,8,Chúng ta,Chúng ta,"[""Chúng ta""]",signer_162,08_CHÚNG_TA_NGUYỄN_PHƯƠNG_ANH_ (4),,True,7119112,train
cosign_08_01047,cosign_08_01047,Chúng ta/CHÚNG_TA_NGUYỄN_PHƯƠNG_ANH_ (5).mp4,pose_format/Chúng ta/CHÚNG_TA_NGUYỄN_PHƯƠNG_ANH_ (5).pkl,8,Chúng ta,Chúng ta,"[""Chúng ta""]",signer_162,08_CHÚNG_TA_NGUYỄN_PHƯƠNG_ANH_ (5),,True,6777427,train
cosign_08_01048,cosign_08_01048,Chúng ta/CHÚNG_TA_NGUYỄN_QUÝ_DƯƠNG_1.mp4,pose_format/Chúng ta/CHÚNG_TA_NGUYỄN_QUÝ_DƯƠNG_1.pkl,8,Chúng ta,Chúng ta,"[""Chúng ta""]",signer_163,08_CHÚNG_TA_NGUYỄN_QUÝ_DƯƠNG_1,,True,8877221,train
cosign_08_01049,cosign_08_01049,Chúng ta/CHÚNG_TA_NGUYỄN_QUÝ_DƯƠNG_2.mp4,pose_format/Chúng ta/CHÚNG_TA_NGUYỄN_QUÝ_DƯƠNG_2.pkl,8,Chúng ta,Chúng ta,"[""Chúng ta""]",signer_163,08_CHÚNG_TA_NGUYỄN_QUÝ_DƯƠNG_2,,True,9385122,train
cosign_08_01050,cosign_08_01050,Chúng ta/CHÚNG_TA_NGUYỄN_QUÝ_DƯƠNG_3.mp4,pose_format/Chúng ta/CHÚNG_TA_NGUYỄN_QUÝ_DƯƠNG_3.pkl,8,Chúng ta,Chúng ta,"[""Chúng ta""]",signer_163,08_CHÚNG_TA_NGUYỄN_QUÝ_DƯƠNG_3,,True,8826771,train
cosign_08_01051,cosign_08_01051,Chúng ta/CHÚNG_TA_NGUYỄN_QUÝ_DƯƠNG_4.mp4,pose_format/Chúng ta/CHÚNG_TA_NGUYỄN_QUÝ_DƯƠNG_4.pkl,8,Chúng ta,Chúng ta,"[""Chúng ta""]",signer_163,08_CHÚNG_TA_NGUYỄN_QUÝ_DƯƠNG_4,,True,8345786,train
cosign_08_01052,cosign_08_01052,Chúng ta/CHÚNG_TA_NGUYỄN_QUÝ_DƯƠNG_5.mp4,pose_format/Chúng ta/CHÚNG_TA_NGUYỄN_QUÝ_DƯƠNG_5.pkl,8,Chúng ta,Chúng ta,"[""Chúng ta""]",signer_163,08_CHÚNG_TA_NGUYỄN_QUÝ_DƯƠNG_5,,True,8597940,train
cosign_08_01053,cosign_08_01053,Chúng ta/CHÚNG_TA_NGUYỄN_THẠC_ANH_ (1).mp4,pose_format/Chúng ta/CHÚNG_TA_NGUYỄN_THẠC_ANH_ (1).pkl,8,Chúng ta,Chúng ta,"[""Chúng ta""]",signer_164,08_CHÚNG_TA_NGUYỄN_THẠC_ANH_ (1),,True,7568661,train
cosign_08_01054,cosign_08_01054,Chúng ta/CHÚNG_TA_NGUYỄN_THẠC_ANH_ (2).mp4,pose_format/Chúng ta/CHÚNG_TA_NGUYỄN_THẠC_ANH_ (2).pkl,8,Chúng ta,Chúng ta,"[""Chúng ta""]",signer_164,08_CHÚNG_TA_NGUYỄN_THẠC_ANH_ (2),,True,9234300,train
cosign_08_01055,cosign_08_01055,Chúng ta/CHÚNG_TA_NGUYỄN_THẠC_ANH_ (3).mp4,pose_format/Chúng ta/CHÚNG_TA_NGUYỄN_THẠC_ANH_ (3).pkl,8,Chúng ta,Chúng ta,"[""Chúng ta""]",signer_164,08_CHÚNG_TA_NGUYỄN_THẠC_ANH_ (3),,True,9128823,train
cosign_08_01056,cosign_08_01056,Chúng ta/CHÚNG_TA_NGUYỄN_THẠC_ANH_ (4).mp4,pose_format/Chúng ta/CHÚNG_TA_NGUYỄN_THẠC_ANH_ (4).pkl,8,Chúng ta,Chúng ta,"[""Chúng ta""]",signer_164,08_CHÚNG_TA_NGUYỄN_THẠC_ANH_ (4),,True,9381282,train
cosign_08_01057,cosign_08_01057,Chúng ta/CHÚNG_TA_NGUYỄN_THẠC_ANH_ (5).mp4,pose_format/Chúng ta/CHÚNG_TA_NGUYỄN_THẠC_ANH_ (5).pkl,8,Chúng ta,Chúng ta,"[""Chúng ta""]",signer_164,08_CHÚNG_TA_NGUYỄN_THẠC_ANH_ (5),,True,9715527,train
cosign_08_01058,cosign_08_01058,Chúng ta/CHÚNG_TA_NGÔ_TUẤN_ANH_1.mp4,pose_format/Chúng ta/CHÚNG_TA_NGÔ_TUẤN_ANH_1.pkl,8,Chúng ta,Chúng ta,"[""Chúng ta""]",signer_165,08_CHÚNG_TA_NGÔ_TUẤN_ANH_1,,True,6577927,train
cosign_08_01059,cosign_08_01059,Chúng ta/CHÚNG_TA_NGÔ_TUẤN_ANH_2.mp4,pose_format/Chúng ta/CHÚNG_TA_NGÔ_TUẤN_ANH_2.pkl,8,Chúng ta,Chúng ta,"[""Chúng ta""]",signer_165,08_CHÚNG_TA_NGÔ_TUẤN_ANH_2,,True,8147562,train
cosign_08_01060,cosign_08_01060,Chúng ta/CHÚNG_TA_NGÔ_TUẤN_ANH_3.mp4,pose_format/Chúng ta/CHÚNG_TA_NGÔ_TUẤN_ANH_3.pkl,8,Chúng ta,Chúng ta,"[""Chúng ta""]",signer_165,08_CHÚNG_TA_NGÔ_TUẤN_ANH_3,,True,8687955,train
cosign_08_01061,cosign_08_01061,Chúng ta/CHÚNG_TA_NGÔ_TUẤN_ANH_4.mp4,pose_format/Chúng ta/CHÚNG_TA_NGÔ_TUẤN_ANH_4.pkl,8,Chúng ta,Chúng ta,"[""Chúng ta""]",signer_165,08_CHÚNG_TA_NGÔ_TUẤN_ANH_4,,True,8205679,train
cosign_08_01062,cosign_08_01062,Chúng ta/CHÚNG_TA_NGÔ_TUẤN_ANH_5.mp4,pose_format/Chúng ta/CHÚNG_TA_NGÔ_TUẤN_ANH_5.pkl,8,Chúng ta,Chúng ta,"[""Chúng ta""]",signer_165,08_CHÚNG_TA_NGÔ_TUẤN_ANH_5,,True,7349343,train
cosign_08_01063,cosign_08_01063,Chúng ta/CHÚNG_TA_PHẠM_ĐÌNH_HẢI_(1).mp4,pose_format/Chúng ta/CHÚNG_TA_PHẠM_ĐÌNH_HẢI_(1).pkl,8,Chúng ta,Chúng ta,"[""Chúng ta""]",signer_166,08_CHÚNG_TA_PHẠM_ĐÌNH_HẢI_(1),,True,14471024,train
cosign_08_01064,cosign_08_01064,Chúng ta/CHÚNG_TA_PHẠM_ĐÌNH_HẢI_(2).mp4,pose_format/Chúng ta/CHÚNG_TA_PHẠM_ĐÌNH_HẢI_(2).pkl,8,Chúng ta,Chúng ta,"[""Chúng ta""]",signer_166,08_CHÚNG_TA_PHẠM_ĐÌNH_HẢI_(2),,True,13886256,train
cosign_08_01065,cosign_08_01065,Chúng ta/CHÚNG_TA_PHẠM_ĐÌNH_HẢI_(3).mp4,pose_format/Chúng ta/CHÚNG_TA_PHẠM_ĐÌNH_HẢI_(3).pkl,8,Chúng ta,Chúng ta,"[""Chúng ta""]",signer_166,08_CHÚNG_TA_PHẠM_ĐÌNH_HẢI_(3),,True,14835723,train
cosign_08_01066,cosign_08_01066,Chúng ta/CHÚNG_TA_PHẠM_ĐÌNH_HẢI_(4).mp4,pose_format/Chúng ta/CHÚNG_TA_PHẠM_ĐÌNH_HẢI_(4).pkl,8,Chúng ta,Chúng ta,"[""Chúng ta""]",signer_166,08_CHÚNG_TA_PHẠM_ĐÌNH_HẢI_(4),,True,14097111,train
cosign_08_01067,cosign_08_01067,Chúng ta/CHÚNG_TA_PHẠM_ĐÌNH_HẢI_(5).mp4,pose_format/Chúng ta/CHÚNG_TA_PHẠM_ĐÌNH_HẢI_(5).pkl,8,Chúng ta,Chúng ta,"[""Chúng ta""]",signer_166,08_CHÚNG_TA_PHẠM_ĐÌNH_HẢI_(5),,True,15057550,train
cosign_08_01068,cosign_08_01068,Chúng ta/CHÚNG_TA_TRƯƠNG_NGỌC_DIỄM_ (1).mp4,pose_format/Chúng ta/CHÚNG_TA_TRƯƠNG_NGỌC_DIỄM_ (1).pkl,8,Chúng ta,Chúng ta,"[""Chúng ta""]",signer_167,08_CHÚNG_TA_TRƯƠNG_NGỌC_DIỄM_ (1),,True,8814296,train
cosign_08_01069,cosign_08_01069,Chúng ta/CHÚNG_TA_TRƯƠNG_NGỌC_DIỄM_ (2).mp4,pose_format/Chúng ta/CHÚNG_TA_TRƯƠNG_NGỌC_DIỄM_ (2).pkl,8,Chúng ta,Chúng ta,"[""Chúng ta""]",signer_167,08_CHÚNG_TA_TRƯƠNG_NGỌC_DIỄM_ (2),,True,8447176,train
cosign_08_01070,cosign_08_01070,Chúng ta/CHÚNG_TA_TRƯƠNG_NGỌC_DIỄM_ (3).mp4,pose_format/Chúng ta/CHÚNG_TA_TRƯƠNG_NGỌC_DIỄM_ (3).pkl,8,Chúng ta,Chúng ta,"[""Chúng ta""]",signer_167,08_CHÚNG_TA_TRƯƠNG_NGỌC_DIỄM_ (3),,True,8491482,train
cosign_08_01071,cosign_08_01071,Chúng ta/CHÚNG_TA_TRƯƠNG_NGỌC_DIỄM_ (4).mp4,pose_format/Chúng ta/CHÚNG_TA_TRƯƠNG_NGỌC_DIỄM_ (4).pkl,8,Chúng ta,Chúng ta,"[""Chúng ta""]",signer_167,08_CHÚNG_TA_TRƯƠNG_NGỌC_DIỄM_ (4),,True,8507150,train
cosign_08_01072,cosign_08_01072,Chúng ta/CHÚNG_TA_TRƯƠNG_NGỌC_DIỄM_ (5).mp4,pose_format/Chúng ta/CHÚNG_TA_TRƯƠNG_NGỌC_DIỄM_ (5).pkl,8,Chúng ta,Chúng ta,"[""Chúng ta""]",signer_167,08_CHÚNG_TA_TRƯƠNG_NGỌC_DIỄM_ (5),,True,7687604,train
cosign_08_01073,cosign_08_01073,Chúng ta/CHÚNG_TA_TRẦN_TUẤN_MINH (1).mp4,pose_format/Chúng ta/CHÚNG_TA_TRẦN_TUẤN_MINH (1).pkl,8,Chúng ta,Chúng ta,"[""Chúng ta""]",signer_168,08_CHÚNG_TA_TRẦN_TUẤN_MINH (1),,True,8037996,train
cosign_08_01074,cosign_08_01074,Chúng ta/CHÚNG_TA_TRẦN_TUẤN_MINH (2).mp4,pose_format/Chúng ta/CHÚNG_TA_TRẦN_TUẤN_MINH (2).pkl,8,Chúng ta,Chúng ta,"[""Chúng ta""]",signer_168,08_CHÚNG_TA_TRẦN_TUẤN_MINH (2),,True,9067272,train
cosign_08_01075,cosign_08_01075,Chúng ta/CHÚNG_TA_TRẦN_TUẤN_MINH (3).mp4,pose_format/Chúng ta/CHÚNG_TA_TRẦN_TUẤN_MINH (3).pkl,8,Chúng ta,Chúng ta,"[""Chúng ta""]",signer_168,08_CHÚNG_TA_TRẦN_TUẤN_MINH (3),,True,8854015,train
cosign_08_01076,cosign_08_01076,Chúng ta/CHÚNG_TA_TRẦN_TUẤN_MINH (4).mp4,pose_format/Chúng ta/CHÚNG_TA_TRẦN_TUẤN_MINH (4).pkl,8,Chúng ta,Chúng ta,"[""Chúng ta""]",signer_168,08_CHÚNG_TA_TRẦN_TUẤN_MINH (4),,True,8819970,train
cosign_08_01077,cosign_08_01077,Chúng ta/CHÚNG_TA_TRẦN_TUẤN_MINH (5).mp4,pose_format/Chúng ta/CHÚNG_TA_TRẦN_TUẤN_MINH (5).pkl,8,Chúng ta,Chúng ta,"[""Chúng ta""]",signer_168,08_CHÚNG_TA_TRẦN_TUẤN_MINH (5),,True,9273187,train
cosign_08_01078,cosign_08_01078,Chúng ta/CHÚNG_TA_TRẦN_ĐỨC_QUÂN_ (1).mp4,pose_format/Chúng ta/CHÚNG_TA_TRẦN_ĐỨC_QUÂN_ (1).pkl,8,Chúng ta,Chúng ta,"[""Chúng ta""]",signer_169,08_CHÚNG_TA_TRẦN_ĐỨC_QUÂN_ (1),,True,6530376,train
cosign_08_01079,cosign_08_01079,Chúng ta/CHÚNG_TA_TRẦN_ĐỨC_QUÂN_ (2).mp4,pose_format/Chúng ta/CHÚNG_TA_TRẦN_ĐỨC_QUÂN_ (2).pkl,8,Chúng ta,Chúng ta,"[""Chúng ta""]",signer_169,08_CHÚNG_TA_TRẦN_ĐỨC_QUÂN_ (2),,True,6954900,train
cosign_08_01080,cosign_08_01080,Chúng ta/CHÚNG_TA_TRẦN_ĐỨC_QUÂN_ (3).mp4,pose_format/Chúng ta/CHÚNG_TA_TRẦN_ĐỨC_QUÂN_ (3).pkl,8,Chúng ta,Chúng ta,"[""Chúng ta""]",signer_169,08_CHÚNG_TA_TRẦN_ĐỨC_QUÂN_ (3),,True,7838821,train
cosign_08_01081,cosign_08_01081,Chúng ta/CHÚNG_TA_TRẦN_ĐỨC_QUÂN_ (4).mp4,pose_format/Chúng ta/CHÚNG_TA_TRẦN_ĐỨC_QUÂN_ (4).pkl,8,Chúng ta,Chúng ta,"[""Chúng ta""]",signer_169,08_CHÚNG_TA_TRẦN_ĐỨC_QUÂN_ (4),,True,7218642,train
cosign_08_01082,cosign_08_01082,Chúng ta/CHÚNG_TA_TRẦN_ĐỨC_QUÂN_ (5).mp4,pose_format/Chúng ta/CHÚNG_TA_TRẦN_ĐỨC_QUÂN_ (5).pkl,8,Chúng ta,Chúng ta,"[""Chúng ta""]",signer_169,08_CHÚNG_TA_TRẦN_ĐỨC_QUÂN_ (5),,True,6843286,train
cosign_08_01083,cosign_08_01083,Chúng ta/CHÚNG_TA_TẠ_THỊ_PHƯƠNG_LINH_ (1).mp4,pose_format/Chúng ta/CHÚNG_TA_TẠ_THỊ_PHƯƠNG_LINH_ (1).pkl,8,Chúng ta,Chúng ta,"[""Chúng ta""]",signer_170,08_CHÚNG_TA_TẠ_THỊ_PHƯƠNG_LINH_ (1),,True,4780519,train
cosign_08_01084,cosign_08_01084,Chúng ta/CHÚNG_TA_TẠ_THỊ_PHƯƠNG_LINH_ (2).mp4,pose_format/Chúng ta/CHÚNG_TA_TẠ_THỊ_PHƯƠNG_LINH_ (2).pkl,8,Chúng ta,Chúng ta,"[""Chúng ta""]",signer_170,08_CHÚNG_TA_TẠ_THỊ_PHƯƠNG_LINH_ (2),,True,4916316,train
cosign_08_01085,cosign_08_01085,Chúng ta/CHÚNG_TA_TẠ_THỊ_PHƯƠNG_LINH_ (3).mp4,pose_format/Chúng ta/CHÚNG_TA_TẠ_THỊ_PHƯƠNG_LINH_ (3).pkl,8,Chúng ta,Chúng ta,"[""Chúng ta""]",signer_170,08_CHÚNG_TA_TẠ_THỊ_PHƯƠNG_LINH_ (3),,True,4977405,train
cosign_08_01086,cosign_08_01086,Chúng ta/CHÚNG_TA_TẠ_THỊ_PHƯƠNG_LINH_ (4).mp4,pose_format/Chúng ta/CHÚNG_TA_TẠ_THỊ_PHƯƠNG_LINH_ (4).pkl,8,Chúng ta,Chúng ta,"[""Chúng ta""]",signer_170,08_CHÚNG_TA_TẠ_THỊ_PHƯƠNG_LINH_ (4),,True,4338966,train
cosign_08_01087,cosign_08_01087,Chúng ta/CHÚNG_TA_TẠ_THỊ_PHƯƠNG_LINH_ (5).mp4,pose_format/Chúng ta/CHÚNG_TA_TẠ_THỊ_PHƯƠNG_LINH_ (5).pkl,8,Chúng ta,Chúng ta,"[""Chúng ta""]",signer_170,08_CHÚNG_TA_TẠ_THỊ_PHƯƠNG_LINH_ (5),,True,4458012,train
cosign_08_01088,cosign_08_01088,Chúng ta/CHÚNG_TA_VŨ_HUY_DU_ (1).mp4,pose_format/Chúng ta/CHÚNG_TA_VŨ_HUY_DU_ (1).pkl,8,Chúng ta,Chúng ta,"[""Chúng ta""]",signer_171,08_CHÚNG_TA_VŨ_HUY_DU_ (1),,True,6818981,train
cosign_08_01089,cosign_08_01089,Chúng ta/CHÚNG_TA_VŨ_HUY_DU_ (2).mp4,pose_format/Chúng ta/CHÚNG_TA_VŨ_HUY_DU_ (2).pkl,8,Chúng ta,Chúng ta,"[""Chúng ta""]",signer_171,08_CHÚNG_TA_VŨ_HUY_DU_ (2),,True,7072613,train
cosign_08_01090,cosign_08_01090,Chúng ta/CHÚNG_TA_VŨ_HUY_DU_ (3).mp4,pose_format/Chúng ta/CHÚNG_TA_VŨ_HUY_DU_ (3).pkl,8,Chúng ta,Chúng ta,"[""Chúng ta""]",signer_171,08_CHÚNG_TA_VŨ_HUY_DU_ (3),,True,6639847,train
cosign_08_01091,cosign_08_01091,Chúng ta/CHÚNG_TA_VŨ_HUY_DU_ (4).mp4,pose_format/Chúng ta/CHÚNG_TA_VŨ_HUY_DU_ (4).pkl,8,Chúng ta,Chúng ta,"[""Chúng ta""]",signer_171,08_CHÚNG_TA_VŨ_HUY_DU_ (4),,True,5799906,train
cosign_08_01092,cosign_08_01092,Chúng ta/CHÚNG_TA_VŨ_HUY_DU_ (5).mp4,pose_format/Chúng ta/CHÚNG_TA_VŨ_HUY_DU_ (5).pkl,8,Chúng ta,Chúng ta,"[""Chúng ta""]",signer_171,08_CHÚNG_TA_VŨ_HUY_DU_ (5),,True,5914817,train
cosign_08_01093,cosign_08_01093,Chúng ta/CHÚNG_TA_VŨ_KẾT_ĐỒNG_1.mp4,pose_format/Chúng ta/CHÚNG_TA_VŨ_KẾT_ĐỒNG_1.pkl,8,Chúng ta,Chúng ta,"[""Chúng ta""]",signer_172,08_CHÚNG_TA_VŨ_KẾT_ĐỒNG_1,,True,6882694,train
cosign_08_01094,cosign_08_01094,Chúng ta/CHÚNG_TA_VŨ_KẾT_ĐỒNG_2.mp4,pose_format/Chúng ta/CHÚNG_TA_VŨ_KẾT_ĐỒNG_2.pkl,8,Chúng ta,Chúng ta,"[""Chúng ta""]",signer_172,08_CHÚNG_TA_VŨ_KẾT_ĐỒNG_2,,True,8665069,train
cosign_08_01095,cosign_08_01095,Chúng ta/CHÚNG_TA_VŨ_KẾT_ĐỒNG_3.mp4,pose_format/Chúng ta/CHÚNG_TA_VŨ_KẾT_ĐỒNG_3.pkl,8,Chúng ta,Chúng ta,"[""Chúng ta""]",signer_172,08_CHÚNG_TA_VŨ_KẾT_ĐỒNG_3,,True,7792606,train
cosign_08_01096,cosign_08_01096,Chúng ta/CHÚNG_TA_VŨ_KẾT_ĐỒNG_4.mp4,pose_format/Chúng ta/CHÚNG_TA_VŨ_KẾT_ĐỒNG_4.pkl,8,Chúng ta,Chúng ta,"[""Chúng ta""]",signer_172,08_CHÚNG_TA_VŨ_KẾT_ĐỒNG_4,,True,7821743,train
cosign_08_01097,cosign_08_01097,Chúng ta/CHÚNG_TA_VŨ_KẾT_ĐỒNG_5.mp4,pose_format/Chúng ta/CHÚNG_TA_VŨ_KẾT_ĐỒNG_5.pkl,8,Chúng ta,Chúng ta,"[""Chúng ta""]",signer_172,08_CHÚNG_TA_VŨ_KẾT_ĐỒNG_5,,True,7650937,train
cosign_08_01098,cosign_08_01098,Chúng ta/Chúng ta_LQM.mp4,pose_format/Chúng ta/Chúng ta_LQM.pkl,8,Chúng ta,Chúng ta,"[""Chúng ta""]",signer_173,08_Chúng ta_LQM,,True,7805452,train
cosign_08_01099,cosign_08_01099,Chúng ta/Chúng ta_LQM (2).mp4,pose_format/Chúng ta/Chúng ta_LQM (2).pkl,8,Chúng ta,Chúng ta,"[""Chúng ta""]",signer_173,08_Chúng ta_LQM (2),,True,10447395,train
cosign_08_01100,cosign_08_01100,Chúng ta/Chúng ta_LQM (3).mp4,pose_format/Chúng ta/Chúng ta_LQM (3).pkl,8,Chúng ta,Chúng ta,"[""Chúng ta""]",signer_173,08_Chúng ta_LQM (3),,True,10452005,train
cosign_08_01101,cosign_08_01101,Chúng ta/Chúng ta_LQM (4).mp4,pose_format/Chúng ta/Chúng ta_LQM (4).pkl,8,Chúng ta,Chúng ta,"[""Chúng ta""]",signer_173,08_Chúng ta_LQM (4),,True,9294031,train
cosign_08_01102,cosign_08_01102,Chúng ta/Chúng ta_LQM (5).mp4,pose_format/Chúng ta/Chúng ta_LQM (5).pkl,8,Chúng ta,Chúng ta,"[""Chúng ta""]",signer_173,08_Chúng ta_LQM (5),,True,4699451,train
cosign_08_01103,cosign_08_01103,Chúng ta/Chúng ta_MVT.mp4,pose_format/Chúng ta/Chúng ta_MVT.pkl,8,Chúng ta,Chúng ta,"[""Chúng ta""]",signer_174,08_Chúng ta_MVT,,True,9268833,train
cosign_08_01104,cosign_08_01104,Chúng ta/Chúng ta_MVT (2).mp4,pose_format/Chúng ta/Chúng ta_MVT (2).pkl,8,Chúng ta,Chúng ta,"[""Chúng ta""]",signer_174,08_Chúng ta_MVT (2),,True,9763540,train
cosign_08_01105,cosign_08_01105,Chúng ta/Chúng ta_MVT (3).mp4,pose_format/Chúng ta/Chúng ta_MVT (3).pkl,8,Chúng ta,Chúng ta,"[""Chúng ta""]",signer_174,08_Chúng ta_MVT (3),,True,9603701,train
cosign_08_01106,cosign_08_01106,Chúng ta/Chúng ta_MVT (4).mp4,pose_format/Chúng ta/Chúng ta_MVT (4).pkl,8,Chúng ta,Chúng ta,"[""Chúng ta""]",signer_174,08_Chúng ta_MVT (4),,True,9881125,train
cosign_08_01107,cosign_08_01107,Chúng ta/Chúng ta_MVT (5).mp4,pose_format/Chúng ta/Chúng ta_MVT (5).pkl,8,Chúng ta,Chúng ta,"[""Chúng ta""]",signer_174,08_Chúng ta_MVT (5),,True,10509516,train
cosign_08_01108,cosign_08_01108,Chúng ta/Lê Phương Thảo_12_Chúng ta_1692761076.9132876_0_cut.avi,pose_format/Chúng ta/Lê Phương Thảo_12_Chúng ta_1692761076.9132876_0_cut.pkl,8,Chúng ta,Chúng ta,"[""Chúng ta""]",signer_019,08_Lê Phương Thảo_12_Chúng ta_1692761076.9132876_0,,True,714928,train
cosign_08_01109,cosign_08_01109,Chúng ta/Lê Phương Thảo_12_Chúng ta_1692761076.9132876_0_frames_35.avi,pose_format/Chúng ta/Lê Phương Thảo_12_Chúng ta_1692761076.9132876_0_frames_35.pkl,8,Chúng ta,Chúng ta,"[""Chúng ta""]",signer_019,08_Lê Phương Thảo_12_Chúng ta_1692761076.9132876_0,08_Lê Phương Thảo_12_Chúng ta_1692761076.9132876_0,False,826082,train
cosign_08_01110,cosign_08_01110,Chúng ta/Lê Phương Thảo_12_Chúng ta_1692761076.9132876_0_frames_40.avi,pose_format/Chúng ta/Lê Phương Thảo_12_Chúng ta_1692761076.9132876_0_frames_40.pkl,8,Chúng ta,Chúng ta,"[""Chúng ta""]",signer_019,08_Lê Phương Thảo_12_Chúng ta_1692761076.9132876_0,08_Lê Phương Thảo_12_Chúng ta_1692761076.9132876_0,False,826082,train
cosign_08_01111,cosign_08_01111,Chúng ta/Lê Thanh Như_12_Chúng ta_1692760992.6499104_0_cut.avi,pose_format/Chúng ta/Lê Thanh Như_12_Chúng ta_1692760992.6499104_0_cut.pkl,8,Chúng ta,Chúng ta,"[""Chúng ta""]",signer_020,08_Lê Thanh Như_12_Chúng ta_1692760992.6499104_0,,True,1061738,train
cosign_08_01112,cosign_08_01112,Chúng ta/Lê Thanh Như_12_Chúng ta_1692760992.6499104_0_frames_35.avi,pose_format/Chúng ta/Lê Thanh Như_12_Chúng ta_1692760992.6499104_0_frames_35.pkl,8,Chúng ta,Chúng ta,"[""Chúng ta""]",signer_020,08_Lê Thanh Như_12_Chúng ta_1692760992.6499104_0,08_Lê Thanh Như_12_Chúng ta_1692760992.6499104_0,False,1303576,train
cosign_08_01113,cosign_08_01113,Chúng ta/Lê Thanh Như_12_Chúng ta_1692760992.6499104_0_frames_40.avi,pose_format/Chúng ta/Lê Thanh Như_12_Chúng ta_1692760992.6499104_0_frames_40.pkl,8,Chúng ta,Chúng ta,"[""Chúng ta""]",signer_020,08_Lê Thanh Như_12_Chúng ta_1692760992.6499104_0,08_Lê Thanh Như_12_Chúng ta_1692760992.6499104_0,False,1303576,train
cosign_08_01114,cosign_08_01114,Chúng ta/Nguyễn Gia Bảo_10_Chúng ta_1692761452.097184_0_cut.avi,pose_format/Chúng ta/Nguyễn Gia Bảo_10_Chúng ta_1692761452.097184_0_cut.pkl,8,Chúng ta,Chúng ta,"[""Chúng ta""]",signer_021,08_Nguyễn Gia Bảo_10_Chúng ta_1692761452.097184_0,,True,1416080,train
cosign_08_01115,cosign_08_01115,Chúng ta/Nguyễn Gia Bảo_10_Chúng ta_1692761452.097184_0_frames_35.avi,pose_format/Chúng ta/Nguyễn Gia Bảo_10_Chúng ta_1692761452.097184_0_frames_35.pkl,8,Chúng ta,Chúng ta,"[""Chúng ta""]",signer_021,08_Nguyễn Gia Bảo_10_Chúng ta_1692761452.097184_0,08_Nguyễn Gia Bảo_10_Chúng ta_1692761452.097184_0,False,1663144,train
cosign_08_01116,cosign_08_01116,Chúng ta/Nguyễn Gia Bảo_10_Chúng ta_1692761452.097184_0_frames_40.avi,pose_format/Chúng ta/Nguyễn Gia Bảo_10_Chúng ta_1692761452.097184_0_frames_40.pkl,8,Chúng ta,Chúng ta,"[""Chúng ta""]",signer_021,08_Nguyễn Gia Bảo_10_Chúng ta_1692761452.097184_0,08_Nguyễn Gia Bảo_10_Chúng ta_1692761452.097184_0,False,1663144,train
cosign_08_01117,cosign_08_01117,Chúng ta/Nguyễn Thị Huyền_35_chúng ta_1692838670.979776_0_cut.avi,pose_format/Chúng ta/Nguyễn Thị Huyền_35_chúng ta_1692838670.979776_0_cut.pkl,8,Chúng ta,Chúng ta,"[""Chúng ta""]",signer_022,08_Nguyễn Thị Huyền_35_chúng ta_1692838670.979776_0,,True,1239858,train
cosign_08_01118,cosign_08_01118,Chúng ta/Nguyễn Thị Huyền_35_chúng ta_1692838670.979776_0_frames_35.avi,pose_format/Chúng ta/Nguyễn Thị Huyền_35_chúng ta_1692838670.979776_0_frames_35.pkl,8,Chúng ta,Chúng ta,"[""Chúng ta""]",signer_022,08_Nguyễn Thị Huyền_35_chúng ta_1692838670.979776_0,08_Nguyễn Thị Huyền_35_chúng ta_1692838670.979776_0,False,1488442,train
cosign_08_01119,cosign_08_01119,Chúng ta/Nguyễn Thị Huyền_35_chúng ta_1692838670.979776_0_frames_40.avi,pose_format/Chúng ta/Nguyễn Thị Huyền_35_chúng ta_1692838670.979776_0_frames_40.pkl,8,Chúng ta,Chúng ta,"[""Chúng ta""]",signer_022,08_Nguyễn Thị Huyền_35_chúng ta_1692838670.979776_0,08_Nguyễn Thị Huyền_35_chúng ta_1692838670.979776_0,False,1488442,train
cosign_08_01120,cosign_08_01120,Chúng ta/Nguyễn Thị Hồng_32_Chúng ta_1692931950.847508_0_frames_35.avi,pose_format/Chúng ta/Nguyễn Thị Hồng_32_Chúng ta_1692931950.847508_0_frames_35.pkl,8,Chúng ta,Chúng ta,"[""Chúng ta""]",signer_023,08_Nguyễn Thị Hồng_32_Chúng ta_1692931950.847508_0,,True,893880,train
cosign_08_01121,cosign_08_01121,Chúng ta/Nguyễn Thị Hồng_32_Chúng ta_1692931950.847508_0_frames_40.avi,pose_format/Chúng ta/Nguyễn Thị Hồng_32_Chúng ta_1692931950.847508_0_frames_40.pkl,8,Chúng ta,Chúng ta,"[""Chúng ta""]",signer_023,08_Nguyễn Thị Hồng_32_Chúng ta_1692931950.847508_0,08_Nguyễn Thị Hồng_32_Chúng ta_1692931950.847508_0,False,893880,train
cosign_08_01122,cosign_08_01122,Chúng ta/Nguyễn Thị Mai Anh_39_chúng ta_1693013171.0950837_0_cut.avi,pose_format/Chúng ta/Nguyễn Thị Mai Anh_39_chúng ta_1693013171.0950837_0_cut.pkl,8,Chúng ta,Chúng ta,"[""Chúng ta""]",signer_024,08_Nguyễn Thị Mai Anh_39_chúng ta_1693013171.0950837_0,,True,849250,train
cosign_08_01123,cosign_08_01123,Chúng ta/Nguyễn Thị Mai Anh_39_chúng ta_1693013171.0950837_0_frames_35.avi,pose_format/Chúng ta/Nguyễn Thị Mai Anh_39_chúng ta_1693013171.0950837_0_frames_35.pkl,8,Chúng ta,Chúng ta,"[""Chúng ta""]",signer_024,08_Nguyễn Thị Mai Anh_39_chúng ta_1693013171.0950837_0,08_Nguyễn Thị Mai Anh_39_chúng ta_1693013171.0950837_0,False,1090936,train
cosign_08_01124,cosign_08_01124,Chúng ta/Nguyễn Thị Mai Anh_39_chúng ta_1693013171.0950837_0_frames_40.avi,pose_format/Chúng ta/Nguyễn Thị Mai Anh_39_chúng ta_1693013171.0950837_0_frames_40.pkl,8,Chúng ta,Chúng ta,"[""Chúng ta""]",signer_024,08_Nguyễn Thị Mai Anh_39_chúng ta_1693013171.0950837_0,08_Nguyễn Thị Mai Anh_39_chúng ta_1693013171.0950837_0,False,1090936,train
cosign_08_01125,cosign_08_01125,Chúng ta/Nguyễn Thị Thu Trang_38_Chúng ta_1692773819.7014947_0_cut.avi,pose_format/Chúng ta/Nguyễn Thị Thu Trang_38_Chúng ta_1692773819.7014947_0_cut.pkl,8,Chúng ta,Chúng ta,"[""Chúng ta""]",signer_025,08_Nguyễn Thị Thu Trang_38_Chúng ta_1692773819.7014947_0,,True,633130,train
cosign_08_01126,cosign_08_01126,Chúng ta/Nguyễn Thị Thu Trang_38_Chúng ta_1692773819.7014947_0_frames_35.avi,pose_format/Chúng ta/Nguyễn Thị Thu Trang_38_Chúng ta_1692773819.7014947_0_frames_35.pkl,8,Chúng ta,Chúng ta,"[""Chúng ta""]",signer_025,08_Nguyễn Thị Thu Trang_38_Chúng ta_1692773819.7014947_0,08_Nguyễn Thị Thu Trang_38_Chúng ta_1692773819.7014947_0,False,737218,train
cosign_08_01127,cosign_08_01127,Chúng ta/Nguyễn Thị Thu Trang_38_Chúng ta_1692773819.7014947_0_frames_40.avi,pose_format/Chúng ta/Nguyễn Thị Thu Trang_38_Chúng ta_1692773819.7014947_0_frames_40.pkl,8,Chúng ta,Chúng ta,"[""Chúng ta""]",signer_025,08_Nguyễn Thị Thu Trang_38_Chúng ta_1692773819.7014947_0,08_Nguyễn Thị Thu Trang_38_Chúng ta_1692773819.7014947_0,False,737218,train
cosign_08_01128,cosign_08_01128,Chúng ta/Phạm Thị Mai Hương_32_Chúng ta_1692773722.2207026_0_cut.avi,pose_format/Chúng ta/Phạm Thị Mai Hương_32_Chúng ta_1692773722.2207026_0_cut.pkl,8,Chúng ta,Chúng ta,"[""Chúng ta""]",signer_066,08_Phạm Thị Mai Hương_32_Chúng ta_1692773722.2207026_0,,True,751974,train
cosign_08_01129,cosign_08_01129,Chúng ta/Phạm Thị Mai Hương_32_Chúng ta_1692773722.2207026_0_frames_35.avi,pose_format/Chúng ta/Phạm Thị Mai Hương_32_Chúng ta_1692773722.2207026_0_frames_35.pkl,8,Chúng ta,Chúng ta,"[""Chúng ta""]",signer_066,08_Phạm Thị Mai Hương_32_Chúng ta_1692773722.2207026_0,08_Phạm Thị Mai Hương_32_Chúng ta_1692773722.2207026_0,False,970782,train
cosign_08_01130,cosign_08_01130,Chúng ta/Phạm Thị Mai Hương_32_Chúng ta_1692773722.2207026_0_frames_40.avi,pose_format/Chúng ta/Phạm Thị Mai Hương_32_Chúng ta_1692773722.2207026_0_frames_40.pkl,8,Chúng ta,Chúng ta,"[""Chúng ta""]",signer_066,08_Phạm Thị Mai Hương_32_Chúng ta_1692773722.2207026_0,08_Phạm Thị Mai Hương_32_Chúng ta_1692773722.2207026_0,False,970782,train
cosign_08_01131,cosign_08_01131,Chúng ta/Trần Thị Vân Anh_39_chúng_ta_1692866914.3592966_0_cut.avi,pose_format/Chúng ta/Trần Thị Vân Anh_39_chúng_ta_1692866914.3592966_0_cut.pkl,8,Chúng ta,Chúng ta,"[""Chúng ta""]",signer_026,08_Trần Thị Vân Anh_39_chúng_ta_1692866914.3592966_0,,True,973632,train
cosign_08_01132,cosign_08_01132,Chúng ta/Trần Thị Vân Anh_39_chúng_ta_1692866914.3592966_0_frames_35.avi,pose_format/Chúng ta/Trần Thị Vân Anh_39_chúng_ta_1692866914.3592966_0_frames_35.pkl,8,Chúng ta,Chúng ta,"[""Chúng ta""]",signer_026,08_Trần Thị Vân Anh_39_chúng_ta_1692866914.3592966_0,08_Trần Thị Vân Anh_39_chúng_ta_1692866914.3592966_0,False,1193068,train
cosign_08_01133,cosign_08_01133,Chúng ta/Trần Thị Vân Anh_39_chúng_ta_1692866914.3592966_0_frames_40.avi,pose_format/Chúng ta/Trần Thị Vân Anh_39_chúng_ta_1692866914.3592966_0_frames_40.pkl,8,Chúng ta,Chúng ta,"[""Chúng ta""]",signer_026,08_Trần Thị Vân Anh_39_chúng_ta_1692866914.3592966_0,08_Trần Thị Vân Anh_39_chúng_ta_1692866914.3592966_0,False,1193068,train
cosign_08_01134,cosign_08_01134,Chúng ta/Vũ Thị Thu Phương_37_chúng ta_1692775863.049581_0_cut.avi,pose_format/Chúng ta/Vũ Thị Thu Phương_37_chúng ta_1692775863.049581_0_cut.pkl,8,Chúng ta,Chúng ta,"[""Chúng ta""]",signer_028,08_Vũ Thị Thu Phương_37_chúng ta_1692775863.049581_0,,True,706000,train
cosign_08_01135,cosign_08_01135,Chúng ta/Vũ Thị Thu Phương_37_chúng ta_1692775863.049581_0_frames_35.avi,pose_format/Chúng ta/Vũ Thị Thu Phương_37_chúng ta_1692775863.049581_0_frames_35.pkl,8,Chúng ta,Chúng ta,"[""Chúng ta""]",signer_028,08_Vũ Thị Thu Phương_37_chúng ta_1692775863.049581_0,08_Vũ Thị Thu Phương_37_chúng ta_1692775863.049581_0,False,904234,train
cosign_08_01136,cosign_08_01136,Chúng ta/Vũ Thị Thu Phương_37_chúng ta_1692775863.049581_0_frames_40.avi,pose_format/Chúng ta/Vũ Thị Thu Phương_37_chúng ta_1692775863.049581_0_frames_40.pkl,8,Chúng ta,Chúng ta,"[""Chúng ta""]",signer_028,08_Vũ Thị Thu Phương_37_chúng ta_1692775863.049581_0,08_Vũ Thị Thu Phương_37_chúng ta_1692775863.049581_0,False,904234,train
cosign_08_01137,cosign_08_01137,Chúng ta/Đoàn Thị Thu Thủy_40_chúng ta_1692928768.4715114_0_cut.avi,pose_format/Chúng ta/Đoàn Thị Thu Thủy_40_chúng ta_1692928768.4715114_0_cut.pkl,8,Chúng ta,Chúng ta,"[""Chúng ta""]",signer_029,08_Đoàn Thị Thu Thủy_40_chúng ta_1692928768.4715114_0,,True,1102662,train
cosign_08_01138,cosign_08_01138,Chúng ta/Đoàn Thị Thu Thủy_40_chúng ta_1692928768.4715114_0_frames_35.avi,pose_format/Chúng ta/Đoàn Thị Thu Thủy_40_chúng ta_1692928768.4715114_0_frames_35.pkl,8,Chúng ta,Chúng ta,"[""Chúng ta""]",signer_029,08_Đoàn Thị Thu Thủy_40_chúng ta_1692928768.4715114_0,08_Đoàn Thị Thu Thủy_40_chúng ta_1692928768.4715114_0,False,1401576,train
cosign_08_01139,cosign_08_01139,Chúng ta/Đoàn Thị Thu Thủy_40_chúng ta_1692928768.4715114_0_frames_40.avi,pose_format/Chúng ta/Đoàn Thị Thu Thủy_40_chúng ta_1692928768.4715114_0_frames_40.pkl,8,Chúng ta,Chúng ta,"[""Chúng ta""]",signer_029,08_Đoàn Thị Thu Thủy_40_chúng ta_1692928768.4715114_0,08_Đoàn Thị Thu Thủy_40_chúng ta_1692928768.4715114_0,False,1401576,train
cosign_08_01140,cosign_08_01140,Chúng ta/Đặng Thị Kiên_37_chúng ta_1692864138.2636912_0_frames_35.avi,pose_format/Chúng ta/Đặng Thị Kiên_37_chúng ta_1692864138.2636912_0_frames_35.pkl,8,Chúng ta,Chúng ta,"[""Chúng ta""]",signer_030,08_Đặng Thị Kiên_37_chúng ta_1692864138.2636912_0,,True,1060874,train
cosign_08_01141,cosign_08_01141,Chúng ta/Đặng Thị Kiên_37_chúng ta_1692864138.2636912_0_frames_40.avi,pose_format/Chúng ta/Đặng Thị Kiên_37_chúng ta_1692864138.2636912_0_frames_40.pkl,8,Chúng ta,Chúng ta,"[""Chúng ta""]",signer_030,08_Đặng Thị Kiên_37_chúng ta_1692864138.2636912_0,08_Đặng Thị Kiên_37_chúng ta_1692864138.2636912_0,False,1060874,train
cosign_09_01142,cosign_09_01142,Chậm lại/CHẬM_LẠI_BÙI_MAI_CHI_ (1).mp4,pose_format/Chậm lại/CHẬM_LẠI_BÙI_MAI_CHI_ (1).pkl,9,Chậm lại,Chậm lại,"[""Chậm lại""]",signer_175,09_CHẬM_LẠI_BÙI_MAI_CHI_ (1),,True,7670043,train
cosign_09_01143,cosign_09_01143,Chậm lại/CHẬM_LẠI_BÙI_MAI_CHI_ (2).mp4,pose_format/Chậm lại/CHẬM_LẠI_BÙI_MAI_CHI_ (2).pkl,9,Chậm lại,Chậm lại,"[""Chậm lại""]",signer_175,09_CHẬM_LẠI_BÙI_MAI_CHI_ (2),,True,8063118,train
cosign_09_01144,cosign_09_01144,Chậm lại/CHẬM_LẠI_BÙI_MAI_CHI_ (3).mp4,pose_format/Chậm lại/CHẬM_LẠI_BÙI_MAI_CHI_ (3).pkl,9,Chậm lại,Chậm lại,"[""Chậm lại""]",signer_175,09_CHẬM_LẠI_BÙI_MAI_CHI_ (3),,True,7987383,train
cosign_09_01145,cosign_09_01145,Chậm lại/CHẬM_LẠI_BÙI_MAI_CHI_ (4).mp4,pose_format/Chậm lại/CHẬM_LẠI_BÙI_MAI_CHI_ (4).pkl,9,Chậm lại,Chậm lại,"[""Chậm lại""]",signer_175,09_CHẬM_LẠI_BÙI_MAI_CHI_ (4),,True,6074694,train
cosign_09_01146,cosign_09_01146,Chậm lại/CHẬM_LẠI_BÙI_MAI_CHI_ (5).mp4,pose_format/Chậm lại/CHẬM_LẠI_BÙI_MAI_CHI_ (5).pkl,9,Chậm lại,Chậm lại,"[""Chậm lại""]",signer_175,09_CHẬM_LẠI_BÙI_MAI_CHI_ (5),,True,8184095,train
cosign_09_01147,cosign_09_01147,Chậm lại/CHẬM_LẠI_BÙI_MẬU_VĂN_ (1).mp4,pose_format/Chậm lại/CHẬM_LẠI_BÙI_MẬU_VĂN_ (1).pkl,9,Chậm lại,Chậm lại,"[""Chậm lại""]",signer_176,09_CHẬM_LẠI_BÙI_MẬU_VĂN_ (1),,True,7729052,train
cosign_09_01148,cosign_09_01148,Chậm lại/CHẬM_LẠI_BÙI_MẬU_VĂN_ (2).mp4,pose_format/Chậm lại/CHẬM_LẠI_BÙI_MẬU_VĂN_ (2).pkl,9,Chậm lại,Chậm lại,"[""Chậm lại""]",signer_176,09_CHẬM_LẠI_BÙI_MẬU_VĂN_ (2),,True,7032040,train
cosign_09_01149,cosign_09_01149,Chậm lại/CHẬM_LẠI_BÙI_MẬU_VĂN_ (3).mp4,pose_format/Chậm lại/CHẬM_LẠI_BÙI_MẬU_VĂN_ (3).pkl,9,Chậm lại,Chậm lại,"[""Chậm lại""]",signer_176,09_CHẬM_LẠI_BÙI_MẬU_VĂN_ (3),,True,6657553,train
cosign_09_01150,cosign_09_01150,Chậm lại/CHẬM_LẠI_BÙI_MẬU_VĂN_ (4).mp4,pose_format/Chậm lại/CHẬM_LẠI_BÙI_MẬU_VĂN_ (4).pkl,9,Chậm lại,Chậm lại,"[""Chậm lại""]",signer_176,09_CHẬM_LẠI_BÙI_MẬU_VĂN_ (4),,True,6851738,train
cosign_09_01151,cosign_09_01151,Chậm lại/CHẬM_LẠI_BÙI_MẬU_VĂN_ (5).mp4,pose_format/Chậm lại/CHẬM_LẠI_BÙI_MẬU_VĂN_ (5).pkl,9,Chậm lại,Chậm lại,"[""Chậm lại""]",signer_176,09_CHẬM_LẠI_BÙI_MẬU_VĂN_ (5),,True,6519862,train
cosign_09_01152,cosign_09_01152,Chậm lại/CHẬM_LẠI_LẠI_QUANG_VINH_(1).mp4,pose_format/Chậm lại/CHẬM_LẠI_LẠI_QUANG_VINH_(1).pkl,9,Chậm lại,Chậm lại,"[""Chậm lại""]",signer_177,09_CHẬM_LẠI_LẠI_QUANG_VINH_(1),,True,3407632,train
cosign_09_01153,cosign_09_01153,Chậm lại/CHẬM_LẠI_LẠI_QUANG_VINH_(2).mp4,pose_format/Chậm lại/CHẬM_LẠI_LẠI_QUANG_VINH_(2).pkl,9,Chậm lại,Chậm lại,"[""Chậm lại""]",signer_177,09_CHẬM_LẠI_LẠI_QUANG_VINH_(2),,True,3146012,train
cosign_09_01154,cosign_09_01154,Chậm lại/CHẬM_LẠI_LẠI_QUANG_VINH_(3).mp4,pose_format/Chậm lại/CHẬM_LẠI_LẠI_QUANG_VINH_(3).pkl,9,Chậm lại,Chậm lại,"[""Chậm lại""]",signer_177,09_CHẬM_LẠI_LẠI_QUANG_VINH_(3),,True,3580256,train
cosign_09_01155,cosign_09_01155,Chậm lại/CHẬM_LẠI_LẠI_QUANG_VINH_(4).mp4,pose_format/Chậm lại/CHẬM_LẠI_LẠI_QUANG_VINH_(4).pkl,9,Chậm lại,Chậm lại,"[""Chậm lại""]",signer_177,09_CHẬM_LẠI_LẠI_QUANG_VINH_(4),,True,3218834,train
cosign_09_01156,cosign_09_01156,Chậm lại/CHẬM_LẠI_LẠI_QUANG_VINH_(5).mp4,pose_format/Chậm lại/CHẬM_LẠI_LẠI_QUANG_VINH_(5).pkl,9,Chậm lại,Chậm lại,"[""Chậm lại""]",signer_177,09_CHẬM_LẠI_LẠI_QUANG_VINH_(5),,True,3604314,train
cosign_09_01157,cosign_09_01157,Chậm lại/CHẬM_LẠI_MAI_HOÀNG_XUÂN_ (1).mp4,pose_format/Chậm lại/CHẬM_LẠI_MAI_HOÀNG_XUÂN_ (1).pkl,9,Chậm lại,Chậm lại,"[""Chậm lại""]",signer_178,09_CHẬM_LẠI_MAI_HOÀNG_XUÂN_ (1),,True,6864662,train
cosign_09_01158,cosign_09_01158,Chậm lại/CHẬM_LẠI_MAI_HOÀNG_XUÂN_ (2).mp4,pose_format/Chậm lại/CHẬM_LẠI_MAI_HOÀNG_XUÂN_ (2).pkl,9,Chậm lại,Chậm lại,"[""Chậm lại""]",signer_178,09_CHẬM_LẠI_MAI_HOÀNG_XUÂN_ (2),,True,6937649,train
cosign_09_01159,cosign_09_01159,Chậm lại/CHẬM_LẠI_MAI_HOÀNG_XUÂN_ (3).mp4,pose_format/Chậm lại/CHẬM_LẠI_MAI_HOÀNG_XUÂN_ (3).pkl,9,Chậm lại,Chậm lại,"[""Chậm lại""]",signer_178,09_CHẬM_LẠI_MAI_HOÀNG_XUÂN_ (3),,True,6364178,train
cosign_09_01160,cosign_09_01160,Chậm lại/CHẬM_LẠI_MAI_HOÀNG_XUÂN_ (4).mp4,pose_format/Chậm lại/CHẬM_LẠI_MAI_HOÀNG_XUÂN_ (4).pkl,9,Chậm lại,Chậm lại,"[""Chậm lại""]",signer_178,09_CHẬM_LẠI_MAI_HOÀNG_XUÂN_ (4),,True,6331468,train
cosign_09_01161,cosign_09_01161,Chậm lại/CHẬM_LẠI_MAI_HOÀNG_XUÂN_ (5).mp4,pose_format/Chậm lại/CHẬM_LẠI_MAI_HOÀNG_XUÂN_ (5).pkl,9,Chậm lại,Chậm lại,"[""Chậm lại""]",signer_178,09_CHẬM_LẠI_MAI_HOÀNG_XUÂN_ (5),,True,6609279,train
cosign_09_01162,cosign_09_01162,Chậm lại/CHẬM_LẠI_NGUYỄN_HOÀNG_ĐIỆP_ (1).mp4,pose_format/Chậm lại/CHẬM_LẠI_NGUYỄN_HOÀNG_ĐIỆP_ (1).pkl,9,Chậm lại,Chậm lại,"[""Chậm lại""]",signer_179,09_CHẬM_LẠI_NGUYỄN_HOÀNG_ĐIỆP_ (1),,True,7234493,train
cosign_09_01163,cosign_09_01163,Chậm lại/CHẬM_LẠI_NGUYỄN_HOÀNG_ĐIỆP_ (2).mp4,pose_format/Chậm lại/CHẬM_LẠI_NGUYỄN_HOÀNG_ĐIỆP_ (2).pkl,9,Chậm lại,Chậm lại,"[""Chậm lại""]",signer_179,09_CHẬM_LẠI_NGUYỄN_HOÀNG_ĐIỆP_ (2),,True,7593569,train
cosign_09_01164,cosign_09_01164,Chậm lại/CHẬM_LẠI_NGUYỄN_HOÀNG_ĐIỆP_ (3).mp4,pose_format/Chậm lại/CHẬM_LẠI_NGUYỄN_HOÀNG_ĐIỆP_ (3).pkl,9,Chậm lại,Chậm lại,"[""Chậm lại""]",signer_179,09_CHẬM_LẠI_NGUYỄN_HOÀNG_ĐIỆP_ (3),,True,7284617,train
cosign_09_01165,cosign_09_01165,Chậm lại/CHẬM_LẠI_NGUYỄN_HOÀNG_ĐIỆP_ (4).mp4,pose_format/Chậm lại/CHẬM_LẠI_NGUYỄN_HOÀNG_ĐIỆP_ (4).pkl,9,Chậm lại,Chậm lại,"[""Chậm lại""]",signer_179,09_CHẬM_LẠI_NGUYỄN_HOÀNG_ĐIỆP_ (4),,True,8168161,train
cosign_09_01166,cosign_09_01166,Chậm lại/CHẬM_LẠI_NGUYỄN_HOÀNG_ĐIỆP_ (5).mp4,pose_format/Chậm lại/CHẬM_LẠI_NGUYỄN_HOÀNG_ĐIỆP_ (5).pkl,9,Chậm lại,Chậm lại,"[""Chậm lại""]",signer_179,09_CHẬM_LẠI_NGUYỄN_HOÀNG_ĐIỆP_ (5),,True,7994896,train
cosign_09_01167,cosign_09_01167,Chậm lại/CHẬM_LẠI_NGUYỄN_PHƯƠNG_ANH_ (1).mp4,pose_format/Chậm lại/CHẬM_LẠI_NGUYỄN_PHƯƠNG_ANH_ (1).pkl,9,Chậm lại,Chậm lại,"[""Chậm lại""]",signer_180,09_CHẬM_LẠI_NGUYỄN_PHƯƠNG_ANH_ (1),,True,6384668,train
cosign_09_01168,cosign_09_01168,Chậm lại/CHẬM_LẠI_NGUYỄN_PHƯƠNG_ANH_ (2).mp4,pose_format/Chậm lại/CHẬM_LẠI_NGUYỄN_PHƯƠNG_ANH_ (2).pkl,9,Chậm lại,Chậm lại,"[""Chậm lại""]",signer_180,09_CHẬM_LẠI_NGUYỄN_PHƯƠNG_ANH_ (2),,True,6319345,train
cosign_09_01169,cosign_09_01169,Chậm lại/CHẬM_LẠI_NGUYỄN_PHƯƠNG_ANH_ (3).mp4,pose_format/Chậm lại/CHẬM_LẠI_NGUYỄN_PHƯƠNG_ANH_ (3).pkl,9,Chậm lại,Chậm lại,"[""Chậm lại""]",signer_180,09_CHẬM_LẠI_NGUYỄN_PHƯƠNG_ANH_ (3),,True,6789085,train
cosign_09_01170,cosign_09_01170,Chậm lại/CHẬM_LẠI_NGUYỄN_PHƯƠNG_ANH_ (4).mp4,pose_format/Chậm lại/CHẬM_LẠI_NGUYỄN_PHƯƠNG_ANH_ (4).pkl,9,Chậm lại,Chậm lại,"[""Chậm lại""]",signer_180,09_CHẬM_LẠI_NGUYỄN_PHƯƠNG_ANH_ (4),,True,5999656,train
cosign_09_01171,cosign_09_01171,Chậm lại/CHẬM_LẠI_NGUYỄN_PHƯƠNG_ANH_ (5).mp4,pose_format/Chậm lại/CHẬM_LẠI_NGUYỄN_PHƯƠNG_ANH_ (5).pkl,9,Chậm lại,Chậm lại,"[""Chậm lại""]",signer_180,09_CHẬM_LẠI_NGUYỄN_PHƯƠNG_ANH_ (5),,True,6068619,train
cosign_09_01172,cosign_09_01172,Chậm lại/CHẬM_LẠI_NGUYỄN_QUÝ_DƯƠNG_1.mp4,pose_format/Chậm lại/CHẬM_LẠI_NGUYỄN_QUÝ_DƯƠNG_1.pkl,9,Chậm lại,Chậm lại,"[""Chậm lại""]",signer_181,09_CHẬM_LẠI_NGUYỄN_QUÝ_DƯƠNG_1,,True,6881080,train
cosign_09_01173,cosign_09_01173,Chậm lại/CHẬM_LẠI_NGUYỄN_QUÝ_DƯƠNG_2.mp4,pose_format/Chậm lại/CHẬM_LẠI_NGUYỄN_QUÝ_DƯƠNG_2.pkl,9,Chậm lại,Chậm lại,"[""Chậm lại""]",signer_181,09_CHẬM_LẠI_NGUYỄN_QUÝ_DƯƠNG_2,,True,8992330,train
cosign_09_01174,cosign_09_01174,Chậm lại/CHẬM_LẠI_NGUYỄN_QUÝ_DƯƠNG_3.mp4,pose_format/Chậm lại/CHẬM_LẠI_NGUYỄN_QUÝ_DƯƠNG_3.pkl,9,Chậm lại,Chậm lại,"[""Chậm lại""]",signer_181,09_CHẬM_LẠI_NGUYỄN_QUÝ_DƯƠNG_3,,True,8122536,train
cosign_09_01175,cosign_09_01175,Chậm lại/CHẬM_LẠI_NGUYỄN_QUÝ_DƯƠNG_4.mp4,pose_format/Chậm lại/CHẬM_LẠI_NGUYỄN_QUÝ_DƯƠNG_4.pkl,9,Chậm lại,Chậm lại,"[""Chậm lại""]",signer_181,09_CHẬM_LẠI_NGUYỄN_QUÝ_DƯƠNG_4,,True,8341450,train
cosign_09_01176,cosign_09_01176,Chậm lại/CHẬM_LẠI_NGUYỄN_QUÝ_DƯƠNG_5.mp4,pose_format/Chậm lại/CHẬM_LẠI_NGUYỄN_QUÝ_DƯƠNG_5.pkl,9,Chậm lại,Chậm lại,"[""Chậm lại""]",signer_181,09_CHẬM_LẠI_NGUYỄN_QUÝ_DƯƠNG_5,,True,7456645,train
cosign_09_01177,cosign_09_01177,Chậm lại/CHẬM_LẠI_NGUYỄN_THẠC_ANH_ (1).mp4,pose_format/Chậm lại/CHẬM_LẠI_NGUYỄN_THẠC_ANH_ (1).pkl,9,Chậm lại,Chậm lại,"[""Chậm lại""]",signer_182,09_CHẬM_LẠI_NGUYỄN_THẠC_ANH_ (1),,True,7320842,train
cosign_09_01178,cosign_09_01178,Chậm lại/CHẬM_LẠI_NGUYỄN_THẠC_ANH_ (2).mp4,pose_format/Chậm lại/CHẬM_LẠI_NGUYỄN_THẠC_ANH_ (2).pkl,9,Chậm lại,Chậm lại,"[""Chậm lại""]",signer_182,09_CHẬM_LẠI_NGUYỄN_THẠC_ANH_ (2),,True,7988225,train
cosign_09_01179,cosign_09_01179,Chậm lại/CHẬM_LẠI_NGUYỄN_THẠC_ANH_ (3).mp4,pose_format/Chậm lại/CHẬM_LẠI_NGUYỄN_THẠC_ANH_ (3).pkl,9,Chậm lại,Chậm lại,"[""Chậm lại""]",signer_182,09_CHẬM_LẠI_NGUYỄN_THẠC_ANH_ (3),,True,8169757,train
cosign_09_01180,cosign_09_01180,Chậm lại/CHẬM_LẠI_NGUYỄN_THẠC_ANH_ (4).mp4,pose_format/Chậm lại/CHẬM_LẠI_NGUYỄN_THẠC_ANH_ (4).pkl,9,Chậm lại,Chậm lại,"[""Chậm lại""]",signer_182,09_CHẬM_LẠI_NGUYỄN_THẠC_ANH_ (4),,True,8381711,train
cosign_09_01181,cosign_09_01181,Chậm lại/CHẬM_LẠI_NGUYỄN_THẠC_ANH_ (5).mp4,pose_format/Chậm lại/CHẬM_LẠI_NGUYỄN_THẠC_ANH_ (5).pkl,9,Chậm lại,Chậm lại,"[""Chậm lại""]",signer_182,09_CHẬM_LẠI_NGUYỄN_THẠC_ANH_ (5),,True,7303528,train
cosign_09_01182,cosign_09_01182,Chậm lại/CHẬM_LẠI_NGÔ_TUẤN_ANH_1.mp4,pose_format/Chậm lại/CHẬM_LẠI_NGÔ_TUẤN_ANH_1.pkl,9,Chậm lại,Chậm lại,"[""Chậm lại""]",signer_183,09_CHẬM_LẠI_NGÔ_TUẤN_ANH_1,,True,7125089,train
cosign_09_01183,cosign_09_01183,Chậm lại/CHẬM_LẠI_NGÔ_TUẤN_ANH_2.mp4,pose_format/Chậm lại/CHẬM_LẠI_NGÔ_TUẤN_ANH_2.pkl,9,Chậm lại,Chậm lại,"[""Chậm lại""]",signer_183,09_CHẬM_LẠI_NGÔ_TUẤN_ANH_2,,True,7937927,train
cosign_09_01184,cosign_09_01184,Chậm lại/CHẬM_LẠI_NGÔ_TUẤN_ANH_3.mp4,pose_format/Chậm lại/CHẬM_LẠI_NGÔ_TUẤN_ANH_3.pkl,9,Chậm lại,Chậm lại,"[""Chậm lại""]",signer_183,09_CHẬM_LẠI_NGÔ_TUẤN_ANH_3,,True,7176705,train
cosign_09_01185,cosign_09_01185,Chậm lại/CHẬM_LẠI_NGÔ_TUẤN_ANH_4.mp4,pose_format/Chậm lại/CHẬM_LẠI_NGÔ_TUẤN_ANH_4.pkl,9,Chậm lại,Chậm lại,"[""Chậm lại""]",signer_183,09_CHẬM_LẠI_NGÔ_TUẤN_ANH_4,,True,7934527,train
cosign_09_01186,cosign_09_01186,Chậm lại/CHẬM_LẠI_NGÔ_TUẤN_ANH_5.mp4,pose_format/Chậm lại/CHẬM_LẠI_NGÔ_TUẤN_ANH_5.pkl,9,Chậm lại,Chậm lại,"[""Chậm lại""]",signer_183,09_CHẬM_LẠI_NGÔ_TUẤN_ANH_5,,True,8215341,train
cosign_09_01187,cosign_09_01187,Chậm lại/CHẬM_LẠI_PHẠM_ĐÌNH_HẢI_(1).mp4,pose_format/Chậm lại/CHẬM_LẠI_PHẠM_ĐÌNH_HẢI_(1).pkl,9,Chậm lại,Chậm lại,"[""Chậm lại""]",signer_184,09_CHẬM_LẠI_PHẠM_ĐÌNH_HẢI_(1),,True,12103944,train
cosign_09_01188,cosign_09_01188,Chậm lại/CHẬM_LẠI_PHẠM_ĐÌNH_HẢI_(2).mp4,pose_format/Chậm lại/CHẬM_LẠI_PHẠM_ĐÌNH_HẢI_(2).pkl,9,Chậm lại,Chậm lại,"[""Chậm lại""]",signer_184,09_CHẬM_LẠI_PHẠM_ĐÌNH_HẢI_(2),,True,13165321,train
cosign_09_01189,cosign_09_01189,Chậm lại/CHẬM_LẠI_PHẠM_ĐÌNH_HẢI_(3).mp4,pose_format/Chậm lại/CHẬM_LẠI_PHẠM_ĐÌNH_HẢI_(3).pkl,9,Chậm lại,Chậm lại,"[""Chậm lại""]",signer_184,09_CHẬM_LẠI_PHẠM_ĐÌNH_HẢI_(3),,True,10908613,train
cosign_09_01190,cosign_09_01190,Chậm lại/CHẬM_LẠI_PHẠM_ĐÌNH_HẢI_(4).mp4,pose_format/Chậm lại/CHẬM_LẠI_PHẠM_ĐÌNH_HẢI_(4).pkl,9,Chậm lại,Chậm lại,"[""Chậm lại""]",signer_184,09_CHẬM_LẠI_PHẠM_ĐÌNH_HẢI_(4),,True,12538117,train
cosign_09_01191,cosign_09_01191,Chậm lại/CHẬM_LẠI_PHẠM_ĐÌNH_HẢI_(5).mp4,pose_format/Chậm lại/CHẬM_LẠI_PHẠM_ĐÌNH_HẢI_(5).pkl,9,Chậm lại,Chậm lại,"[""Chậm lại""]",signer_184,09_CHẬM_LẠI_PHẠM_ĐÌNH_HẢI_(5),,True,12281510,train
cosign_09_01192,cosign_09_01192,Chậm lại/CHẬM_LẠI_TRƯƠNG_NGỌC_DIỄM_ (1).mp4,pose_format/Chậm lại/CHẬM_LẠI_TRƯƠNG_NGỌC_DIỄM_ (1).pkl,9,Chậm lại,Chậm lại,"[""Chậm lại""]",signer_185,09_CHẬM_LẠI_TRƯƠNG_NGỌC_DIỄM_ (1),,True,7133541,train
cosign_09_01193,cosign_09_01193,Chậm lại/CHẬM_LẠI_TRƯƠNG_NGỌC_DIỄM_ (2).mp4,pose_format/Chậm lại/CHẬM_LẠI_TRƯƠNG_NGỌC_DIỄM_ (2).pkl,9,Chậm lại,Chậm lại,"[""Chậm lại""]",signer_185,09_CHẬM_LẠI_TRƯƠNG_NGỌC_DIỄM_ (2),,True,7632271,train
cosign_09_01194,cosign_09_01194,Chậm lại/CHẬM_LẠI_TRƯƠNG_NGỌC_DIỄM_ (3).mp4,pose_format/Chậm lại/CHẬM_LẠI_TRƯƠNG_NGỌC_DIỄM_ (3).pkl,9,Chậm lại,Chậm lại,"[""Chậm lại""]",signer_185,09_CHẬM_LẠI_TRƯƠNG_NGỌC_DIỄM_ (3),,True,8200533,train
cosign_09_01195,cosign_09_01195,Chậm lại/CHẬM_LẠI_TRƯƠNG_NGỌC_DIỄM_ (4).mp4,pose_format/Chậm lại/CHẬM_LẠI_TRƯƠNG_NGỌC_DIỄM_ (4).pkl,9,Chậm lại,Chậm lại,"[""Chậm lại""]",signer_185,09_CHẬM_LẠI_TRƯƠNG_NGỌC_DIỄM_ (4),,True,8033658,train
cosign_09_01196,cosign_09_01196,Chậm lại/CHẬM_LẠI_TRƯƠNG_NGỌC_DIỄM_ (5).mp4,pose_format/Chậm lại/CHẬM_LẠI_TRƯƠNG_NGỌC_DIỄM_ (5).pkl,9,Chậm lại,Chậm lại,"[""Chậm lại""]",signer_185,09_CHẬM_LẠI_TRƯƠNG_NGỌC_DIỄM_ (5),,True,7347070,train
cosign_09_01197,cosign_09_01197,Chậm lại/CHẬM_LẠI_TRẦN_TUẤN_MINH (1).mp4,pose_format/Chậm lại/CHẬM_LẠI_TRẦN_TUẤN_MINH (1).pkl,9,Chậm lại,Chậm lại,"[""Chậm lại""]",signer_186,09_CHẬM_LẠI_TRẦN_TUẤN_MINH (1),,True,6796768,train
cosign_09_01198,cosign_09_01198,Chậm lại/CHẬM_LẠI_TRẦN_TUẤN_MINH (2).mp4,pose_format/Chậm lại/CHẬM_LẠI_TRẦN_TUẤN_MINH (2).pkl,9,Chậm lại,Chậm lại,"[""Chậm lại""]",signer_186,09_CHẬM_LẠI_TRẦN_TUẤN_MINH (2),,True,6477715,train
cosign_09_01199,cosign_09_01199,Chậm lại/CHẬM_LẠI_TRẦN_TUẤN_MINH (3).mp4,pose_format/Chậm lại/CHẬM_LẠI_TRẦN_TUẤN_MINH (3).pkl,9,Chậm lại,Chậm lại,"[""Chậm lại""]",signer_186,09_CHẬM_LẠI_TRẦN_TUẤN_MINH (3),,True,6925442,train
cosign_09_01200,cosign_09_01200,Chậm lại/CHẬM_LẠI_TRẦN_TUẤN_MINH (4).mp4,pose_format/Chậm lại/CHẬM_LẠI_TRẦN_TUẤN_MINH (4).pkl,9,Chậm lại,Chậm lại,"[""Chậm lại""]",signer_186,09_CHẬM_LẠI_TRẦN_TUẤN_MINH (4),,True,6305054,train
cosign_09_01201,cosign_09_01201,Chậm lại/CHẬM_LẠI_TRẦN_TUẤN_MINH (5).mp4,pose_format/Chậm lại/CHẬM_LẠI_TRẦN_TUẤN_MINH (5).pkl,9,Chậm lại,Chậm lại,"[""Chậm lại""]",signer_186,09_CHẬM_LẠI_TRẦN_TUẤN_MINH (5),,True,6386396,train
cosign_09_01202,cosign_09_01202,Chậm lại/CHẬM_LẠI_TRẦN_ĐỨC_QUÂN_ (1).mp4,pose_format/Chậm lại/CHẬM_LẠI_TRẦN_ĐỨC_QUÂN_ (1).pkl,9,Chậm lại,Chậm lại,"[""Chậm lại""]",signer_187,09_CHẬM_LẠI_TRẦN_ĐỨC_QUÂN_ (1),,True,7647739,train
cosign_09_01203,cosign_09_01203,Chậm lại/CHẬM_LẠI_TRẦN_ĐỨC_QUÂN_ (2).mp4,pose_format/Chậm lại/CHẬM_LẠI_TRẦN_ĐỨC_QUÂN_ (2).pkl,9,Chậm lại,Chậm lại,"[""Chậm lại""]",signer_187,09_CHẬM_LẠI_TRẦN_ĐỨC_QUÂN_ (2),,True,7816545,train
cosign_09_01204,cosign_09_01204,Chậm lại/CHẬM_LẠI_TRẦN_ĐỨC_QUÂN_ (3).mp4,pose_format/Chậm lại/CHẬM_LẠI_TRẦN_ĐỨC_QUÂN_ (3).pkl,9,Chậm lại,Chậm lại,"[""Chậm lại""]",signer_187,09_CHẬM_LẠI_TRẦN_ĐỨC_QUÂN_ (3),,True,8178179,train
cosign_09_01205,cosign_09_01205,Chậm lại/CHẬM_LẠI_TRẦN_ĐỨC_QUÂN_ (4).mp4,pose_format/Chậm lại/CHẬM_LẠI_TRẦN_ĐỨC_QUÂN_ (4).pkl,9,Chậm lại,Chậm lại,"[""Chậm lại""]",signer_187,09_CHẬM_LẠI_TRẦN_ĐỨC_QUÂN_ (4),,True,9150867,train
cosign_09_01206,cosign_09_01206,Chậm lại/CHẬM_LẠI_TRẦN_ĐỨC_QUÂN_ (5).mp4,pose_format/Chậm lại/CHẬM_LẠI_TRẦN_ĐỨC_QUÂN_ (5).pkl,9,Chậm lại,Chậm lại,"[""Chậm lại""]",signer_187,09_CHẬM_LẠI_TRẦN_ĐỨC_QUÂN_ (5),,True,8823823,train
cosign_09_01207,cosign_09_01207,Chậm lại/CHẬM_LẠI_TẠ_THỊ_PHƯƠNG_LINH_ (1).mp4,pose_format/Chậm lại/CHẬM_LẠI_TẠ_THỊ_PHƯƠNG_LINH_ (1).pkl,9,Chậm lại,Chậm lại,"[""Chậm lại""]",signer_188,09_CHẬM_LẠI_TẠ_THỊ_PHƯƠNG_LINH_ (1),,True,3700122,train
cosign_09_01208,cosign_09_01208,Chậm lại/CHẬM_LẠI_TẠ_THỊ_PHƯƠNG_LINH_ (2).mp4,pose_format/Chậm lại/CHẬM_LẠI_TẠ_THỊ_PHƯƠNG_LINH_ (2).pkl,9,Chậm lại,Chậm lại,"[""Chậm lại""]",signer_188,09_CHẬM_LẠI_TẠ_THỊ_PHƯƠNG_LINH_ (2),,True,3926105,train
cosign_09_01209,cosign_09_01209,Chậm lại/CHẬM_LẠI_TẠ_THỊ_PHƯƠNG_LINH_ (3).mp4,pose_format/Chậm lại/CHẬM_LẠI_TẠ_THỊ_PHƯƠNG_LINH_ (3).pkl,9,Chậm lại,Chậm lại,"[""Chậm lại""]",signer_188,09_CHẬM_LẠI_TẠ_THỊ_PHƯƠNG_LINH_ (3),,True,3818835,train
cosign_09_01210,cosign_09_01210,Chậm lại/CHẬM_LẠI_TẠ_THỊ_PHƯƠNG_LINH_ (4).mp4,pose_format/Chậm lại/CHẬM_LẠI_TẠ_THỊ_PHƯƠNG_LINH_ (4).pkl,9,Chậm lại,Chậm lại,"[""Chậm lại""]",signer_188,09_CHẬM_LẠI_TẠ_THỊ_PHƯƠNG_LINH_ (4),,True,4110620,train
cosign_09_01211,cosign_09_01211,Chậm lại/CHẬM_LẠI_TẠ_THỊ_PHƯƠNG_LINH_ (5).mp4,pose_format/Chậm lại/CHẬM_LẠI_TẠ_THỊ_PHƯƠNG_LINH_ (5).pkl,9,Chậm lại,Chậm lại,"[""Chậm lại""]",signer_188,09_CHẬM_LẠI_TẠ_THỊ_PHƯƠNG_LINH_ (5),,True,4251963,train
cosign_09_01212,cosign_09_01212,Chậm lại/CHẬM_LẠI_VŨ_HUY_DU_ (1).mp4,pose_format/Chậm lại/CHẬM_LẠI_VŨ_HUY_DU_ (1).pkl,9,Chậm lại,Chậm lại,"[""Chậm lại""]",signer_189,09_CHẬM_LẠI_VŨ_HUY_DU_ (1),,True,7060904,train
cosign_09_01213,cosign_09_01213,Chậm lại/CHẬM_LẠI_VŨ_HUY_DU_ (2).mp4,pose_format/Chậm lại/CHẬM_LẠI_VŨ_HUY_DU_ (2).pkl,9,Chậm lại,Chậm lại,"[""Chậm lại""]",signer_189,09_CHẬM_LẠI_VŨ_HUY_DU_ (2),,True,6769568,train
cosign_09_01214,cosign_09_01214,Chậm lại/CHẬM_LẠI_VŨ_HUY_DU_ (3).mp4,pose_format/Chậm lại/CHẬM_LẠI_VŨ_HUY_DU_ (3).pkl,9,Chậm lại,Chậm lại,"[""Chậm lại""]",signer_189,09_CHẬM_LẠI_VŨ_HUY_DU_ (3),,True,6441881,train
cosign_09_01215,cosign_09_01215,Chậm lại/CHẬM_LẠI_VŨ_HUY_DU_ (4).mp4,pose_format/Chậm lại/CHẬM_LẠI_VŨ_HUY_DU_ (4).pkl,9,Chậm lại,Chậm lại,"[""Chậm lại""]",signer_189,09_CHẬM_LẠI_VŨ_HUY_DU_ (4),,True,6365859,train
cosign_09_01216,cosign_09_01216,Chậm lại/CHẬM_LẠI_VŨ_HUY_DU_ (5).mp4,pose_format/Chậm lại/CHẬM_LẠI_VŨ_HUY_DU_ (5).pkl,9,Chậm lại,Chậm lại,"[""Chậm lại""]",signer_189,09_CHẬM_LẠI_VŨ_HUY_DU_ (5),,True,6506269,train
cosign_09_01217,cosign_09_01217,Chậm lại/CHẬM_LẠI_VŨ_KẾT_ĐỒNG_1.mp4,pose_format/Chậm lại/CHẬM_LẠI_VŨ_KẾT_ĐỒNG_1.pkl,9,Chậm lại,Chậm lại,"[""Chậm lại""]",signer_190,09_CHẬM_LẠI_VŨ_KẾT_ĐỒNG_1,,True,6874492,train
cosign_09_01218,cosign_09_01218,Chậm lại/CHẬM_LẠI_VŨ_KẾT_ĐỒNG_2.mp4,pose_format/Chậm lại/CHẬM_LẠI_VŨ_KẾT_ĐỒNG_2.pkl,9,Chậm lại,Chậm lại,"[""Chậm lại""]",signer_190,09_CHẬM_LẠI_VŨ_KẾT_ĐỒNG_2,,True,6696461,train
cosign_09_01219,cosign_09_01219,Chậm lại/CHẬM_LẠI_VŨ_KẾT_ĐỒNG_3.mp4,pose_format/Chậm lại/CHẬM_LẠI_VŨ_KẾT_ĐỒNG_3.pkl,9,Chậm lại,Chậm lại,"[""Chậm lại""]",signer_190,09_CHẬM_LẠI_VŨ_KẾT_ĐỒNG_3,,True,8019381,train
cosign_09_01220,cosign_09_01220,Chậm lại/CHẬM_LẠI_VŨ_KẾT_ĐỒNG_4.mp4,pose_format/Chậm lại/CHẬM_LẠI_VŨ_KẾT_ĐỒNG_4.pkl,9,Chậm lại,Chậm lại,"[""Chậm lại""]",signer_190,09_CHẬM_LẠI_VŨ_KẾT_ĐỒNG_4,,True,6841070,train
cosign_09_01221,cosign_09_01221,Chậm lại/CHẬM_LẠI_VŨ_KẾT_ĐỒNG_5.mp4,pose_format/Chậm lại/CHẬM_LẠI_VŨ_KẾT_ĐỒNG_5.pkl,9,Chậm lại,Chậm lại,"[""Chậm lại""]",signer_190,09_CHẬM_LẠI_VŨ_KẾT_ĐỒNG_5,,True,6055746,train
cosign_09_01222,cosign_09_01222,Chậm lại/Chậm lại_LQM.mp4,pose_format/Chậm lại/Chậm lại_LQM.pkl,9,Chậm lại,Chậm lại,"[""Chậm lại""]",signer_191,09_Chậm lại_LQM,,True,8135958,train
cosign_09_01223,cosign_09_01223,Chậm lại/Chậm lại_LQM (2).mp4,pose_format/Chậm lại/Chậm lại_LQM (2).pkl,9,Chậm lại,Chậm lại,"[""Chậm lại""]",signer_191,09_Chậm lại_LQM (2),,True,8284282,train
cosign_09_01224,cosign_09_01224,Chậm lại/Chậm lại_LQM (3).mp4,pose_format/Chậm lại/Chậm lại_LQM (3).pkl,9,Chậm lại,Chậm lại,"[""Chậm lại""]",signer_191,09_Chậm lại_LQM (3),,True,10319314,train
cosign_09_01225,cosign_09_01225,Chậm lại/Chậm lại_LQM (4).mp4,pose_format/Chậm lại/Chậm lại_LQM (4).pkl,9,Chậm lại,Chậm lại,"[""Chậm lại""]",signer_191,09_Chậm lại_LQM (4),,True,9485226,train
cosign_09_01226,cosign_09_01226,Chậm lại/Chậm lại_LQM (5).mp4,pose_format/Chậm lại/Chậm lại_LQM (5).pkl,9,Chậm lại,Chậm lại,"[""Chậm lại""]",signer_191,09_Chậm lại_LQM (5),,True,8986640,train
cosign_09_01227,cosign_09_01227,Chậm lại/Chậm lại_MVT.mp4,pose_format/Chậm lại/Chậm lại_MVT.pkl,9,Chậm lại,Chậm lại,"[""Chậm lại""]",signer_192,09_Chậm lại_MVT,,True,8691907,train
cosign_09_01228,cosign_09_01228,Chậm lại/Chậm lại_MVT (2).mp4,pose_format/Chậm lại/Chậm lại_MVT (2).pkl,9,Chậm lại,Chậm lại,"[""Chậm lại""]",signer_192,09_Chậm lại_MVT (2),,True,8134622,train
cosign_09_01229,cosign_09_01229,Chậm lại/Chậm lại_MVT (3).mp4,pose_format/Chậm lại/Chậm lại_MVT (3).pkl,9,Chậm lại,Chậm lại,"[""Chậm lại""]",signer_192,09_Chậm lại_MVT (3),,True,9515659,train
cosign_09_01230,cosign_09_01230,Chậm lại/Chậm lại_MVT (4).mp4,pose_format/Chậm lại/Chậm lại_MVT (4).pkl,9,Chậm lại,Chậm lại,"[""Chậm lại""]",signer_192,09_Chậm lại_MVT (4),,True,8658577,train
cosign_09_01231,cosign_09_01231,Chậm lại/Chậm lại_MVT (5).mp4,pose_format/Chậm lại/Chậm lại_MVT (5).pkl,9,Chậm lại,Chậm lại,"[""Chậm lại""]",signer_192,09_Chậm lại_MVT (5),,True,9168944,train
cosign_09_01232,cosign_09_01232,Chậm lại/Nguyễn Thị Huyền_35_chào_1692845168.5961452_0_frames_35.avi,pose_format/Chậm lại/Nguyễn Thị Huyền_35_chào_1692845168.5961452_0_frames_35.pkl,9,Chậm lại,Chậm lại,"[""Chậm lại""]",signer_022,09_Nguyễn Thị Huyền_35_chào_1692845168.5961452_0,,True,1349144,train
cosign_09_01233,cosign_09_01233,Chậm lại/Nguyễn Thị Huyền_35_chào_1692845168.5961452_0_frames_40.avi,pose_format/Chậm lại/Nguyễn Thị Huyền_35_chào_1692845168.5961452_0_frames_40.pkl,9,Chậm lại,Chậm lại,"[""Chậm lại""]",signer_022,09_Nguyễn Thị Huyền_35_chào_1692845168.5961452_0,09_Nguyễn Thị Huyền_35_chào_1692845168.5961452_0,False,1349144,train
cosign_09_01234,cosign_09_01234,Chậm lại/Nguyễn Thị Huyền_35_chậm_lại_1692847199.6531985_0_cut.avi,pose_format/Chậm lại/Nguyễn Thị Huyền_35_chậm_lại_1692847199.6531985_0_cut.pkl,9,Chậm lại,Chậm lại,"[""Chậm lại""]",signer_022,09_Nguyễn Thị Huyền_35_chậm_lại_1692847199.6531985_0,,True,1542772,train
cosign_09_01235,cosign_09_01235,Chậm lại/Nguyễn Thị Huyền_35_chậm_lại_1692847199.6531985_0_frames_35.avi,pose_format/Chậm lại/Nguyễn Thị Huyền_35_chậm_lại_1692847199.6531985_0_frames_35.pkl,9,Chậm lại,Chậm lại,"[""Chậm lại""]",signer_022,09_Nguyễn Thị Huyền_35_chậm_lại_1692847199.6531985_0,09_Nguyễn Thị Huyền_35_chậm_lại_1692847199.6531985_0,False,1944440,train
cosign_09_01236,cosign_09_01236,Chậm lại/Nguyễn Thị Huyền_35_chậm_lại_1692847199.6531985_0_frames_40.avi,pose_format/Chậm lại/Nguyễn Thị Huyền_35_chậm_lại_1692847199.6531985_0_frames_40.pkl,9,Chậm lại,Chậm lại,"[""Chậm lại""]",signer_022,09_Nguyễn Thị Huyền_35_chậm_lại_1692847199.6531985_0,09_Nguyễn Thị Huyền_35_chậm_lại_1692847199.6531985_0,False,1944440,train
cosign_09_01237,cosign_09_01237,Chậm lại/Nguyễn Thị Hồng_32_Chào_1693184654.2064455_0_frames_35.avi,pose_format/Chậm lại/Nguyễn Thị Hồng_32_Chào_1693184654.2064455_0_frames_35.pkl,9,Chậm lại,Chậm lại,"[""Chậm lại""]",signer_023,09_Nguyễn Thị Hồng_32_Chào_1693184654.2064455_0,,True,1616382,train
cosign_09_01238,cosign_09_01238,Chậm lại/Nguyễn Thị Hồng_32_Chào_1693184654.2064455_0_frames_40.avi,pose_format/Chậm lại/Nguyễn Thị Hồng_32_Chào_1693184654.2064455_0_frames_40.pkl,9,Chậm lại,Chậm lại,"[""Chậm lại""]",signer_023,09_Nguyễn Thị Hồng_32_Chào_1693184654.2064455_0,09_Nguyễn Thị Hồng_32_Chào_1693184654.2064455_0,False,1616382,train
cosign_09_01239,cosign_09_01239,Chậm lại/Nguyễn Thị Hồng_32_Chậm_ lại_1693186784.974412_0_cut.avi,pose_format/Chậm lại/Nguyễn Thị Hồng_32_Chậm_ lại_1693186784.974412_0_cut.pkl,9,Chậm lại,Chậm lại,"[""Chậm lại""]",signer_023,09_Nguyễn Thị Hồng_32_Chậm_ lại_1693186784.974412_0,,True,1153518,train
cosign_09_01240,cosign_09_01240,Chậm lại/Nguyễn Thị Hồng_32_Chậm_ lại_1693186784.974412_0_frames_35.avi,pose_format/Chậm lại/Nguyễn Thị Hồng_32_Chậm_ lại_1693186784.974412_0_frames_35.pkl,9,Chậm lại,Chậm lại,"[""Chậm lại""]",signer_023,09_Nguyễn Thị Hồng_32_Chậm_ lại_1693186784.974412_0,09_Nguyễn Thị Hồng_32_Chậm_ lại_1693186784.974412_0,False,1449502,train
cosign_09_01241,cosign_09_01241,Chậm lại/Nguyễn Thị Hồng_32_Chậm_ lại_1693186784.974412_0_frames_40.avi,pose_format/Chậm lại/Nguyễn Thị Hồng_32_Chậm_ lại_1693186784.974412_0_frames_40.pkl,9,Chậm lại,Chậm lại,"[""Chậm lại""]",signer_023,09_Nguyễn Thị Hồng_32_Chậm_ lại_1693186784.974412_0,09_Nguyễn Thị Hồng_32_Chậm_ lại_1693186784.974412_0,False,1449502,train
cosign_09_01242,cosign_09_01242,Chậm lại/Nguyễn Thị Mai Anh_39_chào_1693198192.2052968_0_frames_35.avi,pose_format/Chậm lại/Nguyễn Thị Mai Anh_39_chào_1693198192.2052968_0_frames_35.pkl,9,Chậm lại,Chậm lại,"[""Chậm lại""]",signer_024,09_Nguyễn Thị Mai Anh_39_chào_1693198192.2052968_0,,True,930040,train
cosign_09_01243,cosign_09_01243,Chậm lại/Nguyễn Thị Mai Anh_39_chào_1693198192.2052968_0_frames_40.avi,pose_format/Chậm lại/Nguyễn Thị Mai Anh_39_chào_1693198192.2052968_0_frames_40.pkl,9,Chậm lại,Chậm lại,"[""Chậm lại""]",signer_024,09_Nguyễn Thị Mai Anh_39_chào_1693198192.2052968_0,09_Nguyễn Thị Mai Anh_39_chào_1693198192.2052968_0,False,930040,train
cosign_09_01244,cosign_09_01244,Chậm lại/Nguyễn Thị Mai Anh_39_chậm lại_1693205435.1341486_0_cut.avi,pose_format/Chậm lại/Nguyễn Thị Mai Anh_39_chậm lại_1693205435.1341486_0_cut.pkl,9,Chậm lại,Chậm lại,"[""Chậm lại""]",signer_024,09_Nguyễn Thị Mai Anh_39_chậm lại_1693205435.1341486_0,,True,739498,train
cosign_09_01245,cosign_09_01245,Chậm lại/Nguyễn Thị Mai Anh_39_chậm lại_1693205435.1341486_0_frames_35.avi,pose_format/Chậm lại/Nguyễn Thị Mai Anh_39_chậm lại_1693205435.1341486_0_frames_35.pkl,9,Chậm lại,Chậm lại,"[""Chậm lại""]",signer_024,09_Nguyễn Thị Mai Anh_39_chậm lại_1693205435.1341486_0,09_Nguyễn Thị Mai Anh_39_chậm lại_1693205435.1341486_0,False,945916,train
cosign_09_01246,cosign_09_01246,Chậm lại/Nguyễn Thị Mai Anh_39_chậm lại_1693205435.1341486_0_frames_40.avi,pose_format/Chậm lại/Nguyễn Thị Mai Anh_39_chậm lại_1693205435.1341486_0_frames_40.pkl,9,Chậm lại,Chậm lại,"[""Chậm lại""]",signer_024,09_Nguyễn Thị Mai Anh_39_chậm lại_1693205435.1341486_0,09_Nguyễn Thị Mai Anh_39_chậm lại_1693205435.1341486_0,False,945916,train
cosign_09_01247,cosign_09_01247,Chậm lại/Nguyễn Thị Thu Trang_38_Chào_1692945871.4734097_0_frames_35.avi,pose_format/Chậm lại/Nguyễn Thị Thu Trang_38_Chào_1692945871.4734097_0_frames_35.pkl,9,Chậm lại,Chậm lại,"[""Chậm lại""]",signer_025,09_Nguyễn Thị Thu Trang_38_Chào_1692945871.4734097_0,,True,1302162,train
cosign_09_01248,cosign_09_01248,Chậm lại/Nguyễn Thị Thu Trang_38_Chào_1692945871.4734097_0_frames_40.avi,pose_format/Chậm lại/Nguyễn Thị Thu Trang_38_Chào_1692945871.4734097_0_frames_40.pkl,9,Chậm lại,Chậm lại,"[""Chậm lại""]",signer_025,09_Nguyễn Thị Thu Trang_38_Chào_1692945871.4734097_0,09_Nguyễn Thị Thu Trang_38_Chào_1692945871.4734097_0,False,1302162,train
cosign_09_01249,cosign_09_01249,Chậm lại/Nguyễn Thị Thu Trang_38_Chào_1692959590.8036444_0_frames_35.avi,pose_format/Chậm lại/Nguyễn Thị Thu Trang_38_Chào_1692959590.8036444_0_frames_35.pkl,9,Chậm lại,Chậm lại,"[""Chậm lại""]",signer_025,09_Nguyễn Thị Thu Trang_38_Chào_1692959590.8036444_0,,True,1636278,train
cosign_09_01250,cosign_09_01250,Chậm lại/Nguyễn Thị Thu Trang_38_Chào_1692959590.8036444_0_frames_40.avi,pose_format/Chậm lại/Nguyễn Thị Thu Trang_38_Chào_1692959590.8036444_0_frames_40.pkl,9,Chậm lại,Chậm lại,"[""Chậm lại""]",signer_025,09_Nguyễn Thị Thu Trang_38_Chào_1692959590.8036444_0,09_Nguyễn Thị Thu Trang_38_Chào_1692959590.8036444_0,False,1636278,train
cosign_09_01251,cosign_09_01251,Chậm lại/Nguyễn Thị Thu Trang_38_Chậm_lại_1693014033.7035549_0_cut.avi,pose_format/Chậm lại/Nguyễn Thị Thu Trang_38_Chậm_lại_1693014033.7035549_0_cut.pkl,9,Chậm lại,Chậm lại,"[""Chậm lại""]",signer_025,09_Nguyễn Thị Thu Trang_38_Chậm_lại_1693014033.7035549_0,,True,1043090,train
cosign_09_01252,cosign_09_01252,Chậm lại/Nguyễn Thị Thu Trang_38_Chậm_lại_1693014033.7035549_0_frames_35.avi,pose_format/Chậm lại/Nguyễn Thị Thu Trang_38_Chậm_lại_1693014033.7035549_0_frames_35.pkl,9,Chậm lại,Chậm lại,"[""Chậm lại""]",signer_025,09_Nguyễn Thị Thu Trang_38_Chậm_lại_1693014033.7035549_0,09_Nguyễn Thị Thu Trang_38_Chậm_lại_1693014033.7035549_0,False,1282722,train
cosign_09_01253,cosign_09_01253,Chậm lại/Nguyễn Thị Thu Trang_38_Chậm_lại_1693014033.7035549_0_frames_40.avi,pose_format/Chậm lại/Nguyễn Thị Thu Trang_38_Chậm_lại_1693014033.7035549_0_frames_40.pkl,9,Chậm lại,Chậm lại,"[""Chậm lại""]",signer_025,09_Nguyễn Thị Thu Trang_38_Chậm_lại_1693014033.7035549_0,09_Nguyễn Thị Thu Trang_38_Chậm_lại_1693014033.7035549_0,False,1282722,train
cosign_09_01254,cosign_09_01254,Chậm lại/Phạm Thị Mai Hương_32_Chào_1692843255.0634756_0_frames_35.avi,pose_format/Chậm lại/Phạm Thị Mai Hương_32_Chào_1692843255.0634756_0_frames_35.pkl,9,Chậm lại,Chậm lại,"[""Chậm lại""]",signer_066,09_Phạm Thị Mai Hương_32_Chào_1692843255.0634756_0,,True,998960,train
cosign_09_01255,cosign_09_01255,Chậm lại/Phạm Thị Mai Hương_32_Chào_1692843255.0634756_0_frames_40.avi,pose_format/Chậm lại/Phạm Thị Mai Hương_32_Chào_1692843255.0634756_0_frames_40.pkl,9,Chậm lại,Chậm lại,"[""Chậm lại""]",signer_066,09_Phạm Thị Mai Hương_32_Chào_1692843255.0634756_0,09_Phạm Thị Mai Hương_32_Chào_1692843255.0634756_0,False,998960,train
cosign_09_01256,cosign_09_01256,Chậm lại/Phạm Thị Mai Hương_32_Chậm_lại_1692847220.7055423_0_cut.avi,pose_format/Chậm lại/Phạm Thị Mai Hương_32_Chậm_lại_1692847220.7055423_0_cut.pkl,9,Chậm lại,Chậm lại,"[""Chậm lại""]",signer_066,09_Phạm Thị Mai Hương_32_Chậm_lại_1692847220.7055423_0,,True,774312,train
cosign_09_01257,cosign_09_01257,Chậm lại/Phạm Thị Mai Hương_32_Chậm_lại_1692847220.7055423_0_frames_35.avi,pose_format/Chậm lại/Phạm Thị Mai Hương_32_Chậm_lại_1692847220.7055423_0_frames_35.pkl,9,Chậm lại,Chậm lại,"[""Chậm lại""]",signer_066,09_Phạm Thị Mai Hương_32_Chậm_lại_1692847220.7055423_0,09_Phạm Thị Mai Hương_32_Chậm_lại_1692847220.7055423_0,False,987348,train
cosign_09_01258,cosign_09_01258,Chậm lại/Phạm Thị Mai Hương_32_Chậm_lại_1692847220.7055423_0_frames_40.avi,pose_format/Chậm lại/Phạm Thị Mai Hương_32_Chậm_lại_1692847220.7055423_0_frames_40.pkl,9,Chậm lại,Chậm lại,"[""Chậm lại""]",signer_066,09_Phạm Thị Mai Hương_32_Chậm_lại_1692847220.7055423_0,09_Phạm Thị Mai Hương_32_Chậm_lại_1692847220.7055423_0,False,987348,train
cosign_09_01259,cosign_09_01259,Chậm lại/Trần Thị Vân Anh_39_chào_1693012485.3789718_0_frames_35.avi,pose_format/Chậm lại/Trần Thị Vân Anh_39_chào_1693012485.3789718_0_frames_35.pkl,9,Chậm lại,Chậm lại,"[""Chậm lại""]",signer_026,09_Trần Thị Vân Anh_39_chào_1693012485.3789718_0,,True,918770,train
cosign_09_01260,cosign_09_01260,Chậm lại/Trần Thị Vân Anh_39_chào_1693012485.3789718_0_frames_40.avi,pose_format/Chậm lại/Trần Thị Vân Anh_39_chào_1693012485.3789718_0_frames_40.pkl,9,Chậm lại,Chậm lại,"[""Chậm lại""]",signer_026,09_Trần Thị Vân Anh_39_chào_1693012485.3789718_0,09_Trần Thị Vân Anh_39_chào_1693012485.3789718_0,False,918770,train
cosign_09_01261,cosign_09_01261,Chậm lại/Trần Thị Vân Anh_39_chậm_lại_1693020599.0002422_0_cut.avi,pose_format/Chậm lại/Trần Thị Vân Anh_39_chậm_lại_1693020599.0002422_0_cut.pkl,9,Chậm lại,Chậm lại,"[""Chậm lại""]",signer_026,09_Trần Thị Vân Anh_39_chậm_lại_1693020599.0002422_0,,True,707024,train
cosign_09_01262,cosign_09_01262,Chậm lại/Trần Thị Vân Anh_39_chậm_lại_1693020599.0002422_0_frames_35.avi,pose_format/Chậm lại/Trần Thị Vân Anh_39_chậm_lại_1693020599.0002422_0_frames_35.pkl,9,Chậm lại,Chậm lại,"[""Chậm lại""]",signer_026,09_Trần Thị Vân Anh_39_chậm_lại_1693020599.0002422_0,09_Trần Thị Vân Anh_39_chậm_lại_1693020599.0002422_0,False,901308,train
cosign_09_01263,cosign_09_01263,Chậm lại/Trần Thị Vân Anh_39_chậm_lại_1693020599.0002422_0_frames_40.avi,pose_format/Chậm lại/Trần Thị Vân Anh_39_chậm_lại_1693020599.0002422_0_frames_40.pkl,9,Chậm lại,Chậm lại,"[""Chậm lại""]",signer_026,09_Trần Thị Vân Anh_39_chậm_lại_1693020599.0002422_0,09_Trần Thị Vân Anh_39_chậm_lại_1693020599.0002422_0,False,901308,train
cosign_09_01264,cosign_09_01264,Chậm lại/Trần Xuân Ngọc_41_chào_1692930795.1333935_0_frames_35.avi,pose_format/Chậm lại/Trần Xuân Ngọc_41_chào_1692930795.1333935_0_frames_35.pkl,9,Chậm lại,Chậm lại,"[""Chậm lại""]",signer_027,09_Trần Xuân Ngọc_41_chào_1692930795.1333935_0,,True,1254508,train
cosign_09_01265,cosign_09_01265,Chậm lại/Trần Xuân Ngọc_41_chào_1692930795.1333935_0_frames_40.avi,pose_format/Chậm lại/Trần Xuân Ngọc_41_chào_1692930795.1333935_0_frames_40.pkl,9,Chậm lại,Chậm lại,"[""Chậm lại""]",signer_027,09_Trần Xuân Ngọc_41_chào_1692930795.1333935_0,09_Trần Xuân Ngọc_41_chào_1692930795.1333935_0,False,1254508,train
cosign_09_01266,cosign_09_01266,Chậm lại/Trần Xuân Ngọc_41_chậm lại_1692933309.1503332_0_cut.avi,pose_format/Chậm lại/Trần Xuân Ngọc_41_chậm lại_1692933309.1503332_0_cut.pkl,9,Chậm lại,Chậm lại,"[""Chậm lại""]",signer_027,09_Trần Xuân Ngọc_41_chậm lại_1692933309.1503332_0,,True,1606702,train
cosign_09_01267,cosign_09_01267,Chậm lại/Trần Xuân Ngọc_41_chậm lại_1692933309.1503332_0_frames_35.avi,pose_format/Chậm lại/Trần Xuân Ngọc_41_chậm lại_1692933309.1503332_0_frames_35.pkl,9,Chậm lại,Chậm lại,"[""Chậm lại""]",signer_027,09_Trần Xuân Ngọc_41_chậm lại_1692933309.1503332_0,09_Trần Xuân Ngọc_41_chậm lại_1692933309.1503332_0,False,1978944,train
cosign_09_01268,cosign_09_01268,Chậm lại/Trần Xuân Ngọc_41_chậm lại_1692933309.1503332_0_frames_40.avi,pose_format/Chậm lại/Trần Xuân Ngọc_41_chậm lại_1692933309.1503332_0_frames_40.pkl,9,Chậm lại,Chậm lại,"[""Chậm lại""]",signer_027,09_Trần Xuân Ngọc_41_chậm lại_1692933309.1503332_0,09_Trần Xuân Ngọc_41_chậm lại_1692933309.1503332_0,False,1978944,train
cosign_09_01269,cosign_09_01269,Chậm lại/Vũ Thị Thu Phương_37_chào_1692845278.9501052_0_frames_35.avi,pose_format/Chậm lại/Vũ Thị Thu Phương_37_chào_1692845278.9501052_0_frames_35.pkl,9,Chậm lại,Chậm lại,"[""Chậm lại""]",signer_028,09_Vũ Thị Thu Phương_37_chào_1692845278.9501052_0,,True,1072014,train
cosign_09_01270,cosign_09_01270,Chậm lại/Vũ Thị Thu Phương_37_chào_1692845278.9501052_0_frames_40.avi,pose_format/Chậm lại/Vũ Thị Thu Phương_37_chào_1692845278.9501052_0_frames_40.pkl,9,Chậm lại,Chậm lại,"[""Chậm lại""]",signer_028,09_Vũ Thị Thu Phương_37_chào_1692845278.9501052_0,09_Vũ Thị Thu Phương_37_chào_1692845278.9501052_0,False,1072014,train
cosign_09_01271,cosign_09_01271,Chậm lại/Vũ Thị Thu Phương_37_chào_1692932733.7632468_0_frames_35.avi,pose_format/Chậm lại/Vũ Thị Thu Phương_37_chào_1692932733.7632468_0_frames_35.pkl,9,Chậm lại,Chậm lại,"[""Chậm lại""]",signer_028,09_Vũ Thị Thu Phương_37_chào_1692932733.7632468_0,,True,950124,train
cosign_09_01272,cosign_09_01272,Chậm lại/Vũ Thị Thu Phương_37_chào_1692932733.7632468_0_frames_40.avi,pose_format/Chậm lại/Vũ Thị Thu Phương_37_chào_1692932733.7632468_0_frames_40.pkl,9,Chậm lại,Chậm lại,"[""Chậm lại""]",signer_028,09_Vũ Thị Thu Phương_37_chào_1692932733.7632468_0,09_Vũ Thị Thu Phương_37_chào_1692932733.7632468_0,False,950124,train
cosign_09_01273,cosign_09_01273,Chậm lại/Vũ Thị Thu Phương_37_chậm_lại_1692847205.0464811_0_cut.avi,pose_format/Chậm lại/Vũ Thị Thu Phương_37_chậm_lại_1692847205.0464811_0_cut.pkl,9,Chậm lại,Chậm lại,"[""Chậm lại""]",signer_028,09_Vũ Thị Thu Phương_37_chậm_lại_1692847205.0464811_0,,True,798120,train
cosign_09_01274,cosign_09_01274,Chậm lại/Vũ Thị Thu Phương_37_chậm_lại_1692847205.0464811_0_frames_35.avi,pose_format/Chậm lại/Vũ Thị Thu Phương_37_chậm_lại_1692847205.0464811_0_frames_35.pkl,9,Chậm lại,Chậm lại,"[""Chậm lại""]",signer_028,09_Vũ Thị Thu Phương_37_chậm_lại_1692847205.0464811_0,09_Vũ Thị Thu Phương_37_chậm_lại_1692847205.0464811_0,False,937852,train
cosign_09_01275,cosign_09_01275,Chậm lại/Vũ Thị Thu Phương_37_chậm_lại_1692847205.0464811_0_frames_40.avi,pose_format/Chậm lại/Vũ Thị Thu Phương_37_chậm_lại_1692847205.0464811_0_frames_40.pkl,9,Chậm lại,Chậm lại,"[""Chậm lại""]",signer_028,09_Vũ Thị Thu Phương_37_chậm_lại_1692847205.0464811_0,09_Vũ Thị Thu Phương_37_chậm_lại_1692847205.0464811_0,False,937852,train
cosign_09_01276,cosign_09_01276,Chậm lại/Đoàn Thị Thu Thủy_40_chào_1693018280.4789474_0_frames_35.avi,pose_format/Chậm lại/Đoàn Thị Thu Thủy_40_chào_1693018280.4789474_0_frames_35.pkl,9,Chậm lại,Chậm lại,"[""Chậm lại""]",signer_029,09_Đoàn Thị Thu Thủy_40_chào_1693018280.4789474_0,,True,1193172,train
cosign_09_01277,cosign_09_01277,Chậm lại/Đoàn Thị Thu Thủy_40_chào_1693018280.4789474_0_frames_40.avi,pose_format/Chậm lại/Đoàn Thị Thu Thủy_40_chào_1693018280.4789474_0_frames_40.pkl,9,Chậm lại,Chậm lại,"[""Chậm lại""]",signer_029,09_Đoàn Thị Thu Thủy_40_chào_1693018280.4789474_0,09_Đoàn Thị Thu Thủy_40_chào_1693018280.4789474_0,False,1193172,train
cosign_09_01278,cosign_09_01278,Chậm lại/Đoàn Thị Thu Thủy_40_chậm lại_1693022522.6983175_0_cut.avi,pose_format/Chậm lại/Đoàn Thị Thu Thủy_40_chậm lại_1693022522.6983175_0_cut.pkl,9,Chậm lại,Chậm lại,"[""Chậm lại""]",signer_029,09_Đoàn Thị Thu Thủy_40_chậm lại_1693022522.6983175_0,,True,924578,train
cosign_09_01279,cosign_09_01279,Chậm lại/Đoàn Thị Thu Thủy_40_chậm lại_1693022522.6983175_0_frames_35.avi,pose_format/Chậm lại/Đoàn Thị Thu Thủy_40_chậm lại_1693022522.6983175_0_frames_35.pkl,9,Chậm lại,Chậm lại,"[""Chậm lại""]",signer_029,09_Đoàn Thị Thu Thủy_40_chậm lại_1693022522.6983175_0,09_Đoàn Thị Thu Thủy_40_chậm lại_1693022522.6983175_0,False,1084742,train
cosign_09_01280,cosign_09_01280,Chậm lại/Đoàn Thị Thu Thủy_40_chậm lại_1693022522.6983175_0_frames_40.avi,pose_format/Chậm lại/Đoàn Thị Thu Thủy_40_chậm lại_1693022522.6983175_0_frames_40.pkl,9,Chậm lại,Chậm lại,"[""Chậm lại""]",signer_029,09_Đoàn Thị Thu Thủy_40_chậm lại_1693022522.6983175_0,09_Đoàn Thị Thu Thủy_40_chậm lại_1693022522.6983175_0,False,1084742,train
cosign_09_01281,cosign_09_01281,Chậm lại/Đặng thị kiên_37_chào_1693205913.4439113_0_frames_35.avi,pose_format/Chậm lại/Đặng thị kiên_37_chào_1693205913.4439113_0_frames_35.pkl,9,Chậm lại,Chậm lại,"[""Chậm lại""]",signer_137,09_Đặng thị kiên_37_chào_1693205913.4439113_0,,True,894270,train
cosign_09_01282,cosign_09_01282,Chậm lại/Đặng thị kiên_37_chào_1693205913.4439113_0_frames_40.avi,pose_format/Chậm lại/Đặng thị kiên_37_chào_1693205913.4439113_0_frames_40.pkl,9,Chậm lại,Chậm lại,"[""Chậm lại""]",signer_137,09_Đặng thị kiên_37_chào_1693205913.4439113_0,09_Đặng thị kiên_37_chào_1693205913.4439113_0,False,894270,train
cosign_09_01283,cosign_09_01283,Chậm lại/Đặng thị kiên_37_chậm lại_1693207018.677529_0_cut.avi,pose_format/Chậm lại/Đặng thị kiên_37_chậm lại_1693207018.677529_0_cut.pkl,9,Chậm lại,Chậm lại,"[""Chậm lại""]",signer_137,09_Đặng thị kiên_37_chậm lại_1693207018.677529_0,,True,788406,train
cosign_09_01284,cosign_09_01284,Chậm lại/Đặng thị kiên_37_chậm lại_1693207018.677529_0_frames_35.avi,pose_format/Chậm lại/Đặng thị kiên_37_chậm lại_1693207018.677529_0_frames_35.pkl,9,Chậm lại,Chậm lại,"[""Chậm lại""]",signer_137,09_Đặng thị kiên_37_chậm lại_1693207018.677529_0,09_Đặng thị kiên_37_chậm lại_1693207018.677529_0,False,958418,train
cosign_09_01285,cosign_09_01285,Chậm lại/Đặng thị kiên_37_chậm lại_1693207018.677529_0_frames_40.avi,pose_format/Chậm lại/Đặng thị kiên_37_chậm lại_1693207018.677529_0_frames_40.pkl,9,Chậm lại,Chậm lại,"[""Chậm lại""]",signer_137,09_Đặng thị kiên_37_chậm lại_1693207018.677529_0,09_Đặng thị kiên_37_chậm lại_1693207018.677529_0,False,958418,train
cosign_09_01286,cosign_09_01286,Chậm lại/Đỗ Thị  Vấn_41_Chào_1692947975.182286_0_frames_35.avi,pose_format/Chậm lại/Đỗ Thị  Vấn_41_Chào_1692947975.182286_0_frames_35.pkl,9,Chậm lại,Chậm lại,"[""Chậm lại""]",signer_138,09_Đỗ Thị  Vấn_41_Chào_1692947975.182286_0,,True,2020516,train
cosign_09_01287,cosign_09_01287,Chậm lại/Đỗ Thị  Vấn_41_Chào_1692947975.182286_0_frames_40.avi,pose_format/Chậm lại/Đỗ Thị  Vấn_41_Chào_1692947975.182286_0_frames_40.pkl,9,Chậm lại,Chậm lại,"[""Chậm lại""]",signer_138,09_Đỗ Thị  Vấn_41_Chào_1692947975.182286_0,09_Đỗ Thị  Vấn_41_Chào_1692947975.182286_0,False,2020516,train
cosign_09_01288,cosign_09_01288,Chậm lại/Đỗ Thị  Vấn_41_Chậm_lại_1692951545.5844157_0_cut.avi,pose_format/Chậm lại/Đỗ Thị  Vấn_41_Chậm_lại_1692951545.5844157_0_cut.pkl,9,Chậm lại,Chậm lại,"[""Chậm lại""]",signer_138,09_Đỗ Thị  Vấn_41_Chậm_lại_1692951545.5844157_0,,True,1337372,train
cosign_09_01289,cosign_09_01289,Chậm lại/Đỗ Thị  Vấn_41_Chậm_lại_1692951545.5844157_0_frames_35.avi,pose_format/Chậm lại/Đỗ Thị  Vấn_41_Chậm_lại_1692951545.5844157_0_frames_35.pkl,9,Chậm lại,Chậm lại,"[""Chậm lại""]",signer_138,09_Đỗ Thị  Vấn_41_Chậm_lại_1692951545.5844157_0,09_Đỗ Thị  Vấn_41_Chậm_lại_1692951545.5844157_0,False,1707076,train
cosign_09_01290,cosign_09_01290,Chậm lại/Đỗ Thị  Vấn_41_Chậm_lại_1692951545.5844157_0_frames_40.avi,pose_format/Chậm lại/Đỗ Thị  Vấn_41_Chậm_lại_1692951545.5844157_0_frames_40.pkl,9,Chậm lại,Chậm lại,"[""Chậm lại""]",signer_138,09_Đỗ Thị  Vấn_41_Chậm_lại_1692951545.5844157_0,09_Đỗ Thị  Vấn_41_Chậm_lại_1692951545.5844157_0,False,1707076,train
cosign_10_01291,cosign_10_01291,Con gấu/CON_GẤU_BÙI_MAI_CHI_ (1).mp4,pose_format/Con gấu/CON_GẤU_BÙI_MAI_CHI_ (1).pkl,10,Con gấu,Con gấu,"[""Con gấu""]",signer_193,10_CON_GẤU_BÙI_MAI_CHI_ (1),,True,6364912,train
cosign_10_01292,cosign_10_01292,Con gấu/CON_GẤU_BÙI_MAI_CHI_ (2).mp4,pose_format/Con gấu/CON_GẤU_BÙI_MAI_CHI_ (2).pkl,10,Con gấu,Con gấu,"[""Con gấu""]",signer_193,10_CON_GẤU_BÙI_MAI_CHI_ (2),,True,6862926,train
cosign_10_01293,cosign_10_01293,Con gấu/CON_GẤU_BÙI_MAI_CHI_ (3).mp4,pose_format/Con gấu/CON_GẤU_BÙI_MAI_CHI_ (3).pkl,10,Con gấu,Con gấu,"[""Con gấu""]",signer_193,10_CON_GẤU_BÙI_MAI_CHI_ (3),,True,7480167,train
cosign_10_01294,cosign_10_01294,Con gấu/CON_GẤU_BÙI_MAI_CHI_ (4).mp4,pose_format/Con gấu/CON_GẤU_BÙI_MAI_CHI_ (4).pkl,10,Con gấu,Con gấu,"[""Con gấu""]",signer_193,10_CON_GẤU_BÙI_MAI_CHI_ (4),,True,6986538,train
cosign_10_01295,cosign_10_01295,Con gấu/CON_GẤU_BÙI_MAI_CHI_ (5).mp4,pose_format/Con gấu/CON_GẤU_BÙI_MAI_CHI_ (5).pkl,10,Con gấu,Con gấu,"[""Con gấu""]",signer_193,10_CON_GẤU_BÙI_MAI_CHI_ (5),,True,6535741,train
cosign_10_01296,cosign_10_01296,Con gấu/CON_GẤU_BÙI_MẬU_VĂN_ (1).mp4,pose_format/Con gấu/CON_GẤU_BÙI_MẬU_VĂN_ (1).pkl,10,Con gấu,Con gấu,"[""Con gấu""]",signer_194,10_CON_GẤU_BÙI_MẬU_VĂN_ (1),,True,5698778,train
cosign_10_01297,cosign_10_01297,Con gấu/CON_GẤU_BÙI_MẬU_VĂN_ (2).mp4,pose_format/Con gấu/CON_GẤU_BÙI_MẬU_VĂN_ (2).pkl,10,Con gấu,Con gấu,"[""Con gấu""]",signer_194,10_CON_GẤU_BÙI_MẬU_VĂN_ (2),,True,5787854,train
cosign_10_01298,cosign_10_01298,Con gấu/CON_GẤU_BÙI_MẬU_VĂN_ (3).mp4,pose_format/Con gấu/CON_GẤU_BÙI_MẬU_VĂN_ (3).pkl,10,Con gấu,Con gấu,"[""Con gấu""]",signer_194,10_CON_GẤU_BÙI_MẬU_VĂN_ (3),,True,5576054,train
cosign_10_01299,cosign_10_01299,Con gấu/CON_GẤU_BÙI_MẬU_VĂN_ (4).mp4,pose_format/Con gấu/CON_GẤU_BÙI_MẬU_VĂN_ (4).pkl,10,Con gấu,Con gấu,"[""Con gấu""]",signer_194,10_CON_GẤU_BÙI_MẬU_VĂN_ (4),,True,5950387,train
cosign_10_01300,cosign_10_01300,Con gấu/CON_GẤU_BÙI_MẬU_VĂN_ (5).mp4,pose_format/Con gấu/CON_GẤU_BÙI_MẬU_VĂN_ (5).pkl,10,Con gấu,Con gấu,"[""Con gấu""]",signer_194,10_CON_GẤU_BÙI_MẬU_VĂN_ (5),,True,5630992,train
cosign_10_01301,cosign_10_01301,Con gấu/CON_GẤU_LẠI_QUANG_VINH_(1).mp4,pose_format/Con gấu/CON_GẤU_LẠI_QUANG_VINH_(1).pkl,10,Con gấu,Con gấu,"[""Con gấu""]",signer_195,10_CON_GẤU_LẠI_QUANG_VINH_(1),,True,3060382,train
cosign_10_01302,cosign_10_01302,Con gấu/CON_GẤU_LẠI_QUANG_VINH_(2).mp4,pose_format/Con gấu/CON_GẤU_LẠI_QUANG_VINH_(2).pkl,10,Con gấu,Con gấu,"[""Con gấu""]",signer_195,10_CON_GẤU_LẠI_QUANG_VINH_(2),,True,1910929,train
cosign_10_01303,cosign_10_01303,Con gấu/CON_GẤU_LẠI_QUANG_VINH_(3).mp4,pose_format/Con gấu/CON_GẤU_LẠI_QUANG_VINH_(3).pkl,10,Con gấu,Con gấu,"[""Con gấu""]",signer_195,10_CON_GẤU_LẠI_QUANG_VINH_(3),,True,2348452,train
cosign_10_01304,cosign_10_01304,Con gấu/CON_GẤU_LẠI_QUANG_VINH_(4).mp4,pose_format/Con gấu/CON_GẤU_LẠI_QUANG_VINH_(4).pkl,10,Con gấu,Con gấu,"[""Con gấu""]",signer_195,10_CON_GẤU_LẠI_QUANG_VINH_(4),,True,2119955,train
cosign_10_01305,cosign_10_01305,Con gấu/CON_GẤU_LẠI_QUANG_VINH_(5).mp4,pose_format/Con gấu/CON_GẤU_LẠI_QUANG_VINH_(5).pkl,10,Con gấu,Con gấu,"[""Con gấu""]",signer_195,10_CON_GẤU_LẠI_QUANG_VINH_(5),,True,2431221,train
cosign_10_01306,cosign_10_01306,Con gấu/CON_GẤU_MAI_HOÀNG_XUÂN_ (1).mp4,pose_format/Con gấu/CON_GẤU_MAI_HOÀNG_XUÂN_ (1).pkl,10,Con gấu,Con gấu,"[""Con gấu""]",signer_196,10_CON_GẤU_MAI_HOÀNG_XUÂN_ (1),,True,4765425,train
cosign_10_01307,cosign_10_01307,Con gấu/CON_GẤU_MAI_HOÀNG_XUÂN_ (2).mp4,pose_format/Con gấu/CON_GẤU_MAI_HOÀNG_XUÂN_ (2).pkl,10,Con gấu,Con gấu,"[""Con gấu""]",signer_196,10_CON_GẤU_MAI_HOÀNG_XUÂN_ (2),,True,5507589,train
cosign_10_01308,cosign_10_01308,Con gấu/CON_GẤU_MAI_HOÀNG_XUÂN_ (3).mp4,pose_format/Con gấu/CON_GẤU_MAI_HOÀNG_XUÂN_ (3).pkl,10,Con gấu,Con gấu,"[""Con gấu""]",signer_196,10_CON_GẤU_MAI_HOÀNG_XUÂN_ (3),,True,5822824,train
cosign_10_01309,cosign_10_01309,Con gấu/CON_GẤU_MAI_HOÀNG_XUÂN_ (4).mp4,pose_format/Con gấu/CON_GẤU_MAI_HOÀNG_XUÂN_ (4).pkl,10,Con gấu,Con gấu,"[""Con gấu""]",signer_196,10_CON_GẤU_MAI_HOÀNG_XUÂN_ (4),,True,5072709,train
cosign_10_01310,cosign_10_01310,Con gấu/CON_GẤU_MAI_HOÀNG_XUÂN_ (5).mp4,pose_format/Con gấu/CON_GẤU_MAI_HOÀNG_XUÂN_ (5).pkl,10,Con gấu,Con gấu,"[""Con gấu""]",signer_196,10_CON_GẤU_MAI_HOÀNG_XUÂN_ (5),,True,4938628,train
cosign_10_01311,cosign_10_01311,Con gấu/CON_GẤU_NGUYỄN_HOÀNG_ĐIỆP_ (1).mp4,pose_format/Con gấu/CON_GẤU_NGUYỄN_HOÀNG_ĐIỆP_ (1).pkl,10,Con gấu,Con gấu,"[""Con gấu""]",signer_197,10_CON_GẤU_NGUYỄN_HOÀNG_ĐIỆP_ (1),,True,6605244,train
cosign_10_01312,cosign_10_01312,Con gấu/CON_GẤU_NGUYỄN_HOÀNG_ĐIỆP_ (2).mp4,pose_format/Con gấu/CON_GẤU_NGUYỄN_HOÀNG_ĐIỆP_ (2).pkl,10,Con gấu,Con gấu,"[""Con gấu""]",signer_197,10_CON_GẤU_NGUYỄN_HOÀNG_ĐIỆP_ (2),,True,6795237,train
cosign_10_01313,cosign_10_01313,Con gấu/CON_GẤU_NGUYỄN_HOÀNG_ĐIỆP_ (3).mp4,pose_format/Con gấu/CON_GẤU_NGUYỄN_HOÀNG_ĐIỆP_ (3).pkl,10,Con gấu,Con gấu,"[""Con gấu""]",signer_197,10_CON_GẤU_NGUYỄN_HOÀNG_ĐIỆP_ (3),,True,7560576,train
cosign_10_01314,cosign_10_01314,Con gấu/CON_GẤU_NGUYỄN_HOÀNG_ĐIỆP_ (4).mp4,pose_format/Con gấu/CON_GẤU_NGUYỄN_HOÀNG_ĐIỆP_ (4).pkl,10,Con gấu,Con gấu,"[""Con gấu""]",signer_197,10_CON_GẤU_NGUYỄN_HOÀNG_ĐIỆP_ (4),,True,8399441,train
cosign_10_01315,cosign_10_01315,Con gấu/CON_GẤU_NGUYỄN_HOÀNG_ĐIỆP_ (5).mp4,pose_format/Con gấu/CON_GẤU_NGUYỄN_HOÀNG_ĐIỆP_ (5).pkl,10,Con gấu,Con gấu,"[""Con gấu""]",signer_197,10_CON_GẤU_NGUYỄN_HOÀNG_ĐIỆP_ (5),,True,7583029,train
cosign_10_01316,cosign_10_01316,Con gấu/CON_GẤU_NGUYỄN_PHƯƠNG_ANH_ (1).mp4,pose_format/Con gấu/CON_GẤU_NGUYỄN_PHƯƠNG_ANH_ (1).pkl,10,Con gấu,Con gấu,"[""Con gấu""]",signer_198,10_CON_GẤU_NGUYỄN_PHƯƠNG_ANH_ (1),,True,5296716,train
cosign_10_01317,cosign_10_01317,Con gấu/CON_GẤU_NGUYỄN_PHƯƠNG_ANH_ (2).mp4,pose_format/Con gấu/CON_GẤU_NGUYỄN_PHƯƠNG_ANH_ (2).pkl,10,Con gấu,Con gấu,"[""Con gấu""]",signer_198,10_CON_GẤU_NGUYỄN_PHƯƠNG_ANH_ (2),,True,4973386,train
cosign_10_01318,cosign_10_01318,Con gấu/CON_GẤU_NGUYỄN_PHƯƠNG_ANH_ (3).mp4,pose_format/Con gấu/CON_GẤU_NGUYỄN_PHƯƠNG_ANH_ (3).pkl,10,Con gấu,Con gấu,"[""Con gấu""]",signer_198,10_CON_GẤU_NGUYỄN_PHƯƠNG_ANH_ (3),,True,4880180,train
cosign_10_01319,cosign_10_01319,Con gấu/CON_GẤU_NGUYỄN_PHƯƠNG_ANH_ (4).mp4,pose_format/Con gấu/CON_GẤU_NGUYỄN_PHƯƠNG_ANH_ (4).pkl,10,Con gấu,Con gấu,"[""Con gấu""]",signer_198,10_CON_GẤU_NGUYỄN_PHƯƠNG_ANH_ (4),,True,5477615,train
cosign_10_01320,cosign_10_01320,Con gấu/CON_GẤU_NGUYỄN_PHƯƠNG_ANH_ (5).mp4,pose_format/Con gấu/CON_GẤU_NGUYỄN_PHƯƠNG_ANH_ (5).pkl,10,Con gấu,Con gấu,"[""Con gấu""]",signer_198,10_CON_GẤU_NGUYỄN_PHƯƠNG_ANH_ (5),,True,5073091,train
cosign_10_01321,cosign_10_01321,Con gấu/CON_GẤU_NGUYỄN_QUÝ_DƯƠNG_1.mp4,pose_format/Con gấu/CON_GẤU_NGUYỄN_QUÝ_DƯƠNG_1.pkl,10,Con gấu,Con gấu,"[""Con gấu""]",signer_199,10_CON_GẤU_NGUYỄN_QUÝ_DƯƠNG_1,,True,5187592,train
cosign_10_01322,cosign_10_01322,Con gấu/CON_GẤU_NGUYỄN_QUÝ_DƯƠNG_2.mp4,pose_format/Con gấu/CON_GẤU_NGUYỄN_QUÝ_DƯƠNG_2.pkl,10,Con gấu,Con gấu,"[""Con gấu""]",signer_199,10_CON_GẤU_NGUYỄN_QUÝ_DƯƠNG_2,,True,5898657,train
cosign_10_01323,cosign_10_01323,Con gấu/CON_GẤU_NGUYỄN_QUÝ_DƯƠNG_3.mp4,pose_format/Con gấu/CON_GẤU_NGUYỄN_QUÝ_DƯƠNG_3.pkl,10,Con gấu,Con gấu,"[""Con gấu""]",signer_199,10_CON_GẤU_NGUYỄN_QUÝ_DƯƠNG_3,,True,6711917,train
cosign_10_01324,cosign_10_01324,Con gấu/CON_GẤU_NGUYỄN_QUÝ_DƯƠNG_4.mp4,pose_format/Con gấu/CON_GẤU_NGUYỄN_QUÝ_DƯƠNG_4.pkl,10,Con gấu,Con gấu,"[""Con gấu""]",signer_199,10_CON_GẤU_NGUYỄN_QUÝ_DƯƠNG_4,,True,7388509,train
cosign_10_01325,cosign_10_01325,Con gấu/CON_GẤU_NGUYỄN_QUÝ_DƯƠNG_5.mp4,pose_format/Con gấu/CON_GẤU_NGUYỄN_QUÝ_DƯƠNG_5.pkl,10,Con gấu,Con gấu,"[""Con gấu""]",signer_199,10_CON_GẤU_NGUYỄN_QUÝ_DƯƠNG_5,,True,7360112,train
cosign_10_01326,cosign_10_01326,Con gấu/CON_GẤU_NGUYỄN_THẠC_ANH_ (1).mp4,pose_format/Con gấu/CON_GẤU_NGUYỄN_THẠC_ANH_ (1).pkl,10,Con gấu,Con gấu,"[""Con gấu""]",signer_200,10_CON_GẤU_NGUYỄN_THẠC_ANH_ (1),,True,6207668,train
cosign_10_01327,cosign_10_01327,Con gấu/CON_GẤU_NGUYỄN_THẠC_ANH_ (2).mp4,pose_format/Con gấu/CON_GẤU_NGUYỄN_THẠC_ANH_ (2).pkl,10,Con gấu,Con gấu,"[""Con gấu""]",signer_200,10_CON_GẤU_NGUYỄN_THẠC_ANH_ (2),,True,5507661,train
cosign_10_01328,cosign_10_01328,Con gấu/CON_GẤU_NGUYỄN_THẠC_ANH_ (3).mp4,pose_format/Con gấu/CON_GẤU_NGUYỄN_THẠC_ANH_ (3).pkl,10,Con gấu,Con gấu,"[""Con gấu""]",signer_200,10_CON_GẤU_NGUYỄN_THẠC_ANH_ (3),,True,5977069,train
cosign_10_01329,cosign_10_01329,Con gấu/CON_GẤU_NGUYỄN_THẠC_ANH_ (4).mp4,pose_format/Con gấu/CON_GẤU_NGUYỄN_THẠC_ANH_ (4).pkl,10,Con gấu,Con gấu,"[""Con gấu""]",signer_200,10_CON_GẤU_NGUYỄN_THẠC_ANH_ (4),,True,5932249,train
cosign_10_01330,cosign_10_01330,Con gấu/CON_GẤU_NGUYỄN_THẠC_ANH_ (5).mp4,pose_format/Con gấu/CON_GẤU_NGUYỄN_THẠC_ANH_ (5).pkl,10,Con gấu,Con gấu,"[""Con gấu""]",signer_200,10_CON_GẤU_NGUYỄN_THẠC_ANH_ (5),,True,6120756,train
cosign_10_01331,cosign_10_01331,Con gấu/CON_GẤU_NGUYỄN_VIẾT_QUANG_ (1).mp4,pose_format/Con gấu/CON_GẤU_NGUYỄN_VIẾT_QUANG_ (1).pkl,10,Con gấu,Con gấu,"[""Con gấu""]",signer_201,10_CON_GẤU_NGUYỄN_VIẾT_QUANG_ (1),,True,5672574,train
cosign_10_01332,cosign_10_01332,Con gấu/CON_GẤU_NGUYỄN_VIẾT_QUANG_ (2).mp4,pose_format/Con gấu/CON_GẤU_NGUYỄN_VIẾT_QUANG_ (2).pkl,10,Con gấu,Con gấu,"[""Con gấu""]",signer_201,10_CON_GẤU_NGUYỄN_VIẾT_QUANG_ (2),,True,6481738,train
cosign_10_01333,cosign_10_01333,Con gấu/CON_GẤU_NGUYỄN_VIẾT_QUANG_ (3).mp4,pose_format/Con gấu/CON_GẤU_NGUYỄN_VIẾT_QUANG_ (3).pkl,10,Con gấu,Con gấu,"[""Con gấu""]",signer_201,10_CON_GẤU_NGUYỄN_VIẾT_QUANG_ (3),,True,5287463,train
cosign_10_01334,cosign_10_01334,Con gấu/CON_GẤU_NGUYỄN_VIẾT_QUANG_ (4).mp4,pose_format/Con gấu/CON_GẤU_NGUYỄN_VIẾT_QUANG_ (4).pkl,10,Con gấu,Con gấu,"[""Con gấu""]",signer_201,10_CON_GẤU_NGUYỄN_VIẾT_QUANG_ (4),,True,5900200,train
cosign_10_01335,cosign_10_01335,Con gấu/CON_GẤU_NGUYỄN_VIẾT_QUANG_ (5).mp4,pose_format/Con gấu/CON_GẤU_NGUYỄN_VIẾT_QUANG_ (5).pkl,10,Con gấu,Con gấu,"[""Con gấu""]",signer_201,10_CON_GẤU_NGUYỄN_VIẾT_QUANG_ (5),,True,5410903,train
cosign_10_01336,cosign_10_01336,Con gấu/CON_GẤU_NGÔ_TUẤN_ANH_1.mp4,pose_format/Con gấu/CON_GẤU_NGÔ_TUẤN_ANH_1.pkl,10,Con gấu,Con gấu,"[""Con gấu""]",signer_202,10_CON_GẤU_NGÔ_TUẤN_ANH_1,,True,6518521,train
cosign_10_01337,cosign_10_01337,Con gấu/CON_GẤU_NGÔ_TUẤN_ANH_2.mp4,pose_format/Con gấu/CON_GẤU_NGÔ_TUẤN_ANH_2.pkl,10,Con gấu,Con gấu,"[""Con gấu""]",signer_202,10_CON_GẤU_NGÔ_TUẤN_ANH_2,,True,5935894,train
cosign_10_01338,cosign_10_01338,Con gấu/CON_GẤU_NGÔ_TUẤN_ANH_3.mp4,pose_format/Con gấu/CON_GẤU_NGÔ_TUẤN_ANH_3.pkl,10,Con gấu,Con gấu,"[""Con gấu""]",signer_202,10_CON_GẤU_NGÔ_TUẤN_ANH_3,,True,6916217,train
cosign_10_01339,cosign_10_01339,Con gấu/CON_GẤU_NGÔ_TUẤN_ANH_4.mp4,pose_format/Con gấu/CON_GẤU_NGÔ_TUẤN_ANH_4.pkl,10,Con gấu,Con gấu,"[""Con gấu""]",signer_202,10_CON_GẤU_NGÔ_TUẤN_ANH_4,,True,8071115,train
cosign_10_01340,cosign_10_01340,Con gấu/CON_GẤU_NGÔ_TUẤN_ANH_5.mp4,pose_format/Con gấu/CON_GẤU_NGÔ_TUẤN_ANH_5.pkl,10,Con gấu,Con gấu,"[""Con gấu""]",signer_202,10_CON_GẤU_NGÔ_TUẤN_ANH_5,,True,6446258,train
cosign_10_01341,cosign_10_01341,Con gấu/CON_GẤU_PHẠM_ĐÌNH_HẢI_(1).mp4,pose_format/Con gấu/CON_GẤU_PHẠM_ĐÌNH_HẢI_(1).pkl,10,Con gấu,Con gấu,"[""Con gấu""]",signer_203,10_CON_GẤU_PHẠM_ĐÌNH_HẢI_(1),,True,11094992,train
cosign_10_01342,cosign_10_01342,Con gấu/CON_GẤU_PHẠM_ĐÌNH_HẢI_(2).mp4,pose_format/Con gấu/CON_GẤU_PHẠM_ĐÌNH_HẢI_(2).pkl,10,Con gấu,Con gấu,"[""Con gấu""]",signer_203,10_CON_GẤU_PHẠM_ĐÌNH_HẢI_(2),,True,10992500,train
cosign_10_01343,cosign_10_01343,Con gấu/CON_GẤU_PHẠM_ĐÌNH_HẢI_(3).mp4,pose_format/Con gấu/CON_GẤU_PHẠM_ĐÌNH_HẢI_(3).pkl,10,Con gấu,Con gấu,"[""Con gấu""]",signer_203,10_CON_GẤU_PHẠM_ĐÌNH_HẢI_(3),,True,11424155,train
cosign_10_01344,cosign_10_01344,Con gấu/CON_GẤU_PHẠM_ĐÌNH_HẢI_(4).mp4,pose_format/Con gấu/CON_GẤU_PHẠM_ĐÌNH_HẢI_(4).pkl,10,Con gấu,Con gấu,"[""Con gấu""]",signer_203,10_CON_GẤU_PHẠM_ĐÌNH_HẢI_(4),,True,11405746,train
cosign_10_01345,cosign_10_01345,Con gấu/CON_GẤU_PHẠM_ĐÌNH_HẢI_(5).mp4,pose_format/Con gấu/CON_GẤU_PHẠM_ĐÌNH_HẢI_(5).pkl,10,Con gấu,Con gấu,"[""Con gấu""]",signer_203,10_CON_GẤU_PHẠM_ĐÌNH_HẢI_(5),,True,12538328,train
cosign_10_01346,cosign_10_01346,Con gấu/CON_GẤU_TRƯƠNG_NGỌC_DIỄM_ (1).mp4,pose_format/Con gấu/CON_GẤU_TRƯƠNG_NGỌC_DIỄM_ (1).pkl,10,Con gấu,Con gấu,"[""Con gấu""]",signer_204,10_CON_GẤU_TRƯƠNG_NGỌC_DIỄM_ (1),,True,6856994,train
cosign_10_01347,cosign_10_01347,Con gấu/CON_GẤU_TRƯƠNG_NGỌC_DIỄM_ (2).mp4,pose_format/Con gấu/CON_GẤU_TRƯƠNG_NGỌC_DIỄM_ (2).pkl,10,Con gấu,Con gấu,"[""Con gấu""]",signer_204,10_CON_GẤU_TRƯƠNG_NGỌC_DIỄM_ (2),,True,7364491,train
cosign_10_01348,cosign_10_01348,Con gấu/CON_GẤU_TRƯƠNG_NGỌC_DIỄM_ (3).mp4,pose_format/Con gấu/CON_GẤU_TRƯƠNG_NGỌC_DIỄM_ (3).pkl,10,Con gấu,Con gấu,"[""Con gấu""]",signer_204,10_CON_GẤU_TRƯƠNG_NGỌC_DIỄM_ (3),,True,6345747,train
cosign_10_01349,cosign_10_01349,Con gấu/CON_GẤU_TRƯƠNG_NGỌC_DIỄM_ (4).mp4,pose_format/Con gấu/CON_GẤU_TRƯƠNG_NGỌC_DIỄM_ (4).pkl,10,Con gấu,Con gấu,"[""Con gấu""]",signer_204,10_CON_GẤU_TRƯƠNG_NGỌC_DIỄM_ (4),,True,6329272,train
cosign_10_01350,cosign_10_01350,Con gấu/CON_GẤU_TRƯƠNG_NGỌC_DIỄM_ (5).mp4,pose_format/Con gấu/CON_GẤU_TRƯƠNG_NGỌC_DIỄM_ (5).pkl,10,Con gấu,Con gấu,"[""Con gấu""]",signer_204,10_CON_GẤU_TRƯƠNG_NGỌC_DIỄM_ (5),,True,5643292,train
cosign_10_01351,cosign_10_01351,Con gấu/CON_GẤU_TRẦN_TUẤN_MINH_ (1).mp4,pose_format/Con gấu/CON_GẤU_TRẦN_TUẤN_MINH_ (1).pkl,10,Con gấu,Con gấu,"[""Con gấu""]",signer_205,10_CON_GẤU_TRẦN_TUẤN_MINH_ (1),,True,5584549,train
cosign_10_01352,cosign_10_01352,Con gấu/CON_GẤU_TRẦN_TUẤN_MINH_ (2).mp4,pose_format/Con gấu/CON_GẤU_TRẦN_TUẤN_MINH_ (2).pkl,10,Con gấu,Con gấu,"[""Con gấu""]",signer_205,10_CON_GẤU_TRẦN_TUẤN_MINH_ (2),,True,6728493,train
cosign_10_01353,cosign_10_01353,Con gấu/CON_GẤU_TRẦN_TUẤN_MINH_ (3).mp4,pose_format/Con gấu/CON_GẤU_TRẦN_TUẤN_MINH_ (3).pkl,10,Con gấu,Con gấu,"[""Con gấu""]",signer_205,10_CON_GẤU_TRẦN_TUẤN_MINH_ (3),,True,6971003,train
cosign_10_01354,cosign_10_01354,Con gấu/CON_GẤU_TRẦN_TUẤN_MINH_ (4).mp4,pose_format/Con gấu/CON_GẤU_TRẦN_TUẤN_MINH_ (4).pkl,10,Con gấu,Con gấu,"[""Con gấu""]",signer_205,10_CON_GẤU_TRẦN_TUẤN_MINH_ (4),,True,6616162,train
cosign_10_01355,cosign_10_01355,Con gấu/CON_GẤU_TRẦN_TUẤN_MINH_ (5).mp4,pose_format/Con gấu/CON_GẤU_TRẦN_TUẤN_MINH_ (5).pkl,10,Con gấu,Con gấu,"[""Con gấu""]",signer_205,10_CON_GẤU_TRẦN_TUẤN_MINH_ (5),,True,6499645,train
cosign_10_01356,cosign_10_01356,Con gấu/CON_GẤU_TRẦN_ĐỨC_QUÂN_ (1).mp4,pose_format/Con gấu/CON_GẤU_TRẦN_ĐỨC_QUÂN_ (1).pkl,10,Con gấu,Con gấu,"[""Con gấu""]",signer_206,10_CON_GẤU_TRẦN_ĐỨC_QUÂN_ (1),,True,5446700,train
cosign_10_01357,cosign_10_01357,Con gấu/CON_GẤU_TRẦN_ĐỨC_QUÂN_ (2).mp4,pose_format/Con gấu/CON_GẤU_TRẦN_ĐỨC_QUÂN_ (2).pkl,10,Con gấu,Con gấu,"[""Con gấu""]",signer_206,10_CON_GẤU_TRẦN_ĐỨC_QUÂN_ (2),,True,5906597,train
cosign_10_01358,cosign_10_01358,Con gấu/CON_GẤU_TRẦN_ĐỨC_QUÂN_ (3).mp4,pose_format/Con gấu/CON_GẤU_TRẦN_ĐỨC_QUÂN_ (3).pkl,10,Con gấu,Con gấu,"[""Con gấu""]",signer_206,10_CON_GẤU_TRẦN_ĐỨC_QUÂN_ (3),,True,4677038,train
cosign_10_01359,cosign_10_01359,Con gấu/CON_GẤU_TRẦN_ĐỨC_QUÂN_ (4).mp4,pose_format/Con gấu/CON_GẤU_TRẦN_ĐỨC_QUÂN_ (4).pkl,10,Con gấu,Con gấu,"[""Con gấu""]",signer_206,10_CON_GẤU_TRẦN_ĐỨC_QUÂN_ (4),,True,4232709,train
cosign_10_01360,cosign_10_01360,Con gấu/CON_GẤU_TRẦN_ĐỨC_QUÂN_ (5).mp4,pose_format/Con gấu/CON_GẤU_TRẦN_ĐỨC_QUÂN_ (5).pkl,10,Con gấu,Con gấu,"[""Con gấu""]",signer_206,10_CON_GẤU_TRẦN_ĐỨC_QUÂN_ (5),,True,4466426,train
cosign_10_01361,cosign_10_01361,Con gấu/CON_GẤU_TẠ_THỊ_PHƯƠNG_LINH_ (1).mp4,pose_format/Con gấu/CON_GẤU_TẠ_THỊ_PHƯƠNG_LINH_ (1).pkl,10,Con gấu,Con gấu,"[""Con gấu""]",signer_207,10_CON_GẤU_TẠ_THỊ_PHƯƠNG_LINH_ (1),,True,3427224,train
cosign_10_01362,cosign_10_01362,Con gấu/CON_GẤU_TẠ_THỊ_PHƯƠNG_LINH_ (2).mp4,pose_format/Con gấu/CON_GẤU_TẠ_THỊ_PHƯƠNG_LINH_ (2).pkl,10,Con gấu,Con gấu,"[""Con gấu""]",signer_207,10_CON_GẤU_TẠ_THỊ_PHƯƠNG_LINH_ (2),,True,3730299,train
cosign_10_01363,cosign_10_01363,Con gấu/CON_GẤU_TẠ_THỊ_PHƯƠNG_LINH_ (3).mp4,pose_format/Con gấu/CON_GẤU_TẠ_THỊ_PHƯƠNG_LINH_ (3).pkl,10,Con gấu,Con gấu,"[""Con gấu""]",signer_207,10_CON_GẤU_TẠ_THỊ_PHƯƠNG_LINH_ (3),,True,3407429,train
cosign_10_01364,cosign_10_01364,Con gấu/CON_GẤU_TẠ_THỊ_PHƯƠNG_LINH_ (4).mp4,pose_format/Con gấu/CON_GẤU_TẠ_THỊ_PHƯƠNG_LINH_ (4).pkl,10,Con gấu,Con gấu,"[""Con gấu""]",signer_207,10_CON_GẤU_TẠ_THỊ_PHƯƠNG_LINH_ (4),,True,3521694,train
cosign_10_01365,cosign_10_01365,Con gấu/CON_GẤU_TẠ_THỊ_PHƯƠNG_LINH_ (5).mp4,pose_format/Con gấu/CON_GẤU_TẠ_THỊ_PHƯƠNG_LINH_ (5).pkl,10,Con gấu,Con gấu,"[""Con gấu""]",signer_207,10_CON_GẤU_TẠ_THỊ_PHƯƠNG_LINH_ (5),,True,3486307,train
cosign_10_01366,cosign_10_01366,Con gấu/CON_GẤU_VŨ_HUY_DU_ (1).mp4,pose_format/Con gấu/CON_GẤU_VŨ_HUY_DU_ (1).pkl,10,Con gấu,Con gấu,"[""Con gấu""]",signer_208,10_CON_GẤU_VŨ_HUY_DU_ (1),,True,4974188,train
cosign_10_01367,cosign_10_01367,Con gấu/CON_GẤU_VŨ_HUY_DU_ (2).mp4,pose_format/Con gấu/CON_GẤU_VŨ_HUY_DU_ (2).pkl,10,Con gấu,Con gấu,"[""Con gấu""]",signer_208,10_CON_GẤU_VŨ_HUY_DU_ (2),,True,6285274,train
cosign_10_01368,cosign_10_01368,Con gấu/CON_GẤU_VŨ_HUY_DU_ (3).mp4,pose_format/Con gấu/CON_GẤU_VŨ_HUY_DU_ (3).pkl,10,Con gấu,Con gấu,"[""Con gấu""]",signer_208,10_CON_GẤU_VŨ_HUY_DU_ (3),,True,5650068,train
cosign_10_01369,cosign_10_01369,Con gấu/CON_GẤU_VŨ_HUY_DU_ (4).mp4,pose_format/Con gấu/CON_GẤU_VŨ_HUY_DU_ (4).pkl,10,Con gấu,Con gấu,"[""Con gấu""]",signer_208,10_CON_GẤU_VŨ_HUY_DU_ (4),,True,5557660,train
cosign_10_01370,cosign_10_01370,Con gấu/CON_GẤU_VŨ_HUY_DU_ (5).mp4,pose_format/Con gấu/CON_GẤU_VŨ_HUY_DU_ (5).pkl,10,Con gấu,Con gấu,"[""Con gấu""]",signer_208,10_CON_GẤU_VŨ_HUY_DU_ (5),,True,5202127,train
cosign_10_01371,cosign_10_01371,Con gấu/CON_GẤU_VŨ_KẾT_ĐỒNG_1.mp4,pose_format/Con gấu/CON_GẤU_VŨ_KẾT_ĐỒNG_1.pkl,10,Con gấu,Con gấu,"[""Con gấu""]",signer_209,10_CON_GẤU_VŨ_KẾT_ĐỒNG_1,,True,5154036,train
cosign_10_01372,cosign_10_01372,Con gấu/CON_GẤU_VŨ_KẾT_ĐỒNG_2.mp4,pose_format/Con gấu/CON_GẤU_VŨ_KẾT_ĐỒNG_2.pkl,10,Con gấu,Con gấu,"[""Con gấu""]",signer_209,10_CON_GẤU_VŨ_KẾT_ĐỒNG_2,,True,5779876,train
cosign_10_01373,cosign_10_01373,Con gấu/CON_GẤU_VŨ_KẾT_ĐỒNG_3.mp4,pose_format/Con gấu/CON_GẤU_VŨ_KẾT_ĐỒNG_3.pkl,10,Con gấu,Con gấu,"[""Con gấu""]",signer_209,10_CON_GẤU_VŨ_KẾT_ĐỒNG_3,,True,5425647,train
cosign_10_01374,cosign_10_01374,Con gấu/CON_GẤU_VŨ_KẾT_ĐỒNG_4.mp4,pose_format/Con gấu/CON_GẤU_VŨ_KẾT_ĐỒNG_4.pkl,10,Con gấu,Con gấu,"[""Con gấu""]",signer_209,10_CON_GẤU_VŨ_KẾT_ĐỒNG_4,,True,6097085,train
cosign_10_01375,cosign_10_01375,Con gấu/CON_GẤU_VŨ_KẾT_ĐỒNG_5.mp4,pose_format/Con gấu/CON_GẤU_VŨ_KẾT_ĐỒNG_5.pkl,10,Con gấu,Con gấu,"[""Con gấu""]",signer_209,10_CON_GẤU_VŨ_KẾT_ĐỒNG_5,,True,6224861,train
cosign_10_01376,cosign_10_01376,Con gấu/Con gấu_MVT.mp4,pose_format/Con gấu/Con gấu_MVT.pkl,10,Con gấu,Con gấu,"[""Con gấu""]",signer_210,10_Con gấu_MVT,,True,6713613,train
cosign_10_01377,cosign_10_01377,Con gấu/Con gấu_MVT (2).mp4,pose_format/Con gấu/Con gấu_MVT (2).pkl,10,Con gấu,Con gấu,"[""Con gấu""]",signer_210,10_Con gấu_MVT (2),,True,4860718,train
cosign_10_01378,cosign_10_01378,Con gấu/Con gấu_MVT (3).mp4,pose_format/Con gấu/Con gấu_MVT (3).pkl,10,Con gấu,Con gấu,"[""Con gấu""]",signer_210,10_Con gấu_MVT (3),,True,8561971,train
cosign_10_01379,cosign_10_01379,Con gấu/Con gấu_MVT (4).mp4,pose_format/Con gấu/Con gấu_MVT (4).pkl,10,Con gấu,Con gấu,"[""Con gấu""]",signer_210,10_Con gấu_MVT (4),,True,6294339,train
cosign_10_01380,cosign_10_01380,Con gấu/Con gấu_MVT (5).mp4,pose_format/Con gấu/Con gấu_MVT (5).pkl,10,Con gấu,Con gấu,"[""Con gấu""]",signer_210,10_Con gấu_MVT (5),,True,7076054,train
cosign_11_01381,cosign_11_01381,Cá/CÁ_BÙI_MAI_CHI_ (1).mp4,pose_format/Cá/CÁ_BÙI_MAI_CHI_ (1).pkl,11,Cá,Cá,"[""Cá""]",signer_211,11_CÁ_BÙI_MAI_CHI_ (1),,True,6311703,train
cosign_11_01382,cosign_11_01382,Cá/CÁ_BÙI_MAI_CHI_ (2).mp4,pose_format/Cá/CÁ_BÙI_MAI_CHI_ (2).pkl,11,Cá,Cá,"[""Cá""]",signer_211,11_CÁ_BÙI_MAI_CHI_ (2),,True,6782212,train
cosign_11_01383,cosign_11_01383,Cá/CÁ_BÙI_MAI_CHI_ (3).mp4,pose_format/Cá/CÁ_BÙI_MAI_CHI_ (3).pkl,11,Cá,Cá,"[""Cá""]",signer_211,11_CÁ_BÙI_MAI_CHI_ (3),,True,6526834,train
cosign_11_01384,cosign_11_01384,Cá/CÁ_BÙI_MAI_CHI_ (4).mp4,pose_format/Cá/CÁ_BÙI_MAI_CHI_ (4).pkl,11,Cá,Cá,"[""Cá""]",signer_211,11_CÁ_BÙI_MAI_CHI_ (4),,True,7175110,train
cosign_11_01385,cosign_11_01385,Cá/CÁ_BÙI_MAI_CHI_ (5).mp4,pose_format/Cá/CÁ_BÙI_MAI_CHI_ (5).pkl,11,Cá,Cá,"[""Cá""]",signer_211,11_CÁ_BÙI_MAI_CHI_ (5),,True,6880041,train
cosign_11_01386,cosign_11_01386,Cá/CÁ_BÙI_MẬU_VĂN_ (1).mp4,pose_format/Cá/CÁ_BÙI_MẬU_VĂN_ (1).pkl,11,Cá,Cá,"[""Cá""]",signer_212,11_CÁ_BÙI_MẬU_VĂN_ (1),,True,5693504,train
cosign_11_01387,cosign_11_01387,Cá/CÁ_BÙI_MẬU_VĂN_ (2).mp4,pose_format/Cá/CÁ_BÙI_MẬU_VĂN_ (2).pkl,11,Cá,Cá,"[""Cá""]",signer_212,11_CÁ_BÙI_MẬU_VĂN_ (2),,True,6474859,train
cosign_11_01388,cosign_11_01388,Cá/CÁ_BÙI_MẬU_VĂN_ (3).mp4,pose_format/Cá/CÁ_BÙI_MẬU_VĂN_ (3).pkl,11,Cá,Cá,"[""Cá""]",signer_212,11_CÁ_BÙI_MẬU_VĂN_ (3),,True,6167402,train
cosign_11_01389,cosign_11_01389,Cá/CÁ_BÙI_MẬU_VĂN_ (4).mp4,pose_format/Cá/CÁ_BÙI_MẬU_VĂN_ (4).pkl,11,Cá,Cá,"[""Cá""]",signer_212,11_CÁ_BÙI_MẬU_VĂN_ (4),,True,7364411,train
cosign_11_01390,cosign_11_01390,Cá/CÁ_BÙI_MẬU_VĂN_ (5).mp4,pose_format/Cá/CÁ_BÙI_MẬU_VĂN_ (5).pkl,11,Cá,Cá,"[""Cá""]",signer_212,11_CÁ_BÙI_MẬU_VĂN_ (5),,True,6620946,train
cosign_11_01391,cosign_11_01391,Cá/CÁ_LẠI_QUANG_VINH_(1).mp4,pose_format/Cá/CÁ_LẠI_QUANG_VINH_(1).pkl,11,Cá,Cá,"[""Cá""]",signer_213,11_CÁ_LẠI_QUANG_VINH_(1),,True,2792579,train
cosign_11_01392,cosign_11_01392,Cá/CÁ_LẠI_QUANG_VINH_(2).mp4,pose_format/Cá/CÁ_LẠI_QUANG_VINH_(2).pkl,11,Cá,Cá,"[""Cá""]",signer_213,11_CÁ_LẠI_QUANG_VINH_(2),,True,2956686,train
cosign_11_01393,cosign_11_01393,Cá/CÁ_LẠI_QUANG_VINH_(3).mp4,pose_format/Cá/CÁ_LẠI_QUANG_VINH_(3).pkl,11,Cá,Cá,"[""Cá""]",signer_213,11_CÁ_LẠI_QUANG_VINH_(3),,True,3096373,train
cosign_11_01394,cosign_11_01394,Cá/CÁ_LẠI_QUANG_VINH_(4).mp4,pose_format/Cá/CÁ_LẠI_QUANG_VINH_(4).pkl,11,Cá,Cá,"[""Cá""]",signer_213,11_CÁ_LẠI_QUANG_VINH_(4),,True,3015309,train
cosign_11_01395,cosign_11_01395,Cá/CÁ_LẠI_QUANG_VINH_(5).mp4,pose_format/Cá/CÁ_LẠI_QUANG_VINH_(5).pkl,11,Cá,Cá,"[""Cá""]",signer_213,11_CÁ_LẠI_QUANG_VINH_(5),,True,3261904,train
cosign_11_01396,cosign_11_01396,Cá/CÁ_MAI_HOÀNG_XUÂN_ (1).mp4,pose_format/Cá/CÁ_MAI_HOÀNG_XUÂN_ (1).pkl,11,Cá,Cá,"[""Cá""]",signer_214,11_CÁ_MAI_HOÀNG_XUÂN_ (1),,True,5505279,train
cosign_11_01397,cosign_11_01397,Cá/CÁ_MAI_HOÀNG_XUÂN_ (2).mp4,pose_format/Cá/CÁ_MAI_HOÀNG_XUÂN_ (2).pkl,11,Cá,Cá,"[""Cá""]",signer_214,11_CÁ_MAI_HOÀNG_XUÂN_ (2),,True,5517515,train
cosign_11_01398,cosign_11_01398,Cá/CÁ_MAI_HOÀNG_XUÂN_ (3).mp4,pose_format/Cá/CÁ_MAI_HOÀNG_XUÂN_ (3).pkl,11,Cá,Cá,"[""Cá""]",signer_214,11_CÁ_MAI_HOÀNG_XUÂN_ (3),,True,6711501,train
cosign_11_01399,cosign_11_01399,Cá/CÁ_MAI_HOÀNG_XUÂN_ (4).mp4,pose_format/Cá/CÁ_MAI_HOÀNG_XUÂN_ (4).pkl,11,Cá,Cá,"[""Cá""]",signer_214,11_CÁ_MAI_HOÀNG_XUÂN_ (4),,True,6117133,train
cosign_11_01400,cosign_11_01400,Cá/CÁ_MAI_HOÀNG_XUÂN_ (5).mp4,pose_format/Cá/CÁ_MAI_HOÀNG_XUÂN_ (5).pkl,11,Cá,Cá,"[""Cá""]",signer_214,11_CÁ_MAI_HOÀNG_XUÂN_ (5),,True,5959657,train
cosign_11_01401,cosign_11_01401,Cá/CÁ_NGUYỄN_PHƯƠNG_ANH_ (1).mp4,pose_format/Cá/CÁ_NGUYỄN_PHƯƠNG_ANH_ (1).pkl,11,Cá,Cá,"[""Cá""]",signer_215,11_CÁ_NGUYỄN_PHƯƠNG_ANH_ (1),,True,5753734,train
cosign_11_01402,cosign_11_01402,Cá/CÁ_NGUYỄN_PHƯƠNG_ANH_ (2).mp4,pose_format/Cá/CÁ_NGUYỄN_PHƯƠNG_ANH_ (2).pkl,11,Cá,Cá,"[""Cá""]",signer_215,11_CÁ_NGUYỄN_PHƯƠNG_ANH_ (2),,True,5767639,train
cosign_11_01403,cosign_11_01403,Cá/CÁ_NGUYỄN_PHƯƠNG_ANH_ (3).mp4,pose_format/Cá/CÁ_NGUYỄN_PHƯƠNG_ANH_ (3).pkl,11,Cá,Cá,"[""Cá""]",signer_215,11_CÁ_NGUYỄN_PHƯƠNG_ANH_ (3),,True,5770824,train
cosign_11_01404,cosign_11_01404,Cá/CÁ_NGUYỄN_PHƯƠNG_ANH_ (4).mp4,pose_format/Cá/CÁ_NGUYỄN_PHƯƠNG_ANH_ (4).pkl,11,Cá,Cá,"[""Cá""]",signer_215,11_CÁ_NGUYỄN_PHƯƠNG_ANH_ (4),,True,5768071,train
cosign_11_01405,cosign_11_01405,Cá/CÁ_NGUYỄN_PHƯƠNG_ANH_ (5).mp4,pose_format/Cá/CÁ_NGUYỄN_PHƯƠNG_ANH_ (5).pkl,11,Cá,Cá,"[""Cá""]",signer_215,11_CÁ_NGUYỄN_PHƯƠNG_ANH_ (5),,True,5809636,train
cosign_11_01406,cosign_11_01406,Cá/CÁ_NGUYỄN_QUÝ_DƯƠNG_1.mp4,pose_format/Cá/CÁ_NGUYỄN_QUÝ_DƯƠNG_1.pkl,11,Cá,Cá,"[""Cá""]",signer_216,11_CÁ_NGUYỄN_QUÝ_DƯƠNG_1,,True,6383928,train
cosign_11_01407,cosign_11_01407,Cá/CÁ_NGUYỄN_QUÝ_DƯƠNG_2.mp4,pose_format/Cá/CÁ_NGUYỄN_QUÝ_DƯƠNG_2.pkl,11,Cá,Cá,"[""Cá""]",signer_216,11_CÁ_NGUYỄN_QUÝ_DƯƠNG_2,,True,9058324,train
cosign_11_01408,cosign_11_01408,Cá/CÁ_NGUYỄN_QUÝ_DƯƠNG_3.mp4,pose_format/Cá/CÁ_NGUYỄN_QUÝ_DƯƠNG_3.pkl,11,Cá,Cá,"[""Cá""]",signer_216,11_CÁ_NGUYỄN_QUÝ_DƯƠNG_3,,True,8127993,train
cosign_11_01409,cosign_11_01409,Cá/CÁ_NGUYỄN_QUÝ_DƯƠNG_4.mp4,pose_format/Cá/CÁ_NGUYỄN_QUÝ_DƯƠNG_4.pkl,11,Cá,Cá,"[""Cá""]",signer_216,11_CÁ_NGUYỄN_QUÝ_DƯƠNG_4,,True,7548032,train
cosign_11_01410,cosign_11_01410,Cá/CÁ_NGUYỄN_QUÝ_DƯƠNG_5.mp4,pose_format/Cá/CÁ_NGUYỄN_QUÝ_DƯƠNG_5.pkl,11,Cá,Cá,"[""Cá""]",signer_216,11_CÁ_NGUYỄN_QUÝ_DƯƠNG_5,,True,9954574,train
cosign_11_01411,cosign_11_01411,Cá/CÁ_NGUYỄN_THẠC_ANH_ (1).mp4,pose_format/Cá/CÁ_NGUYỄN_THẠC_ANH_ (1).pkl,11,Cá,Cá,"[""Cá""]",signer_217,11_CÁ_NGUYỄN_THẠC_ANH_ (1),,True,6086174,train
cosign_11_01412,cosign_11_01412,Cá/CÁ_NGUYỄN_THẠC_ANH_ (2).mp4,pose_format/Cá/CÁ_NGUYỄN_THẠC_ANH_ (2).pkl,11,Cá,Cá,"[""Cá""]",signer_217,11_CÁ_NGUYỄN_THẠC_ANH_ (2),,True,7094001,train
cosign_11_01413,cosign_11_01413,Cá/CÁ_NGUYỄN_THẠC_ANH_ (3).mp4,pose_format/Cá/CÁ_NGUYỄN_THẠC_ANH_ (3).pkl,11,Cá,Cá,"[""Cá""]",signer_217,11_CÁ_NGUYỄN_THẠC_ANH_ (3),,True,7378146,train
cosign_11_01414,cosign_11_01414,Cá/CÁ_NGUYỄN_THẠC_ANH_ (4).mp4,pose_format/Cá/CÁ_NGUYỄN_THẠC_ANH_ (4).pkl,11,Cá,Cá,"[""Cá""]",signer_217,11_CÁ_NGUYỄN_THẠC_ANH_ (4),,True,6418056,train
cosign_11_01415,cosign_11_01415,Cá/CÁ_NGUYỄN_THẠC_ANH_ (5).mp4,pose_format/Cá/CÁ_NGUYỄN_THẠC_ANH_ (5).pkl,11,Cá,Cá,"[""Cá""]",signer_217,11_CÁ_NGUYỄN_THẠC_ANH_ (5),,True,7777819,train
cosign_11_01416,cosign_11_01416,Cá/CÁ_PHẠM_ĐÌNH_HẢI_(1).mp4,pose_format/Cá/CÁ_PHẠM_ĐÌNH_HẢI_(1).pkl,11,Cá,Cá,"[""Cá""]",signer_218,11_CÁ_PHẠM_ĐÌNH_HẢI_(1),,True,13189271,train
cosign_11_01417,cosign_11_01417,Cá/CÁ_PHẠM_ĐÌNH_HẢI_(2).mp4,pose_format/Cá/CÁ_PHẠM_ĐÌNH_HẢI_(2).pkl,11,Cá,Cá,"[""Cá""]",signer_218,11_CÁ_PHẠM_ĐÌNH_HẢI_(2),,True,13889669,train
cosign_11_01418,cosign_11_01418,Cá/CÁ_PHẠM_ĐÌNH_HẢI_(3).mp4,pose_format/Cá/CÁ_PHẠM_ĐÌNH_HẢI_(3).pkl,11,Cá,Cá,"[""Cá""]",signer_218,11_CÁ_PHẠM_ĐÌNH_HẢI_(3),,True,13153733,train
cosign_11_01419,cosign_11_01419,Cá/CÁ_PHẠM_ĐÌNH_HẢI_(4).mp4,pose_format/Cá/CÁ_PHẠM_ĐÌNH_HẢI_(4).pkl,11,Cá,Cá,"[""Cá""]",signer_218,11_CÁ_PHẠM_ĐÌNH_HẢI_(4),,True,13955231,train
cosign_11_01420,cosign_11_01420,Cá/CÁ_PHẠM_ĐÌNH_HẢI_(5).mp4,pose_format/Cá/CÁ_PHẠM_ĐÌNH_HẢI_(5).pkl,11,Cá,Cá,"[""Cá""]",signer_218,11_CÁ_PHẠM_ĐÌNH_HẢI_(5),,True,14079419,train
cosign_11_01421,cosign_11_01421,Cá/CÁ_TRƯƠNG_NGỌC_DIỄM_ (1).mp4,pose_format/Cá/CÁ_TRƯƠNG_NGỌC_DIỄM_ (1).pkl,11,Cá,Cá,"[""Cá""]",signer_219,11_CÁ_TRƯƠNG_NGỌC_DIỄM_ (1),,True,7064293,train
cosign_11_01422,cosign_11_01422,Cá/CÁ_TRƯƠNG_NGỌC_DIỄM_ (2).mp4,pose_format/Cá/CÁ_TRƯƠNG_NGỌC_DIỄM_ (2).pkl,11,Cá,Cá,"[""Cá""]",signer_219,11_CÁ_TRƯƠNG_NGỌC_DIỄM_ (2),,True,8461104,train
cosign_11_01423,cosign_11_01423,Cá/CÁ_TRƯƠNG_NGỌC_DIỄM_ (3).mp4,pose_format/Cá/CÁ_TRƯƠNG_NGỌC_DIỄM_ (3).pkl,11,Cá,Cá,"[""Cá""]",signer_219,11_CÁ_TRƯƠNG_NGỌC_DIỄM_ (3),,True,7153620,train
cosign_11_01424,cosign_11_01424,Cá/CÁ_TRƯƠNG_NGỌC_DIỄM_ (4).mp4,pose_format/Cá/CÁ_TRƯƠNG_NGỌC_DIỄM_ (4).pkl,11,Cá,Cá,"[""Cá""]",signer_219,11_CÁ_TRƯƠNG_NGỌC_DIỄM_ (4),,True,7748421,train
cosign_11_01425,cosign_11_01425,Cá/CÁ_TRƯƠNG_NGỌC_DIỄM_ (5).mp4,pose_format/Cá/CÁ_TRƯƠNG_NGỌC_DIỄM_ (5).pkl,11,Cá,Cá,"[""Cá""]",signer_219,11_CÁ_TRƯƠNG_NGỌC_DIỄM_ (5),,True,7625320,train
cosign_11_01426,cosign_11_01426,Cá/CÁ_TRẦN_TUẤN_MINH (1).mp4,pose_format/Cá/CÁ_TRẦN_TUẤN_MINH (1).pkl,11,Cá,Cá,"[""Cá""]",signer_220,11_CÁ_TRẦN_TUẤN_MINH (1),,True,5178857,train
cosign_11_01427,cosign_11_01427,Cá/CÁ_TRẦN_TUẤN_MINH (2).mp4,pose_format/Cá/CÁ_TRẦN_TUẤN_MINH (2).pkl,11,Cá,Cá,"[""Cá""]",signer_220,11_CÁ_TRẦN_TUẤN_MINH (2),,True,6337731,train
cosign_11_01428,cosign_11_01428,Cá/CÁ_TRẦN_TUẤN_MINH (3).mp4,pose_format/Cá/CÁ_TRẦN_TUẤN_MINH (3).pkl,11,Cá,Cá,"[""Cá""]",signer_220,11_CÁ_TRẦN_TUẤN_MINH (3),,True,5665008,train
cosign_11_01429,cosign_11_01429,Cá/CÁ_TRẦN_TUẤN_MINH (4).mp4,pose_format/Cá/CÁ_TRẦN_TUẤN_MINH (4).pkl,11,Cá,Cá,"[""Cá""]",signer_220,11_CÁ_TRẦN_TUẤN_MINH (4),,True,5797866,train
cosign_11_01430,cosign_11_01430,Cá/CÁ_TRẦN_TUẤN_MINH (5).mp4,pose_format/Cá/CÁ_TRẦN_TUẤN_MINH (5).pkl,11,Cá,Cá,"[""Cá""]",signer_220,11_CÁ_TRẦN_TUẤN_MINH (5),,True,5601098,train
cosign_11_01431,cosign_11_01431,Cá/CÁ_TRẦN_ĐỨC_QUÂN_1.mp4,pose_format/Cá/CÁ_TRẦN_ĐỨC_QUÂN_1.pkl,11,Cá,Cá,"[""Cá""]",signer_221,11_CÁ_TRẦN_ĐỨC_QUÂN_1,,True,7072184,train
cosign_11_01432,cosign_11_01432,Cá/CÁ_TRẦN_ĐỨC_QUÂN_2.mp4,pose_format/Cá/CÁ_TRẦN_ĐỨC_QUÂN_2.pkl,11,Cá,Cá,"[""Cá""]",signer_221,11_CÁ_TRẦN_ĐỨC_QUÂN_2,,True,8110580,train
cosign_11_01433,cosign_11_01433,Cá/CÁ_TRẦN_ĐỨC_QUÂN_3.mp4,pose_format/Cá/CÁ_TRẦN_ĐỨC_QUÂN_3.pkl,11,Cá,Cá,"[""Cá""]",signer_221,11_CÁ_TRẦN_ĐỨC_QUÂN_3,,True,7351962,train
cosign_11_01434,cosign_11_01434,Cá/CÁ_TRẦN_ĐỨC_QUÂN_4.mp4,pose_format/Cá/CÁ_TRẦN_ĐỨC_QUÂN_4.pkl,11,Cá,Cá,"[""Cá""]",signer_221,11_CÁ_TRẦN_ĐỨC_QUÂN_4,,True,6076235,train
cosign_11_01435,cosign_11_01435,Cá/CÁ_TRẦN_ĐỨC_QUÂN_5.mp4,pose_format/Cá/CÁ_TRẦN_ĐỨC_QUÂN_5.pkl,11,Cá,Cá,"[""Cá""]",signer_221,11_CÁ_TRẦN_ĐỨC_QUÂN_5,,True,7613709,train
cosign_11_01436,cosign_11_01436,Cá/CÁ_TẠ_THỊ_PHƯƠNG_LINH_ (1).mp4,pose_format/Cá/CÁ_TẠ_THỊ_PHƯƠNG_LINH_ (1).pkl,11,Cá,Cá,"[""Cá""]",signer_222,11_CÁ_TẠ_THỊ_PHƯƠNG_LINH_ (1),,True,3666768,train
cosign_11_01437,cosign_11_01437,Cá/CÁ_TẠ_THỊ_PHƯƠNG_LINH_ (2).mp4,pose_format/Cá/CÁ_TẠ_THỊ_PHƯƠNG_LINH_ (2).pkl,11,Cá,Cá,"[""Cá""]",signer_222,11_CÁ_TẠ_THỊ_PHƯƠNG_LINH_ (2),,True,4334548,train
cosign_11_01438,cosign_11_01438,Cá/CÁ_TẠ_THỊ_PHƯƠNG_LINH_ (3).mp4,pose_format/Cá/CÁ_TẠ_THỊ_PHƯƠNG_LINH_ (3).pkl,11,Cá,Cá,"[""Cá""]",signer_222,11_CÁ_TẠ_THỊ_PHƯƠNG_LINH_ (3),,True,4008893,train
cosign_11_01439,cosign_11_01439,Cá/CÁ_TẠ_THỊ_PHƯƠNG_LINH_ (4).mp4,pose_format/Cá/CÁ_TẠ_THỊ_PHƯƠNG_LINH_ (4).pkl,11,Cá,Cá,"[""Cá""]",signer_222,11_CÁ_TẠ_THỊ_PHƯƠNG_LINH_ (4),,True,4334909,train
cosign_11_01440,cosign_11_01440,Cá/CÁ_TẠ_THỊ_PHƯƠNG_LINH_ (5).mp4,pose_format/Cá/CÁ_TẠ_THỊ_PHƯƠNG_LINH_ (5).pkl,11,Cá,Cá,"[""Cá""]",signer_222,11_CÁ_TẠ_THỊ_PHƯƠNG_LINH_ (5),,True,4045961,train
cosign_11_01441,cosign_11_01441,Cá/CÁ_VŨ_HUY_DU_ (1).mp4,pose_format/Cá/CÁ_VŨ_HUY_DU_ (1).pkl,11,Cá,Cá,"[""Cá""]",signer_223,11_CÁ_VŨ_HUY_DU_ (1),,True,6254869,train
cosign_11_01442,cosign_11_01442,Cá/CÁ_VŨ_HUY_DU_ (2).mp4,pose_format/Cá/CÁ_VŨ_HUY_DU_ (2).pkl,11,Cá,Cá,"[""Cá""]",signer_223,11_CÁ_VŨ_HUY_DU_ (2),,True,6753549,train
cosign_11_01443,cosign_11_01443,Cá/CÁ_VŨ_HUY_DU_ (3).mp4,pose_format/Cá/CÁ_VŨ_HUY_DU_ (3).pkl,11,Cá,Cá,"[""Cá""]",signer_223,11_CÁ_VŨ_HUY_DU_ (3),,True,6162112,train
cosign_11_01444,cosign_11_01444,Cá/CÁ_VŨ_HUY_DU_ (4).mp4,pose_format/Cá/CÁ_VŨ_HUY_DU_ (4).pkl,11,Cá,Cá,"[""Cá""]",signer_223,11_CÁ_VŨ_HUY_DU_ (4),,True,6303441,train
cosign_11_01445,cosign_11_01445,Cá/CÁ_VŨ_HUY_DU_ (5).mp4,pose_format/Cá/CÁ_VŨ_HUY_DU_ (5).pkl,11,Cá,Cá,"[""Cá""]",signer_223,11_CÁ_VŨ_HUY_DU_ (5),,True,6345051,train
cosign_11_01446,cosign_11_01446,Cá/CÁ_VŨ_KẾT_ĐỒNG_1.mp4,pose_format/Cá/CÁ_VŨ_KẾT_ĐỒNG_1.pkl,11,Cá,Cá,"[""Cá""]",signer_224,11_CÁ_VŨ_KẾT_ĐỒNG_1,,True,6693773,train
cosign_11_01447,cosign_11_01447,Cá/CÁ_VŨ_KẾT_ĐỒNG_2.mp4,pose_format/Cá/CÁ_VŨ_KẾT_ĐỒNG_2.pkl,11,Cá,Cá,"[""Cá""]",signer_224,11_CÁ_VŨ_KẾT_ĐỒNG_2,,True,6653828,train
cosign_11_01448,cosign_11_01448,Cá/CÁ_VŨ_KẾT_ĐỒNG_3.mp4,pose_format/Cá/CÁ_VŨ_KẾT_ĐỒNG_3.pkl,11,Cá,Cá,"[""Cá""]",signer_224,11_CÁ_VŨ_KẾT_ĐỒNG_3,,True,5238882,train
cosign_11_01449,cosign_11_01449,Cá/CÁ_VŨ_KẾT_ĐỒNG_4.mp4,pose_format/Cá/CÁ_VŨ_KẾT_ĐỒNG_4.pkl,11,Cá,Cá,"[""Cá""]",signer_224,11_CÁ_VŨ_KẾT_ĐỒNG_4,,True,6569632,train
cosign_11_01450,cosign_11_01450,Cá/CÁ_VŨ_KẾT_ĐỒNG_5.mp4,pose_format/Cá/CÁ_VŨ_KẾT_ĐỒNG_5.pkl,11,Cá,Cá,"[""Cá""]",signer_224,11_CÁ_VŨ_KẾT_ĐỒNG_5,,True,6248480,train
cosign_11_01451,cosign_11_01451,Cá/Cá_LQM.mp4,pose_format/Cá/Cá_LQM.pkl,11,Cá,Cá,"[""Cá""]",signer_225,11_Cá_LQM,,True,8777271,train
cosign_11_01452,cosign_11_01452,Cá/Cá_LQM (2).mp4,pose_format/Cá/Cá_LQM (2).pkl,11,Cá,Cá,"[""Cá""]",signer_225,11_Cá_LQM (2),,True,9264475,train
cosign_11_01453,cosign_11_01453,Cá/Cá_LQM (3).mp4,pose_format/Cá/Cá_LQM (3).pkl,11,Cá,Cá,"[""Cá""]",signer_225,11_Cá_LQM (3),,True,9931514,train
cosign_11_01454,cosign_11_01454,Cá/Cá_LQM (4).mp4,pose_format/Cá/Cá_LQM (4).pkl,11,Cá,Cá,"[""Cá""]",signer_225,11_Cá_LQM (4),,True,10353949,train
cosign_11_01455,cosign_11_01455,Cá/Cá_LQM (5).mp4,pose_format/Cá/Cá_LQM (5).pkl,11,Cá,Cá,"[""Cá""]",signer_225,11_Cá_LQM (5),,True,9717080,train
cosign_11_01456,cosign_11_01456,Cá/Cá_MVT.mp4,pose_format/Cá/Cá_MVT.pkl,11,Cá,Cá,"[""Cá""]",signer_226,11_Cá_MVT,,True,7682363,train
cosign_11_01457,cosign_11_01457,Cá/Cá_MVT (2).mp4,pose_format/Cá/Cá_MVT (2).pkl,11,Cá,Cá,"[""Cá""]",signer_226,11_Cá_MVT (2),,True,7953206,train
cosign_11_01458,cosign_11_01458,Cá/Cá_MVT (3).mp4,pose_format/Cá/Cá_MVT (3).pkl,11,Cá,Cá,"[""Cá""]",signer_226,11_Cá_MVT (3),,True,7991360,train
cosign_11_01459,cosign_11_01459,Cá/Cá_MVT (4).mp4,pose_format/Cá/Cá_MVT (4).pkl,11,Cá,Cá,"[""Cá""]",signer_226,11_Cá_MVT (4),,True,8567564,train
cosign_11_01460,cosign_11_01460,Cá/Cá_MVT (5).mp4,pose_format/Cá/Cá_MVT (5).pkl,11,Cá,Cá,"[""Cá""]",signer_226,11_Cá_MVT (5),,True,8387057,train
cosign_11_01461,cosign_11_01461,Cá/Cá_MVT (6).mp4,pose_format/Cá/Cá_MVT (6).pkl,11,Cá,Cá,"[""Cá""]",signer_226,11_Cá_MVT (6),,True,7070725,train
cosign_11_01462,cosign_11_01462,Cá/Lê Phương Thảo_12_Cá_1692696887.0060089_0_cut.avi,pose_format/Cá/Lê Phương Thảo_12_Cá_1692696887.0060089_0_cut.pkl,11,Cá,Cá,"[""Cá""]",signer_019,11_Lê Phương Thảo_12_Cá_1692696887.0060089_0,,True,716822,train
cosign_11_01463,cosign_11_01463,Cá/Lê Phương Thảo_12_Cá_1692696887.0060089_0_frames_35.avi,pose_format/Cá/Lê Phương Thảo_12_Cá_1692696887.0060089_0_frames_35.pkl,11,Cá,Cá,"[""Cá""]",signer_019,11_Lê Phương Thảo_12_Cá_1692696887.0060089_0,11_Lê Phương Thảo_12_Cá_1692696887.0060089_0,False,859378,train
cosign_11_01464,cosign_11_01464,Cá/Lê Phương Thảo_12_Cá_1692696887.0060089_0_frames_40.avi,pose_format/Cá/Lê Phương Thảo_12_Cá_1692696887.0060089_0_frames_40.pkl,11,Cá,Cá,"[""Cá""]",signer_019,11_Lê Phương Thảo_12_Cá_1692696887.0060089_0,11_Lê Phương Thảo_12_Cá_1692696887.0060089_0,False,859378,train
cosign_11_01465,cosign_11_01465,Cá/Lê Thanh Như_12_Cá_1692697091.4026933_0_cut.avi,pose_format/Cá/Lê Thanh Như_12_Cá_1692697091.4026933_0_cut.pkl,11,Cá,Cá,"[""Cá""]",signer_020,11_Lê Thanh Như_12_Cá_1692697091.4026933_0,,True,1128656,train
cosign_11_01466,cosign_11_01466,Cá/Lê Thanh Như_12_Cá_1692697091.4026933_0_frames_35.avi,pose_format/Cá/Lê Thanh Như_12_Cá_1692697091.4026933_0_frames_35.pkl,11,Cá,Cá,"[""Cá""]",signer_020,11_Lê Thanh Như_12_Cá_1692697091.4026933_0,11_Lê Thanh Như_12_Cá_1692697091.4026933_0,False,1345002,train
cosign_11_01467,cosign_11_01467,Cá/Lê Thanh Như_12_Cá_1692697091.4026933_0_frames_40.avi,pose_format/Cá/Lê Thanh Như_12_Cá_1692697091.4026933_0_frames_40.pkl,11,Cá,Cá,"[""Cá""]",signer_020,11_Lê Thanh Như_12_Cá_1692697091.4026933_0,11_Lê Thanh Như_12_Cá_1692697091.4026933_0,False,1345002,train
cosign_11_01468,cosign_11_01468,Cá/Nguyễn Gia Bảo_10_cá_1692696877.832852_0_cut.avi,pose_format/Cá/Nguyễn Gia Bảo_10_cá_1692696877.832852_0_cut.pkl,11,Cá,Cá,"[""Cá""]",signer_021,11_Nguyễn Gia Bảo_10_cá_1692696877.832852_0,,True,940612,train
cosign_11_01469,cosign_11_01469,Cá/Nguyễn Gia Bảo_10_cá_1692696877.832852_0_frames_35.avi,pose_format/Cá/Nguyễn Gia Bảo_10_cá_1692696877.832852_0_frames_35.pkl,11,Cá,Cá,"[""Cá""]",signer_021,11_Nguyễn Gia Bảo_10_cá_1692696877.832852_0,11_Nguyễn Gia Bảo_10_cá_1692696877.832852_0,False,1239932,train
cosign_11_01470,cosign_11_01470,Cá/Nguyễn Gia Bảo_10_cá_1692696877.832852_0_frames_40.avi,pose_format/Cá/Nguyễn Gia Bảo_10_cá_1692696877.832852_0_frames_40.pkl,11,Cá,Cá,"[""Cá""]",signer_021,11_Nguyễn Gia Bảo_10_cá_1692696877.832852_0,11_Nguyễn Gia Bảo_10_cá_1692696877.832852_0,False,1239932,train
cosign_11_01471,cosign_11_01471,Cá/Nguyễn Thị Huyền_35_cá_1692859743.0225437_0_cut.avi,pose_format/Cá/Nguyễn Thị Huyền_35_cá_1692859743.0225437_0_cut.pkl,11,Cá,Cá,"[""Cá""]",signer_022,11_Nguyễn Thị Huyền_35_cá_1692859743.0225437_0,,True,1413680,train
cosign_11_01472,cosign_11_01472,Cá/Nguyễn Thị Huyền_35_cá_1692859743.0225437_0_frames_35.avi,pose_format/Cá/Nguyễn Thị Huyền_35_cá_1692859743.0225437_0_frames_35.pkl,11,Cá,Cá,"[""Cá""]",signer_022,11_Nguyễn Thị Huyền_35_cá_1692859743.0225437_0,11_Nguyễn Thị Huyền_35_cá_1692859743.0225437_0,False,1855686,train
cosign_11_01473,cosign_11_01473,Cá/Nguyễn Thị Huyền_35_cá_1692859743.0225437_0_frames_40.avi,pose_format/Cá/Nguyễn Thị Huyền_35_cá_1692859743.0225437_0_frames_40.pkl,11,Cá,Cá,"[""Cá""]",signer_022,11_Nguyễn Thị Huyền_35_cá_1692859743.0225437_0,11_Nguyễn Thị Huyền_35_cá_1692859743.0225437_0,False,1855686,train
cosign_11_01474,cosign_11_01474,Cá/Nguyễn Thị Hồng_32_Cá_1692936184.7405941_0_cut.avi,pose_format/Cá/Nguyễn Thị Hồng_32_Cá_1692936184.7405941_0_cut.pkl,11,Cá,Cá,"[""Cá""]",signer_023,11_Nguyễn Thị Hồng_32_Cá_1692936184.7405941_0,,True,819240,train
cosign_11_01475,cosign_11_01475,Cá/Nguyễn Thị Hồng_32_Cá_1692936184.7405941_0_frames_35.avi,pose_format/Cá/Nguyễn Thị Hồng_32_Cá_1692936184.7405941_0_frames_35.pkl,11,Cá,Cá,"[""Cá""]",signer_023,11_Nguyễn Thị Hồng_32_Cá_1692936184.7405941_0,11_Nguyễn Thị Hồng_32_Cá_1692936184.7405941_0,False,1001856,train
cosign_11_01476,cosign_11_01476,Cá/Nguyễn Thị Hồng_32_Cá_1692936184.7405941_0_frames_40.avi,pose_format/Cá/Nguyễn Thị Hồng_32_Cá_1692936184.7405941_0_frames_40.pkl,11,Cá,Cá,"[""Cá""]",signer_023,11_Nguyễn Thị Hồng_32_Cá_1692936184.7405941_0,11_Nguyễn Thị Hồng_32_Cá_1692936184.7405941_0,False,1001856,train
cosign_11_01477,cosign_11_01477,Cá/Nguyễn Thị Mai Anh_39_cá_1693021868.9303043_0_cut.avi,pose_format/Cá/Nguyễn Thị Mai Anh_39_cá_1693021868.9303043_0_cut.pkl,11,Cá,Cá,"[""Cá""]",signer_024,11_Nguyễn Thị Mai Anh_39_cá_1693021868.9303043_0,,True,983210,train
cosign_11_01478,cosign_11_01478,Cá/Nguyễn Thị Mai Anh_39_cá_1693021868.9303043_0_frames_35.avi,pose_format/Cá/Nguyễn Thị Mai Anh_39_cá_1693021868.9303043_0_frames_35.pkl,11,Cá,Cá,"[""Cá""]",signer_024,11_Nguyễn Thị Mai Anh_39_cá_1693021868.9303043_0,11_Nguyễn Thị Mai Anh_39_cá_1693021868.9303043_0,False,1196154,train
cosign_11_01479,cosign_11_01479,Cá/Nguyễn Thị Mai Anh_39_cá_1693021868.9303043_0_frames_40.avi,pose_format/Cá/Nguyễn Thị Mai Anh_39_cá_1693021868.9303043_0_frames_40.pkl,11,Cá,Cá,"[""Cá""]",signer_024,11_Nguyễn Thị Mai Anh_39_cá_1693021868.9303043_0,11_Nguyễn Thị Mai Anh_39_cá_1693021868.9303043_0,False,1196154,train
cosign_11_01480,cosign_11_01480,Cá/Nguyễn Thị Thu Trang_38_Cá_1692782117.762859_0_cut.avi,pose_format/Cá/Nguyễn Thị Thu Trang_38_Cá_1692782117.762859_0_cut.pkl,11,Cá,Cá,"[""Cá""]",signer_025,11_Nguyễn Thị Thu Trang_38_Cá_1692782117.762859_0,,True,1090734,train
cosign_11_01481,cosign_11_01481,Cá/Nguyễn Thị Thu Trang_38_Cá_1692782117.762859_0_frames_35.avi,pose_format/Cá/Nguyễn Thị Thu Trang_38_Cá_1692782117.762859_0_frames_35.pkl,11,Cá,Cá,"[""Cá""]",signer_025,11_Nguyễn Thị Thu Trang_38_Cá_1692782117.762859_0,11_Nguyễn Thị Thu Trang_38_Cá_1692782117.762859_0,False,1311160,train
cosign_11_01482,cosign_11_01482,Cá/Nguyễn Thị Thu Trang_38_Cá_1692782117.762859_0_frames_40.avi,pose_format/Cá/Nguyễn Thị Thu Trang_38_Cá_1692782117.762859_0_frames_40.pkl,11,Cá,Cá,"[""Cá""]",signer_025,11_Nguyễn Thị Thu Trang_38_Cá_1692782117.762859_0,11_Nguyễn Thị Thu Trang_38_Cá_1692782117.762859_0,False,1311160,train
cosign_11_01483,cosign_11_01483,Cá/Phạm Thị Mai Hương_32_Cá_1692610384.1292686_0_cut.avi,pose_format/Cá/Phạm Thị Mai Hương_32_Cá_1692610384.1292686_0_cut.pkl,11,Cá,Cá,"[""Cá""]",signer_066,11_Phạm Thị Mai Hương_32_Cá_1692610384.1292686_0,,True,1156256,train
cosign_11_01484,cosign_11_01484,Cá/Phạm Thị Mai Hương_32_Cá_1692610384.1292686_0_frames_35.avi,pose_format/Cá/Phạm Thị Mai Hương_32_Cá_1692610384.1292686_0_frames_35.pkl,11,Cá,Cá,"[""Cá""]",signer_066,11_Phạm Thị Mai Hương_32_Cá_1692610384.1292686_0,11_Phạm Thị Mai Hương_32_Cá_1692610384.1292686_0,False,1475900,train
cosign_11_01485,cosign_11_01485,Cá/Phạm Thị Mai Hương_32_Cá_1692610384.1292686_0_frames_40.avi,pose_format/Cá/Phạm Thị Mai Hương_32_Cá_1692610384.1292686_0_frames_40.pkl,11,Cá,Cá,"[""Cá""]",signer_066,11_Phạm Thị Mai Hương_32_Cá_1692610384.1292686_0,11_Phạm Thị Mai Hương_32_Cá_1692610384.1292686_0,False,1475900,train
cosign_11_01486,cosign_11_01486,Cá/Trần Thị Vân Anh_39_cá_1692932370.8622928_0_cut.avi,pose_format/Cá/Trần Thị Vân Anh_39_cá_1692932370.8622928_0_cut.pkl,11,Cá,Cá,"[""Cá""]",signer_026,11_Trần Thị Vân Anh_39_cá_1692932370.8622928_0,,True,1014780,train
cosign_11_01487,cosign_11_01487,Cá/Trần Thị Vân Anh_39_cá_1692932370.8622928_0_frames_35.avi,pose_format/Cá/Trần Thị Vân Anh_39_cá_1692932370.8622928_0_frames_35.pkl,11,Cá,Cá,"[""Cá""]",signer_026,11_Trần Thị Vân Anh_39_cá_1692932370.8622928_0,11_Trần Thị Vân Anh_39_cá_1692932370.8622928_0,False,1211960,train
cosign_11_01488,cosign_11_01488,Cá/Trần Thị Vân Anh_39_cá_1692932370.8622928_0_frames_40.avi,pose_format/Cá/Trần Thị Vân Anh_39_cá_1692932370.8622928_0_frames_40.pkl,11,Cá,Cá,"[""Cá""]",signer_026,11_Trần Thị Vân Anh_39_cá_1692932370.8622928_0,11_Trần Thị Vân Anh_39_cá_1692932370.8622928_0,False,1211960,train
cosign_11_01489,cosign_11_01489,Cá/Trần Xuân Ngọc_41_cá_1692697171.7452528_0_cut.avi,pose_format/Cá/Trần Xuân Ngọc_41_cá_1692697171.7452528_0_cut.pkl,11,Cá,Cá,"[""Cá""]",signer_027,11_Trần Xuân Ngọc_41_cá_1692697171.7452528_0,,True,1579966,train
cosign_11_01490,cosign_11_01490,Cá/Trần Xuân Ngọc_41_cá_1692697171.7452528_0_frames_35.avi,pose_format/Cá/Trần Xuân Ngọc_41_cá_1692697171.7452528_0_frames_35.pkl,11,Cá,Cá,"[""Cá""]",signer_027,11_Trần Xuân Ngọc_41_cá_1692697171.7452528_0,11_Trần Xuân Ngọc_41_cá_1692697171.7452528_0,False,1872724,train
cosign_11_01491,cosign_11_01491,Cá/Trần Xuân Ngọc_41_cá_1692697171.7452528_0_frames_40.avi,pose_format/Cá/Trần Xuân Ngọc_41_cá_1692697171.7452528_0_frames_40.pkl,11,Cá,Cá,"[""Cá""]",signer_027,11_Trần Xuân Ngọc_41_cá_1692697171.7452528_0,11_Trần Xuân Ngọc_41_cá_1692697171.7452528_0,False,1872724,train
cosign_11_01492,cosign_11_01492,Cá/Vũ Thị Thu Phương_37_cá_1692849043.0518303_0_cut.avi,pose_format/Cá/Vũ Thị Thu Phương_37_cá_1692849043.0518303_0_cut.pkl,11,Cá,Cá,"[""Cá""]",signer_028,11_Vũ Thị Thu Phương_37_cá_1692849043.0518303_0,,True,848282,train
cosign_11_01493,cosign_11_01493,Cá/Vũ Thị Thu Phương_37_cá_1692849043.0518303_0_frames_35.avi,pose_format/Cá/Vũ Thị Thu Phương_37_cá_1692849043.0518303_0_frames_35.pkl,11,Cá,Cá,"[""Cá""]",signer_028,11_Vũ Thị Thu Phương_37_cá_1692849043.0518303_0,11_Vũ Thị Thu Phương_37_cá_1692849043.0518303_0,False,1013348,train
cosign_11_01494,cosign_11_01494,Cá/Vũ Thị Thu Phương_37_cá_1692849043.0518303_0_frames_40.avi,pose_format/Cá/Vũ Thị Thu Phương_37_cá_1692849043.0518303_0_frames_40.pkl,11,Cá,Cá,"[""Cá""]",signer_028,11_Vũ Thị Thu Phương_37_cá_1692849043.0518303_0,11_Vũ Thị Thu Phương_37_cá_1692849043.0518303_0,False,1013348,train
cosign_11_01495,cosign_11_01495,Cá/Đoàn Thị Thu Thủy_40_cá_1692934246.9268217_0_cut.avi,pose_format/Cá/Đoàn Thị Thu Thủy_40_cá_1692934246.9268217_0_cut.pkl,11,Cá,Cá,"[""Cá""]",signer_029,11_Đoàn Thị Thu Thủy_40_cá_1692934246.9268217_0,,True,922862,train
cosign_11_01496,cosign_11_01496,Cá/Đoàn Thị Thu Thủy_40_cá_1692934246.9268217_0_frames_35.avi,pose_format/Cá/Đoàn Thị Thu Thủy_40_cá_1692934246.9268217_0_frames_35.pkl,11,Cá,Cá,"[""Cá""]",signer_029,11_Đoàn Thị Thu Thủy_40_cá_1692934246.9268217_0,11_Đoàn Thị Thu Thủy_40_cá_1692934246.9268217_0,False,1117138,train
cosign_11_01497,cosign_11_01497,Cá/Đoàn Thị Thu Thủy_40_cá_1692934246.9268217_0_frames_40.avi,pose_format/Cá/Đoàn Thị Thu Thủy_40_cá_1692934246.9268217_0_frames_40.pkl,11,Cá,Cá,"[""Cá""]",signer_029,11_Đoàn Thị Thu Thủy_40_cá_1692934246.9268217_0,11_Đoàn Thị Thu Thủy_40_cá_1692934246.9268217_0,False,1117138,train
cosign_11_01498,cosign_11_01498,Cá/Đặng Thị Kiên_37_cá_1693014882.3700407_0_cut.avi,pose_format/Cá/Đặng Thị Kiên_37_cá_1693014882.3700407_0_cut.pkl,11,Cá,Cá,"[""Cá""]",signer_030,11_Đặng Thị Kiên_37_cá_1693014882.3700407_0,,True,1141674,train
cosign_11_01499,cosign_11_01499,Cá/Đặng Thị Kiên_37_cá_1693014882.3700407_0_frames_35.avi,pose_format/Cá/Đặng Thị Kiên_37_cá_1693014882.3700407_0_frames_35.pkl,11,Cá,Cá,"[""Cá""]",signer_030,11_Đặng Thị Kiên_37_cá_1693014882.3700407_0,11_Đặng Thị Kiên_37_cá_1693014882.3700407_0,False,1407194,train
cosign_11_01500,cosign_11_01500,Cá/Đặng Thị Kiên_37_cá_1693014882.3700407_0_frames_40.avi,pose_format/Cá/Đặng Thị Kiên_37_cá_1693014882.3700407_0_frames_40.pkl,11,Cá,Cá,"[""Cá""]",signer_030,11_Đặng Thị Kiên_37_cá_1693014882.3700407_0,11_Đặng Thị Kiên_37_cá_1693014882.3700407_0,False,1407194,train
cosign_11_01501,cosign_11_01501,Cá/Đỗ Thị Vấn_41_cá_1692777130.7784235_0_cut.avi,pose_format/Cá/Đỗ Thị Vấn_41_cá_1692777130.7784235_0_cut.pkl,11,Cá,Cá,"[""Cá""]",signer_031,11_Đỗ Thị Vấn_41_cá_1692777130.7784235_0,,True,1352320,train
cosign_11_01502,cosign_11_01502,Cá/Đỗ Thị Vấn_41_cá_1692777130.7784235_0_frames_35.avi,pose_format/Cá/Đỗ Thị Vấn_41_cá_1692777130.7784235_0_frames_35.pkl,11,Cá,Cá,"[""Cá""]",signer_031,11_Đỗ Thị Vấn_41_cá_1692777130.7784235_0,11_Đỗ Thị Vấn_41_cá_1692777130.7784235_0,False,1721096,train
cosign_11_01503,cosign_11_01503,Cá/Đỗ Thị Vấn_41_cá_1692777130.7784235_0_frames_40.avi,pose_format/Cá/Đỗ Thị Vấn_41_cá_1692777130.7784235_0_frames_40.pkl,11,Cá,Cá,"[""Cá""]",signer_031,11_Đỗ Thị Vấn_41_cá_1692777130.7784235_0,11_Đỗ Thị Vấn_41_cá_1692777130.7784235_0,False,1721096,train
cosign_12_01504,cosign_12_01504,Có thể/CÓ_THỂ_BÙI_MAI_CHI_ (1).mp4,pose_format/Có thể/CÓ_THỂ_BÙI_MAI_CHI_ (1).pkl,12,Có thể,Có thể,"[""Có thể""]",signer_227,12_CÓ_THỂ_BÙI_MAI_CHI_ (1),,True,6845692,train
cosign_12_01505,cosign_12_01505,Có thể/CÓ_THỂ_BÙI_MAI_CHI_ (2).mp4,pose_format/Có thể/CÓ_THỂ_BÙI_MAI_CHI_ (2).pkl,12,Có thể,Có thể,"[""Có thể""]",signer_227,12_CÓ_THỂ_BÙI_MAI_CHI_ (2),,True,8318642,train
cosign_12_01506,cosign_12_01506,Có thể/CÓ_THỂ_BÙI_MAI_CHI_ (3).mp4,pose_format/Có thể/CÓ_THỂ_BÙI_MAI_CHI_ (3).pkl,12,Có thể,Có thể,"[""Có thể""]",signer_227,12_CÓ_THỂ_BÙI_MAI_CHI_ (3),,True,7590601,train
cosign_12_01507,cosign_12_01507,Có thể/CÓ_THỂ_BÙI_MAI_CHI_ (4).mp4,pose_format/Có thể/CÓ_THỂ_BÙI_MAI_CHI_ (4).pkl,12,Có thể,Có thể,"[""Có thể""]",signer_227,12_CÓ_THỂ_BÙI_MAI_CHI_ (4),,True,8226314,train
cosign_12_01508,cosign_12_01508,Có thể/CÓ_THỂ_BÙI_MAI_CHI_ (5).mp4,pose_format/Có thể/CÓ_THỂ_BÙI_MAI_CHI_ (5).pkl,12,Có thể,Có thể,"[""Có thể""]",signer_227,12_CÓ_THỂ_BÙI_MAI_CHI_ (5),,True,7824702,train
cosign_12_01509,cosign_12_01509,Có thể/CÓ_THỂ_BÙI_MẬU_VĂN_ (1).mp4,pose_format/Có thể/CÓ_THỂ_BÙI_MẬU_VĂN_ (1).pkl,12,Có thể,Có thể,"[""Có thể""]",signer_228,12_CÓ_THỂ_BÙI_MẬU_VĂN_ (1),,True,6178620,train
cosign_12_01510,cosign_12_01510,Có thể/CÓ_THỂ_BÙI_MẬU_VĂN_ (2).mp4,pose_format/Có thể/CÓ_THỂ_BÙI_MẬU_VĂN_ (2).pkl,12,Có thể,Có thể,"[""Có thể""]",signer_228,12_CÓ_THỂ_BÙI_MẬU_VĂN_ (2),,True,6814831,train
cosign_12_01511,cosign_12_01511,Có thể/CÓ_THỂ_BÙI_MẬU_VĂN_ (3).mp4,pose_format/Có thể/CÓ_THỂ_BÙI_MẬU_VĂN_ (3).pkl,12,Có thể,Có thể,"[""Có thể""]",signer_228,12_CÓ_THỂ_BÙI_MẬU_VĂN_ (3),,True,5961292,train
cosign_12_01512,cosign_12_01512,Có thể/CÓ_THỂ_BÙI_MẬU_VĂN_ (4).mp4,pose_format/Có thể/CÓ_THỂ_BÙI_MẬU_VĂN_ (4).pkl,12,Có thể,Có thể,"[""Có thể""]",signer_228,12_CÓ_THỂ_BÙI_MẬU_VĂN_ (4),,True,5728618,train
cosign_12_01513,cosign_12_01513,Có thể/CÓ_THỂ_BÙI_MẬU_VĂN_ (5).mp4,pose_format/Có thể/CÓ_THỂ_BÙI_MẬU_VĂN_ (5).pkl,12,Có thể,Có thể,"[""Có thể""]",signer_228,12_CÓ_THỂ_BÙI_MẬU_VĂN_ (5),,True,5599976,train
cosign_12_01514,cosign_12_01514,Có thể/CÓ_THỂ_LẠI_QUANG_VINH_(1).mp4,pose_format/Có thể/CÓ_THỂ_LẠI_QUANG_VINH_(1).pkl,12,Có thể,Có thể,"[""Có thể""]",signer_229,12_CÓ_THỂ_LẠI_QUANG_VINH_(1),,True,2478696,train
cosign_12_01515,cosign_12_01515,Có thể/CÓ_THỂ_LẠI_QUANG_VINH_(2).mp4,pose_format/Có thể/CÓ_THỂ_LẠI_QUANG_VINH_(2).pkl,12,Có thể,Có thể,"[""Có thể""]",signer_229,12_CÓ_THỂ_LẠI_QUANG_VINH_(2),,True,2630424,train
cosign_12_01516,cosign_12_01516,Có thể/CÓ_THỂ_LẠI_QUANG_VINH_(3).mp4,pose_format/Có thể/CÓ_THỂ_LẠI_QUANG_VINH_(3).pkl,12,Có thể,Có thể,"[""Có thể""]",signer_229,12_CÓ_THỂ_LẠI_QUANG_VINH_(3),,True,3015316,train
cosign_12_01517,cosign_12_01517,Có thể/CÓ_THỂ_LẠI_QUANG_VINH_(4).mp4,pose_format/Có thể/CÓ_THỂ_LẠI_QUANG_VINH_(4).pkl,12,Có thể,Có thể,"[""Có thể""]",signer_229,12_CÓ_THỂ_LẠI_QUANG_VINH_(4),,True,2667549,train
cosign_12_01518,cosign_12_01518,Có thể/CÓ_THỂ_LẠI_QUANG_VINH_(5).mp4,pose_format/Có thể/CÓ_THỂ_LẠI_QUANG_VINH_(5).pkl,12,Có thể,Có thể,"[""Có thể""]",signer_229,12_CÓ_THỂ_LẠI_QUANG_VINH_(5),,True,3130779,train
cosign_12_01519,cosign_12_01519,Có thể/CÓ_THỂ_MAI_HOÀNG_XUÂN_ (1).mp4,pose_format/Có thể/CÓ_THỂ_MAI_HOÀNG_XUÂN_ (1).pkl,12,Có thể,Có thể,"[""Có thể""]",signer_230,12_CÓ_THỂ_MAI_HOÀNG_XUÂN_ (1),,True,5380031,train
cosign_12_01520,cosign_12_01520,Có thể/CÓ_THỂ_MAI_HOÀNG_XUÂN_ (2).mp4,pose_format/Có thể/CÓ_THỂ_MAI_HOÀNG_XUÂN_ (2).pkl,12,Có thể,Có thể,"[""Có thể""]",signer_230,12_CÓ_THỂ_MAI_HOÀNG_XUÂN_ (2),,True,5476416,train
cosign_12_01521,cosign_12_01521,Có thể/CÓ_THỂ_MAI_HOÀNG_XUÂN_ (3).mp4,pose_format/Có thể/CÓ_THỂ_MAI_HOÀNG_XUÂN_ (3).pkl,12,Có thể,Có thể,"[""Có thể""]",signer_230,12_CÓ_THỂ_MAI_HOÀNG_XUÂN_ (3),,True,5542863,train
cosign_12_01522,cosign_12_01522,Có thể/CÓ_THỂ_MAI_HOÀNG_XUÂN_ (4).mp4,pose_format/Có thể/CÓ_THỂ_MAI_HOÀNG_XUÂN_ (4).pkl,12,Có thể,Có thể,"[""Có thể""]",signer_230,12_CÓ_THỂ_MAI_HOÀNG_XUÂN_ (4),,True,5427868,train
cosign_12_01523,cosign_12_01523,Có thể/CÓ_THỂ_MAI_HOÀNG_XUÂN_ (5).mp4,pose_format/Có thể/CÓ_THỂ_MAI_HOÀNG_XUÂN_ (5).pkl,12,Có thể,Có thể,"[""Có thể""]",signer_230,12_CÓ_THỂ_MAI_HOÀNG_XUÂN_ (5),,True,6491833,train
cosign_12_01524,cosign_12_01524,Có thể/CÓ_THỂ_NGUYỄN_HOÀNG_ĐIỆP_ (1).mp4,pose_format/Có thể/CÓ_THỂ_NGUYỄN_HOÀNG_ĐIỆP_ (1).pkl,12,Có thể,Có thể,"[""Có thể""]",signer_231,12_CÓ_THỂ_NGUYỄN_HOÀNG_ĐIỆP_ (1),,True,6998972,train
cosign_12_01525,cosign_12_01525,Có thể/CÓ_THỂ_NGUYỄN_HOÀNG_ĐIỆP_ (2).mp4,pose_format/Có thể/CÓ_THỂ_NGUYỄN_HOÀNG_ĐIỆP_ (2).pkl,12,Có thể,Có thể,"[""Có thể""]",signer_231,12_CÓ_THỂ_NGUYỄN_HOÀNG_ĐIỆP_ (2),,True,7289710,train
cosign_12_01526,cosign_12_01526,Có thể/CÓ_THỂ_NGUYỄN_HOÀNG_ĐIỆP_ (3).mp4,pose_format/Có thể/CÓ_THỂ_NGUYỄN_HOÀNG_ĐIỆP_ (3).pkl,12,Có thể,Có thể,"[""Có thể""]",signer_231,12_CÓ_THỂ_NGUYỄN_HOÀNG_ĐIỆP_ (3),,True,8059247,train
cosign_12_01527,cosign_12_01527,Có thể/CÓ_THỂ_NGUYỄN_HOÀNG_ĐIỆP_ (4).mp4,pose_format/Có thể/CÓ_THỂ_NGUYỄN_HOÀNG_ĐIỆP_ (4).pkl,12,Có thể,Có thể,"[""Có thể""]",signer_231,12_CÓ_THỂ_NGUYỄN_HOÀNG_ĐIỆP_ (4),,True,7757449,train
cosign_12_01528,cosign_12_01528,Có thể/CÓ_THỂ_NGUYỄN_HOÀNG_ĐIỆP_ (5).mp4,pose_format/Có thể/CÓ_THỂ_NGUYỄN_HOÀNG_ĐIỆP_ (5).pkl,12,Có thể,Có thể,"[""Có thể""]",signer_231,12_CÓ_THỂ_NGUYỄN_HOÀNG_ĐIỆP_ (5),,True,8042822,train
cosign_12_01529,cosign_12_01529,Có thể/CÓ_THỂ_NGUYỄN_PHƯƠNG_ANH_ (1).mp4,pose_format/Có thể/CÓ_THỂ_NGUYỄN_PHƯƠNG_ANH_ (1).pkl,12,Có thể,Có thể,"[""Có thể""]",signer_232,12_CÓ_THỂ_NGUYỄN_PHƯƠNG_ANH_ (1),,True,6216233,train
cosign_12_01530,cosign_12_01530,Có thể/CÓ_THỂ_NGUYỄN_PHƯƠNG_ANH_ (2).mp4,pose_format/Có thể/CÓ_THỂ_NGUYỄN_PHƯƠNG_ANH_ (2).pkl,12,Có thể,Có thể,"[""Có thể""]",signer_232,12_CÓ_THỂ_NGUYỄN_PHƯƠNG_ANH_ (2),,True,5996791,train
cosign_12_01531,cosign_12_01531,Có thể/CÓ_THỂ_NGUYỄN_PHƯƠNG_ANH_ (3).mp4,pose_format/Có thể/CÓ_THỂ_NGUYỄN_PHƯƠNG_ANH_ (3).pkl,12,Có thể,Có thể,"[""Có thể""]",signer_232,12_CÓ_THỂ_NGUYỄN_PHƯƠNG_ANH_ (3),,True,6277888,train
cosign_12_01532,cosign_12_01532,Có thể/CÓ_THỂ_NGUYỄN_PHƯƠNG_ANH_ (4).mp4,pose_format/Có thể/CÓ_THỂ_NGUYỄN_PHƯƠNG_ANH_ (4).pkl,12,Có thể,Có thể,"[""Có thể""]",signer_232,12_CÓ_THỂ_NGUYỄN_PHƯƠNG_ANH_ (4),,True,5985200,train
cosign_12_01533,cosign_12_01533,Có thể/CÓ_THỂ_NGUYỄN_PHƯƠNG_ANH_ (5).mp4,pose_format/Có thể/CÓ_THỂ_NGUYỄN_PHƯƠNG_ANH_ (5).pkl,12,Có thể,Có thể,"[""Có thể""]",signer_232,12_CÓ_THỂ_NGUYỄN_PHƯƠNG_ANH_ (5),,True,5777406,train
cosign_12_01534,cosign_12_01534,Có thể/CÓ_THỂ_NGUYỄN_QUÝ_DƯƠNG_1.mp4,pose_format/Có thể/CÓ_THỂ_NGUYỄN_QUÝ_DƯƠNG_1.pkl,12,Có thể,Có thể,"[""Có thể""]",signer_233,12_CÓ_THỂ_NGUYỄN_QUÝ_DƯƠNG_1,,True,7624339,train
cosign_12_01535,cosign_12_01535,Có thể/CÓ_THỂ_NGUYỄN_QUÝ_DƯƠNG_2.mp4,pose_format/Có thể/CÓ_THỂ_NGUYỄN_QUÝ_DƯƠNG_2.pkl,12,Có thể,Có thể,"[""Có thể""]",signer_233,12_CÓ_THỂ_NGUYỄN_QUÝ_DƯƠNG_2,,True,8180656,train
cosign_12_01536,cosign_12_01536,Có thể/CÓ_THỂ_NGUYỄN_QUÝ_DƯƠNG_3.mp4,pose_format/Có thể/CÓ_THỂ_NGUYỄN_QUÝ_DƯƠNG_3.pkl,12,Có thể,Có thể,"[""Có thể""]",signer_233,12_CÓ_THỂ_NGUYỄN_QUÝ_DƯƠNG_3,,True,8709251,train
cosign_12_01537,cosign_12_01537,Có thể/CÓ_THỂ_NGUYỄN_QUÝ_DƯƠNG_4.mp4,pose_format/Có thể/CÓ_THỂ_NGUYỄN_QUÝ_DƯƠNG_4.pkl,12,Có thể,Có thể,"[""Có thể""]",signer_233,12_CÓ_THỂ_NGUYỄN_QUÝ_DƯƠNG_4,,True,7913046,train
cosign_12_01538,cosign_12_01538,Có thể/CÓ_THỂ_NGUYỄN_QUÝ_DƯƠNG_5.mp4,pose_format/Có thể/CÓ_THỂ_NGUYỄN_QUÝ_DƯƠNG_5.pkl,12,Có thể,Có thể,"[""Có thể""]",signer_233,12_CÓ_THỂ_NGUYỄN_QUÝ_DƯƠNG_5,,True,8133809,train
cosign_12_01539,cosign_12_01539,Có thể/CÓ_THỂ_NGUYỄN_THẠC_ANH_ (1).mp4,pose_format/Có thể/CÓ_THỂ_NGUYỄN_THẠC_ANH_ (1).pkl,12,Có thể,Có thể,"[""Có thể""]",signer_234,12_CÓ_THỂ_NGUYỄN_THẠC_ANH_ (1),,True,6396866,train
cosign_12_01540,cosign_12_01540,Có thể/CÓ_THỂ_NGUYỄN_THẠC_ANH_ (2).mp4,pose_format/Có thể/CÓ_THỂ_NGUYỄN_THẠC_ANH_ (2).pkl,12,Có thể,Có thể,"[""Có thể""]",signer_234,12_CÓ_THỂ_NGUYỄN_THẠC_ANH_ (2),,True,6737277,train
cosign_12_01541,cosign_12_01541,Có thể/CÓ_THỂ_NGUYỄN_THẠC_ANH_ (3).mp4,pose_format/Có thể/CÓ_THỂ_NGUYỄN_THẠC_ANH_ (3).pkl,12,Có thể,Có thể,"[""Có thể""]",signer_234,12_CÓ_THỂ_NGUYỄN_THẠC_ANH_ (3),,True,5962010,train
cosign_12_01542,cosign_12_01542,Có thể/CÓ_THỂ_NGUYỄN_THẠC_ANH_ (4).mp4,pose_format/Có thể/CÓ_THỂ_NGUYỄN_THẠC_ANH_ (4).pkl,12,Có thể,Có thể,"[""Có thể""]",signer_234,12_CÓ_THỂ_NGUYỄN_THẠC_ANH_ (4),,True,6294544,train
cosign_12_01543,cosign_12_01543,Có thể/CÓ_THỂ_NGUYỄN_THẠC_ANH_ (5).mp4,pose_format/Có thể/CÓ_THỂ_NGUYỄN_THẠC_ANH_ (5).pkl,12,Có thể,Có thể,"[""Có thể""]",signer_234,12_CÓ_THỂ_NGUYỄN_THẠC_ANH_ (5),,True,6403285,train
cosign_12_01544,cosign_12_01544,Có thể/CÓ_THỂ_NGUYỄN_VIẾT_QUANG_ (1).mp4,pose_format/Có thể/CÓ_THỂ_NGUYỄN_VIẾT_QUANG_ (1).pkl,12,Có thể,Có thể,"[""Có thể""]",signer_235,12_CÓ_THỂ_NGUYỄN_VIẾT_QUANG_ (1),,True,5511558,train
cosign_12_01545,cosign_12_01545,Có thể/CÓ_THỂ_NGUYỄN_VIẾT_QUANG_ (2).mp4,pose_format/Có thể/CÓ_THỂ_NGUYỄN_VIẾT_QUANG_ (2).pkl,12,Có thể,Có thể,"[""Có thể""]",signer_235,12_CÓ_THỂ_NGUYỄN_VIẾT_QUANG_ (2),,True,5481116,train
cosign_12_01546,cosign_12_01546,Có thể/CÓ_THỂ_NGUYỄN_VIẾT_QUANG_ (3).mp4,pose_format/Có thể/CÓ_THỂ_NGUYỄN_VIẾT_QUANG_ (3).pkl,12,Có thể,Có thể,"[""Có thể""]",signer_235,12_CÓ_THỂ_NGUYỄN_VIẾT_QUANG_ (3),,True,5632198,train
cosign_12_01547,cosign_12_01547,Có thể/CÓ_THỂ_NGUYỄN_VIẾT_QUANG_ (4).mp4,pose_format/Có thể/CÓ_THỂ_NGUYỄN_VIẾT_QUANG_ (4).pkl,12,Có thể,Có thể,"[""Có thể""]",signer_235,12_CÓ_THỂ_NGUYỄN_VIẾT_QUANG_ (4),,True,5309787,train
cosign_12_01548,cosign_12_01548,Có thể/CÓ_THỂ_NGUYỄN_VIẾT_QUANG_ (5).mp4,pose_format/Có thể/CÓ_THỂ_NGUYỄN_VIẾT_QUANG_ (5).pkl,12,Có thể,Có thể,"[""Có thể""]",signer_235,12_CÓ_THỂ_NGUYỄN_VIẾT_QUANG_ (5),,True,5914251,train
cosign_12_01549,cosign_12_01549,Có thể/CÓ_THỂ_NGÔ_TUẤN_ANH_1.mp4,pose_format/Có thể/CÓ_THỂ_NGÔ_TUẤN_ANH_1.pkl,12,Có thể,Có thể,"[""Có thể""]",signer_236,12_CÓ_THỂ_NGÔ_TUẤN_ANH_1,,True,4769959,train
cosign_12_01550,cosign_12_01550,Có thể/CÓ_THỂ_NGÔ_TUẤN_ANH_2.mp4,pose_format/Có thể/CÓ_THỂ_NGÔ_TUẤN_ANH_2.pkl,12,Có thể,Có thể,"[""Có thể""]",signer_236,12_CÓ_THỂ_NGÔ_TUẤN_ANH_2,,True,6248090,train
cosign_12_01551,cosign_12_01551,Có thể/CÓ_THỂ_NGÔ_TUẤN_ANH_3.mp4,pose_format/Có thể/CÓ_THỂ_NGÔ_TUẤN_ANH_3.pkl,12,Có thể,Có thể,"[""Có thể""]",signer_236,12_CÓ_THỂ_NGÔ_TUẤN_ANH_3,,True,6344501,train
cosign_12_01552,cosign_12_01552,Có thể/CÓ_THỂ_NGÔ_TUẤN_ANH_4.mp4,pose_format/Có thể/CÓ_THỂ_NGÔ_TUẤN_ANH_4.pkl,12,Có thể,Có thể,"[""Có thể""]",signer_236,12_CÓ_THỂ_NGÔ_TUẤN_ANH_4,,True,7146993,train
cosign_12_01553,cosign_12_01553,Có thể/CÓ_THỂ_NGÔ_TUẤN_ANH_5.mp4,pose_format/Có thể/CÓ_THỂ_NGÔ_TUẤN_ANH_5.pkl,12,Có thể,Có thể,"[""Có thể""]",signer_236,12_CÓ_THỂ_NGÔ_TUẤN_ANH_5,,True,6877073,train
cosign_12_01554,cosign_12_01554,Có thể/CÓ_THỂ_PHẠM_ĐÌNH_HẢI_(1).mp4,pose_format/Có thể/CÓ_THỂ_PHẠM_ĐÌNH_HẢI_(1).pkl,12,Có thể,Có thể,"[""Có thể""]",signer_237,12_CÓ_THỂ_PHẠM_ĐÌNH_HẢI_(1),,True,10683672,train
cosign_12_01555,cosign_12_01555,Có thể/CÓ_THỂ_PHẠM_ĐÌNH_HẢI_(2).mp4,pose_format/Có thể/CÓ_THỂ_PHẠM_ĐÌNH_HẢI_(2).pkl,12,Có thể,Có thể,"[""Có thể""]",signer_237,12_CÓ_THỂ_PHẠM_ĐÌNH_HẢI_(2),,True,12331513,train
cosign_12_01556,cosign_12_01556,Có thể/CÓ_THỂ_PHẠM_ĐÌNH_HẢI_(3).mp4,pose_format/Có thể/CÓ_THỂ_PHẠM_ĐÌNH_HẢI_(3).pkl,12,Có thể,Có thể,"[""Có thể""]",signer_237,12_CÓ_THỂ_PHẠM_ĐÌNH_HẢI_(3),,True,12005916,train
cosign_12_01557,cosign_12_01557,Có thể/CÓ_THỂ_PHẠM_ĐÌNH_HẢI_(4).mp4,pose_format/Có thể/CÓ_THỂ_PHẠM_ĐÌNH_HẢI_(4).pkl,12,Có thể,Có thể,"[""Có thể""]",signer_237,12_CÓ_THỂ_PHẠM_ĐÌNH_HẢI_(4),,True,14233079,train
cosign_12_01558,cosign_12_01558,Có thể/CÓ_THỂ_PHẠM_ĐÌNH_HẢI_(5).mp4,pose_format/Có thể/CÓ_THỂ_PHẠM_ĐÌNH_HẢI_(5).pkl,12,Có thể,Có thể,"[""Có thể""]",signer_237,12_CÓ_THỂ_PHẠM_ĐÌNH_HẢI_(5),,True,12444677,train
cosign_12_01559,cosign_12_01559,Có thể/CÓ_THỂ_TRƯƠNG_NGỌC_DIỄM_ (1).mp4,pose_format/Có thể/CÓ_THỂ_TRƯƠNG_NGỌC_DIỄM_ (1).pkl,12,Có thể,Có thể,"[""Có thể""]",signer_238,12_CÓ_THỂ_TRƯƠNG_NGỌC_DIỄM_ (1),,True,6009919,train
cosign_12_01560,cosign_12_01560,Có thể/CÓ_THỂ_TRƯƠNG_NGỌC_DIỄM_ (2).mp4,pose_format/Có thể/CÓ_THỂ_TRƯƠNG_NGỌC_DIỄM_ (2).pkl,12,Có thể,Có thể,"[""Có thể""]",signer_238,12_CÓ_THỂ_TRƯƠNG_NGỌC_DIỄM_ (2),,True,5822102,train
cosign_12_01561,cosign_12_01561,Có thể/CÓ_THỂ_TRƯƠNG_NGỌC_DIỄM_ (3).mp4,pose_format/Có thể/CÓ_THỂ_TRƯƠNG_NGỌC_DIỄM_ (3).pkl,12,Có thể,Có thể,"[""Có thể""]",signer_238,12_CÓ_THỂ_TRƯƠNG_NGỌC_DIỄM_ (3),,True,6887444,train
cosign_12_01562,cosign_12_01562,Có thể/CÓ_THỂ_TRƯƠNG_NGỌC_DIỄM_ (4).mp4,pose_format/Có thể/CÓ_THỂ_TRƯƠNG_NGỌC_DIỄM_ (4).pkl,12,Có thể,Có thể,"[""Có thể""]",signer_238,12_CÓ_THỂ_TRƯƠNG_NGỌC_DIỄM_ (4),,True,6544221,train
cosign_12_01563,cosign_12_01563,Có thể/CÓ_THỂ_TRƯƠNG_NGỌC_DIỄM_ (5).mp4,pose_format/Có thể/CÓ_THỂ_TRƯƠNG_NGỌC_DIỄM_ (5).pkl,12,Có thể,Có thể,"[""Có thể""]",signer_238,12_CÓ_THỂ_TRƯƠNG_NGỌC_DIỄM_ (5),,True,7261818,train
cosign_12_01564,cosign_12_01564,Có thể/CÓ_THỂ_TRẦN_TUẤN_MINH_ (1).mp4,pose_format/Có thể/CÓ_THỂ_TRẦN_TUẤN_MINH_ (1).pkl,12,Có thể,Có thể,"[""Có thể""]",signer_239,12_CÓ_THỂ_TRẦN_TUẤN_MINH_ (1),,True,7504028,train
cosign_12_01565,cosign_12_01565,Có thể/CÓ_THỂ_TRẦN_TUẤN_MINH_ (2).mp4,pose_format/Có thể/CÓ_THỂ_TRẦN_TUẤN_MINH_ (2).pkl,12,Có thể,Có thể,"[""Có thể""]",signer_239,12_CÓ_THỂ_TRẦN_TUẤN_MINH_ (2),,True,7689777,train
cosign_12_01566,cosign_12_01566,Có thể/CÓ_THỂ_TRẦN_TUẤN_MINH_ (3).mp4,pose_format/Có thể/CÓ_THỂ_TRẦN_TUẤN_MINH_ (3).pkl,12,Có thể,Có thể,"[""Có thể""]",signer_239,12_CÓ_THỂ_TRẦN_TUẤN_MINH_ (3),,True,7648517,train
cosign_12_01567,cosign_12_01567,Có thể/CÓ_THỂ_TRẦN_TUẤN_MINH_ (4).mp4,pose_format/Có thể/CÓ_THỂ_TRẦN_TUẤN_MINH_ (4).pkl,12,Có thể,Có thể,"[""Có thể""]",signer_239,12_CÓ_THỂ_TRẦN_TUẤN_MINH_ (4),,True,8047306,train
cosign_12_01568,cosign_12_01568,Có thể/CÓ_THỂ_TRẦN_TUẤN_MINH_ (5).mp4,pose_format/Có thể/CÓ_THỂ_TRẦN_TUẤN_MINH_ (5).pkl,12,Có thể,Có thể,"[""Có thể""]",signer_239,12_CÓ_THỂ_TRẦN_TUẤN_MINH_ (5),,True,7631343,train
cosign_12_01569,cosign_12_01569,Có thể/CÓ_THỂ_TRẦN_ĐỨC_QUÂN_ (1).mp4,pose_format/Có thể/CÓ_THỂ_TRẦN_ĐỨC_QUÂN_ (1).pkl,12,Có thể,Có thể,"[""Có thể""]",signer_240,12_CÓ_THỂ_TRẦN_ĐỨC_QUÂN_ (1),,True,5428013,train
cosign_12_01570,cosign_12_01570,Có thể/CÓ_THỂ_TRẦN_ĐỨC_QUÂN_ (2).mp4,pose_format/Có thể/CÓ_THỂ_TRẦN_ĐỨC_QUÂN_ (2).pkl,12,Có thể,Có thể,"[""Có thể""]",signer_240,12_CÓ_THỂ_TRẦN_ĐỨC_QUÂN_ (2),,True,5521861,train
cosign_12_01571,cosign_12_01571,Có thể/CÓ_THỂ_TRẦN_ĐỨC_QUÂN_ (3).mp4,pose_format/Có thể/CÓ_THỂ_TRẦN_ĐỨC_QUÂN_ (3).pkl,12,Có thể,Có thể,"[""Có thể""]",signer_240,12_CÓ_THỂ_TRẦN_ĐỨC_QUÂN_ (3),,True,5856206,train
cosign_12_01572,cosign_12_01572,Có thể/CÓ_THỂ_TRẦN_ĐỨC_QUÂN_ (4).mp4,pose_format/Có thể/CÓ_THỂ_TRẦN_ĐỨC_QUÂN_ (4).pkl,12,Có thể,Có thể,"[""Có thể""]",signer_240,12_CÓ_THỂ_TRẦN_ĐỨC_QUÂN_ (4),,True,6734250,train
cosign_12_01573,cosign_12_01573,Có thể/CÓ_THỂ_TRẦN_ĐỨC_QUÂN_ (5).mp4,pose_format/Có thể/CÓ_THỂ_TRẦN_ĐỨC_QUÂN_ (5).pkl,12,Có thể,Có thể,"[""Có thể""]",signer_240,12_CÓ_THỂ_TRẦN_ĐỨC_QUÂN_ (5),,True,5967289,train
cosign_12_01574,cosign_12_01574,Có thể/CÓ_THỂ_TẠ_THỊ_PHƯƠNG_LINH_ (1).mp4,pose_format/Có thể/CÓ_THỂ_TẠ_THỊ_PHƯƠNG_LINH_ (1).pkl,12,Có thể,Có thể,"[""Có thể""]",signer_241,12_CÓ_THỂ_TẠ_THỊ_PHƯƠNG_LINH_ (1),,True,3833489,train
cosign_12_01575,cosign_12_01575,Có thể/CÓ_THỂ_TẠ_THỊ_PHƯƠNG_LINH_ (2).mp4,pose_format/Có thể/CÓ_THỂ_TẠ_THỊ_PHƯƠNG_LINH_ (2).pkl,12,Có thể,Có thể,"[""Có thể""]",signer_241,12_CÓ_THỂ_TẠ_THỊ_PHƯƠNG_LINH_ (2),,True,3833618,train
cosign_12_01576,cosign_12_01576,Có thể/CÓ_THỂ_TẠ_THỊ_PHƯƠNG_LINH_ (3).mp4,pose_format/Có thể/CÓ_THỂ_TẠ_THỊ_PHƯƠNG_LINH_ (3).pkl,12,Có thể,Có thể,"[""Có thể""]",signer_241,12_CÓ_THỂ_TẠ_THỊ_PHƯƠNG_LINH_ (3),,True,4177940,train
cosign_12_01577,cosign_12_01577,Có thể/CÓ_THỂ_TẠ_THỊ_PHƯƠNG_LINH_ (4).mp4,pose_format/Có thể/CÓ_THỂ_TẠ_THỊ_PHƯƠNG_LINH_ (4).pkl,12,Có thể,Có thể,"[""Có thể""]",signer_241,12_CÓ_THỂ_TẠ_THỊ_PHƯƠNG_LINH_ (4),,True,3781864,train
cosign_12_01578,cosign_12_01578,Có thể/CÓ_THỂ_TẠ_THỊ_PHƯƠNG_LINH_ (5).mp4,pose_format/Có thể/CÓ_THỂ_TẠ_THỊ_PHƯƠNG_LINH_ (5).pkl,12,Có thể,Có thể,"[""Có thể""]",signer_241,12_CÓ_THỂ_TẠ_THỊ_PHƯƠNG_LINH_ (5),,True,4024849,train
cosign_12_01579,cosign_12_01579,Có thể/CÓ_THỂ_VŨ_HUY_DU_ (1).mp4,pose_format/Có thể/CÓ_THỂ_VŨ_HUY_DU_ (1).pkl,12,Có thể,Có thể,"[""Có thể""]",signer_242,12_CÓ_THỂ_VŨ_HUY_DU_ (1),,True,6902558,train
cosign_12_01580,cosign_12_01580,Có thể/CÓ_THỂ_VŨ_HUY_DU_ (2).mp4,pose_format/Có thể/CÓ_THỂ_VŨ_HUY_DU_ (2).pkl,12,Có thể,Có thể,"[""Có thể""]",signer_242,12_CÓ_THỂ_VŨ_HUY_DU_ (2),,True,6440697,train
cosign_12_01581,cosign_12_01581,Có thể/CÓ_THỂ_VŨ_HUY_DU_ (3).mp4,pose_format/Có thể/CÓ_THỂ_VŨ_HUY_DU_ (3).pkl,12,Có thể,Có thể,"[""Có thể""]",signer_242,12_CÓ_THỂ_VŨ_HUY_DU_ (3),,True,6536111,train
cosign_12_01582,cosign_12_01582,Có thể/CÓ_THỂ_VŨ_HUY_DU_ (4).mp4,pose_format/Có thể/CÓ_THỂ_VŨ_HUY_DU_ (4).pkl,12,Có thể,Có thể,"[""Có thể""]",signer_242,12_CÓ_THỂ_VŨ_HUY_DU_ (4),,True,6818647,train
cosign_12_01583,cosign_12_01583,Có thể/CÓ_THỂ_VŨ_HUY_DU_ (5).mp4,pose_format/Có thể/CÓ_THỂ_VŨ_HUY_DU_ (5).pkl,12,Có thể,Có thể,"[""Có thể""]",signer_242,12_CÓ_THỂ_VŨ_HUY_DU_ (5),,True,5917539,train
cosign_12_01584,cosign_12_01584,Có thể/CÓ_THỂ_VŨ_KẾT_ĐỒNG_1.mp4,pose_format/Có thể/CÓ_THỂ_VŨ_KẾT_ĐỒNG_1.pkl,12,Có thể,Có thể,"[""Có thể""]",signer_243,12_CÓ_THỂ_VŨ_KẾT_ĐỒNG_1,,True,5661662,train
cosign_12_01585,cosign_12_01585,Có thể/CÓ_THỂ_VŨ_KẾT_ĐỒNG_2.mp4,pose_format/Có thể/CÓ_THỂ_VŨ_KẾT_ĐỒNG_2.pkl,12,Có thể,Có thể,"[""Có thể""]",signer_243,12_CÓ_THỂ_VŨ_KẾT_ĐỒNG_2,,True,6214070,train
cosign_12_01586,cosign_12_01586,Có thể/CÓ_THỂ_VŨ_KẾT_ĐỒNG_3.mp4,pose_format/Có thể/CÓ_THỂ_VŨ_KẾT_ĐỒNG_3.pkl,12,Có thể,Có thể,"[""Có thể""]",signer_243,12_CÓ_THỂ_VŨ_KẾT_ĐỒNG_3,,True,6060536,train
cosign_12_01587,cosign_12_01587,Có thể/CÓ_THỂ_VŨ_KẾT_ĐỒNG_4.mp4,pose_format/Có thể/CÓ_THỂ_VŨ_KẾT_ĐỒNG_4.pkl,12,Có thể,Có thể,"[""Có thể""]",signer_243,12_CÓ_THỂ_VŨ_KẾT_ĐỒNG_4,,True,5808980,train
cosign_12_01588,cosign_12_01588,Có thể/CÓ_THỂ_VŨ_KẾT_ĐỒNG_5.mp4,pose_format/Có thể/CÓ_THỂ_VŨ_KẾT_ĐỒNG_5.pkl,12,Có thể,Có thể,"[""Có thể""]",signer_243,12_CÓ_THỂ_VŨ_KẾT_ĐỒNG_5,,True,5627827,train
cosign_12_01589,cosign_12_01589,Có thể/Có thể_MVT.mp4,pose_format/Có thể/Có thể_MVT.pkl,12,Có thể,Có thể,"[""Có thể""]",signer_244,12_Có thể_MVT,,True,7635975,train
cosign_12_01590,cosign_12_01590,Có thể/Có thể_MVT (2).mp4,pose_format/Có thể/Có thể_MVT (2).pkl,12,Có thể,Có thể,"[""Có thể""]",signer_244,12_Có thể_MVT (2),,True,6774835,train
cosign_12_01591,cosign_12_01591,Có thể/Có thể_MVT (3).mp4,pose_format/Có thể/Có thể_MVT (3).pkl,12,Có thể,Có thể,"[""Có thể""]",signer_244,12_Có thể_MVT (3),,True,6821735,train
cosign_12_01592,cosign_12_01592,Có thể/Có thể_MVT (4).mp4,pose_format/Có thể/Có thể_MVT (4).pkl,12,Có thể,Có thể,"[""Có thể""]",signer_244,12_Có thể_MVT (4),,True,7035777,train
cosign_12_01593,cosign_12_01593,Có thể/Có thể_MVT (5).mp4,pose_format/Có thể/Có thể_MVT (5).pkl,12,Có thể,Có thể,"[""Có thể""]",signer_244,12_Có thể_MVT (5),,True,8842751,train
cosign_12_01594,cosign_12_01594,Có thể/Nguyễn Gia Bảo_10_có thể_1692688997.9509277_0_cut.avi,pose_format/Có thể/Nguyễn Gia Bảo_10_có thể_1692688997.9509277_0_cut.pkl,12,Có thể,Có thể,"[""Có thể""]",signer_021,12_Nguyễn Gia Bảo_10_có thể_1692688997.9509277_0,,True,783044,train
cosign_12_01595,cosign_12_01595,Có thể/Nguyễn Gia Bảo_10_có thể_1692688997.9509277_0_frames_35.avi,pose_format/Có thể/Nguyễn Gia Bảo_10_có thể_1692688997.9509277_0_frames_35.pkl,12,Có thể,Có thể,"[""Có thể""]",signer_021,12_Nguyễn Gia Bảo_10_có thể_1692688997.9509277_0,12_Nguyễn Gia Bảo_10_có thể_1692688997.9509277_0,False,971770,train
cosign_12_01596,cosign_12_01596,Có thể/Nguyễn Gia Bảo_10_có thể_1692688997.9509277_0_frames_40.avi,pose_format/Có thể/Nguyễn Gia Bảo_10_có thể_1692688997.9509277_0_frames_40.pkl,12,Có thể,Có thể,"[""Có thể""]",signer_021,12_Nguyễn Gia Bảo_10_có thể_1692688997.9509277_0,12_Nguyễn Gia Bảo_10_có thể_1692688997.9509277_0,False,971770,train
cosign_12_01597,cosign_12_01597,Có thể/Nguyễn Phương Thảo_12_Có thể_1692689070.2836561_0_cut.avi,pose_format/Có thể/Nguyễn Phương Thảo_12_Có thể_1692689070.2836561_0_cut.pkl,12,Có thể,Có thể,"[""Có thể""]",signer_245,12_Nguyễn Phương Thảo_12_Có thể_1692689070.2836561_0,,True,761560,train
cosign_12_01598,cosign_12_01598,Có thể/Nguyễn Phương Thảo_12_Có thể_1692689070.2836561_0_frames_35.avi,pose_format/Có thể/Nguyễn Phương Thảo_12_Có thể_1692689070.2836561_0_frames_35.pkl,12,Có thể,Có thể,"[""Có thể""]",signer_245,12_Nguyễn Phương Thảo_12_Có thể_1692689070.2836561_0,12_Nguyễn Phương Thảo_12_Có thể_1692689070.2836561_0,False,915360,train
cosign_12_01599,cosign_12_01599,Có thể/Nguyễn Phương Thảo_12_Có thể_1692689070.2836561_0_frames_40.avi,pose_format/Có thể/Nguyễn Phương Thảo_12_Có thể_1692689070.2836561_0_frames_40.pkl,12,Có thể,Có thể,"[""Có thể""]",signer_245,12_Nguyễn Phương Thảo_12_Có thể_1692689070.2836561_0,12_Nguyễn Phương Thảo_12_Có thể_1692689070.2836561_0,False,915360,train
cosign_12_01600,cosign_12_01600,Có thể/Nguyễn Thị Huyền_35_có thể_1692839261.8174856_0_cut.avi,pose_format/Có thể/Nguyễn Thị Huyền_35_có thể_1692839261.8174856_0_cut.pkl,12,Có thể,Có thể,"[""Có thể""]",signer_022,12_Nguyễn Thị Huyền_35_có thể_1692839261.8174856_0,,True,1410858,train
cosign_12_01601,cosign_12_01601,Có thể/Nguyễn Thị Huyền_35_có thể_1692839261.8174856_0_frames_35.avi,pose_format/Có thể/Nguyễn Thị Huyền_35_có thể_1692839261.8174856_0_frames_35.pkl,12,Có thể,Có thể,"[""Có thể""]",signer_022,12_Nguyễn Thị Huyền_35_có thể_1692839261.8174856_0,12_Nguyễn Thị Huyền_35_có thể_1692839261.8174856_0,False,1702092,train
cosign_12_01602,cosign_12_01602,Có thể/Nguyễn Thị Huyền_35_có thể_1692839261.8174856_0_frames_40.avi,pose_format/Có thể/Nguyễn Thị Huyền_35_có thể_1692839261.8174856_0_frames_40.pkl,12,Có thể,Có thể,"[""Có thể""]",signer_022,12_Nguyễn Thị Huyền_35_có thể_1692839261.8174856_0,12_Nguyễn Thị Huyền_35_có thể_1692839261.8174856_0,False,1702092,train
cosign_12_01603,cosign_12_01603,Có thể/Nguyễn Thị Hồng_32_Có thể_1692932569.0212903_0_cut.avi,pose_format/Có thể/Nguyễn Thị Hồng_32_Có thể_1692932569.0212903_0_cut.pkl,12,Có thể,Có thể,"[""Có thể""]",signer_023,12_Nguyễn Thị Hồng_32_Có thể_1692932569.0212903_0,,True,851716,train
cosign_12_01604,cosign_12_01604,Có thể/Nguyễn Thị Hồng_32_Có thể_1692932569.0212903_0_frames_35.avi,pose_format/Có thể/Nguyễn Thị Hồng_32_Có thể_1692932569.0212903_0_frames_35.pkl,12,Có thể,Có thể,"[""Có thể""]",signer_023,12_Nguyễn Thị Hồng_32_Có thể_1692932569.0212903_0,12_Nguyễn Thị Hồng_32_Có thể_1692932569.0212903_0,False,1073306,train
cosign_12_01605,cosign_12_01605,Có thể/Nguyễn Thị Hồng_32_Có thể_1692932569.0212903_0_frames_40.avi,pose_format/Có thể/Nguyễn Thị Hồng_32_Có thể_1692932569.0212903_0_frames_40.pkl,12,Có thể,Có thể,"[""Có thể""]",signer_023,12_Nguyễn Thị Hồng_32_Có thể_1692932569.0212903_0,12_Nguyễn Thị Hồng_32_Có thể_1692932569.0212903_0,False,1073306,train
cosign_12_01606,cosign_12_01606,Có thể/Nguyễn Thị Mai Anh_39_có thể_1693014876.6979032_0_cut.avi,pose_format/Có thể/Nguyễn Thị Mai Anh_39_có thể_1693014876.6979032_0_cut.pkl,12,Có thể,Có thể,"[""Có thể""]",signer_024,12_Nguyễn Thị Mai Anh_39_có thể_1693014876.6979032_0,,True,900630,train
cosign_12_01607,cosign_12_01607,Có thể/Nguyễn Thị Mai Anh_39_có thể_1693014876.6979032_0_frames_35.avi,pose_format/Có thể/Nguyễn Thị Mai Anh_39_có thể_1693014876.6979032_0_frames_35.pkl,12,Có thể,Có thể,"[""Có thể""]",signer_024,12_Nguyễn Thị Mai Anh_39_có thể_1693014876.6979032_0,12_Nguyễn Thị Mai Anh_39_có thể_1693014876.6979032_0,False,1151370,train
cosign_12_01608,cosign_12_01608,Có thể/Nguyễn Thị Mai Anh_39_có thể_1693014876.6979032_0_frames_40.avi,pose_format/Có thể/Nguyễn Thị Mai Anh_39_có thể_1693014876.6979032_0_frames_40.pkl,12,Có thể,Có thể,"[""Có thể""]",signer_024,12_Nguyễn Thị Mai Anh_39_có thể_1693014876.6979032_0,12_Nguyễn Thị Mai Anh_39_có thể_1693014876.6979032_0,False,1151370,train
cosign_12_01609,cosign_12_01609,Có thể/Nguyễn Thị Thu Trang_38_Có thể_1692775314.602262_0_cut.avi,pose_format/Có thể/Nguyễn Thị Thu Trang_38_Có thể_1692775314.602262_0_cut.pkl,12,Có thể,Có thể,"[""Có thể""]",signer_025,12_Nguyễn Thị Thu Trang_38_Có thể_1692775314.602262_0,,True,653868,train
cosign_12_01610,cosign_12_01610,Có thể/Nguyễn Thị Thu Trang_38_Có thể_1692775314.602262_0_frames_35.avi,pose_format/Có thể/Nguyễn Thị Thu Trang_38_Có thể_1692775314.602262_0_frames_35.pkl,12,Có thể,Có thể,"[""Có thể""]",signer_025,12_Nguyễn Thị Thu Trang_38_Có thể_1692775314.602262_0,12_Nguyễn Thị Thu Trang_38_Có thể_1692775314.602262_0,False,843246,train
cosign_12_01611,cosign_12_01611,Có thể/Nguyễn Thị Thu Trang_38_Có thể_1692775314.602262_0_frames_40.avi,pose_format/Có thể/Nguyễn Thị Thu Trang_38_Có thể_1692775314.602262_0_frames_40.pkl,12,Có thể,Có thể,"[""Có thể""]",signer_025,12_Nguyễn Thị Thu Trang_38_Có thể_1692775314.602262_0,12_Nguyễn Thị Thu Trang_38_Có thể_1692775314.602262_0,False,843246,train
cosign_12_01612,cosign_12_01612,Có thể/Phạm Thị Mai Hương_32_Có thể_1692774654.662215_0_cut.avi,pose_format/Có thể/Phạm Thị Mai Hương_32_Có thể_1692774654.662215_0_cut.pkl,12,Có thể,Có thể,"[""Có thể""]",signer_066,12_Phạm Thị Mai Hương_32_Có thể_1692774654.662215_0,,True,747444,train
cosign_12_01613,cosign_12_01613,Có thể/Phạm Thị Mai Hương_32_Có thể_1692774654.662215_0_frames_35.avi,pose_format/Có thể/Phạm Thị Mai Hương_32_Có thể_1692774654.662215_0_frames_35.pkl,12,Có thể,Có thể,"[""Có thể""]",signer_066,12_Phạm Thị Mai Hương_32_Có thể_1692774654.662215_0,12_Phạm Thị Mai Hương_32_Có thể_1692774654.662215_0,False,1002618,train
cosign_12_01614,cosign_12_01614,Có thể/Phạm Thị Mai Hương_32_Có thể_1692774654.662215_0_frames_40.avi,pose_format/Có thể/Phạm Thị Mai Hương_32_Có thể_1692774654.662215_0_frames_40.pkl,12,Có thể,Có thể,"[""Có thể""]",signer_066,12_Phạm Thị Mai Hương_32_Có thể_1692774654.662215_0,12_Phạm Thị Mai Hương_32_Có thể_1692774654.662215_0,False,1002618,train
cosign_12_01615,cosign_12_01615,Có thể/Trần Thị Vân Anh_39_có_thể_1692868243.7070506_0_cut.avi,pose_format/Có thể/Trần Thị Vân Anh_39_có_thể_1692868243.7070506_0_cut.pkl,12,Có thể,Có thể,"[""Có thể""]",signer_026,12_Trần Thị Vân Anh_39_có_thể_1692868243.7070506_0,,True,1092636,train
cosign_12_01616,cosign_12_01616,Có thể/Trần Thị Vân Anh_39_có_thể_1692868243.7070506_0_frames_35.avi,pose_format/Có thể/Trần Thị Vân Anh_39_có_thể_1692868243.7070506_0_frames_35.pkl,12,Có thể,Có thể,"[""Có thể""]",signer_026,12_Trần Thị Vân Anh_39_có_thể_1692868243.7070506_0,12_Trần Thị Vân Anh_39_có_thể_1692868243.7070506_0,False,1441324,train
cosign_12_01617,cosign_12_01617,Có thể/Trần Thị Vân Anh_39_có_thể_1692868243.7070506_0_frames_40.avi,pose_format/Có thể/Trần Thị Vân Anh_39_có_thể_1692868243.7070506_0_frames_40.pkl,12,Có thể,Có thể,"[""Có thể""]",signer_026,12_Trần Thị Vân Anh_39_có_thể_1692868243.7070506_0,12_Trần Thị Vân Anh_39_có_thể_1692868243.7070506_0,False,1441324,train
cosign_12_01618,cosign_12_01618,Có thể/Trần Xuân Ngọc_41_có thể_1692689183.8259807_0_cut.avi,pose_format/Có thể/Trần Xuân Ngọc_41_có thể_1692689183.8259807_0_cut.pkl,12,Có thể,Có thể,"[""Có thể""]",signer_027,12_Trần Xuân Ngọc_41_có thể_1692689183.8259807_0,,True,1736528,train
cosign_12_01619,cosign_12_01619,Có thể/Trần Xuân Ngọc_41_có thể_1692689183.8259807_0_frames_35.avi,pose_format/Có thể/Trần Xuân Ngọc_41_có thể_1692689183.8259807_0_frames_35.pkl,12,Có thể,Có thể,"[""Có thể""]",signer_027,12_Trần Xuân Ngọc_41_có thể_1692689183.8259807_0,12_Trần Xuân Ngọc_41_có thể_1692689183.8259807_0,False,2108396,train
cosign_12_01620,cosign_12_01620,Có thể/Trần Xuân Ngọc_41_có thể_1692689183.8259807_0_frames_40.avi,pose_format/Có thể/Trần Xuân Ngọc_41_có thể_1692689183.8259807_0_frames_40.pkl,12,Có thể,Có thể,"[""Có thể""]",signer_027,12_Trần Xuân Ngọc_41_có thể_1692689183.8259807_0,12_Trần Xuân Ngọc_41_có thể_1692689183.8259807_0,False,2108396,train
cosign_12_01621,cosign_12_01621,Có thể/Vũ Thị Thu Phương_37_có thể_1692777500.965893_0_cut.avi,pose_format/Có thể/Vũ Thị Thu Phương_37_có thể_1692777500.965893_0_cut.pkl,12,Có thể,Có thể,"[""Có thể""]",signer_028,12_Vũ Thị Thu Phương_37_có thể_1692777500.965893_0,,True,873144,train
cosign_12_01622,cosign_12_01622,Có thể/Vũ Thị Thu Phương_37_có thể_1692777500.965893_0_frames_35.avi,pose_format/Có thể/Vũ Thị Thu Phương_37_có thể_1692777500.965893_0_frames_35.pkl,12,Có thể,Có thể,"[""Có thể""]",signer_028,12_Vũ Thị Thu Phương_37_có thể_1692777500.965893_0,12_Vũ Thị Thu Phương_37_có thể_1692777500.965893_0,False,1023454,train
cosign_12_01623,cosign_12_01623,Có thể/Vũ Thị Thu Phương_37_có thể_1692777500.965893_0_frames_40.avi,pose_format/Có thể/Vũ Thị Thu Phương_37_có thể_1692777500.965893_0_frames_40.pkl,12,Có thể,Có thể,"[""Có thể""]",signer_028,12_Vũ Thị Thu Phương_37_có thể_1692777500.965893_0,12_Vũ Thị Thu Phương_37_có thể_1692777500.965893_0,False,1023454,train
cosign_12_01624,cosign_12_01624,Có thể/Đoàn Thị Thu Thủy_40_có thể_1692929663.330472_0_cut.avi,pose_format/Có thể/Đoàn Thị Thu Thủy_40_có thể_1692929663.330472_0_cut.pkl,12,Có thể,Có thể,"[""Có thể""]",signer_029,12_Đoàn Thị Thu Thủy_40_có thể_1692929663.330472_0,,True,973436,train
cosign_12_01625,cosign_12_01625,Có thể/Đoàn Thị Thu Thủy_40_có thể_1692929663.330472_0_frames_35.avi,pose_format/Có thể/Đoàn Thị Thu Thủy_40_có thể_1692929663.330472_0_frames_35.pkl,12,Có thể,Có thể,"[""Có thể""]",signer_029,12_Đoàn Thị Thu Thủy_40_có thể_1692929663.330472_0,12_Đoàn Thị Thu Thủy_40_có thể_1692929663.330472_0,False,1205996,train
cosign_12_01626,cosign_12_01626,Có thể/Đoàn Thị Thu Thủy_40_có thể_1692929663.330472_0_frames_40.avi,pose_format/Có thể/Đoàn Thị Thu Thủy_40_có thể_1692929663.330472_0_frames_40.pkl,12,Có thể,Có thể,"[""Có thể""]",signer_029,12_Đoàn Thị Thu Thủy_40_có thể_1692929663.330472_0,12_Đoàn Thị Thu Thủy_40_có thể_1692929663.330472_0,False,1205996,train
cosign_12_01627,cosign_12_01627,Có thể/Đặng Thị Kiên_37_có thể_1692867374.6814656_0_cut.avi,pose_format/Có thể/Đặng Thị Kiên_37_có thể_1692867374.6814656_0_cut.pkl,12,Có thể,Có thể,"[""Có thể""]",signer_030,12_Đặng Thị Kiên_37_có thể_1692867374.6814656_0,,True,916612,train
cosign_12_01628,cosign_12_01628,Có thể/Đặng Thị Kiên_37_có thể_1692867374.6814656_0_frames_35.avi,pose_format/Có thể/Đặng Thị Kiên_37_có thể_1692867374.6814656_0_frames_35.pkl,12,Có thể,Có thể,"[""Có thể""]",signer_030,12_Đặng Thị Kiên_37_có thể_1692867374.6814656_0,12_Đặng Thị Kiên_37_có thể_1692867374.6814656_0,False,1168356,train
cosign_12_01629,cosign_12_01629,Có thể/Đặng Thị Kiên_37_có thể_1692867374.6814656_0_frames_40.avi,pose_format/Có thể/Đặng Thị Kiên_37_có thể_1692867374.6814656_0_frames_40.pkl,12,Có thể,Có thể,"[""Có thể""]",signer_030,12_Đặng Thị Kiên_37_có thể_1692867374.6814656_0,12_Đặng Thị Kiên_37_có thể_1692867374.6814656_0,False,1168356,train
cosign_12_01630,cosign_12_01630,Có thể/Đỗ Thị Vấn_41_có thể_1692772393.22596_0_cut.avi,pose_format/Có thể/Đỗ Thị Vấn_41_có thể_1692772393.22596_0_cut.pkl,12,Có thể,Có thể,"[""Có thể""]",signer_031,12_Đỗ Thị Vấn_41_có thể_1692772393.22596_0,,True,1555292,train
cosign_12_01631,cosign_12_01631,Có thể/Đỗ Thị Vấn_41_có thể_1692772393.22596_0_frames_35.avi,pose_format/Có thể/Đỗ Thị Vấn_41_có thể_1692772393.22596_0_frames_35.pkl,12,Có thể,Có thể,"[""Có thể""]",signer_031,12_Đỗ Thị Vấn_41_có thể_1692772393.22596_0,12_Đỗ Thị Vấn_41_có thể_1692772393.22596_0,False,1880284,train
cosign_12_01632,cosign_12_01632,Có thể/Đỗ Thị Vấn_41_có thể_1692772393.22596_0_frames_40.avi,pose_format/Có thể/Đỗ Thị Vấn_41_có thể_1692772393.22596_0_frames_40.pkl,12,Có thể,Có thể,"[""Có thể""]",signer_031,12_Đỗ Thị Vấn_41_có thể_1692772393.22596_0,12_Đỗ Thị Vấn_41_có thể_1692772393.22596_0,False,1880284,train
cosign_13_01633,cosign_13_01633,Cơ thể/CƠ_THỂ_BÙI_MAI_CHI_ (1).mp4,pose_format/Cơ thể/CƠ_THỂ_BÙI_MAI_CHI_ (1).pkl,13,Cơ thể,Cơ thể,"[""Cơ thể""]",signer_246,13_CƠ_THỂ_BÙI_MAI_CHI_ (1),,True,6950382,train
cosign_13_01634,cosign_13_01634,Cơ thể/CƠ_THỂ_BÙI_MAI_CHI_ (2).mp4,pose_format/Cơ thể/CƠ_THỂ_BÙI_MAI_CHI_ (2).pkl,13,Cơ thể,Cơ thể,"[""Cơ thể""]",signer_246,13_CƠ_THỂ_BÙI_MAI_CHI_ (2),,True,7790472,train
cosign_13_01635,cosign_13_01635,Cơ thể/CƠ_THỂ_BÙI_MAI_CHI_ (3).mp4,pose_format/Cơ thể/CƠ_THỂ_BÙI_MAI_CHI_ (3).pkl,13,Cơ thể,Cơ thể,"[""Cơ thể""]",signer_246,13_CƠ_THỂ_BÙI_MAI_CHI_ (3),,True,7563850,train
cosign_13_01636,cosign_13_01636,Cơ thể/CƠ_THỂ_BÙI_MAI_CHI_ (4).mp4,pose_format/Cơ thể/CƠ_THỂ_BÙI_MAI_CHI_ (4).pkl,13,Cơ thể,Cơ thể,"[""Cơ thể""]",signer_246,13_CƠ_THỂ_BÙI_MAI_CHI_ (4),,True,7753356,train
cosign_13_01637,cosign_13_01637,Cơ thể/CƠ_THỂ_BÙI_MAI_CHI_ (5).mp4,pose_format/Cơ thể/CƠ_THỂ_BÙI_MAI_CHI_ (5).pkl,13,Cơ thể,Cơ thể,"[""Cơ thể""]",signer_246,13_CƠ_THỂ_BÙI_MAI_CHI_ (5),,True,8357344,train
cosign_13_01638,cosign_13_01638,Cơ thể/CƠ_THỂ_BÙI_MẬU_VĂN_ (1).mp4,pose_format/Cơ thể/CƠ_THỂ_BÙI_MẬU_VĂN_ (1).pkl,13,Cơ thể,Cơ thể,"[""Cơ thể""]",signer_247,13_CƠ_THỂ_BÙI_MẬU_VĂN_ (1),,True,7229240,train
cosign_13_01639,cosign_13_01639,Cơ thể/CƠ_THỂ_BÙI_MẬU_VĂN_ (2).mp4,pose_format/Cơ thể/CƠ_THỂ_BÙI_MẬU_VĂN_ (2).pkl,13,Cơ thể,Cơ thể,"[""Cơ thể""]",signer_247,13_CƠ_THỂ_BÙI_MẬU_VĂN_ (2),,True,8193394,train
cosign_13_01640,cosign_13_01640,Cơ thể/CƠ_THỂ_BÙI_MẬU_VĂN_ (3).mp4,pose_format/Cơ thể/CƠ_THỂ_BÙI_MẬU_VĂN_ (3).pkl,13,Cơ thể,Cơ thể,"[""Cơ thể""]",signer_247,13_CƠ_THỂ_BÙI_MẬU_VĂN_ (3),,True,6535121,train
cosign_13_01641,cosign_13_01641,Cơ thể/CƠ_THỂ_BÙI_MẬU_VĂN_ (4).mp4,pose_format/Cơ thể/CƠ_THỂ_BÙI_MẬU_VĂN_ (4).pkl,13,Cơ thể,Cơ thể,"[""Cơ thể""]",signer_247,13_CƠ_THỂ_BÙI_MẬU_VĂN_ (4),,True,6738231,train
cosign_13_01642,cosign_13_01642,Cơ thể/CƠ_THỂ_BÙI_MẬU_VĂN_ (5).mp4,pose_format/Cơ thể/CƠ_THỂ_BÙI_MẬU_VĂN_ (5).pkl,13,Cơ thể,Cơ thể,"[""Cơ thể""]",signer_247,13_CƠ_THỂ_BÙI_MẬU_VĂN_ (5),,True,6210693,train
cosign_13_01643,cosign_13_01643,Cơ thể/CƠ_THỂ_LẠI_QUANG_VINH_(1).mp4,pose_format/Cơ thể/CƠ_THỂ_LẠI_QUANG_VINH_(1).pkl,13,Cơ thể,Cơ thể,"[""Cơ thể""]",signer_248,13_CƠ_THỂ_LẠI_QUANG_VINH_(1),,True,3109045,train
cosign_13_01644,cosign_13_01644,Cơ thể/CƠ_THỂ_LẠI_QUANG_VINH_(2).mp4,pose_format/Cơ thể/CƠ_THỂ_LẠI_QUANG_VINH_(2).pkl,13,Cơ thể,Cơ thể,"[""Cơ thể""]",signer_248,13_CƠ_THỂ_LẠI_QUANG_VINH_(2),,True,3197499,train
cosign_13_01645,cosign_13_01645,Cơ thể/CƠ_THỂ_LẠI_QUANG_VINH_(3).mp4,pose_format/Cơ thể/CƠ_THỂ_LẠI_QUANG_VINH_(3).pkl,13,Cơ thể,Cơ thể,"[""Cơ thể""]",signer_248,13_CƠ_THỂ_LẠI_QUANG_VINH_(3),,True,3322295,train
cosign_13_01646,cosign_13_01646,Cơ thể/CƠ_THỂ_LẠI_QUANG_VINH_(4).mp4,pose_format/Cơ thể/CƠ_THỂ_LẠI_QUANG_VINH_(4).pkl,13,Cơ thể,Cơ thể,"[""Cơ thể""]",signer_248,13_CƠ_THỂ_LẠI_QUANG_VINH_(4),,True,3288226,train
cosign_13_01647,cosign_13_01647,Cơ thể/CƠ_THỂ_LẠI_QUANG_VINH_(5).mp4,pose_format/Cơ thể/CƠ_THỂ_LẠI_QUANG_VINH_(5).pkl,13,Cơ thể,Cơ thể,"[""Cơ thể""]",signer_248,13_CƠ_THỂ_LẠI_QUANG_VINH_(5),,True,3483816,train
cosign_13_01648,cosign_13_01648,Cơ thể/CƠ_THỂ_MAI_HOÀNG_XUÂN_ (1).mp4,pose_format/Cơ thể/CƠ_THỂ_MAI_HOÀNG_XUÂN_ (1).pkl,13,Cơ thể,Cơ thể,"[""Cơ thể""]",signer_249,13_CƠ_THỂ_MAI_HOÀNG_XUÂN_ (1),,True,7460334,train
cosign_13_01649,cosign_13_01649,Cơ thể/CƠ_THỂ_MAI_HOÀNG_XUÂN_ (2).mp4,pose_format/Cơ thể/CƠ_THỂ_MAI_HOÀNG_XUÂN_ (2).pkl,13,Cơ thể,Cơ thể,"[""Cơ thể""]",signer_249,13_CƠ_THỂ_MAI_HOÀNG_XUÂN_ (2),,True,7644718,train
cosign_13_01650,cosign_13_01650,Cơ thể/CƠ_THỂ_MAI_HOÀNG_XUÂN_ (3).mp4,pose_format/Cơ thể/CƠ_THỂ_MAI_HOÀNG_XUÂN_ (3).pkl,13,Cơ thể,Cơ thể,"[""Cơ thể""]",signer_249,13_CƠ_THỂ_MAI_HOÀNG_XUÂN_ (3),,True,7464047,train
cosign_13_01651,cosign_13_01651,Cơ thể/CƠ_THỂ_MAI_HOÀNG_XUÂN_ (4).mp4,pose_format/Cơ thể/CƠ_THỂ_MAI_HOÀNG_XUÂN_ (4).pkl,13,Cơ thể,Cơ thể,"[""Cơ thể""]",signer_249,13_CƠ_THỂ_MAI_HOÀNG_XUÂN_ (4),,True,7321293,train
cosign_13_01652,cosign_13_01652,Cơ thể/CƠ_THỂ_MAI_HOÀNG_XUÂN_ (5).mp4,pose_format/Cơ thể/CƠ_THỂ_MAI_HOÀNG_XUÂN_ (5).pkl,13,Cơ thể,Cơ thể,"[""Cơ thể""]",signer_249,13_CƠ_THỂ_MAI_HOÀNG_XUÂN_ (5),,True,6854063,train
cosign_13_01653,cosign_13_01653,Cơ thể/CƠ_THỂ_NGUYỄN_HOÀNG_ĐIỆP_ (1).mp4,pose_format/Cơ thể/CƠ_THỂ_NGUYỄN_HOÀNG_ĐIỆP_ (1).pkl,13,Cơ thể,Cơ thể,"[""Cơ thể""]",signer_250,13_CƠ_THỂ_NGUYỄN_HOÀNG_ĐIỆP_ (1),,True,8919546,train
cosign_13_01654,cosign_13_01654,Cơ thể/CƠ_THỂ_NGUYỄN_HOÀNG_ĐIỆP_ (2).mp4,pose_format/Cơ thể/CƠ_THỂ_NGUYỄN_HOÀNG_ĐIỆP_ (2).pkl,13,Cơ thể,Cơ thể,"[""Cơ thể""]",signer_250,13_CƠ_THỂ_NGUYỄN_HOÀNG_ĐIỆP_ (2),,True,10054065,train
cosign_13_01655,cosign_13_01655,Cơ thể/CƠ_THỂ_NGUYỄN_HOÀNG_ĐIỆP_ (3).mp4,pose_format/Cơ thể/CƠ_THỂ_NGUYỄN_HOÀNG_ĐIỆP_ (3).pkl,13,Cơ thể,Cơ thể,"[""Cơ thể""]",signer_250,13_CƠ_THỂ_NGUYỄN_HOÀNG_ĐIỆP_ (3),,True,9000862,train
cosign_13_01656,cosign_13_01656,Cơ thể/CƠ_THỂ_NGUYỄN_HOÀNG_ĐIỆP_ (4).mp4,pose_format/Cơ thể/CƠ_THỂ_NGUYỄN_HOÀNG_ĐIỆP_ (4).pkl,13,Cơ thể,Cơ thể,"[""Cơ thể""]",signer_250,13_CƠ_THỂ_NGUYỄN_HOÀNG_ĐIỆP_ (4),,True,9330755,train
cosign_13_01657,cosign_13_01657,Cơ thể/CƠ_THỂ_NGUYỄN_HOÀNG_ĐIỆP_ (5).mp4,pose_format/Cơ thể/CƠ_THỂ_NGUYỄN_HOÀNG_ĐIỆP_ (5).pkl,13,Cơ thể,Cơ thể,"[""Cơ thể""]",signer_250,13_CƠ_THỂ_NGUYỄN_HOÀNG_ĐIỆP_ (5),,True,9022667,train
cosign_13_01658,cosign_13_01658,Cơ thể/CƠ_THỂ_NGUYỄN_PHƯƠNG_ANH_ (1).mp4,pose_format/Cơ thể/CƠ_THỂ_NGUYỄN_PHƯƠNG_ANH_ (1).pkl,13,Cơ thể,Cơ thể,"[""Cơ thể""]",signer_251,13_CƠ_THỂ_NGUYỄN_PHƯƠNG_ANH_ (1),,True,6451249,train
cosign_13_01659,cosign_13_01659,Cơ thể/CƠ_THỂ_NGUYỄN_PHƯƠNG_ANH_ (2).mp4,pose_format/Cơ thể/CƠ_THỂ_NGUYỄN_PHƯƠNG_ANH_ (2).pkl,13,Cơ thể,Cơ thể,"[""Cơ thể""]",signer_251,13_CƠ_THỂ_NGUYỄN_PHƯƠNG_ANH_ (2),,True,7316290,train
cosign_13_01660,cosign_13_01660,Cơ thể/CƠ_THỂ_NGUYỄN_PHƯƠNG_ANH_ (3).mp4,pose_format/Cơ thể/CƠ_THỂ_NGUYỄN_PHƯƠNG_ANH_ (3).pkl,13,Cơ thể,Cơ thể,"[""Cơ thể""]",signer_251,13_CƠ_THỂ_NGUYỄN_PHƯƠNG_ANH_ (3),,True,7077710,train
cosign_13_01661,cosign_13_01661,Cơ thể/CƠ_THỂ_NGUYỄN_PHƯƠNG_ANH_ (4).mp4,pose_format/Cơ thể/CƠ_THỂ_NGUYỄN_PHƯƠNG_ANH_ (4).pkl,13,Cơ thể,Cơ thể,"[""Cơ thể""]",signer_251,13_CƠ_THỂ_NGUYỄN_PHƯƠNG_ANH_ (4),,True,7289200,train
cosign_13_01662,cosign_13_01662,Cơ thể/CƠ_THỂ_NGUYỄN_PHƯƠNG_ANH_ (5).mp4,pose_format/Cơ thể/CƠ_THỂ_NGUYỄN_PHƯƠNG_ANH_ (5).pkl,13,Cơ thể,Cơ thể,"[""Cơ thể""]",signer_251,13_CƠ_THỂ_NGUYỄN_PHƯƠNG_ANH_ (5),,True,7373897,train
cosign_13_01663,cosign_13_01663,Cơ thể/CƠ_THỂ_NGUYỄN_QUÝ_DƯƠNG_1.mp4,pose_format/Cơ thể/CƠ_THỂ_NGUYỄN_QUÝ_DƯƠNG_1.pkl,13,Cơ thể,Cơ thể,"[""Cơ thể""]",signer_252,13_CƠ_THỂ_NGUYỄN_QUÝ_DƯƠNG_1,,True,7462655,train
cosign_13_01664,cosign_13_01664,Cơ thể/CƠ_THỂ_NGUYỄN_QUÝ_DƯƠNG_2.mp4,pose_format/Cơ thể/CƠ_THỂ_NGUYỄN_QUÝ_DƯƠNG_2.pkl,13,Cơ thể,Cơ thể,"[""Cơ thể""]",signer_252,13_CƠ_THỂ_NGUYỄN_QUÝ_DƯƠNG_2,,True,8265885,train
cosign_13_01665,cosign_13_01665,Cơ thể/CƠ_THỂ_NGUYỄN_QUÝ_DƯƠNG_3.mp4,pose_format/Cơ thể/CƠ_THỂ_NGUYỄN_QUÝ_DƯƠNG_3.pkl,13,Cơ thể,Cơ thể,"[""Cơ thể""]",signer_252,13_CƠ_THỂ_NGUYỄN_QUÝ_DƯƠNG_3,,True,7531210,train
cosign_13_01666,cosign_13_01666,Cơ thể/CƠ_THỂ_NGUYỄN_QUÝ_DƯƠNG_4.mp4,pose_format/Cơ thể/CƠ_THỂ_NGUYỄN_QUÝ_DƯƠNG_4.pkl,13,Cơ thể,Cơ thể,"[""Cơ thể""]",signer_252,13_CƠ_THỂ_NGUYỄN_QUÝ_DƯƠNG_4,,True,8090317,train
cosign_13_01667,cosign_13_01667,Cơ thể/CƠ_THỂ_NGUYỄN_QUÝ_DƯƠNG_5.mp4,pose_format/Cơ thể/CƠ_THỂ_NGUYỄN_QUÝ_DƯƠNG_5.pkl,13,Cơ thể,Cơ thể,"[""Cơ thể""]",signer_252,13_CƠ_THỂ_NGUYỄN_QUÝ_DƯƠNG_5,,True,7746913,train
cosign_13_01668,cosign_13_01668,Cơ thể/CƠ_THỂ_NGUYỄN_THẠC_ANH_ (1).mp4,pose_format/Cơ thể/CƠ_THỂ_NGUYỄN_THẠC_ANH_ (1).pkl,13,Cơ thể,Cơ thể,"[""Cơ thể""]",signer_253,13_CƠ_THỂ_NGUYỄN_THẠC_ANH_ (1),,True,6567489,train
cosign_13_01669,cosign_13_01669,Cơ thể/CƠ_THỂ_NGUYỄN_THẠC_ANH_ (2).mp4,pose_format/Cơ thể/CƠ_THỂ_NGUYỄN_THẠC_ANH_ (2).pkl,13,Cơ thể,Cơ thể,"[""Cơ thể""]",signer_253,13_CƠ_THỂ_NGUYỄN_THẠC_ANH_ (2),,True,6681471,train
cosign_13_01670,cosign_13_01670,Cơ thể/CƠ_THỂ_NGUYỄN_THẠC_ANH_ (3).mp4,pose_format/Cơ thể/CƠ_THỂ_NGUYỄN_THẠC_ANH_ (3).pkl,13,Cơ thể,Cơ thể,"[""Cơ thể""]",signer_253,13_CƠ_THỂ_NGUYỄN_THẠC_ANH_ (3),,True,5955572,train
cosign_13_01671,cosign_13_01671,Cơ thể/CƠ_THỂ_NGUYỄN_THẠC_ANH_ (4).mp4,pose_format/Cơ thể/CƠ_THỂ_NGUYỄN_THẠC_ANH_ (4).pkl,13,Cơ thể,Cơ thể,"[""Cơ thể""]",signer_253,13_CƠ_THỂ_NGUYỄN_THẠC_ANH_ (4),,True,5190411,train
cosign_13_01672,cosign_13_01672,Cơ thể/CƠ_THỂ_NGUYỄN_THẠC_ANH_ (5).mp4,pose_format/Cơ thể/CƠ_THỂ_NGUYỄN_THẠC_ANH_ (5).pkl,13,Cơ thể,Cơ thể,"[""Cơ thể""]",signer_253,13_CƠ_THỂ_NGUYỄN_THẠC_ANH_ (5),,True,5859450,train
cosign_13_01673,cosign_13_01673,Cơ thể/CƠ_THỂ_NGUYỄN_VIẾT_QUANG_ (1).mp4,pose_format/Cơ thể/CƠ_THỂ_NGUYỄN_VIẾT_QUANG_ (1).pkl,13,Cơ thể,Cơ thể,"[""Cơ thể""]",signer_254,13_CƠ_THỂ_NGUYỄN_VIẾT_QUANG_ (1),,True,7322581,train
cosign_13_01674,cosign_13_01674,Cơ thể/CƠ_THỂ_NGUYỄN_VIẾT_QUANG_ (2).mp4,pose_format/Cơ thể/CƠ_THỂ_NGUYỄN_VIẾT_QUANG_ (2).pkl,13,Cơ thể,Cơ thể,"[""Cơ thể""]",signer_254,13_CƠ_THỂ_NGUYỄN_VIẾT_QUANG_ (2),,True,7862319,train
cosign_13_01675,cosign_13_01675,Cơ thể/CƠ_THỂ_NGUYỄN_VIẾT_QUANG_ (3).mp4,pose_format/Cơ thể/CƠ_THỂ_NGUYỄN_VIẾT_QUANG_ (3).pkl,13,Cơ thể,Cơ thể,"[""Cơ thể""]",signer_254,13_CƠ_THỂ_NGUYỄN_VIẾT_QUANG_ (3),,True,7523656,train
cosign_13_01676,cosign_13_01676,Cơ thể/CƠ_THỂ_NGUYỄN_VIẾT_QUANG_ (4).mp4,pose_format/Cơ thể/CƠ_THỂ_NGUYỄN_VIẾT_QUANG_ (4).pkl,13,Cơ thể,Cơ thể,"[""Cơ thể""]",signer_254,13_CƠ_THỂ_NGUYỄN_VIẾT_QUANG_ (4),,True,7537331,train
cosign_13_01677,cosign_13_01677,Cơ thể/CƠ_THỂ_NGUYỄN_VIẾT_QUANG_ (5).mp4,pose_format/Cơ thể/CƠ_THỂ_NGUYỄN_VIẾT_QUANG_ (5).pkl,13,Cơ thể,Cơ thể,"[""Cơ thể""]",signer_254,13_CƠ_THỂ_NGUYỄN_VIẾT_QUANG_ (5),,True,7103972,train
cosign_13_01678,cosign_13_01678,Cơ thể/CƠ_THỂ_NGÔ_TUẤN_ANH_1.mp4,pose_format/Cơ thể/CƠ_THỂ_NGÔ_TUẤN_ANH_1.pkl,13,Cơ thể,Cơ thể,"[""Cơ thể""]",signer_255,13_CƠ_THỂ_NGÔ_TUẤN_ANH_1,,True,5945809,train
cosign_13_01679,cosign_13_01679,Cơ thể/CƠ_THỂ_NGÔ_TUẤN_ANH_2.mp4,pose_format/Cơ thể/CƠ_THỂ_NGÔ_TUẤN_ANH_2.pkl,13,Cơ thể,Cơ thể,"[""Cơ thể""]",signer_255,13_CƠ_THỂ_NGÔ_TUẤN_ANH_2,,True,6427932,train
cosign_13_01680,cosign_13_01680,Cơ thể/CƠ_THỂ_NGÔ_TUẤN_ANH_3.mp4,pose_format/Cơ thể/CƠ_THỂ_NGÔ_TUẤN_ANH_3.pkl,13,Cơ thể,Cơ thể,"[""Cơ thể""]",signer_255,13_CƠ_THỂ_NGÔ_TUẤN_ANH_3,,True,7115599,train
cosign_13_01681,cosign_13_01681,Cơ thể/CƠ_THỂ_NGÔ_TUẤN_ANH_4.mp4,pose_format/Cơ thể/CƠ_THỂ_NGÔ_TUẤN_ANH_4.pkl,13,Cơ thể,Cơ thể,"[""Cơ thể""]",signer_255,13_CƠ_THỂ_NGÔ_TUẤN_ANH_4,,True,6779613,train
cosign_13_01682,cosign_13_01682,Cơ thể/CƠ_THỂ_NGÔ_TUẤN_ANH_5.mp4,pose_format/Cơ thể/CƠ_THỂ_NGÔ_TUẤN_ANH_5.pkl,13,Cơ thể,Cơ thể,"[""Cơ thể""]",signer_255,13_CƠ_THỂ_NGÔ_TUẤN_ANH_5,,True,5630203,train
cosign_13_01683,cosign_13_01683,Cơ thể/CƠ_THỂ_PHẠM_ĐÌNH_HẢI_(1).mp4,pose_format/Cơ thể/CƠ_THỂ_PHẠM_ĐÌNH_HẢI_(1).pkl,13,Cơ thể,Cơ thể,"[""Cơ thể""]",signer_256,13_CƠ_THỂ_PHẠM_ĐÌNH_HẢI_(1),,True,12141756,train
cosign_13_01684,cosign_13_01684,Cơ thể/CƠ_THỂ_PHẠM_ĐÌNH_HẢI_(2).mp4,pose_format/Cơ thể/CƠ_THỂ_PHẠM_ĐÌNH_HẢI_(2).pkl,13,Cơ thể,Cơ thể,"[""Cơ thể""]",signer_256,13_CƠ_THỂ_PHẠM_ĐÌNH_HẢI_(2),,True,12285866,train
cosign_13_01685,cosign_13_01685,Cơ thể/CƠ_THỂ_PHẠM_ĐÌNH_HẢI_(3).mp4,pose_format/Cơ thể/CƠ_THỂ_PHẠM_ĐÌNH_HẢI_(3).pkl,13,Cơ thể,Cơ thể,"[""Cơ thể""]",signer_256,13_CƠ_THỂ_PHẠM_ĐÌNH_HẢI_(3),,True,12426685,train
cosign_13_01686,cosign_13_01686,Cơ thể/CƠ_THỂ_PHẠM_ĐÌNH_HẢI_(4).mp4,pose_format/Cơ thể/CƠ_THỂ_PHẠM_ĐÌNH_HẢI_(4).pkl,13,Cơ thể,Cơ thể,"[""Cơ thể""]",signer_256,13_CƠ_THỂ_PHẠM_ĐÌNH_HẢI_(4),,True,12376543,train
cosign_13_01687,cosign_13_01687,Cơ thể/CƠ_THỂ_PHẠM_ĐÌNH_HẢI_(5).mp4,pose_format/Cơ thể/CƠ_THỂ_PHẠM_ĐÌNH_HẢI_(5).pkl,13,Cơ thể,Cơ thể,"[""Cơ thể""]",signer_256,13_CƠ_THỂ_PHẠM_ĐÌNH_HẢI_(5),,True,12346027,train
cosign_13_01688,cosign_13_01688,Cơ thể/CƠ_THỂ_TRƯƠNG_NGỌC_DIỄM_ (1).mp4,pose_format/Cơ thể/CƠ_THỂ_TRƯƠNG_NGỌC_DIỄM_ (1).pkl,13,Cơ thể,Cơ thể,"[""Cơ thể""]",signer_257,13_CƠ_THỂ_TRƯƠNG_NGỌC_DIỄM_ (1),,True,7187021,train
cosign_13_01689,cosign_13_01689,Cơ thể/CƠ_THỂ_TRƯƠNG_NGỌC_DIỄM_ (2).mp4,pose_format/Cơ thể/CƠ_THỂ_TRƯƠNG_NGỌC_DIỄM_ (2).pkl,13,Cơ thể,Cơ thể,"[""Cơ thể""]",signer_257,13_CƠ_THỂ_TRƯƠNG_NGỌC_DIỄM_ (2),,True,7856634,train
cosign_13_01690,cosign_13_01690,Cơ thể/CƠ_THỂ_TRƯƠNG_NGỌC_DIỄM_ (3).mp4,pose_format/Cơ thể/CƠ_THỂ_TRƯƠNG_NGỌC_DIỄM_ (3).pkl,13,Cơ thể,Cơ thể,"[""Cơ thể""]",signer_257,13_CƠ_THỂ_TRƯƠNG_NGỌC_DIỄM_ (3),,True,7660611,train
cosign_13_01691,cosign_13_01691,Cơ thể/CƠ_THỂ_TRƯƠNG_NGỌC_DIỄM_ (4).mp4,pose_format/Cơ thể/CƠ_THỂ_TRƯƠNG_NGỌC_DIỄM_ (4).pkl,13,Cơ thể,Cơ thể,"[""Cơ thể""]",signer_257,13_CƠ_THỂ_TRƯƠNG_NGỌC_DIỄM_ (4),,True,7055881,train
cosign_13_01692,cosign_13_01692,Cơ thể/CƠ_THỂ_TRƯƠNG_NGỌC_DIỄM_ (5).mp4,pose_format/Cơ thể/CƠ_THỂ_TRƯƠNG_NGỌC_DIỄM_ (5).pkl,13,Cơ thể,Cơ thể,"[""Cơ thể""]",signer_257,13_CƠ_THỂ_TRƯƠNG_NGỌC_DIỄM_ (5),,True,8212551,train
cosign_13_01693,cosign_13_01693,Cơ thể/CƠ_THỂ_TRẦN_TUẤN_MINH_ (1).mp4,pose_format/Cơ thể/CƠ_THỂ_TRẦN_TUẤN_MINH_ (1).pkl,13,Cơ thể,Cơ thể,"[""Cơ thể""]",signer_258,13_CƠ_THỂ_TRẦN_TUẤN_MINH_ (1),,True,8239547,train
cosign_13_01694,cosign_13_01694,Cơ thể/CƠ_THỂ_TRẦN_TUẤN_MINH_ (2).mp4,pose_format/Cơ thể/CƠ_THỂ_TRẦN_TUẤN_MINH_ (2).pkl,13,Cơ thể,Cơ thể,"[""Cơ thể""]",signer_258,13_CƠ_THỂ_TRẦN_TUẤN_MINH_ (2),,True,7090833,train
cosign_13_01695,cosign_13_01695,Cơ thể/CƠ_THỂ_TRẦN_TUẤN_MINH_ (3).mp4,pose_format/Cơ thể/CƠ_THỂ_TRẦN_TUẤN_MINH_ (3).pkl,13,Cơ thể,Cơ thể,"[""Cơ thể""]",signer_258,13_CƠ_THỂ_TRẦN_TUẤN_MINH_ (3),,True,7646112,train
cosign_13_01696,cosign_13_01696,Cơ thể/CƠ_THỂ_TRẦN_TUẤN_MINH_ (4).mp4,pose_format/Cơ thể/CƠ_THỂ_TRẦN_TUẤN_MINH_ (4).pkl,13,Cơ thể,Cơ thể,"[""Cơ thể""]",signer_258,13_CƠ_THỂ_TRẦN_TUẤN_MINH_ (4),,True,6445365,train
cosign_13_01697,cosign_13_01697,Cơ thể/CƠ_THỂ_TRẦN_TUẤN_MINH_ (5).mp4,pose_format/Cơ thể/CƠ_THỂ_TRẦN_TUẤN_MINH_ (5).pkl,13,Cơ thể,Cơ thể,"[""Cơ thể""]",signer_258,13_CƠ_THỂ_TRẦN_TUẤN_MINH_ (5),,True,8250707,train
cosign_13_01698,cosign_13_01698,Cơ thể/CƠ_THỂ_TRẦN_ĐỨC_QUÂN_ (1).mp4,pose_format/Cơ thể/CƠ_THỂ_TRẦN_ĐỨC_QUÂN_ (1).pkl,13,Cơ thể,Cơ thể,"[""Cơ thể""]",signer_259,13_CƠ_THỂ_TRẦN_ĐỨC_QUÂN_ (1),,True,6661266,train
cosign_13_01699,cosign_13_01699,Cơ thể/CƠ_THỂ_TRẦN_ĐỨC_QUÂN_ (2).mp4,pose_format/Cơ thể/CƠ_THỂ_TRẦN_ĐỨC_QUÂN_ (2).pkl,13,Cơ thể,Cơ thể,"[""Cơ thể""]",signer_259,13_CƠ_THỂ_TRẦN_ĐỨC_QUÂN_ (2),,True,7614426,train
cosign_13_01700,cosign_13_01700,Cơ thể/CƠ_THỂ_TRẦN_ĐỨC_QUÂN_ (3).mp4,pose_format/Cơ thể/CƠ_THỂ_TRẦN_ĐỨC_QUÂN_ (3).pkl,13,Cơ thể,Cơ thể,"[""Cơ thể""]",signer_259,13_CƠ_THỂ_TRẦN_ĐỨC_QUÂN_ (3),,True,8657021,train
cosign_13_01701,cosign_13_01701,Cơ thể/CƠ_THỂ_TRẦN_ĐỨC_QUÂN_ (4).mp4,pose_format/Cơ thể/CƠ_THỂ_TRẦN_ĐỨC_QUÂN_ (4).pkl,13,Cơ thể,Cơ thể,"[""Cơ thể""]",signer_259,13_CƠ_THỂ_TRẦN_ĐỨC_QUÂN_ (4),,True,7374145,train
cosign_13_01702,cosign_13_01702,Cơ thể/CƠ_THỂ_TRẦN_ĐỨC_QUÂN_ (5).mp4,pose_format/Cơ thể/CƠ_THỂ_TRẦN_ĐỨC_QUÂN_ (5).pkl,13,Cơ thể,Cơ thể,"[""Cơ thể""]",signer_259,13_CƠ_THỂ_TRẦN_ĐỨC_QUÂN_ (5),,True,6578624,train
cosign_13_01703,cosign_13_01703,Cơ thể/CƠ_THỂ_TẠ_THỊ_PHƯƠNG_LINH_ (1).mp4,pose_format/Cơ thể/CƠ_THỂ_TẠ_THỊ_PHƯƠNG_LINH_ (1).pkl,13,Cơ thể,Cơ thể,"[""Cơ thể""]",signer_260,13_CƠ_THỂ_TẠ_THỊ_PHƯƠNG_LINH_ (1),,True,4041667,train
cosign_13_01704,cosign_13_01704,Cơ thể/CƠ_THỂ_TẠ_THỊ_PHƯƠNG_LINH_ (2).mp4,pose_format/Cơ thể/CƠ_THỂ_TẠ_THỊ_PHƯƠNG_LINH_ (2).pkl,13,Cơ thể,Cơ thể,"[""Cơ thể""]",signer_260,13_CƠ_THỂ_TẠ_THỊ_PHƯƠNG_LINH_ (2),,True,4350920,train
cosign_13_01705,cosign_13_01705,Cơ thể/CƠ_THỂ_TẠ_THỊ_PHƯƠNG_LINH_ (3).mp4,pose_format/Cơ thể/CƠ_THỂ_TẠ_THỊ_PHƯƠNG_LINH_ (3).pkl,13,Cơ thể,Cơ thể,"[""Cơ thể""]",signer_260,13_CƠ_THỂ_TẠ_THỊ_PHƯƠNG_LINH_ (3),,True,4139079,train
cosign_13_01706,cosign_13_01706,Cơ thể/CƠ_THỂ_TẠ_THỊ_PHƯƠNG_LINH_ (4).mp4,pose_format/Cơ thể/CƠ_THỂ_TẠ_THỊ_PHƯƠNG_LINH_ (4).pkl,13,Cơ thể,Cơ thể,"[""Cơ thể""]",signer_260,13_CƠ_THỂ_TẠ_THỊ_PHƯƠNG_LINH_ (4),,True,3569281,train
cosign_13_01707,cosign_13_01707,Cơ thể/CƠ_THỂ_TẠ_THỊ_PHƯƠNG_LINH_ (5).mp4,pose_format/Cơ thể/CƠ_THỂ_TẠ_THỊ_PHƯƠNG_LINH_ (5).pkl,13,Cơ thể,Cơ thể,"[""Cơ thể""]",signer_260,13_CƠ_THỂ_TẠ_THỊ_PHƯƠNG_LINH_ (5),,True,4076423,train
cosign_13_01708,cosign_13_01708,Cơ thể/CƠ_THỂ_VŨ_HUY_DU_ (1).mp4,pose_format/Cơ thể/CƠ_THỂ_VŨ_HUY_DU_ (1).pkl,13,Cơ thể,Cơ thể,"[""Cơ thể""]",signer_261,13_CƠ_THỂ_VŨ_HUY_DU_ (1),,True,6731004,train
cosign_13_01709,cosign_13_01709,Cơ thể/CƠ_THỂ_VŨ_HUY_DU_ (2).mp4,pose_format/Cơ thể/CƠ_THỂ_VŨ_HUY_DU_ (2).pkl,13,Cơ thể,Cơ thể,"[""Cơ thể""]",signer_261,13_CƠ_THỂ_VŨ_HUY_DU_ (2),,True,6525192,train
cosign_13_01710,cosign_13_01710,Cơ thể/CƠ_THỂ_VŨ_HUY_DU_ (3).mp4,pose_format/Cơ thể/CƠ_THỂ_VŨ_HUY_DU_ (3).pkl,13,Cơ thể,Cơ thể,"[""Cơ thể""]",signer_261,13_CƠ_THỂ_VŨ_HUY_DU_ (3),,True,6907695,train
cosign_13_01711,cosign_13_01711,Cơ thể/CƠ_THỂ_VŨ_HUY_DU_ (4).mp4,pose_format/Cơ thể/CƠ_THỂ_VŨ_HUY_DU_ (4).pkl,13,Cơ thể,Cơ thể,"[""Cơ thể""]",signer_261,13_CƠ_THỂ_VŨ_HUY_DU_ (4),,True,6507510,train
cosign_13_01712,cosign_13_01712,Cơ thể/CƠ_THỂ_VŨ_HUY_DU_ (5).mp4,pose_format/Cơ thể/CƠ_THỂ_VŨ_HUY_DU_ (5).pkl,13,Cơ thể,Cơ thể,"[""Cơ thể""]",signer_261,13_CƠ_THỂ_VŨ_HUY_DU_ (5),,True,6874361,train
cosign_13_01713,cosign_13_01713,Cơ thể/CƠ_THỂ_VŨ_KẾT_ĐỒNG_1.mp4,pose_format/Cơ thể/CƠ_THỂ_VŨ_KẾT_ĐỒNG_1.pkl,13,Cơ thể,Cơ thể,"[""Cơ thể""]",signer_262,13_CƠ_THỂ_VŨ_KẾT_ĐỒNG_1,,True,6319954,train
cosign_13_01714,cosign_13_01714,Cơ thể/CƠ_THỂ_VŨ_KẾT_ĐỒNG_2.mp4,pose_format/Cơ thể/CƠ_THỂ_VŨ_KẾT_ĐỒNG_2.pkl,13,Cơ thể,Cơ thể,"[""Cơ thể""]",signer_262,13_CƠ_THỂ_VŨ_KẾT_ĐỒNG_2,,True,7083676,train
cosign_13_01715,cosign_13_01715,Cơ thể/CƠ_THỂ_VŨ_KẾT_ĐỒNG_3.mp4,pose_format/Cơ thể/CƠ_THỂ_VŨ_KẾT_ĐỒNG_3.pkl,13,Cơ thể,Cơ thể,"[""Cơ thể""]",signer_262,13_CƠ_THỂ_VŨ_KẾT_ĐỒNG_3,,True,6529391,train
cosign_13_01716,cosign_13_01716,Cơ thể/CƠ_THỂ_VŨ_KẾT_ĐỒNG_4.mp4,pose_format/Cơ thể/CƠ_THỂ_VŨ_KẾT_ĐỒNG_4.pkl,13,Cơ thể,Cơ thể,"[""Cơ thể""]",signer_262,13_CƠ_THỂ_VŨ_KẾT_ĐỒNG_4,,True,4733675,train
cosign_13_01717,cosign_13_01717,Cơ thể/CƠ_THỂ_VŨ_KẾT_ĐỒNG_5.mp4,pose_format/Cơ thể/CƠ_THỂ_VŨ_KẾT_ĐỒNG_5.pkl,13,Cơ thể,Cơ thể,"[""Cơ thể""]",signer_262,13_CƠ_THỂ_VŨ_KẾT_ĐỒNG_5,,True,6004273,train
cosign_13_01718,cosign_13_01718,Cơ thể/Cơ thể_MVT.mp4,pose_format/Cơ thể/Cơ thể_MVT.pkl,13,Cơ thể,Cơ thể,"[""Cơ thể""]",signer_263,13_Cơ thể_MVT,,True,8840309,train
cosign_13_01719,cosign_13_01719,Cơ thể/Cơ thể_MVT (2).mp4,pose_format/Cơ thể/Cơ thể_MVT (2).pkl,13,Cơ thể,Cơ thể,"[""Cơ thể""]",signer_263,13_Cơ thể_MVT (2),,True,8519864,train
cosign_13_01720,cosign_13_01720,Cơ thể/Cơ thể_MVT (3).mp4,pose_format/Cơ thể/Cơ thể_MVT (3).pkl,13,Cơ thể,Cơ thể,"[""Cơ thể""]",signer_263,13_Cơ thể_MVT (3),,True,9116225,train
cosign_13_01721,cosign_13_01721,Cơ thể/Cơ thể_MVT (4).mp4,pose_format/Cơ thể/Cơ thể_MVT (4).pkl,13,Cơ thể,Cơ thể,"[""Cơ thể""]",signer_263,13_Cơ thể_MVT (4),,True,8952802,train
cosign_13_01722,cosign_13_01722,Cơ thể/Cơ thể_MVT (5).mp4,pose_format/Cơ thể/Cơ thể_MVT (5).pkl,13,Cơ thể,Cơ thể,"[""Cơ thể""]",signer_263,13_Cơ thể_MVT (5),,True,8848179,train
cosign_13_01723,cosign_13_01723,Cơ thể/Lê Phương Thảo _12_Cơ Thể _1692751676.920682_0_cut.avi,pose_format/Cơ thể/Lê Phương Thảo _12_Cơ Thể _1692751676.920682_0_cut.pkl,13,Cơ thể,Cơ thể,"[""Cơ thể""]",signer_019,13_Lê Phương Thảo _12_Cơ Thể _1692751676.920682_0,,True,676944,train
cosign_13_01724,cosign_13_01724,Cơ thể/Lê Phương Thảo _12_Cơ Thể _1692751676.920682_0_frames_35.avi,pose_format/Cơ thể/Lê Phương Thảo _12_Cơ Thể _1692751676.920682_0_frames_35.pkl,13,Cơ thể,Cơ thể,"[""Cơ thể""]",signer_019,13_Lê Phương Thảo _12_Cơ Thể _1692751676.920682_0,13_Lê Phương Thảo _12_Cơ Thể _1692751676.920682_0,False,797036,train
cosign_13_01725,cosign_13_01725,Cơ thể/Lê Phương Thảo _12_Cơ Thể _1692751676.920682_0_frames_40.avi,pose_format/Cơ thể/Lê Phương Thảo _12_Cơ Thể _1692751676.920682_0_frames_40.pkl,13,Cơ thể,Cơ thể,"[""Cơ thể""]",signer_019,13_Lê Phương Thảo _12_Cơ Thể _1692751676.920682_0,13_Lê Phương Thảo _12_Cơ Thể _1692751676.920682_0,False,797036,train
cosign_13_01726,cosign_13_01726,Cơ thể/Lê Thanh Như_12_Cơ thể_1692751723.982549_0_cut.avi,pose_format/Cơ thể/Lê Thanh Như_12_Cơ thể_1692751723.982549_0_cut.pkl,13,Cơ thể,Cơ thể,"[""Cơ thể""]",signer_020,13_Lê Thanh Như_12_Cơ thể_1692751723.982549_0,,True,1055476,train
cosign_13_01727,cosign_13_01727,Cơ thể/Lê Thanh Như_12_Cơ thể_1692751723.982549_0_frames_35.avi,pose_format/Cơ thể/Lê Thanh Như_12_Cơ thể_1692751723.982549_0_frames_35.pkl,13,Cơ thể,Cơ thể,"[""Cơ thể""]",signer_020,13_Lê Thanh Như_12_Cơ thể_1692751723.982549_0,13_Lê Thanh Như_12_Cơ thể_1692751723.982549_0,False,1297142,train
cosign_13_01728,cosign_13_01728,Cơ thể/Lê Thanh Như_12_Cơ thể_1692751723.982549_0_frames_40.avi,pose_format/Cơ thể/Lê Thanh Như_12_Cơ thể_1692751723.982549_0_frames_40.pkl,13,Cơ thể,Cơ thể,"[""Cơ thể""]",signer_020,13_Lê Thanh Như_12_Cơ thể_1692751723.982549_0,13_Lê Thanh Như_12_Cơ thể_1692751723.982549_0,False,1297142,train
cosign_13_01729,cosign_13_01729,Cơ thể/Nguyễn Gia Bảo_10_cơ thể_1692751906.4965873_0_cut.avi,pose_format/Cơ thể/Nguyễn Gia Bảo_10_cơ thể_1692751906.4965873_0_cut.pkl,13,Cơ thể,Cơ thể,"[""Cơ thể""]",signer_021,13_Nguyễn Gia Bảo_10_cơ thể_1692751906.4965873_0,,True,2146122,train
cosign_13_01730,cosign_13_01730,Cơ thể/Nguyễn Gia Bảo_10_cơ thể_1692751906.4965873_0_frames_35.avi,pose_format/Cơ thể/Nguyễn Gia Bảo_10_cơ thể_1692751906.4965873_0_frames_35.pkl,13,Cơ thể,Cơ thể,"[""Cơ thể""]",signer_021,13_Nguyễn Gia Bảo_10_cơ thể_1692751906.4965873_0,13_Nguyễn Gia Bảo_10_cơ thể_1692751906.4965873_0,False,2735850,train
cosign_13_01731,cosign_13_01731,Cơ thể/Nguyễn Gia Bảo_10_cơ thể_1692751906.4965873_0_frames_40.avi,pose_format/Cơ thể/Nguyễn Gia Bảo_10_cơ thể_1692751906.4965873_0_frames_40.pkl,13,Cơ thể,Cơ thể,"[""Cơ thể""]",signer_021,13_Nguyễn Gia Bảo_10_cơ thể_1692751906.4965873_0,13_Nguyễn Gia Bảo_10_cơ thể_1692751906.4965873_0,False,2735850,train
cosign_13_01732,cosign_13_01732,Cơ thể/Nguyễn Thị Huyền_35_cơ thể_1692860565.2533393_0_cut.avi,pose_format/Cơ thể/Nguyễn Thị Huyền_35_cơ thể_1692860565.2533393_0_cut.pkl,13,Cơ thể,Cơ thể,"[""Cơ thể""]",signer_022,13_Nguyễn Thị Huyền_35_cơ thể_1692860565.2533393_0,,True,1383716,train
cosign_13_01733,cosign_13_01733,Cơ thể/Nguyễn Thị Huyền_35_cơ thể_1692860565.2533393_0_frames_35.avi,pose_format/Cơ thể/Nguyễn Thị Huyền_35_cơ thể_1692860565.2533393_0_frames_35.pkl,13,Cơ thể,Cơ thể,"[""Cơ thể""]",signer_022,13_Nguyễn Thị Huyền_35_cơ thể_1692860565.2533393_0,13_Nguyễn Thị Huyền_35_cơ thể_1692860565.2533393_0,False,1857138,train
cosign_13_01734,cosign_13_01734,Cơ thể/Nguyễn Thị Huyền_35_cơ thể_1692860565.2533393_0_frames_40.avi,pose_format/Cơ thể/Nguyễn Thị Huyền_35_cơ thể_1692860565.2533393_0_frames_40.pkl,13,Cơ thể,Cơ thể,"[""Cơ thể""]",signer_022,13_Nguyễn Thị Huyền_35_cơ thể_1692860565.2533393_0,13_Nguyễn Thị Huyền_35_cơ thể_1692860565.2533393_0,False,1857138,train
cosign_13_01735,cosign_13_01735,Cơ thể/Nguyễn Thị Hồng_32_Cơ thể_1692938120.2953258_0_cut.avi,pose_format/Cơ thể/Nguyễn Thị Hồng_32_Cơ thể_1692938120.2953258_0_cut.pkl,13,Cơ thể,Cơ thể,"[""Cơ thể""]",signer_023,13_Nguyễn Thị Hồng_32_Cơ thể_1692938120.2953258_0,,True,791210,train
cosign_13_01736,cosign_13_01736,Cơ thể/Nguyễn Thị Hồng_32_Cơ thể_1692938120.2953258_0_frames_35.avi,pose_format/Cơ thể/Nguyễn Thị Hồng_32_Cơ thể_1692938120.2953258_0_frames_35.pkl,13,Cơ thể,Cơ thể,"[""Cơ thể""]",signer_023,13_Nguyễn Thị Hồng_32_Cơ thể_1692938120.2953258_0,13_Nguyễn Thị Hồng_32_Cơ thể_1692938120.2953258_0,False,960836,train
cosign_13_01737,cosign_13_01737,Cơ thể/Nguyễn Thị Hồng_32_Cơ thể_1692938120.2953258_0_frames_40.avi,pose_format/Cơ thể/Nguyễn Thị Hồng_32_Cơ thể_1692938120.2953258_0_frames_40.pkl,13,Cơ thể,Cơ thể,"[""Cơ thể""]",signer_023,13_Nguyễn Thị Hồng_32_Cơ thể_1692938120.2953258_0,13_Nguyễn Thị Hồng_32_Cơ thể_1692938120.2953258_0,False,960836,train
cosign_13_01738,cosign_13_01738,Cơ thể/Nguyễn Thị Hồng_32_Cơ thể_1692949386.28133_0_cut.avi,pose_format/Cơ thể/Nguyễn Thị Hồng_32_Cơ thể_1692949386.28133_0_cut.pkl,13,Cơ thể,Cơ thể,"[""Cơ thể""]",signer_023,13_Nguyễn Thị Hồng_32_Cơ thể_1692949386.28133_0,,True,825040,train
cosign_13_01739,cosign_13_01739,Cơ thể/Nguyễn Thị Hồng_32_Cơ thể_1692949386.28133_0_frames_35.avi,pose_format/Cơ thể/Nguyễn Thị Hồng_32_Cơ thể_1692949386.28133_0_frames_35.pkl,13,Cơ thể,Cơ thể,"[""Cơ thể""]",signer_023,13_Nguyễn Thị Hồng_32_Cơ thể_1692949386.28133_0,13_Nguyễn Thị Hồng_32_Cơ thể_1692949386.28133_0,False,964190,train
cosign_13_01740,cosign_13_01740,Cơ thể/Nguyễn Thị Hồng_32_Cơ thể_1692949386.28133_0_frames_40.avi,pose_format/Cơ thể/Nguyễn Thị Hồng_32_Cơ thể_1692949386.28133_0_frames_40.pkl,13,Cơ thể,Cơ thể,"[""Cơ thể""]",signer_023,13_Nguyễn Thị Hồng_32_Cơ thể_1692949386.28133_0,13_Nguyễn Thị Hồng_32_Cơ thể_1692949386.28133_0,False,964190,train
cosign_13_01741,cosign_13_01741,Cơ thể/Nguyễn Thị Mai Anh_39_Cơ thể_1693184416.7587543_0_cut.avi,pose_format/Cơ thể/Nguyễn Thị Mai Anh_39_Cơ thể_1693184416.7587543_0_cut.pkl,13,Cơ thể,Cơ thể,"[""Cơ thể""]",signer_024,13_Nguyễn Thị Mai Anh_39_Cơ thể_1693184416.7587543_0,,True,1096684,train
cosign_13_01742,cosign_13_01742,Cơ thể/Nguyễn Thị Mai Anh_39_Cơ thể_1693184416.7587543_0_frames_35.avi,pose_format/Cơ thể/Nguyễn Thị Mai Anh_39_Cơ thể_1693184416.7587543_0_frames_35.pkl,13,Cơ thể,Cơ thể,"[""Cơ thể""]",signer_024,13_Nguyễn Thị Mai Anh_39_Cơ thể_1693184416.7587543_0,13_Nguyễn Thị Mai Anh_39_Cơ thể_1693184416.7587543_0,False,1468756,train
cosign_13_01743,cosign_13_01743,Cơ thể/Nguyễn Thị Mai Anh_39_Cơ thể_1693184416.7587543_0_frames_40.avi,pose_format/Cơ thể/Nguyễn Thị Mai Anh_39_Cơ thể_1693184416.7587543_0_frames_40.pkl,13,Cơ thể,Cơ thể,"[""Cơ thể""]",signer_024,13_Nguyễn Thị Mai Anh_39_Cơ thể_1693184416.7587543_0,13_Nguyễn Thị Mai Anh_39_Cơ thể_1693184416.7587543_0,False,1468756,train
cosign_13_01744,cosign_13_01744,Cơ thể/Nguyễn Thị Thu Trang_38_Cơ thể_1692839179.8166027_0_cut.avi,pose_format/Cơ thể/Nguyễn Thị Thu Trang_38_Cơ thể_1692839179.8166027_0_cut.pkl,13,Cơ thể,Cơ thể,"[""Cơ thể""]",signer_025,13_Nguyễn Thị Thu Trang_38_Cơ thể_1692839179.8166027_0,,True,944594,train
cosign_13_01745,cosign_13_01745,Cơ thể/Nguyễn Thị Thu Trang_38_Cơ thể_1692839179.8166027_0_frames_35.avi,pose_format/Cơ thể/Nguyễn Thị Thu Trang_38_Cơ thể_1692839179.8166027_0_frames_35.pkl,13,Cơ thể,Cơ thể,"[""Cơ thể""]",signer_025,13_Nguyễn Thị Thu Trang_38_Cơ thể_1692839179.8166027_0,13_Nguyễn Thị Thu Trang_38_Cơ thể_1692839179.8166027_0,False,1101794,train
cosign_13_01746,cosign_13_01746,Cơ thể/Nguyễn Thị Thu Trang_38_Cơ thể_1692839179.8166027_0_frames_40.avi,pose_format/Cơ thể/Nguyễn Thị Thu Trang_38_Cơ thể_1692839179.8166027_0_frames_40.pkl,13,Cơ thể,Cơ thể,"[""Cơ thể""]",signer_025,13_Nguyễn Thị Thu Trang_38_Cơ thể_1692839179.8166027_0,13_Nguyễn Thị Thu Trang_38_Cơ thể_1692839179.8166027_0,False,1101794,train
cosign_13_01747,cosign_13_01747,Cơ thể/Phạm Thị Mai Hương_32_Cơ Thể_1692839977.817746_0_cut.avi,pose_format/Cơ thể/Phạm Thị Mai Hương_32_Cơ Thể_1692839977.817746_0_cut.pkl,13,Cơ thể,Cơ thể,"[""Cơ thể""]",signer_066,13_Phạm Thị Mai Hương_32_Cơ Thể_1692839977.817746_0,,True,1024598,train
cosign_13_01748,cosign_13_01748,Cơ thể/Phạm Thị Mai Hương_32_Cơ Thể_1692839977.817746_0_frames_35.avi,pose_format/Cơ thể/Phạm Thị Mai Hương_32_Cơ Thể_1692839977.817746_0_frames_35.pkl,13,Cơ thể,Cơ thể,"[""Cơ thể""]",signer_066,13_Phạm Thị Mai Hương_32_Cơ Thể_1692839977.817746_0,13_Phạm Thị Mai Hương_32_Cơ Thể_1692839977.817746_0,False,1294730,train
cosign_13_01749,cosign_13_01749,Cơ thể/Phạm Thị Mai Hương_32_Cơ Thể_1692839977.817746_0_frames_40.avi,pose_format/Cơ thể/Phạm Thị Mai Hương_32_Cơ Thể_1692839977.817746_0_frames_40.pkl,13,Cơ thể,Cơ thể,"[""Cơ thể""]",signer_066,13_Phạm Thị Mai Hương_32_Cơ Thể_1692839977.817746_0,13_Phạm Thị Mai Hương_32_Cơ Thể_1692839977.817746_0,False,1294730,train
cosign_13_01750,cosign_13_01750,Cơ thể/Phạm Thị Mai Hương_32_Cơ thể_1692610961.3028917_0_cut.avi,pose_format/Cơ thể/Phạm Thị Mai Hương_32_Cơ thể_1692610961.3028917_0_cut.pkl,13,Cơ thể,Cơ thể,"[""Cơ thể""]",signer_066,13_Phạm Thị Mai Hương_32_Cơ thể_1692610961.3028917_0,,True,1204438,train
cosign_13_01751,cosign_13_01751,Cơ thể/Phạm Thị Mai Hương_32_Cơ thể_1692610961.3028917_0_frames_35.avi,pose_format/Cơ thể/Phạm Thị Mai Hương_32_Cơ thể_1692610961.3028917_0_frames_35.pkl,13,Cơ thể,Cơ thể,"[""Cơ thể""]",signer_066,13_Phạm Thị Mai Hương_32_Cơ thể_1692610961.3028917_0,13_Phạm Thị Mai Hương_32_Cơ thể_1692610961.3028917_0,False,1464354,train
cosign_13_01752,cosign_13_01752,Cơ thể/Phạm Thị Mai Hương_32_Cơ thể_1692610961.3028917_0_frames_40.avi,pose_format/Cơ thể/Phạm Thị Mai Hương_32_Cơ thể_1692610961.3028917_0_frames_40.pkl,13,Cơ thể,Cơ thể,"[""Cơ thể""]",signer_066,13_Phạm Thị Mai Hương_32_Cơ thể_1692610961.3028917_0,13_Phạm Thị Mai Hương_32_Cơ thể_1692610961.3028917_0,False,1464354,train
cosign_13_01753,cosign_13_01753,Cơ thể/Trần Thị Vân Anh_39_cơ_thể_1692933544.5966024_0_cut.avi,pose_format/Cơ thể/Trần Thị Vân Anh_39_cơ_thể_1692933544.5966024_0_cut.pkl,13,Cơ thể,Cơ thể,"[""Cơ thể""]",signer_026,13_Trần Thị Vân Anh_39_cơ_thể_1692933544.5966024_0,,True,1035526,train
cosign_13_01754,cosign_13_01754,Cơ thể/Trần Thị Vân Anh_39_cơ_thể_1692933544.5966024_0_frames_35.avi,pose_format/Cơ thể/Trần Thị Vân Anh_39_cơ_thể_1692933544.5966024_0_frames_35.pkl,13,Cơ thể,Cơ thể,"[""Cơ thể""]",signer_026,13_Trần Thị Vân Anh_39_cơ_thể_1692933544.5966024_0,13_Trần Thị Vân Anh_39_cơ_thể_1692933544.5966024_0,False,1275300,train
cosign_13_01755,cosign_13_01755,Cơ thể/Trần Thị Vân Anh_39_cơ_thể_1692933544.5966024_0_frames_40.avi,pose_format/Cơ thể/Trần Thị Vân Anh_39_cơ_thể_1692933544.5966024_0_frames_40.pkl,13,Cơ thể,Cơ thể,"[""Cơ thể""]",signer_026,13_Trần Thị Vân Anh_39_cơ_thể_1692933544.5966024_0,13_Trần Thị Vân Anh_39_cơ_thể_1692933544.5966024_0,False,1275300,train
cosign_13_01756,cosign_13_01756,Cơ thể/Trần Xuân Ngọc_41_cơ thể_1692780518.9248905_0_cut.avi,pose_format/Cơ thể/Trần Xuân Ngọc_41_cơ thể_1692780518.9248905_0_cut.pkl,13,Cơ thể,Cơ thể,"[""Cơ thể""]",signer_027,13_Trần Xuân Ngọc_41_cơ thể_1692780518.9248905_0,,True,932866,train
cosign_13_01757,cosign_13_01757,Cơ thể/Trần Xuân Ngọc_41_cơ thể_1692780518.9248905_0_frames_35.avi,pose_format/Cơ thể/Trần Xuân Ngọc_41_cơ thể_1692780518.9248905_0_frames_35.pkl,13,Cơ thể,Cơ thể,"[""Cơ thể""]",signer_027,13_Trần Xuân Ngọc_41_cơ thể_1692780518.9248905_0,13_Trần Xuân Ngọc_41_cơ thể_1692780518.9248905_0,False,1223470,train
cosign_13_01758,cosign_13_01758,Cơ thể/Trần Xuân Ngọc_41_cơ thể_1692780518.9248905_0_frames_40.avi,pose_format/Cơ thể/Trần Xuân Ngọc_41_cơ thể_1692780518.9248905_0_frames_40.pkl,13,Cơ thể,Cơ thể,"[""Cơ thể""]",signer_027,13_Trần Xuân Ngọc_41_cơ thể_1692780518.9248905_0,13_Trần Xuân Ngọc_41_cơ thể_1692780518.9248905_0,False,1223470,train
cosign_13_01759,cosign_13_01759,Cơ thể/Vũ Thị Thu Phương_37_cơ thể_1692862308.9368658_0_cut.avi,pose_format/Cơ thể/Vũ Thị Thu Phương_37_cơ thể_1692862308.9368658_0_cut.pkl,13,Cơ thể,Cơ thể,"[""Cơ thể""]",signer_028,13_Vũ Thị Thu Phương_37_cơ thể_1692862308.9368658_0,,True,918222,train
cosign_13_01760,cosign_13_01760,Cơ thể/Vũ Thị Thu Phương_37_cơ thể_1692862308.9368658_0_frames_35.avi,pose_format/Cơ thể/Vũ Thị Thu Phương_37_cơ thể_1692862308.9368658_0_frames_35.pkl,13,Cơ thể,Cơ thể,"[""Cơ thể""]",signer_028,13_Vũ Thị Thu Phương_37_cơ thể_1692862308.9368658_0,13_Vũ Thị Thu Phương_37_cơ thể_1692862308.9368658_0,False,1142584,train
cosign_13_01761,cosign_13_01761,Cơ thể/Vũ Thị Thu Phương_37_cơ thể_1692862308.9368658_0_frames_40.avi,pose_format/Cơ thể/Vũ Thị Thu Phương_37_cơ thể_1692862308.9368658_0_frames_40.pkl,13,Cơ thể,Cơ thể,"[""Cơ thể""]",signer_028,13_Vũ Thị Thu Phương_37_cơ thể_1692862308.9368658_0,13_Vũ Thị Thu Phương_37_cơ thể_1692862308.9368658_0,False,1142584,train
cosign_13_01762,cosign_13_01762,Cơ thể/Đoàn Thị Thu Thủy_40_cơ thể_1692949238.0253124_0_cut.avi,pose_format/Cơ thể/Đoàn Thị Thu Thủy_40_cơ thể_1692949238.0253124_0_cut.pkl,13,Cơ thể,Cơ thể,"[""Cơ thể""]",signer_029,13_Đoàn Thị Thu Thủy_40_cơ thể_1692949238.0253124_0,,True,1142202,train
cosign_13_01763,cosign_13_01763,Cơ thể/Đoàn Thị Thu Thủy_40_cơ thể_1692949238.0253124_0_frames_35.avi,pose_format/Cơ thể/Đoàn Thị Thu Thủy_40_cơ thể_1692949238.0253124_0_frames_35.pkl,13,Cơ thể,Cơ thể,"[""Cơ thể""]",signer_029,13_Đoàn Thị Thu Thủy_40_cơ thể_1692949238.0253124_0,13_Đoàn Thị Thu Thủy_40_cơ thể_1692949238.0253124_0,False,1492804,train
cosign_13_01764,cosign_13_01764,Cơ thể/Đoàn Thị Thu Thủy_40_cơ thể_1692949238.0253124_0_frames_40.avi,pose_format/Cơ thể/Đoàn Thị Thu Thủy_40_cơ thể_1692949238.0253124_0_frames_40.pkl,13,Cơ thể,Cơ thể,"[""Cơ thể""]",signer_029,13_Đoàn Thị Thu Thủy_40_cơ thể_1692949238.0253124_0,13_Đoàn Thị Thu Thủy_40_cơ thể_1692949238.0253124_0,False,1492804,train
cosign_13_01765,cosign_13_01765,Cơ thể/Đặng Thị Kiên_37_cơ thể_1693017400.2981215_0_cut.avi,pose_format/Cơ thể/Đặng Thị Kiên_37_cơ thể_1693017400.2981215_0_cut.pkl,13,Cơ thể,Cơ thể,"[""Cơ thể""]",signer_030,13_Đặng Thị Kiên_37_cơ thể_1693017400.2981215_0,,True,1171012,train
cosign_13_01766,cosign_13_01766,Cơ thể/Đặng Thị Kiên_37_cơ thể_1693017400.2981215_0_frames_35.avi,pose_format/Cơ thể/Đặng Thị Kiên_37_cơ thể_1693017400.2981215_0_frames_35.pkl,13,Cơ thể,Cơ thể,"[""Cơ thể""]",signer_030,13_Đặng Thị Kiên_37_cơ thể_1693017400.2981215_0,13_Đặng Thị Kiên_37_cơ thể_1693017400.2981215_0,False,1517748,train
cosign_13_01767,cosign_13_01767,Cơ thể/Đặng Thị Kiên_37_cơ thể_1693017400.2981215_0_frames_40.avi,pose_format/Cơ thể/Đặng Thị Kiên_37_cơ thể_1693017400.2981215_0_frames_40.pkl,13,Cơ thể,Cơ thể,"[""Cơ thể""]",signer_030,13_Đặng Thị Kiên_37_cơ thể_1693017400.2981215_0,13_Đặng Thị Kiên_37_cơ thể_1693017400.2981215_0,False,1517748,train
cosign_13_01768,cosign_13_01768,Cơ thể/Đỗ Thị Vấn_41_cơ thể_1692777616.978191_0_cut.avi,pose_format/Cơ thể/Đỗ Thị Vấn_41_cơ thể_1692777616.978191_0_cut.pkl,13,Cơ thể,Cơ thể,"[""Cơ thể""]",signer_031,13_Đỗ Thị Vấn_41_cơ thể_1692777616.978191_0,,True,2039802,train
cosign_13_01769,cosign_13_01769,Cơ thể/Đỗ Thị Vấn_41_cơ thể_1692777616.978191_0_frames_35.avi,pose_format/Cơ thể/Đỗ Thị Vấn_41_cơ thể_1692777616.978191_0_frames_35.pkl,13,Cơ thể,Cơ thể,"[""Cơ thể""]",signer_031,13_Đỗ Thị Vấn_41_cơ thể_1692777616.978191_0,13_Đỗ Thị Vấn_41_cơ thể_1692777616.978191_0,False,2729442,train
cosign_13_01770,cosign_13_01770,Cơ thể/Đỗ Thị Vấn_41_cơ thể_1692777616.978191_0_frames_40.avi,pose_format/Cơ thể/Đỗ Thị Vấn_41_cơ thể_1692777616.978191_0_frames_40.pkl,13,Cơ thể,Cơ thể,"[""Cơ thể""]",signer_031,13_Đỗ Thị Vấn_41_cơ thể_1692777616.978191_0,13_Đỗ Thị Vấn_41_cơ thể_1692777616.978191_0,False,2729442,train
cosign_14_01771,cosign_14_01771,Cứu/CỨU_BÙI_MAI_CHI_ (1).mp4,pose_format/Cứu/CỨU_BÙI_MAI_CHI_ (1).pkl,14,Cứu,Cứu,"[""Cứu""]",signer_264,14_CỨU_BÙI_MAI_CHI_ (1),,True,7335138,train
cosign_14_01772,cosign_14_01772,Cứu/CỨU_BÙI_MAI_CHI_ (2).mp4,pose_format/Cứu/CỨU_BÙI_MAI_CHI_ (2).pkl,14,Cứu,Cứu,"[""Cứu""]",signer_264,14_CỨU_BÙI_MAI_CHI_ (2),,True,8468534,train
cosign_14_01773,cosign_14_01773,Cứu/CỨU_BÙI_MAI_CHI_ (3).mp4,pose_format/Cứu/CỨU_BÙI_MAI_CHI_ (3).pkl,14,Cứu,Cứu,"[""Cứu""]",signer_264,14_CỨU_BÙI_MAI_CHI_ (3),,True,8637562,train
cosign_14_01774,cosign_14_01774,Cứu/CỨU_BÙI_MAI_CHI_ (4).mp4,pose_format/Cứu/CỨU_BÙI_MAI_CHI_ (4).pkl,14,Cứu,Cứu,"[""Cứu""]",signer_264,14_CỨU_BÙI_MAI_CHI_ (4),,True,8556593,train
cosign_14_01775,cosign_14_01775,Cứu/CỨU_BÙI_MAI_CHI_ (5).mp4,pose_format/Cứu/CỨU_BÙI_MAI_CHI_ (5).pkl,14,Cứu,Cứu,"[""Cứu""]",signer_264,14_CỨU_BÙI_MAI_CHI_ (5),,True,7807556,train
cosign_14_01776,cosign_14_01776,Cứu/CỨU_BÙI_MẬU_VĂN_ (1).mp4,pose_format/Cứu/CỨU_BÙI_MẬU_VĂN_ (1).pkl,14,Cứu,Cứu,"[""Cứu""]",signer_265,14_CỨU_BÙI_MẬU_VĂN_ (1),,True,7499173,train
cosign_14_01777,cosign_14_01777,Cứu/CỨU_BÙI_MẬU_VĂN_ (2).mp4,pose_format/Cứu/CỨU_BÙI_MẬU_VĂN_ (2).pkl,14,Cứu,Cứu,"[""Cứu""]",signer_265,14_CỨU_BÙI_MẬU_VĂN_ (2),,True,6994471,train
cosign_14_01778,cosign_14_01778,Cứu/CỨU_BÙI_MẬU_VĂN_ (3).mp4,pose_format/Cứu/CỨU_BÙI_MẬU_VĂN_ (3).pkl,14,Cứu,Cứu,"[""Cứu""]",signer_265,14_CỨU_BÙI_MẬU_VĂN_ (3),,True,6456848,train
cosign_14_01779,cosign_14_01779,Cứu/CỨU_BÙI_MẬU_VĂN_ (4).mp4,pose_format/Cứu/CỨU_BÙI_MẬU_VĂN_ (4).pkl,14,Cứu,Cứu,"[""Cứu""]",signer_265,14_CỨU_BÙI_MẬU_VĂN_ (4),,True,6121818,train
cosign_14_01780,cosign_14_01780,Cứu/CỨU_BÙI_MẬU_VĂN_ (5).mp4,pose_format/Cứu/CỨU_BÙI_MẬU_VĂN_ (5).pkl,14,Cứu,Cứu,"[""Cứu""]",signer_265,14_CỨU_BÙI_MẬU_VĂN_ (5),,True,5840595,train
cosign_14_01781,cosign_14_01781,Cứu/CỨU_LẠI_QUANG_VINH_(1).mp4,pose_format/Cứu/CỨU_LẠI_QUANG_VINH_(1).pkl,14,Cứu,Cứu,"[""Cứu""]",signer_266,14_CỨU_LẠI_QUANG_VINH_(1),,True,3104176,train
cosign_14_01782,cosign_14_01782,Cứu/CỨU_LẠI_QUANG_VINH_(2).mp4,pose_format/Cứu/CỨU_LẠI_QUANG_VINH_(2).pkl,14,Cứu,Cứu,"[""Cứu""]",signer_266,14_CỨU_LẠI_QUANG_VINH_(2),,True,2988968,train
cosign_14_01783,cosign_14_01783,Cứu/CỨU_LẠI_QUANG_VINH_(3).mp4,pose_format/Cứu/CỨU_LẠI_QUANG_VINH_(3).pkl,14,Cứu,Cứu,"[""Cứu""]",signer_266,14_CỨU_LẠI_QUANG_VINH_(3),,True,3119283,train
cosign_14_01784,cosign_14_01784,Cứu/CỨU_LẠI_QUANG_VINH_(4).mp4,pose_format/Cứu/CỨU_LẠI_QUANG_VINH_(4).pkl,14,Cứu,Cứu,"[""Cứu""]",signer_266,14_CỨU_LẠI_QUANG_VINH_(4),,True,3640862,train
cosign_14_01785,cosign_14_01785,Cứu/CỨU_LẠI_QUANG_VINH_(5).mp4,pose_format/Cứu/CỨU_LẠI_QUANG_VINH_(5).pkl,14,Cứu,Cứu,"[""Cứu""]",signer_266,14_CỨU_LẠI_QUANG_VINH_(5),,True,3595264,train
cosign_14_01786,cosign_14_01786,Cứu/CỨU_MAI_HOÀNG_XUÂN_ (1).mp4,pose_format/Cứu/CỨU_MAI_HOÀNG_XUÂN_ (1).pkl,14,Cứu,Cứu,"[""Cứu""]",signer_267,14_CỨU_MAI_HOÀNG_XUÂN_ (1),,True,7008938,train
cosign_14_01787,cosign_14_01787,Cứu/CỨU_MAI_HOÀNG_XUÂN_ (2).mp4,pose_format/Cứu/CỨU_MAI_HOÀNG_XUÂN_ (2).pkl,14,Cứu,Cứu,"[""Cứu""]",signer_267,14_CỨU_MAI_HOÀNG_XUÂN_ (2),,True,7310328,train
cosign_14_01788,cosign_14_01788,Cứu/CỨU_MAI_HOÀNG_XUÂN_ (3).mp4,pose_format/Cứu/CỨU_MAI_HOÀNG_XUÂN_ (3).pkl,14,Cứu,Cứu,"[""Cứu""]",signer_267,14_CỨU_MAI_HOÀNG_XUÂN_ (3),,True,7146518,train
cosign_14_01789,cosign_14_01789,Cứu/CỨU_MAI_HOÀNG_XUÂN_ (4).mp4,pose_format/Cứu/CỨU_MAI_HOÀNG_XUÂN_ (4).pkl,14,Cứu,Cứu,"[""Cứu""]",signer_267,14_CỨU_MAI_HOÀNG_XUÂN_ (4),,True,6868471,train
cosign_14_01790,cosign_14_01790,Cứu/CỨU_MAI_HOÀNG_XUÂN_ (5).mp4,pose_format/Cứu/CỨU_MAI_HOÀNG_XUÂN_ (5).pkl,14,Cứu,Cứu,"[""Cứu""]",signer_267,14_CỨU_MAI_HOÀNG_XUÂN_ (5),,True,7525948,train
cosign_14_01791,cosign_14_01791,Cứu/CỨU_NGUYỄN_HOÀNG_ĐIỆP_ (1).mp4,pose_format/Cứu/CỨU_NGUYỄN_HOÀNG_ĐIỆP_ (1).pkl,14,Cứu,Cứu,"[""Cứu""]",signer_268,14_CỨU_NGUYỄN_HOÀNG_ĐIỆP_ (1),,True,6905294,train
cosign_14_01792,cosign_14_01792,Cứu/CỨU_NGUYỄN_HOÀNG_ĐIỆP_ (2).mp4,pose_format/Cứu/CỨU_NGUYỄN_HOÀNG_ĐIỆP_ (2).pkl,14,Cứu,Cứu,"[""Cứu""]",signer_268,14_CỨU_NGUYỄN_HOÀNG_ĐIỆP_ (2),,True,8520912,train
cosign_14_01793,cosign_14_01793,Cứu/CỨU_NGUYỄN_HOÀNG_ĐIỆP_ (3).mp4,pose_format/Cứu/CỨU_NGUYỄN_HOÀNG_ĐIỆP_ (3).pkl,14,Cứu,Cứu,"[""Cứu""]",signer_268,14_CỨU_NGUYỄN_HOÀNG_ĐIỆP_ (3),,True,7541961,train
cosign_14_01794,cosign_14_01794,Cứu/CỨU_NGUYỄN_HOÀNG_ĐIỆP_ (4).mp4,pose_format/Cứu/CỨU_NGUYỄN_HOÀNG_ĐIỆP_ (4).pkl,14,Cứu,Cứu,"[""Cứu""]",signer_268,14_CỨU_NGUYỄN_HOÀNG_ĐIỆP_ (4),,True,7106118,train
cosign_14_01795,cosign_14_01795,Cứu/CỨU_NGUYỄN_HOÀNG_ĐIỆP_ (5).mp4,pose_format/Cứu/CỨU_NGUYỄN_HOÀNG_ĐIỆP_ (5).pkl,14,Cứu,Cứu,"[""Cứu""]",signer_268,14_CỨU_NGUYỄN_HOÀNG_ĐIỆP_ (5),,True,8382630,train
cosign_14_01796,cosign_14_01796,Cứu/CỨU_NGUYỄN_PHƯƠNG_ANH_ (1).mp4,pose_format/Cứu/CỨU_NGUYỄN_PHƯƠNG_ANH_ (1).pkl,14,Cứu,Cứu,"[""Cứu""]",signer_269,14_CỨU_NGUYỄN_PHƯƠNG_ANH_ (1),,True,6560783,train
cosign_14_01797,cosign_14_01797,Cứu/CỨU_NGUYỄN_PHƯƠNG_ANH_ (2).mp4,pose_format/Cứu/CỨU_NGUYỄN_PHƯƠNG_ANH_ (2).pkl,14,Cứu,Cứu,"[""Cứu""]",signer_269,14_CỨU_NGUYỄN_PHƯƠNG_ANH_ (2),,True,6375957,train
cosign_14_01798,cosign_14_01798,Cứu/CỨU_NGUYỄN_PHƯƠNG_ANH_ (3).mp4,pose_format/Cứu/CỨU_NGUYỄN_PHƯƠNG_ANH_ (3).pkl,14,Cứu,Cứu,"[""Cứu""]",signer_269,14_CỨU_NGUYỄN_PHƯƠNG_ANH_ (3),,True,6789495,train
cosign_14_01799,cosign_14_01799,Cứu/CỨU_NGUYỄN_PHƯƠNG_ANH_ (4).mp4,pose_format/Cứu/CỨU_NGUYỄN_PHƯƠNG_ANH_ (4).pkl,14,Cứu,Cứu,"[""Cứu""]",signer_269,14_CỨU_NGUYỄN_PHƯƠNG_ANH_ (4),,True,6404240,train
cosign_14_01800,cosign_14_01800,Cứu/CỨU_NGUYỄN_PHƯƠNG_ANH_ (5).mp4,pose_format/Cứu/CỨU_NGUYỄN_PHƯƠNG_ANH_ (5).pkl,14,Cứu,Cứu,"[""Cứu""]",signer_269,14_CỨU_NGUYỄN_PHƯƠNG_ANH_ (5),,True,6448681,train
cosign_14_01801,cosign_14_01801,Cứu/CỨU_NGUYỄN_QUÝ_DƯƠNG_1.mp4,pose_format/Cứu/CỨU_NGUYỄN_QUÝ_DƯƠNG_1.pkl,14,Cứu,Cứu,"[""Cứu""]",signer_270,14_CỨU_NGUYỄN_QUÝ_DƯƠNG_1,,True,7323386,train
cosign_14_01802,cosign_14_01802,Cứu/CỨU_NGUYỄN_QUÝ_DƯƠNG_2.mp4,pose_format/Cứu/CỨU_NGUYỄN_QUÝ_DƯƠNG_2.pkl,14,Cứu,Cứu,"[""Cứu""]",signer_270,14_CỨU_NGUYỄN_QUÝ_DƯƠNG_2,,True,8269296,train
cosign_14_01803,cosign_14_01803,Cứu/CỨU_NGUYỄN_QUÝ_DƯƠNG_3.mp4,pose_format/Cứu/CỨU_NGUYỄN_QUÝ_DƯƠNG_3.pkl,14,Cứu,Cứu,"[""Cứu""]",signer_270,14_CỨU_NGUYỄN_QUÝ_DƯƠNG_3,,True,10169050,train
cosign_14_01804,cosign_14_01804,Cứu/CỨU_NGUYỄN_QUÝ_DƯƠNG_4.mp4,pose_format/Cứu/CỨU_NGUYỄN_QUÝ_DƯƠNG_4.pkl,14,Cứu,Cứu,"[""Cứu""]",signer_270,14_CỨU_NGUYỄN_QUÝ_DƯƠNG_4,,True,8047351,train
cosign_14_01805,cosign_14_01805,Cứu/CỨU_NGUYỄN_QUÝ_DƯƠNG_5.mp4,pose_format/Cứu/CỨU_NGUYỄN_QUÝ_DƯƠNG_5.pkl,14,Cứu,Cứu,"[""Cứu""]",signer_270,14_CỨU_NGUYỄN_QUÝ_DƯƠNG_5,,True,8766338,train
cosign_14_01806,cosign_14_01806,Cứu/CỨU_NGUYỄN_THẠC_ANH_ (1).mp4,pose_format/Cứu/CỨU_NGUYỄN_THẠC_ANH_ (1).pkl,14,Cứu,Cứu,"[""Cứu""]",signer_271,14_CỨU_NGUYỄN_THẠC_ANH_ (1),,True,5797656,train
cosign_14_01807,cosign_14_01807,Cứu/CỨU_NGUYỄN_THẠC_ANH_ (2).mp4,pose_format/Cứu/CỨU_NGUYỄN_THẠC_ANH_ (2).pkl,14,Cứu,Cứu,"[""Cứu""]",signer_271,14_CỨU_NGUYỄN_THẠC_ANH_ (2),,True,7039233,train
cosign_14_01808,cosign_14_01808,Cứu/CỨU_NGUYỄN_THẠC_ANH_ (3).mp4,pose_format/Cứu/CỨU_NGUYỄN_THẠC_ANH_ (3).pkl,14,Cứu,Cứu,"[""Cứu""]",signer_271,14_CỨU_NGUYỄN_THẠC_ANH_ (3),,True,6511133,train
cosign_14_01809,cosign_14_01809,Cứu/CỨU_NGUYỄN_THẠC_ANH_ (4).mp4,pose_format/Cứu/CỨU_NGUYỄN_THẠC_ANH_ (4).pkl,14,Cứu,Cứu,"[""Cứu""]",signer_271,14_CỨU_NGUYỄN_THẠC_ANH_ (4),,True,6475111,train
cosign_14_01810,cosign_14_01810,Cứu/CỨU_NGUYỄN_THẠC_ANH_ (5).mp4,pose_format/Cứu/CỨU_NGUYỄN_THẠC_ANH_ (5).pkl,14,Cứu,Cứu,"[""Cứu""]",signer_271,14_CỨU_NGUYỄN_THẠC_ANH_ (5),,True,6243647,train
cosign_14_01811,cosign_14_01811,Cứu/CỨU_NGUYỄN_VIẾT_QUANG_ (1).mp4,pose_format/Cứu/CỨU_NGUYỄN_VIẾT_QUANG_ (1).pkl,14,Cứu,Cứu,"[""Cứu""]",signer_272,14_CỨU_NGUYỄN_VIẾT_QUANG_ (1),,True,6162402,train
cosign_14_01812,cosign_14_01812,Cứu/CỨU_NGUYỄN_VIẾT_QUANG_ (2).mp4,pose_format/Cứu/CỨU_NGUYỄN_VIẾT_QUANG_ (2).pkl,14,Cứu,Cứu,"[""Cứu""]",signer_272,14_CỨU_NGUYỄN_VIẾT_QUANG_ (2),,True,6289393,train
cosign_14_01813,cosign_14_01813,Cứu/CỨU_NGUYỄN_VIẾT_QUANG_ (3).mp4,pose_format/Cứu/CỨU_NGUYỄN_VIẾT_QUANG_ (3).pkl,14,Cứu,Cứu,"[""Cứu""]",signer_272,14_CỨU_NGUYỄN_VIẾT_QUANG_ (3),,True,6703162,train
cosign_14_01814,cosign_14_01814,Cứu/CỨU_NGUYỄN_VIẾT_QUANG_ (4).mp4,pose_format/Cứu/CỨU_NGUYỄN_VIẾT_QUANG_ (4).pkl,14,Cứu,Cứu,"[""Cứu""]",signer_272,14_CỨU_NGUYỄN_VIẾT_QUANG_ (4),,True,5608603,train
cosign_14_01815,cosign_14_01815,Cứu/CỨU_NGUYỄN_VIẾT_QUANG_ (5).mp4,pose_format/Cứu/CỨU_NGUYỄN_VIẾT_QUANG_ (5).pkl,14,Cứu,Cứu,"[""Cứu""]",signer_272,14_CỨU_NGUYỄN_VIẾT_QUANG_ (5),,True,5904864,train
cosign_14_01816,cosign_14_01816,Cứu/CỨU_NGÔ_TUẤN_ANH_1.mp4,pose_format/Cứu/CỨU_NGÔ_TUẤN_ANH_1.pkl,14,Cứu,Cứu,"[""Cứu""]",signer_273,14_CỨU_NGÔ_TUẤN_ANH_1,,True,4891888,train
cosign_14_01817,cosign_14_01817,Cứu/CỨU_NGÔ_TUẤN_ANH_2.mp4,pose_format/Cứu/CỨU_NGÔ_TUẤN_ANH_2.pkl,14,Cứu,Cứu,"[""Cứu""]",signer_273,14_CỨU_NGÔ_TUẤN_ANH_2,,True,6302703,train
cosign_14_01818,cosign_14_01818,Cứu/CỨU_NGÔ_TUẤN_ANH_3.mp4,pose_format/Cứu/CỨU_NGÔ_TUẤN_ANH_3.pkl,14,Cứu,Cứu,"[""Cứu""]",signer_273,14_CỨU_NGÔ_TUẤN_ANH_3,,True,5693556,train
cosign_14_01819,cosign_14_01819,Cứu/CỨU_NGÔ_TUẤN_ANH_4.mp4,pose_format/Cứu/CỨU_NGÔ_TUẤN_ANH_4.pkl,14,Cứu,Cứu,"[""Cứu""]",signer_273,14_CỨU_NGÔ_TUẤN_ANH_4,,True,6317129,train
cosign_14_01820,cosign_14_01820,Cứu/CỨU_NGÔ_TUẤN_ANH_5.mp4,pose_format/Cứu/CỨU_NGÔ_TUẤN_ANH_5.pkl,14,Cứu,Cứu,"[""Cứu""]",signer_273,14_CỨU_NGÔ_TUẤN_ANH_5,,True,5888579,train
cosign_14_01821,cosign_14_01821,Cứu/CỨU_PHẠM_ĐÌNH_HẢI_(1).mp4,pose_format/Cứu/CỨU_PHẠM_ĐÌNH_HẢI_(1).pkl,14,Cứu,Cứu,"[""Cứu""]",signer_274,14_CỨU_PHẠM_ĐÌNH_HẢI_(1),,True,11180410,train
cosign_14_01822,cosign_14_01822,Cứu/CỨU_PHẠM_ĐÌNH_HẢI_(2).mp4,pose_format/Cứu/CỨU_PHẠM_ĐÌNH_HẢI_(2).pkl,14,Cứu,Cứu,"[""Cứu""]",signer_274,14_CỨU_PHẠM_ĐÌNH_HẢI_(2),,True,12377964,train
cosign_14_01823,cosign_14_01823,Cứu/CỨU_PHẠM_ĐÌNH_HẢI_(3).mp4,pose_format/Cứu/CỨU_PHẠM_ĐÌNH_HẢI_(3).pkl,14,Cứu,Cứu,"[""Cứu""]",signer_274,14_CỨU_PHẠM_ĐÌNH_HẢI_(3),,True,12751484,train
cosign_14_01824,cosign_14_01824,Cứu/CỨU_PHẠM_ĐÌNH_HẢI_(4).mp4,pose_format/Cứu/CỨU_PHẠM_ĐÌNH_HẢI_(4).pkl,14,Cứu,Cứu,"[""Cứu""]",signer_274,14_CỨU_PHẠM_ĐÌNH_HẢI_(4),,True,13154012,train
cosign_14_01825,cosign_14_01825,Cứu/CỨU_PHẠM_ĐÌNH_HẢI_(5).mp4,pose_format/Cứu/CỨU_PHẠM_ĐÌNH_HẢI_(5).pkl,14,Cứu,Cứu,"[""Cứu""]",signer_274,14_CỨU_PHẠM_ĐÌNH_HẢI_(5),,True,13294814,train
cosign_14_01826,cosign_14_01826,Cứu/CỨU_TRƯƠNG_NGỌC_DIỄM_ (1).mp4,pose_format/Cứu/CỨU_TRƯƠNG_NGỌC_DIỄM_ (1).pkl,14,Cứu,Cứu,"[""Cứu""]",signer_275,14_CỨU_TRƯƠNG_NGỌC_DIỄM_ (1),,True,7654281,train
cosign_14_01827,cosign_14_01827,Cứu/CỨU_TRƯƠNG_NGỌC_DIỄM_ (2).mp4,pose_format/Cứu/CỨU_TRƯƠNG_NGỌC_DIỄM_ (2).pkl,14,Cứu,Cứu,"[""Cứu""]",signer_275,14_CỨU_TRƯƠNG_NGỌC_DIỄM_ (2),,True,7728307,train
cosign_14_01828,cosign_14_01828,Cứu/CỨU_TRƯƠNG_NGỌC_DIỄM_ (3).mp4,pose_format/Cứu/CỨU_TRƯƠNG_NGỌC_DIỄM_ (3).pkl,14,Cứu,Cứu,"[""Cứu""]",signer_275,14_CỨU_TRƯƠNG_NGỌC_DIỄM_ (3),,True,7588459,train
cosign_14_01829,cosign_14_01829,Cứu/CỨU_TRƯƠNG_NGỌC_DIỄM_ (4).mp4,pose_format/Cứu/CỨU_TRƯƠNG_NGỌC_DIỄM_ (4).pkl,14,Cứu,Cứu,"[""Cứu""]",signer_275,14_CỨU_TRƯƠNG_NGỌC_DIỄM_ (4),,True,7319029,train
cosign_14_01830,cosign_14_01830,Cứu/CỨU_TRƯƠNG_NGỌC_DIỄM_ (5).mp4,pose_format/Cứu/CỨU_TRƯƠNG_NGỌC_DIỄM_ (5).pkl,14,Cứu,Cứu,"[""Cứu""]",signer_275,14_CỨU_TRƯƠNG_NGỌC_DIỄM_ (5),,True,8204195,train
cosign_14_01831,cosign_14_01831,Cứu/CỨU_TRẦN_TUẤN_MINH_ (1).mp4,pose_format/Cứu/CỨU_TRẦN_TUẤN_MINH_ (1).pkl,14,Cứu,Cứu,"[""Cứu""]",signer_276,14_CỨU_TRẦN_TUẤN_MINH_ (1),,True,7394111,train
cosign_14_01832,cosign_14_01832,Cứu/CỨU_TRẦN_TUẤN_MINH_ (2).mp4,pose_format/Cứu/CỨU_TRẦN_TUẤN_MINH_ (2).pkl,14,Cứu,Cứu,"[""Cứu""]",signer_276,14_CỨU_TRẦN_TUẤN_MINH_ (2),,True,8640869,train
cosign_14_01833,cosign_14_01833,Cứu/CỨU_TRẦN_TUẤN_MINH_ (3).mp4,pose_format/Cứu/CỨU_TRẦN_TUẤN_MINH_ (3).pkl,14,Cứu,Cứu,"[""Cứu""]",signer_276,14_CỨU_TRẦN_TUẤN_MINH_ (3),,True,9222997,train
cosign_14_01834,cosign_14_01834,Cứu/CỨU_TRẦN_TUẤN_MINH_ (4).mp4,pose_format/Cứu/CỨU_TRẦN_TUẤN_MINH_ (4).pkl,14,Cứu,Cứu,"[""Cứu""]",signer_276,14_CỨU_TRẦN_TUẤN_MINH_ (4),,True,8008787,train
cosign_14_01835,cosign_14_01835,Cứu/CỨU_TRẦN_TUẤN_MINH_ (5).mp4,pose_format/Cứu/CỨU_TRẦN_TUẤN_MINH_ (5).pkl,14,Cứu,Cứu,"[""Cứu""]",signer_276,14_CỨU_TRẦN_TUẤN_MINH_ (5),,True,9143094,train
cosign_14_01836,cosign_14_01836,Cứu/CỨU_TRẦN_ĐỨC_QUÂN_ (1).mp4,pose_format/Cứu/CỨU_TRẦN_ĐỨC_QUÂN_ (1).pkl,14,Cứu,Cứu,"[""Cứu""]",signer_277,14_CỨU_TRẦN_ĐỨC_QUÂN_ (1),,True,6770961,train
cosign_14_01837,cosign_14_01837,Cứu/CỨU_TRẦN_ĐỨC_QUÂN_ (2).mp4,pose_format/Cứu/CỨU_TRẦN_ĐỨC_QUÂN_ (2).pkl,14,Cứu,Cứu,"[""Cứu""]",signer_277,14_CỨU_TRẦN_ĐỨC_QUÂN_ (2),,True,7241339,train
cosign_14_01838,cosign_14_01838,Cứu/CỨU_TRẦN_ĐỨC_QUÂN_ (3).mp4,pose_format/Cứu/CỨU_TRẦN_ĐỨC_QUÂN_ (3).pkl,14,Cứu,Cứu,"[""Cứu""]",signer_277,14_CỨU_TRẦN_ĐỨC_QUÂN_ (3),,True,6239649,train
cosign_14_01839,cosign_14_01839,Cứu/CỨU_TRẦN_ĐỨC_QUÂN_ (4).mp4,pose_format/Cứu/CỨU_TRẦN_ĐỨC_QUÂN_ (4).pkl,14,Cứu,Cứu,"[""Cứu""]",signer_277,14_CỨU_TRẦN_ĐỨC_QUÂN_ (4),,True,6567946,train
cosign_14_01840,cosign_14_01840,Cứu/CỨU_TRẦN_ĐỨC_QUÂN_ (5).mp4,pose_format/Cứu/CỨU_TRẦN_ĐỨC_QUÂN_ (5).pkl,14,Cứu,Cứu,"[""Cứu""]",signer_277,14_CỨU_TRẦN_ĐỨC_QUÂN_ (5),,True,6219348,train
cosign_14_01841,cosign_14_01841,Cứu/CỨU_TẠ_THỊ_PHƯƠNG_LINH_ (1).mp4,pose_format/Cứu/CỨU_TẠ_THỊ_PHƯƠNG_LINH_ (1).pkl,14,Cứu,Cứu,"[""Cứu""]",signer_278,14_CỨU_TẠ_THỊ_PHƯƠNG_LINH_ (1),,True,4062773,train
cosign_14_01842,cosign_14_01842,Cứu/CỨU_TẠ_THỊ_PHƯƠNG_LINH_ (2).mp4,pose_format/Cứu/CỨU_TẠ_THỊ_PHƯƠNG_LINH_ (2).pkl,14,Cứu,Cứu,"[""Cứu""]",signer_278,14_CỨU_TẠ_THỊ_PHƯƠNG_LINH_ (2),,True,4340676,train
cosign_14_01843,cosign_14_01843,Cứu/CỨU_TẠ_THỊ_PHƯƠNG_LINH_ (3).mp4,pose_format/Cứu/CỨU_TẠ_THỊ_PHƯƠNG_LINH_ (3).pkl,14,Cứu,Cứu,"[""Cứu""]",signer_278,14_CỨU_TẠ_THỊ_PHƯƠNG_LINH_ (3),,True,4176631,train
cosign_14_01844,cosign_14_01844,Cứu/CỨU_TẠ_THỊ_PHƯƠNG_LINH_ (4).mp4,pose_format/Cứu/CỨU_TẠ_THỊ_PHƯƠNG_LINH_ (4).pkl,14,Cứu,Cứu,"[""Cứu""]",signer_278,14_CỨU_TẠ_THỊ_PHƯƠNG_LINH_ (4),,True,3957032,train
cosign_14_01845,cosign_14_01845,Cứu/CỨU_TẠ_THỊ_PHƯƠNG_LINH_ (5).mp4,pose_format/Cứu/CỨU_TẠ_THỊ_PHƯƠNG_LINH_ (5).pkl,14,Cứu,Cứu,"[""Cứu""]",signer_278,14_CỨU_TẠ_THỊ_PHƯƠNG_LINH_ (5),,True,3988265,train
cosign_14_01846,cosign_14_01846,Cứu/CỨU_VŨ_HUY_DU_ (1).mp4,pose_format/Cứu/CỨU_VŨ_HUY_DU_ (1).pkl,14,Cứu,Cứu,"[""Cứu""]",signer_279,14_CỨU_VŨ_HUY_DU_ (1),,True,8277838,train
cosign_14_01847,cosign_14_01847,Cứu/CỨU_VŨ_HUY_DU_ (2).mp4,pose_format/Cứu/CỨU_VŨ_HUY_DU_ (2).pkl,14,Cứu,Cứu,"[""Cứu""]",signer_279,14_CỨU_VŨ_HUY_DU_ (2),,True,7039665,train
cosign_14_01848,cosign_14_01848,Cứu/CỨU_VŨ_HUY_DU_ (3).mp4,pose_format/Cứu/CỨU_VŨ_HUY_DU_ (3).pkl,14,Cứu,Cứu,"[""Cứu""]",signer_279,14_CỨU_VŨ_HUY_DU_ (3),,True,6607444,train
cosign_14_01849,cosign_14_01849,Cứu/CỨU_VŨ_HUY_DU_ (4).mp4,pose_format/Cứu/CỨU_VŨ_HUY_DU_ (4).pkl,14,Cứu,Cứu,"[""Cứu""]",signer_279,14_CỨU_VŨ_HUY_DU_ (4),,True,6177719,train
cosign_14_01850,cosign_14_01850,Cứu/CỨU_VŨ_HUY_DU_ (5).mp4,pose_format/Cứu/CỨU_VŨ_HUY_DU_ (5).pkl,14,Cứu,Cứu,"[""Cứu""]",signer_279,14_CỨU_VŨ_HUY_DU_ (5),,True,5479675,train
cosign_14_01851,cosign_14_01851,Cứu/CỨU_VŨ_KẾT_ĐỒNG_1.mp4,pose_format/Cứu/CỨU_VŨ_KẾT_ĐỒNG_1.pkl,14,Cứu,Cứu,"[""Cứu""]",signer_280,14_CỨU_VŨ_KẾT_ĐỒNG_1,,True,3082327,train
cosign_14_01852,cosign_14_01852,Cứu/CỨU_VŨ_KẾT_ĐỒNG_2.mp4,pose_format/Cứu/CỨU_VŨ_KẾT_ĐỒNG_2.pkl,14,Cứu,Cứu,"[""Cứu""]",signer_280,14_CỨU_VŨ_KẾT_ĐỒNG_2,,True,3967375,train
cosign_14_01853,cosign_14_01853,Cứu/CỨU_VŨ_KẾT_ĐỒNG_3.mp4,pose_format/Cứu/CỨU_VŨ_KẾT_ĐỒNG_3.pkl,14,Cứu,Cứu,"[""Cứu""]",signer_280,14_CỨU_VŨ_KẾT_ĐỒNG_3,,True,5060029,train
cosign_14_01854,cosign_14_01854,Cứu/CỨU_VŨ_KẾT_ĐỒNG_4.mp4,pose_format/Cứu/CỨU_VŨ_KẾT_ĐỒNG_4.pkl,14,Cứu,Cứu,"[""Cứu""]",signer_280,14_CỨU_VŨ_KẾT_ĐỒNG_4,,True,4709534,train
cosign_14_01855,cosign_14_01855,Cứu/CỨU_VŨ_KẾT_ĐỒNG_5.mp4,pose_format/Cứu/CỨU_VŨ_KẾT_ĐỒNG_5.pkl,14,Cứu,Cứu,"[""Cứu""]",signer_280,14_CỨU_VŨ_KẾT_ĐỒNG_5,,True,4273821,train
cosign_14_01856,cosign_14_01856,Cứu/CứuLQM.mp4,pose_format/Cứu/CứuLQM.pkl,14,Cứu,Cứu,"[""Cứu""]",signer_281,14_CứuLQM,,True,10179529,train
cosign_14_01857,cosign_14_01857,Cứu/CứuLQM (2).mp4,pose_format/Cứu/CứuLQM (2).pkl,14,Cứu,Cứu,"[""Cứu""]",signer_281,14_CứuLQM (2),,True,8726463,train
cosign_14_01858,cosign_14_01858,Cứu/CứuLQM (3).mp4,pose_format/Cứu/CứuLQM (3).pkl,14,Cứu,Cứu,"[""Cứu""]",signer_281,14_CứuLQM (3),,True,9494804,train
cosign_14_01859,cosign_14_01859,Cứu/CứuLQM (4).mp4,pose_format/Cứu/CứuLQM (4).pkl,14,Cứu,Cứu,"[""Cứu""]",signer_281,14_CứuLQM (4),,True,8501704,train
cosign_14_01860,cosign_14_01860,Cứu/CứuLQM (5).mp4,pose_format/Cứu/CứuLQM (5).pkl,14,Cứu,Cứu,"[""Cứu""]",signer_281,14_CứuLQM (5),,True,7547257,train
cosign_14_01861,cosign_14_01861,Cứu/Cứu_MVT.mp4,pose_format/Cứu/Cứu_MVT.pkl,14,Cứu,Cứu,"[""Cứu""]",signer_282,14_Cứu_MVT,,True,9065589,train
cosign_14_01862,cosign_14_01862,Cứu/Cứu_MVT (2).mp4,pose_format/Cứu/Cứu_MVT (2).pkl,14,Cứu,Cứu,"[""Cứu""]",signer_282,14_Cứu_MVT (2),,True,8710132,train
cosign_14_01863,cosign_14_01863,Cứu/Cứu_MVT (3).mp4,pose_format/Cứu/Cứu_MVT (3).pkl,14,Cứu,Cứu,"[""Cứu""]",signer_282,14_Cứu_MVT (3),,True,7850329,train
cosign_14_01864,cosign_14_01864,Cứu/Cứu_MVT (4).mp4,pose_format/Cứu/Cứu_MVT (4).pkl,14,Cứu,Cứu,"[""Cứu""]",signer_282,14_Cứu_MVT (4),,True,9514597,train
cosign_14_01865,cosign_14_01865,Cứu/Cứu_MVT (5).mp4,pose_format/Cứu/Cứu_MVT (5).pkl,14,Cứu,Cứu,"[""Cứu""]",signer_282,14_Cứu_MVT (5),,True,9333942,train
cosign_14_01866,cosign_14_01866,Cứu/Nguyễn Thị Huyền_35_cứu_1692927217.7545366_0_cut.avi,pose_format/Cứu/Nguyễn Thị Huyền_35_cứu_1692927217.7545366_0_cut.pkl,14,Cứu,Cứu,"[""Cứu""]",signer_022,14_Nguyễn Thị Huyền_35_cứu_1692927217.7545366_0,,True,2016450,train
cosign_14_01867,cosign_14_01867,Cứu/Nguyễn Thị Huyền_35_cứu_1692927217.7545366_0_frames_35.avi,pose_format/Cứu/Nguyễn Thị Huyền_35_cứu_1692927217.7545366_0_frames_35.pkl,14,Cứu,Cứu,"[""Cứu""]",signer_022,14_Nguyễn Thị Huyền_35_cứu_1692927217.7545366_0,14_Nguyễn Thị Huyền_35_cứu_1692927217.7545366_0,False,2571342,train
cosign_14_01868,cosign_14_01868,Cứu/Nguyễn Thị Huyền_35_cứu_1692927217.7545366_0_frames_40.avi,pose_format/Cứu/Nguyễn Thị Huyền_35_cứu_1692927217.7545366_0_frames_40.pkl,14,Cứu,Cứu,"[""Cứu""]",signer_022,14_Nguyễn Thị Huyền_35_cứu_1692927217.7545366_0,14_Nguyễn Thị Huyền_35_cứu_1692927217.7545366_0,False,2571342,train
cosign_14_01869,cosign_14_01869,Cứu/Nguyễn Thị Hồng_32_Cứu_1693187144.458823_0_cut.avi,pose_format/Cứu/Nguyễn Thị Hồng_32_Cứu_1693187144.458823_0_cut.pkl,14,Cứu,Cứu,"[""Cứu""]",signer_023,14_Nguyễn Thị Hồng_32_Cứu_1693187144.458823_0,,True,1067124,train
cosign_14_01870,cosign_14_01870,Cứu/Nguyễn Thị Hồng_32_Cứu_1693187144.458823_0_frames_35.avi,pose_format/Cứu/Nguyễn Thị Hồng_32_Cứu_1693187144.458823_0_frames_35.pkl,14,Cứu,Cứu,"[""Cứu""]",signer_023,14_Nguyễn Thị Hồng_32_Cứu_1693187144.458823_0,14_Nguyễn Thị Hồng_32_Cứu_1693187144.458823_0,False,1252254,train
cosign_14_01871,cosign_14_01871,Cứu/Nguyễn Thị Hồng_32_Cứu_1693187144.458823_0_frames_40.avi,pose_format/Cứu/Nguyễn Thị Hồng_32_Cứu_1693187144.458823_0_frames_40.pkl,14,Cứu,Cứu,"[""Cứu""]",signer_023,14_Nguyễn Thị Hồng_32_Cứu_1693187144.458823_0,14_Nguyễn Thị Hồng_32_Cứu_1693187144.458823_0,False,1252254,train
cosign_14_01872,cosign_14_01872,Cứu/Nguyễn Thị Mai Anh_39_cứu_1693205798.255034_0_cut.avi,pose_format/Cứu/Nguyễn Thị Mai Anh_39_cứu_1693205798.255034_0_cut.pkl,14,Cứu,Cứu,"[""Cứu""]",signer_024,14_Nguyễn Thị Mai Anh_39_cứu_1693205798.255034_0,,True,784580,train
cosign_14_01873,cosign_14_01873,Cứu/Nguyễn Thị Mai Anh_39_cứu_1693205798.255034_0_frames_35.avi,pose_format/Cứu/Nguyễn Thị Mai Anh_39_cứu_1693205798.255034_0_frames_35.pkl,14,Cứu,Cứu,"[""Cứu""]",signer_024,14_Nguyễn Thị Mai Anh_39_cứu_1693205798.255034_0,14_Nguyễn Thị Mai Anh_39_cứu_1693205798.255034_0,False,1052044,train
cosign_14_01874,cosign_14_01874,Cứu/Nguyễn Thị Mai Anh_39_cứu_1693205798.255034_0_frames_40.avi,pose_format/Cứu/Nguyễn Thị Mai Anh_39_cứu_1693205798.255034_0_frames_40.pkl,14,Cứu,Cứu,"[""Cứu""]",signer_024,14_Nguyễn Thị Mai Anh_39_cứu_1693205798.255034_0,14_Nguyễn Thị Mai Anh_39_cứu_1693205798.255034_0,False,1052044,train
cosign_14_01875,cosign_14_01875,Cứu/Nguyễn Thị Thu Trang_38_Cứu_1693015051.586709_0_cut.avi,pose_format/Cứu/Nguyễn Thị Thu Trang_38_Cứu_1693015051.586709_0_cut.pkl,14,Cứu,Cứu,"[""Cứu""]",signer_025,14_Nguyễn Thị Thu Trang_38_Cứu_1693015051.586709_0,,True,1035538,train
cosign_14_01876,cosign_14_01876,Cứu/Nguyễn Thị Thu Trang_38_Cứu_1693015051.586709_0_frames_35.avi,pose_format/Cứu/Nguyễn Thị Thu Trang_38_Cứu_1693015051.586709_0_frames_35.pkl,14,Cứu,Cứu,"[""Cứu""]",signer_025,14_Nguyễn Thị Thu Trang_38_Cứu_1693015051.586709_0,14_Nguyễn Thị Thu Trang_38_Cứu_1693015051.586709_0,False,1252448,train
cosign_14_01877,cosign_14_01877,Cứu/Nguyễn Thị Thu Trang_38_Cứu_1693015051.586709_0_frames_40.avi,pose_format/Cứu/Nguyễn Thị Thu Trang_38_Cứu_1693015051.586709_0_frames_40.pkl,14,Cứu,Cứu,"[""Cứu""]",signer_025,14_Nguyễn Thị Thu Trang_38_Cứu_1693015051.586709_0,14_Nguyễn Thị Thu Trang_38_Cứu_1693015051.586709_0,False,1252448,train
cosign_14_01878,cosign_14_01878,Cứu/Phạm Thị Mai Hương_32_Cứu_1692860415.4687603_0_cut.avi,pose_format/Cứu/Phạm Thị Mai Hương_32_Cứu_1692860415.4687603_0_cut.pkl,14,Cứu,Cứu,"[""Cứu""]",signer_066,14_Phạm Thị Mai Hương_32_Cứu_1692860415.4687603_0,,True,759136,train
cosign_14_01879,cosign_14_01879,Cứu/Phạm Thị Mai Hương_32_Cứu_1692860415.4687603_0_frames_35.avi,pose_format/Cứu/Phạm Thị Mai Hương_32_Cứu_1692860415.4687603_0_frames_35.pkl,14,Cứu,Cứu,"[""Cứu""]",signer_066,14_Phạm Thị Mai Hương_32_Cứu_1692860415.4687603_0,14_Phạm Thị Mai Hương_32_Cứu_1692860415.4687603_0,False,978536,train
cosign_14_01880,cosign_14_01880,Cứu/Phạm Thị Mai Hương_32_Cứu_1692860415.4687603_0_frames_40.avi,pose_format/Cứu/Phạm Thị Mai Hương_32_Cứu_1692860415.4687603_0_frames_40.pkl,14,Cứu,Cứu,"[""Cứu""]",signer_066,14_Phạm Thị Mai Hương_32_Cứu_1692860415.4687603_0,14_Phạm Thị Mai Hương_32_Cứu_1692860415.4687603_0,False,978536,train
cosign_14_01881,cosign_14_01881,Cứu/Trần Thị Vân Anh_39_cứu_1693021729.96782_0_cut.avi,pose_format/Cứu/Trần Thị Vân Anh_39_cứu_1693021729.96782_0_cut.pkl,14,Cứu,Cứu,"[""Cứu""]",signer_026,14_Trần Thị Vân Anh_39_cứu_1693021729.96782_0,,True,847544,train
cosign_14_01882,cosign_14_01882,Cứu/Trần Thị Vân Anh_39_cứu_1693021729.96782_0_frames_35.avi,pose_format/Cứu/Trần Thị Vân Anh_39_cứu_1693021729.96782_0_frames_35.pkl,14,Cứu,Cứu,"[""Cứu""]",signer_026,14_Trần Thị Vân Anh_39_cứu_1693021729.96782_0,14_Trần Thị Vân Anh_39_cứu_1693021729.96782_0,False,991408,train
cosign_14_01883,cosign_14_01883,Cứu/Trần Thị Vân Anh_39_cứu_1693021729.96782_0_frames_40.avi,pose_format/Cứu/Trần Thị Vân Anh_39_cứu_1693021729.96782_0_frames_40.pkl,14,Cứu,Cứu,"[""Cứu""]",signer_026,14_Trần Thị Vân Anh_39_cứu_1693021729.96782_0,14_Trần Thị Vân Anh_39_cứu_1693021729.96782_0,False,991408,train
cosign_14_01884,cosign_14_01884,Cứu/Trần Xuân Ngọc_41_cứu_1692933789.140016_0_cut.avi,pose_format/Cứu/Trần Xuân Ngọc_41_cứu_1692933789.140016_0_cut.pkl,14,Cứu,Cứu,"[""Cứu""]",signer_027,14_Trần Xuân Ngọc_41_cứu_1692933789.140016_0,,True,1346354,train
cosign_14_01885,cosign_14_01885,Cứu/Trần Xuân Ngọc_41_cứu_1692933789.140016_0_frames_35.avi,pose_format/Cứu/Trần Xuân Ngọc_41_cứu_1692933789.140016_0_frames_35.pkl,14,Cứu,Cứu,"[""Cứu""]",signer_027,14_Trần Xuân Ngọc_41_cứu_1692933789.140016_0,14_Trần Xuân Ngọc_41_cứu_1692933789.140016_0,False,1664220,train
cosign_14_01886,cosign_14_01886,Cứu/Trần Xuân Ngọc_41_cứu_1692933789.140016_0_frames_40.avi,pose_format/Cứu/Trần Xuân Ngọc_41_cứu_1692933789.140016_0_frames_40.pkl,14,Cứu,Cứu,"[""Cứu""]",signer_027,14_Trần Xuân Ngọc_41_cứu_1692933789.140016_0,14_Trần Xuân Ngọc_41_cứu_1692933789.140016_0,False,1664220,train
cosign_14_01887,cosign_14_01887,Cứu/Vũ Thị Thu Phương_37_cứu_1692869763.072976_0_cut.avi,pose_format/Cứu/Vũ Thị Thu Phương_37_cứu_1692869763.072976_0_cut.pkl,14,Cứu,Cứu,"[""Cứu""]",signer_028,14_Vũ Thị Thu Phương_37_cứu_1692869763.072976_0,,True,1037700,train
cosign_14_01888,cosign_14_01888,Cứu/Vũ Thị Thu Phương_37_cứu_1692869763.072976_0_frames_35.avi,pose_format/Cứu/Vũ Thị Thu Phương_37_cứu_1692869763.072976_0_frames_35.pkl,14,Cứu,Cứu,"[""Cứu""]",signer_028,14_Vũ Thị Thu Phương_37_cứu_1692869763.072976_0,14_Vũ Thị Thu Phương_37_cứu_1692869763.072976_0,False,1242332,train
cosign_14_01889,cosign_14_01889,Cứu/Vũ Thị Thu Phương_37_cứu_1692869763.072976_0_frames_40.avi,pose_format/Cứu/Vũ Thị Thu Phương_37_cứu_1692869763.072976_0_frames_40.pkl,14,Cứu,Cứu,"[""Cứu""]",signer_028,14_Vũ Thị Thu Phương_37_cứu_1692869763.072976_0,14_Vũ Thị Thu Phương_37_cứu_1692869763.072976_0,False,1242332,train
cosign_14_01890,cosign_14_01890,Cứu/Đoàn Thị Thu Thủy_40_cứu_1693192237.35736_0_cut.avi,pose_format/Cứu/Đoàn Thị Thu Thủy_40_cứu_1693192237.35736_0_cut.pkl,14,Cứu,Cứu,"[""Cứu""]",signer_029,14_Đoàn Thị Thu Thủy_40_cứu_1693192237.35736_0,,True,799916,train
cosign_14_01891,cosign_14_01891,Cứu/Đoàn Thị Thu Thủy_40_cứu_1693192237.35736_0_frames_35.avi,pose_format/Cứu/Đoàn Thị Thu Thủy_40_cứu_1693192237.35736_0_frames_35.pkl,14,Cứu,Cứu,"[""Cứu""]",signer_029,14_Đoàn Thị Thu Thủy_40_cứu_1693192237.35736_0,14_Đoàn Thị Thu Thủy_40_cứu_1693192237.35736_0,False,995588,train
cosign_14_01892,cosign_14_01892,Cứu/Đoàn Thị Thu Thủy_40_cứu_1693192237.35736_0_frames_40.avi,pose_format/Cứu/Đoàn Thị Thu Thủy_40_cứu_1693192237.35736_0_frames_40.pkl,14,Cứu,Cứu,"[""Cứu""]",signer_029,14_Đoàn Thị Thu Thủy_40_cứu_1693192237.35736_0,14_Đoàn Thị Thu Thủy_40_cứu_1693192237.35736_0,False,995588,train
cosign_14_01893,cosign_14_01893,Cứu/Đặng thị kiên_37_cứu_1693209134.3060107_0_cut.avi,pose_format/Cứu/Đặng thị kiên_37_cứu_1693209134.3060107_0_cut.pkl,14,Cứu,Cứu,"[""Cứu""]",signer_137,14_Đặng thị kiên_37_cứu_1693209134.3060107_0,,True,856576,train
cosign_14_01894,cosign_14_01894,Cứu/Đặng thị kiên_37_cứu_1693209134.3060107_0_frames_35.avi,pose_format/Cứu/Đặng thị kiên_37_cứu_1693209134.3060107_0_frames_35.pkl,14,Cứu,Cứu,"[""Cứu""]",signer_137,14_Đặng thị kiên_37_cứu_1693209134.3060107_0,14_Đặng thị kiên_37_cứu_1693209134.3060107_0,False,1090330,train
cosign_14_01895,cosign_14_01895,Cứu/Đặng thị kiên_37_cứu_1693209134.3060107_0_frames_40.avi,pose_format/Cứu/Đặng thị kiên_37_cứu_1693209134.3060107_0_frames_40.pkl,14,Cứu,Cứu,"[""Cứu""]",signer_137,14_Đặng thị kiên_37_cứu_1693209134.3060107_0,14_Đặng thị kiên_37_cứu_1693209134.3060107_0,False,1090330,train
cosign_14_01896,cosign_14_01896,Cứu/Đỗ Thị  Vấn_41_Cứu_1692952354.8938177_0_cut.avi,pose_format/Cứu/Đỗ Thị  Vấn_41_Cứu_1692952354.8938177_0_cut.pkl,14,Cứu,Cứu,"[""Cứu""]",signer_138,14_Đỗ Thị  Vấn_41_Cứu_1692952354.8938177_0,,True,1548598,train
cosign_14_01897,cosign_14_01897,Cứu/Đỗ Thị  Vấn_41_Cứu_1692952354.8938177_0_frames_35.avi,pose_format/Cứu/Đỗ Thị  Vấn_41_Cứu_1692952354.8938177_0_frames_35.pkl,14,Cứu,Cứu,"[""Cứu""]",signer_138,14_Đỗ Thị  Vấn_41_Cứu_1692952354.8938177_0,14_Đỗ Thị  Vấn_41_Cứu_1692952354.8938177_0,False,1820548,train
cosign_14_01898,cosign_14_01898,Cứu/Đỗ Thị  Vấn_41_Cứu_1692952354.8938177_0_frames_40.avi,pose_format/Cứu/Đỗ Thị  Vấn_41_Cứu_1692952354.8938177_0_frames_40.pkl,14,Cứu,Cứu,"[""Cứu""]",signer_138,14_Đỗ Thị  Vấn_41_Cứu_1692952354.8938177_0,14_Đỗ Thị  Vấn_41_Cứu_1692952354.8938177_0,False,1820548,train
cosign_15_01899,cosign_15_01899,Dễ/DỄ_BÙI_MAI_CHI_ (1).mp4,pose_format/Dễ/DỄ_BÙI_MAI_CHI_ (1).pkl,15,Dễ,Dễ,"[""Dễ""]",signer_283,15_DỄ_BÙI_MAI_CHI_ (1),,True,8268762,train
cosign_15_01900,cosign_15_01900,Dễ/DỄ_BÙI_MAI_CHI_ (2).mp4,pose_format/Dễ/DỄ_BÙI_MAI_CHI_ (2).pkl,15,Dễ,Dễ,"[""Dễ""]",signer_283,15_DỄ_BÙI_MAI_CHI_ (2),,True,7958868,train
cosign_15_01901,cosign_15_01901,Dễ/DỄ_BÙI_MAI_CHI_ (3).mp4,pose_format/Dễ/DỄ_BÙI_MAI_CHI_ (3).pkl,15,Dễ,Dễ,"[""Dễ""]",signer_283,15_DỄ_BÙI_MAI_CHI_ (3),,True,7411481,train
cosign_15_01902,cosign_15_01902,Dễ/DỄ_BÙI_MAI_CHI_ (4).mp4,pose_format/Dễ/DỄ_BÙI_MAI_CHI_ (4).pkl,15,Dễ,Dễ,"[""Dễ""]",signer_283,15_DỄ_BÙI_MAI_CHI_ (4),,True,7914087,train
cosign_15_01903,cosign_15_01903,Dễ/DỄ_BÙI_MAI_CHI_ (5).mp4,pose_format/Dễ/DỄ_BÙI_MAI_CHI_ (5).pkl,15,Dễ,Dễ,"[""Dễ""]",signer_283,15_DỄ_BÙI_MAI_CHI_ (5),,True,7449788,train
cosign_15_01904,cosign_15_01904,Dễ/DỄ_BÙI_MẬU_VĂN_ (1).mp4,pose_format/Dễ/DỄ_BÙI_MẬU_VĂN_ (1).pkl,15,Dễ,Dễ,"[""Dễ""]",signer_284,15_DỄ_BÙI_MẬU_VĂN_ (1),,True,6917820,train
cosign_15_01905,cosign_15_01905,Dễ/DỄ_BÙI_MẬU_VĂN_ (2).mp4,pose_format/Dễ/DỄ_BÙI_MẬU_VĂN_ (2).pkl,15,Dễ,Dễ,"[""Dễ""]",signer_284,15_DỄ_BÙI_MẬU_VĂN_ (2),,True,6756608,train
cosign_15_01906,cosign_15_01906,Dễ/DỄ_BÙI_MẬU_VĂN_ (3).mp4,pose_format/Dễ/DỄ_BÙI_MẬU_VĂN_ (3).pkl,15,Dễ,Dễ,"[""Dễ""]",signer_284,15_DỄ_BÙI_MẬU_VĂN_ (3),,True,6876406,train
cosign_15_01907,cosign_15_01907,Dễ/DỄ_BÙI_MẬU_VĂN_ (4).mp4,pose_format/Dễ/DỄ_BÙI_MẬU_VĂN_ (4).pkl,15,Dễ,Dễ,"[""Dễ""]",signer_284,15_DỄ_BÙI_MẬU_VĂN_ (4),,True,6277597,train
cosign_15_01908,cosign_15_01908,Dễ/DỄ_BÙI_MẬU_VĂN_ (5).mp4,pose_format/Dễ/DỄ_BÙI_MẬU_VĂN_ (5).pkl,15,Dễ,Dễ,"[""Dễ""]",signer_284,15_DỄ_BÙI_MẬU_VĂN_ (5),,True,6492541,train
cosign_15_01909,cosign_15_01909,Dễ/DỄ_LẠI_QUANG_VINH_(1).mp4,pose_format/Dễ/DỄ_LẠI_QUANG_VINH_(1).pkl,15,Dễ,Dễ,"[""Dễ""]",signer_285,15_DỄ_LẠI_QUANG_VINH_(1),,True,3110765,train
cosign_15_01910,cosign_15_01910,Dễ/DỄ_LẠI_QUANG_VINH_(2).mp4,pose_format/Dễ/DỄ_LẠI_QUANG_VINH_(2).pkl,15,Dễ,Dễ,"[""Dễ""]",signer_285,15_DỄ_LẠI_QUANG_VINH_(2),,True,3180611,train
cosign_15_01911,cosign_15_01911,Dễ/DỄ_LẠI_QUANG_VINH_(3).mp4,pose_format/Dễ/DỄ_LẠI_QUANG_VINH_(3).pkl,15,Dễ,Dễ,"[""Dễ""]",signer_285,15_DỄ_LẠI_QUANG_VINH_(3),,True,780772,train
cosign_15_01912,cosign_15_01912,Dễ/DỄ_LẠI_QUANG_VINH_(4).mp4,pose_format/Dễ/DỄ_LẠI_QUANG_VINH_(4).pkl,15,Dễ,Dễ,"[""Dễ""]",signer_285,15_DỄ_LẠI_QUANG_VINH_(4),,True,741038,train
cosign_15_01913,cosign_15_01913,Dễ/DỄ_LẠI_QUANG_VINH_(5).mp4,pose_format/Dễ/DỄ_LẠI_QUANG_VINH_(5).pkl,15,Dễ,Dễ,"[""Dễ""]",signer_285,15_DỄ_LẠI_QUANG_VINH_(5),,True,752394,train
cosign_15_01914,cosign_15_01914,Dễ/DỄ_MAI_HOÀNG_XUÂN_ (1).mp4,pose_format/Dễ/DỄ_MAI_HOÀNG_XUÂN_ (1).pkl,15,Dễ,Dễ,"[""Dễ""]",signer_286,15_DỄ_MAI_HOÀNG_XUÂN_ (1),,True,5794118,train
cosign_15_01915,cosign_15_01915,Dễ/DỄ_MAI_HOÀNG_XUÂN_ (2).mp4,pose_format/Dễ/DỄ_MAI_HOÀNG_XUÂN_ (2).pkl,15,Dễ,Dễ,"[""Dễ""]",signer_286,15_DỄ_MAI_HOÀNG_XUÂN_ (2),,True,6481739,train
cosign_15_01916,cosign_15_01916,Dễ/DỄ_MAI_HOÀNG_XUÂN_ (3).mp4,pose_format/Dễ/DỄ_MAI_HOÀNG_XUÂN_ (3).pkl,15,Dễ,Dễ,"[""Dễ""]",signer_286,15_DỄ_MAI_HOÀNG_XUÂN_ (3),,True,5900324,train
cosign_15_01917,cosign_15_01917,Dễ/DỄ_MAI_HOÀNG_XUÂN_ (4).mp4,pose_format/Dễ/DỄ_MAI_HOÀNG_XUÂN_ (4).pkl,15,Dễ,Dễ,"[""Dễ""]",signer_286,15_DỄ_MAI_HOÀNG_XUÂN_ (4),,True,6006517,train
cosign_15_01918,cosign_15_01918,Dễ/DỄ_MAI_HOÀNG_XUÂN_ (5).mp4,pose_format/Dễ/DỄ_MAI_HOÀNG_XUÂN_ (5).pkl,15,Dễ,Dễ,"[""Dễ""]",signer_286,15_DỄ_MAI_HOÀNG_XUÂN_ (5),,True,5587003,train
cosign_15_01919,cosign_15_01919,Dễ/DỄ_NGUYỄN_HOÀNG_ĐIỆP_ (1).mp4,pose_format/Dễ/DỄ_NGUYỄN_HOÀNG_ĐIỆP_ (1).pkl,15,Dễ,Dễ,"[""Dễ""]",signer_287,15_DỄ_NGUYỄN_HOÀNG_ĐIỆP_ (1),,True,7360904,train
cosign_15_01920,cosign_15_01920,Dễ/DỄ_NGUYỄN_HOÀNG_ĐIỆP_ (2).mp4,pose_format/Dễ/DỄ_NGUYỄN_HOÀNG_ĐIỆP_ (2).pkl,15,Dễ,Dễ,"[""Dễ""]",signer_287,15_DỄ_NGUYỄN_HOÀNG_ĐIỆP_ (2),,True,7946343,train
cosign_15_01921,cosign_15_01921,Dễ/DỄ_NGUYỄN_HOÀNG_ĐIỆP_ (3).mp4,pose_format/Dễ/DỄ_NGUYỄN_HOÀNG_ĐIỆP_ (3).pkl,15,Dễ,Dễ,"[""Dễ""]",signer_287,15_DỄ_NGUYỄN_HOÀNG_ĐIỆP_ (3),,True,8176245,train
cosign_15_01922,cosign_15_01922,Dễ/DỄ_NGUYỄN_HOÀNG_ĐIỆP_ (4).mp4,pose_format/Dễ/DỄ_NGUYỄN_HOÀNG_ĐIỆP_ (4).pkl,15,Dễ,Dễ,"[""Dễ""]",signer_287,15_DỄ_NGUYỄN_HOÀNG_ĐIỆP_ (4),,True,7972808,train
cosign_15_01923,cosign_15_01923,Dễ/DỄ_NGUYỄN_HOÀNG_ĐIỆP_ (5).mp4,pose_format/Dễ/DỄ_NGUYỄN_HOÀNG_ĐIỆP_ (5).pkl,15,Dễ,Dễ,"[""Dễ""]",signer_287,15_DỄ_NGUYỄN_HOÀNG_ĐIỆP_ (5),,True,8027296,train
cosign_15_01924,cosign_15_01924,Dễ/DỄ_NGUYỄN_PHƯƠNG_ANH_ (1).mp4,pose_format/Dễ/DỄ_NGUYỄN_PHƯƠNG_ANH_ (1).pkl,15,Dễ,Dễ,"[""Dễ""]",signer_288,15_DỄ_NGUYỄN_PHƯƠNG_ANH_ (1),,True,5171452,train
cosign_15_01925,cosign_15_01925,Dễ/DỄ_NGUYỄN_PHƯƠNG_ANH_ (2).mp4,pose_format/Dễ/DỄ_NGUYỄN_PHƯƠNG_ANH_ (2).pkl,15,Dễ,Dễ,"[""Dễ""]",signer_288,15_DỄ_NGUYỄN_PHƯƠNG_ANH_ (2),,True,5495614,train
cosign_15_01926,cosign_15_01926,Dễ/DỄ_NGUYỄN_PHƯƠNG_ANH_ (3).mp4,pose_format/Dễ/DỄ_NGUYỄN_PHƯƠNG_ANH_ (3).pkl,15,Dễ,Dễ,"[""Dễ""]",signer_288,15_DỄ_NGUYỄN_PHƯƠNG_ANH_ (3),,True,5616128,train
cosign_15_01927,cosign_15_01927,Dễ/DỄ_NGUYỄN_PHƯƠNG_ANH_ (4).mp4,pose_format/Dễ/DỄ_NGUYỄN_PHƯƠNG_ANH_ (4).pkl,15,Dễ,Dễ,"[""Dễ""]",signer_288,15_DỄ_NGUYỄN_PHƯƠNG_ANH_ (4),,True,5256598,train
cosign_15_01928,cosign_15_01928,Dễ/DỄ_NGUYỄN_PHƯƠNG_ANH_ (5).mp4,pose_format/Dễ/DỄ_NGUYỄN_PHƯƠNG_ANH_ (5).pkl,15,Dễ,Dễ,"[""Dễ""]",signer_288,15_DỄ_NGUYỄN_PHƯƠNG_ANH_ (5),,True,5790693,train
cosign_15_01929,cosign_15_01929,Dễ/DỄ_NGUYỄN_QUÝ_DƯƠNG_1.mp4,pose_format/Dễ/DỄ_NGUYỄN_QUÝ_DƯƠNG_1.pkl,15,Dễ,Dễ,"[""Dễ""]",signer_289,15_DỄ_NGUYỄN_QUÝ_DƯƠNG_1,,True,7153120,train
cosign_15_01930,cosign_15_01930,Dễ/DỄ_NGUYỄN_QUÝ_DƯƠNG_2.mp4,pose_format/Dễ/DỄ_NGUYỄN_QUÝ_DƯƠNG_2.pkl,15,Dễ,Dễ,"[""Dễ""]",signer_289,15_DỄ_NGUYỄN_QUÝ_DƯƠNG_2,,True,7205209,train
cosign_15_01931,cosign_15_01931,Dễ/DỄ_NGUYỄN_QUÝ_DƯƠNG_3.mp4,pose_format/Dễ/DỄ_NGUYỄN_QUÝ_DƯƠNG_3.pkl,15,Dễ,Dễ,"[""Dễ""]",signer_289,15_DỄ_NGUYỄN_QUÝ_DƯƠNG_3,,True,5851707,train
cosign_15_01932,cosign_15_01932,Dễ/DỄ_NGUYỄN_QUÝ_DƯƠNG_4.mp4,pose_format/Dễ/DỄ_NGUYỄN_QUÝ_DƯƠNG_4.pkl,15,Dễ,Dễ,"[""Dễ""]",signer_289,15_DỄ_NGUYỄN_QUÝ_DƯƠNG_4,,True,5793233,train
cosign_15_01933,cosign_15_01933,Dễ/DỄ_NGUYỄN_QUÝ_DƯƠNG_5.mp4,pose_format/Dễ/DỄ_NGUYỄN_QUÝ_DƯƠNG_5.pkl,15,Dễ,Dễ,"[""Dễ""]",signer_289,15_DỄ_NGUYỄN_QUÝ_DƯƠNG_5,,True,6234467,train
cosign_15_01934,cosign_15_01934,Dễ/DỄ_NGUYỄN_THẠC_ANH_ (1).mp4,pose_format/Dễ/DỄ_NGUYỄN_THẠC_ANH_ (1).pkl,15,Dễ,Dễ,"[""Dễ""]",signer_290,15_DỄ_NGUYỄN_THẠC_ANH_ (1),,True,6625113,train
cosign_15_01935,cosign_15_01935,Dễ/DỄ_NGUYỄN_THẠC_ANH_ (2).mp4,pose_format/Dễ/DỄ_NGUYỄN_THẠC_ANH_ (2).pkl,15,Dễ,Dễ,"[""Dễ""]",signer_290,15_DỄ_NGUYỄN_THẠC_ANH_ (2),,True,5810095,train
cosign_15_01936,cosign_15_01936,Dễ/DỄ_NGUYỄN_THẠC_ANH_ (3).mp4,pose_format/Dễ/DỄ_NGUYỄN_THẠC_ANH_ (3).pkl,15,Dễ,Dễ,"[""Dễ""]",signer_290,15_DỄ_NGUYỄN_THẠC_ANH_ (3),,True,6006899,train
cosign_15_01937,cosign_15_01937,Dễ/DỄ_NGUYỄN_THẠC_ANH_ (4).mp4,pose_format/Dễ/DỄ_NGUYỄN_THẠC_ANH_ (4).pkl,15,Dễ,Dễ,"[""Dễ""]",signer_290,15_DỄ_NGUYỄN_THẠC_ANH_ (4),,True,5057528,train
cosign_15_01938,cosign_15_01938,Dễ/DỄ_NGUYỄN_THẠC_ANH_ (5).mp4,pose_format/Dễ/DỄ_NGUYỄN_THẠC_ANH_ (5).pkl,15,Dễ,Dễ,"[""Dễ""]",signer_290,15_DỄ_NGUYỄN_THẠC_ANH_ (5),,True,5231344,train
cosign_15_01939,cosign_15_01939,Dễ/DỄ_NGUYỄN_VIẾT_QUANG_ (1).mp4,pose_format/Dễ/DỄ_NGUYỄN_VIẾT_QUANG_ (1).pkl,15,Dễ,Dễ,"[""Dễ""]",signer_291,15_DỄ_NGUYỄN_VIẾT_QUANG_ (1),,True,5318894,train
cosign_15_01940,cosign_15_01940,Dễ/DỄ_NGUYỄN_VIẾT_QUANG_ (2).mp4,pose_format/Dễ/DỄ_NGUYỄN_VIẾT_QUANG_ (2).pkl,15,Dễ,Dễ,"[""Dễ""]",signer_291,15_DỄ_NGUYỄN_VIẾT_QUANG_ (2),,True,6190130,train
cosign_15_01941,cosign_15_01941,Dễ/DỄ_NGUYỄN_VIẾT_QUANG_ (3).mp4,pose_format/Dễ/DỄ_NGUYỄN_VIẾT_QUANG_ (3).pkl,15,Dễ,Dễ,"[""Dễ""]",signer_291,15_DỄ_NGUYỄN_VIẾT_QUANG_ (3),,True,5741301,train
cosign_15_01942,cosign_15_01942,Dễ/DỄ_NGUYỄN_VIẾT_QUANG_ (4).mp4,pose_format/Dễ/DỄ_NGUYỄN_VIẾT_QUANG_ (4).pkl,15,Dễ,Dễ,"[""Dễ""]",signer_291,15_DỄ_NGUYỄN_VIẾT_QUANG_ (4),,True,5866309,train
cosign_15_01943,cosign_15_01943,Dễ/DỄ_NGUYỄN_VIẾT_QUANG_ (5).mp4,pose_format/Dễ/DỄ_NGUYỄN_VIẾT_QUANG_ (5).pkl,15,Dễ,Dễ,"[""Dễ""]",signer_291,15_DỄ_NGUYỄN_VIẾT_QUANG_ (5),,True,5566401,train
cosign_15_01944,cosign_15_01944,Dễ/DỄ_NGÔ_TUẤN_ANH_1.mp4,pose_format/Dễ/DỄ_NGÔ_TUẤN_ANH_1.pkl,15,Dễ,Dễ,"[""Dễ""]",signer_292,15_DỄ_NGÔ_TUẤN_ANH_1,,True,4827901,train
cosign_15_01945,cosign_15_01945,Dễ/DỄ_NGÔ_TUẤN_ANH_2.mp4,pose_format/Dễ/DỄ_NGÔ_TUẤN_ANH_2.pkl,15,Dễ,Dễ,"[""Dễ""]",signer_292,15_DỄ_NGÔ_TUẤN_ANH_2,,True,5982129,train
cosign_15_01946,cosign_15_01946,Dễ/DỄ_NGÔ_TUẤN_ANH_3.mp4,pose_format/Dễ/DỄ_NGÔ_TUẤN_ANH_3.pkl,15,Dễ,Dễ,"[""Dễ""]",signer_292,15_DỄ_NGÔ_TUẤN_ANH_3,,True,7007516,train
cosign_15_01947,cosign_15_01947,Dễ/DỄ_NGÔ_TUẤN_ANH_4.mp4,pose_format/Dễ/DỄ_NGÔ_TUẤN_ANH_4.pkl,15,Dễ,Dễ,"[""Dễ""]",signer_292,15_DỄ_NGÔ_TUẤN_ANH_4,,True,6077959,train
cosign_15_01948,cosign_15_01948,Dễ/DỄ_NGÔ_TUẤN_ANH_5.mp4,pose_format/Dễ/DỄ_NGÔ_TUẤN_ANH_5.pkl,15,Dễ,Dễ,"[""Dễ""]",signer_292,15_DỄ_NGÔ_TUẤN_ANH_5,,True,7733288,train
cosign_15_01949,cosign_15_01949,Dễ/DỄ_PHẠM_ĐÌNH_HẢI_(1).mp4,pose_format/Dễ/DỄ_PHẠM_ĐÌNH_HẢI_(1).pkl,15,Dễ,Dễ,"[""Dễ""]",signer_293,15_DỄ_PHẠM_ĐÌNH_HẢI_(1),,True,10936964,train
cosign_15_01950,cosign_15_01950,Dễ/DỄ_PHẠM_ĐÌNH_HẢI_(2).mp4,pose_format/Dễ/DỄ_PHẠM_ĐÌNH_HẢI_(2).pkl,15,Dễ,Dễ,"[""Dễ""]",signer_293,15_DỄ_PHẠM_ĐÌNH_HẢI_(2),,True,11163052,train
cosign_15_01951,cosign_15_01951,Dễ/DỄ_PHẠM_ĐÌNH_HẢI_(3).mp4,pose_format/Dễ/DỄ_PHẠM_ĐÌNH_HẢI_(3).pkl,15,Dễ,Dễ,"[""Dễ""]",signer_293,15_DỄ_PHẠM_ĐÌNH_HẢI_(3),,True,10290573,train
cosign_15_01952,cosign_15_01952,Dễ/DỄ_PHẠM_ĐÌNH_HẢI_(4).mp4,pose_format/Dễ/DỄ_PHẠM_ĐÌNH_HẢI_(4).pkl,15,Dễ,Dễ,"[""Dễ""]",signer_293,15_DỄ_PHẠM_ĐÌNH_HẢI_(4),,True,13928419,train
cosign_15_01953,cosign_15_01953,Dễ/DỄ_PHẠM_ĐÌNH_HẢI_(5).mp4,pose_format/Dễ/DỄ_PHẠM_ĐÌNH_HẢI_(5).pkl,15,Dễ,Dễ,"[""Dễ""]",signer_293,15_DỄ_PHẠM_ĐÌNH_HẢI_(5),,True,13149019,train
cosign_15_01954,cosign_15_01954,Dễ/DỄ_TRƯƠNG_NGỌC_DIỄM_ (1).mp4,pose_format/Dễ/DỄ_TRƯƠNG_NGỌC_DIỄM_ (1).pkl,15,Dễ,Dễ,"[""Dễ""]",signer_294,15_DỄ_TRƯƠNG_NGỌC_DIỄM_ (1),,True,6516301,train
cosign_15_01955,cosign_15_01955,Dễ/DỄ_TRƯƠNG_NGỌC_DIỄM_ (2).mp4,pose_format/Dễ/DỄ_TRƯƠNG_NGỌC_DIỄM_ (2).pkl,15,Dễ,Dễ,"[""Dễ""]",signer_294,15_DỄ_TRƯƠNG_NGỌC_DIỄM_ (2),,True,7611048,train
cosign_15_01956,cosign_15_01956,Dễ/DỄ_TRƯƠNG_NGỌC_DIỄM_ (3).mp4,pose_format/Dễ/DỄ_TRƯƠNG_NGỌC_DIỄM_ (3).pkl,15,Dễ,Dễ,"[""Dễ""]",signer_294,15_DỄ_TRƯƠNG_NGỌC_DIỄM_ (3),,True,6984164,train
cosign_15_01957,cosign_15_01957,Dễ/DỄ_TRƯƠNG_NGỌC_DIỄM_ (4).mp4,pose_format/Dễ/DỄ_TRƯƠNG_NGỌC_DIỄM_ (4).pkl,15,Dễ,Dễ,"[""Dễ""]",signer_294,15_DỄ_TRƯƠNG_NGỌC_DIỄM_ (4),,True,6944638,train
cosign_15_01958,cosign_15_01958,Dễ/DỄ_TRƯƠNG_NGỌC_DIỄM_ (5).mp4,pose_format/Dễ/DỄ_TRƯƠNG_NGỌC_DIỄM_ (5).pkl,15,Dễ,Dễ,"[""Dễ""]",signer_294,15_DỄ_TRƯƠNG_NGỌC_DIỄM_ (5),,True,6455668,train
cosign_15_01959,cosign_15_01959,Dễ/DỄ_TRẦN_TUẤN_MINH_ (1).mp4,pose_format/Dễ/DỄ_TRẦN_TUẤN_MINH_ (1).pkl,15,Dễ,Dễ,"[""Dễ""]",signer_295,15_DỄ_TRẦN_TUẤN_MINH_ (1),,True,7946814,train
cosign_15_01960,cosign_15_01960,Dễ/DỄ_TRẦN_TUẤN_MINH_ (2).mp4,pose_format/Dễ/DỄ_TRẦN_TUẤN_MINH_ (2).pkl,15,Dễ,Dễ,"[""Dễ""]",signer_295,15_DỄ_TRẦN_TUẤN_MINH_ (2),,True,7555527,train
cosign_15_01961,cosign_15_01961,Dễ/DỄ_TRẦN_TUẤN_MINH_ (3).mp4,pose_format/Dễ/DỄ_TRẦN_TUẤN_MINH_ (3).pkl,15,Dễ,Dễ,"[""Dễ""]",signer_295,15_DỄ_TRẦN_TUẤN_MINH_ (3),,True,7636610,train
cosign_15_01962,cosign_15_01962,Dễ/DỄ_TRẦN_TUẤN_MINH_ (4).mp4,pose_format/Dễ/DỄ_TRẦN_TUẤN_MINH_ (4).pkl,15,Dễ,Dễ,"[""Dễ""]",signer_295,15_DỄ_TRẦN_TUẤN_MINH_ (4),,True,7357089,train
cosign_15_01963,cosign_15_01963,Dễ/DỄ_TRẦN_TUẤN_MINH_ (5).mp4,pose_format/Dễ/DỄ_TRẦN_TUẤN_MINH_ (5).pkl,15,Dễ,Dễ,"[""Dễ""]",signer_295,15_DỄ_TRẦN_TUẤN_MINH_ (5),,True,8225126,train
cosign_15_01964,cosign_15_01964,Dễ/DỄ_TRẦN_ĐỨC_QUÂN_ (1).mp4,pose_format/Dễ/DỄ_TRẦN_ĐỨC_QUÂN_ (1).pkl,15,Dễ,Dễ,"[""Dễ""]",signer_296,15_DỄ_TRẦN_ĐỨC_QUÂN_ (1),,True,6953301,train
cosign_15_01965,cosign_15_01965,Dễ/DỄ_TRẦN_ĐỨC_QUÂN_ (2).mp4,pose_format/Dễ/DỄ_TRẦN_ĐỨC_QUÂN_ (2).pkl,15,Dễ,Dễ,"[""Dễ""]",signer_296,15_DỄ_TRẦN_ĐỨC_QUÂN_ (2),,True,5617079,train
cosign_15_01966,cosign_15_01966,Dễ/DỄ_TRẦN_ĐỨC_QUÂN_ (3).mp4,pose_format/Dễ/DỄ_TRẦN_ĐỨC_QUÂN_ (3).pkl,15,Dễ,Dễ,"[""Dễ""]",signer_296,15_DỄ_TRẦN_ĐỨC_QUÂN_ (3),,True,6713375,train
cosign_15_01967,cosign_15_01967,Dễ/DỄ_TRẦN_ĐỨC_QUÂN_ (4).mp4,pose_format/Dễ/DỄ_TRẦN_ĐỨC_QUÂN_ (4).pkl,15,Dễ,Dễ,"[""Dễ""]",signer_296,15_DỄ_TRẦN_ĐỨC_QUÂN_ (4),,True,5726736,train
cosign_15_01968,cosign_15_01968,Dễ/DỄ_TRẦN_ĐỨC_QUÂN_ (5).mp4,pose_format/Dễ/DỄ_TRẦN_ĐỨC_QUÂN_ (5).pkl,15,Dễ,Dễ,"[""Dễ""]",signer_296,15_DỄ_TRẦN_ĐỨC_QUÂN_ (5),,True,5301001,train
cosign_15_01969,cosign_15_01969,Dễ/DỄ_TẠ_THỊ_PHƯƠNG_LINH_ (1).mp4,pose_format/Dễ/DỄ_TẠ_THỊ_PHƯƠNG_LINH_ (1).pkl,15,Dễ,Dễ,"[""Dễ""]",signer_297,15_DỄ_TẠ_THỊ_PHƯƠNG_LINH_ (1),,True,5628436,train
cosign_15_01970,cosign_15_01970,Dễ/DỄ_TẠ_THỊ_PHƯƠNG_LINH_ (2).mp4,pose_format/Dễ/DỄ_TẠ_THỊ_PHƯƠNG_LINH_ (2).pkl,15,Dễ,Dễ,"[""Dễ""]",signer_297,15_DỄ_TẠ_THỊ_PHƯƠNG_LINH_ (2),,True,4163229,train
cosign_15_01971,cosign_15_01971,Dễ/DỄ_TẠ_THỊ_PHƯƠNG_LINH_ (3).mp4,pose_format/Dễ/DỄ_TẠ_THỊ_PHƯƠNG_LINH_ (3).pkl,15,Dễ,Dễ,"[""Dễ""]",signer_297,15_DỄ_TẠ_THỊ_PHƯƠNG_LINH_ (3),,True,3834790,train
cosign_15_01972,cosign_15_01972,Dễ/DỄ_TẠ_THỊ_PHƯƠNG_LINH_ (4).mp4,pose_format/Dễ/DỄ_TẠ_THỊ_PHƯƠNG_LINH_ (4).pkl,15,Dễ,Dễ,"[""Dễ""]",signer_297,15_DỄ_TẠ_THỊ_PHƯƠNG_LINH_ (4),,True,4270974,train
cosign_15_01973,cosign_15_01973,Dễ/DỄ_TẠ_THỊ_PHƯƠNG_LINH_ (5).mp4,pose_format/Dễ/DỄ_TẠ_THỊ_PHƯƠNG_LINH_ (5).pkl,15,Dễ,Dễ,"[""Dễ""]",signer_297,15_DỄ_TẠ_THỊ_PHƯƠNG_LINH_ (5),,True,3687517,train
cosign_15_01974,cosign_15_01974,Dễ/DỄ_VŨ_HUY_DU_ (1).mp4,pose_format/Dễ/DỄ_VŨ_HUY_DU_ (1).pkl,15,Dễ,Dễ,"[""Dễ""]",signer_298,15_DỄ_VŨ_HUY_DU_ (1),,True,6376173,train
cosign_15_01975,cosign_15_01975,Dễ/DỄ_VŨ_HUY_DU_ (2).mp4,pose_format/Dễ/DỄ_VŨ_HUY_DU_ (2).pkl,15,Dễ,Dễ,"[""Dễ""]",signer_298,15_DỄ_VŨ_HUY_DU_ (2),,True,5667079,train
cosign_15_01976,cosign_15_01976,Dễ/DỄ_VŨ_HUY_DU_ (3).mp4,pose_format/Dễ/DỄ_VŨ_HUY_DU_ (3).pkl,15,Dễ,Dễ,"[""Dễ""]",signer_298,15_DỄ_VŨ_HUY_DU_ (3),,True,5667436,train
cosign_15_01977,cosign_15_01977,Dễ/DỄ_VŨ_HUY_DU_ (4).mp4,pose_format/Dễ/DỄ_VŨ_HUY_DU_ (4).pkl,15,Dễ,Dễ,"[""Dễ""]",signer_298,15_DỄ_VŨ_HUY_DU_ (4),,True,5069242,train
cosign_15_01978,cosign_15_01978,Dễ/DỄ_VŨ_HUY_DU_ (5).mp4,pose_format/Dễ/DỄ_VŨ_HUY_DU_ (5).pkl,15,Dễ,Dễ,"[""Dễ""]",signer_298,15_DỄ_VŨ_HUY_DU_ (5),,True,4695007,train
cosign_15_01979,cosign_15_01979,Dễ/DỄ_VŨ_KẾT_ĐỒNG_1.mp4,pose_format/Dễ/DỄ_VŨ_KẾT_ĐỒNG_1.pkl,15,Dễ,Dễ,"[""Dễ""]",signer_299,15_DỄ_VŨ_KẾT_ĐỒNG_1,,True,4437785,train
cosign_15_01980,cosign_15_01980,Dễ/DỄ_VŨ_KẾT_ĐỒNG_2.mp4,pose_format/Dễ/DỄ_VŨ_KẾT_ĐỒNG_2.pkl,15,Dễ,Dễ,"[""Dễ""]",signer_299,15_DỄ_VŨ_KẾT_ĐỒNG_2,,True,5193126,train
cosign_15_01981,cosign_15_01981,Dễ/DỄ_VŨ_KẾT_ĐỒNG_3.mp4,pose_format/Dễ/DỄ_VŨ_KẾT_ĐỒNG_3.pkl,15,Dễ,Dễ,"[""Dễ""]",signer_299,15_DỄ_VŨ_KẾT_ĐỒNG_3,,True,5901995,train
cosign_15_01982,cosign_15_01982,Dễ/DỄ_VŨ_KẾT_ĐỒNG_4.mp4,pose_format/Dễ/DỄ_VŨ_KẾT_ĐỒNG_4.pkl,15,Dễ,Dễ,"[""Dễ""]",signer_299,15_DỄ_VŨ_KẾT_ĐỒNG_4,,True,5475982,train
cosign_15_01983,cosign_15_01983,Dễ/DỄ_VŨ_KẾT_ĐỒNG_5.mp4,pose_format/Dễ/DỄ_VŨ_KẾT_ĐỒNG_5.pkl,15,Dễ,Dễ,"[""Dễ""]",signer_299,15_DỄ_VŨ_KẾT_ĐỒNG_5,,True,4809242,train
cosign_15_01984,cosign_15_01984,Dễ/Dễ_LQM.mp4,pose_format/Dễ/Dễ_LQM.pkl,15,Dễ,Dễ,"[""Dễ""]",signer_300,15_Dễ_LQM,,True,8521517,train
cosign_15_01985,cosign_15_01985,Dễ/Dễ_LQM (2).mp4,pose_format/Dễ/Dễ_LQM (2).pkl,15,Dễ,Dễ,"[""Dễ""]",signer_300,15_Dễ_LQM (2),,True,7817056,train
cosign_15_01986,cosign_15_01986,Dễ/Dễ_LQM (3).mp4,pose_format/Dễ/Dễ_LQM (3).pkl,15,Dễ,Dễ,"[""Dễ""]",signer_300,15_Dễ_LQM (3),,True,7785375,train
cosign_15_01987,cosign_15_01987,Dễ/Dễ_LQM (4).mp4,pose_format/Dễ/Dễ_LQM (4).pkl,15,Dễ,Dễ,"[""Dễ""]",signer_300,15_Dễ_LQM (4),,True,8122157,train
cosign_15_01988,cosign_15_01988,Dễ/Dễ_LQM (5).mp4,pose_format/Dễ/Dễ_LQM (5).pkl,15,Dễ,Dễ,"[""Dễ""]",signer_300,15_Dễ_LQM (5),,True,8155276,train
cosign_15_01989,cosign_15_01989,Dễ/Dễ_MVT.mp4,pose_format/Dễ/Dễ_MVT.pkl,15,Dễ,Dễ,"[""Dễ""]",signer_301,15_Dễ_MVT,,True,8306799,train
cosign_15_01990,cosign_15_01990,Dễ/Dễ_MVT (2).mp4,pose_format/Dễ/Dễ_MVT (2).pkl,15,Dễ,Dễ,"[""Dễ""]",signer_301,15_Dễ_MVT (2),,True,8190999,train
cosign_15_01991,cosign_15_01991,Dễ/Dễ_MVT (3).mp4,pose_format/Dễ/Dễ_MVT (3).pkl,15,Dễ,Dễ,"[""Dễ""]",signer_301,15_Dễ_MVT (3),,True,8174808,train
cosign_15_01992,cosign_15_01992,Dễ/Dễ_MVT (4).mp4,pose_format/Dễ/Dễ_MVT (4).pkl,15,Dễ,Dễ,"[""Dễ""]",signer_301,15_Dễ_MVT (4),,True,7608997,train
cosign_15_01993,cosign_15_01993,Dễ/Dễ_MVT (5).mp4,pose_format/Dễ/Dễ_MVT (5).pkl,15,Dễ,Dễ,"[""Dễ""]",signer_301,15_Dễ_MVT (5),,True,8438834,train
cosign_15_01994,cosign_15_01994,Dễ/Lê Phương Thảo_12_Dễ_1692694872.900618_0_cut.avi,pose_format/Dễ/Lê Phương Thảo_12_Dễ_1692694872.900618_0_cut.pkl,15,Dễ,Dễ,"[""Dễ""]",signer_019,15_Lê Phương Thảo_12_Dễ_1692694872.900618_0,,True,709336,train
cosign_15_01995,cosign_15_01995,Dễ/Lê Phương Thảo_12_Dễ_1692694872.900618_0_frames_35.avi,pose_format/Dễ/Lê Phương Thảo_12_Dễ_1692694872.900618_0_frames_35.pkl,15,Dễ,Dễ,"[""Dễ""]",signer_019,15_Lê Phương Thảo_12_Dễ_1692694872.900618_0,15_Lê Phương Thảo_12_Dễ_1692694872.900618_0,False,886330,train
cosign_15_01996,cosign_15_01996,Dễ/Lê Phương Thảo_12_Dễ_1692694872.900618_0_frames_40.avi,pose_format/Dễ/Lê Phương Thảo_12_Dễ_1692694872.900618_0_frames_40.pkl,15,Dễ,Dễ,"[""Dễ""]",signer_019,15_Lê Phương Thảo_12_Dễ_1692694872.900618_0,15_Lê Phương Thảo_12_Dễ_1692694872.900618_0,False,886330,train
cosign_15_01997,cosign_15_01997,Dễ/Lê Thanh Như_12_Dễ_1692695154.194992_0_cut.avi,pose_format/Dễ/Lê Thanh Như_12_Dễ_1692695154.194992_0_cut.pkl,15,Dễ,Dễ,"[""Dễ""]",signer_020,15_Lê Thanh Như_12_Dễ_1692695154.194992_0,,True,1124622,train
cosign_15_01998,cosign_15_01998,Dễ/Lê Thanh Như_12_Dễ_1692695154.194992_0_frames_35.avi,pose_format/Dễ/Lê Thanh Như_12_Dễ_1692695154.194992_0_frames_35.pkl,15,Dễ,Dễ,"[""Dễ""]",signer_020,15_Lê Thanh Như_12_Dễ_1692695154.194992_0,15_Lê Thanh Như_12_Dễ_1692695154.194992_0,False,1339906,train
cosign_15_01999,cosign_15_01999,Dễ/Lê Thanh Như_12_Dễ_1692695154.194992_0_frames_40.avi,pose_format/Dễ/Lê Thanh Như_12_Dễ_1692695154.194992_0_frames_40.pkl,15,Dễ,Dễ,"[""Dễ""]",signer_020,15_Lê Thanh Như_12_Dễ_1692695154.194992_0,15_Lê Thanh Như_12_Dễ_1692695154.194992_0,False,1339906,train
cosign_15_02000,cosign_15_02000,Dễ/Nguyễn Gia Bảo_10_dễ_1692694856.6810725_0_cut.avi,pose_format/Dễ/Nguyễn Gia Bảo_10_dễ_1692694856.6810725_0_cut.pkl,15,Dễ,Dễ,"[""Dễ""]",signer_021,15_Nguyễn Gia Bảo_10_dễ_1692694856.6810725_0,,True,887554,train
cosign_15_02001,cosign_15_02001,Dễ/Nguyễn Gia Bảo_10_dễ_1692694856.6810725_0_frames_35.avi,pose_format/Dễ/Nguyễn Gia Bảo_10_dễ_1692694856.6810725_0_frames_35.pkl,15,Dễ,Dễ,"[""Dễ""]",signer_021,15_Nguyễn Gia Bảo_10_dễ_1692694856.6810725_0,15_Nguyễn Gia Bảo_10_dễ_1692694856.6810725_0,False,1126784,train
cosign_15_02002,cosign_15_02002,Dễ/Nguyễn Gia Bảo_10_dễ_1692694856.6810725_0_frames_40.avi,pose_format/Dễ/Nguyễn Gia Bảo_10_dễ_1692694856.6810725_0_frames_40.pkl,15,Dễ,Dễ,"[""Dễ""]",signer_021,15_Nguyễn Gia Bảo_10_dễ_1692694856.6810725_0,15_Nguyễn Gia Bảo_10_dễ_1692694856.6810725_0,False,1126784,train
cosign_15_02003,cosign_15_02003,Dễ/Nguyễn Thị Huyền_35_dễ_1692840617.2497227_0_cut.avi,pose_format/Dễ/Nguyễn Thị Huyền_35_dễ_1692840617.2497227_0_cut.pkl,15,Dễ,Dễ,"[""Dễ""]",signer_022,15_Nguyễn Thị Huyền_35_dễ_1692840617.2497227_0,,True,1428372,train
cosign_15_02004,cosign_15_02004,Dễ/Nguyễn Thị Huyền_35_dễ_1692840617.2497227_0_frames_35.avi,pose_format/Dễ/Nguyễn Thị Huyền_35_dễ_1692840617.2497227_0_frames_35.pkl,15,Dễ,Dễ,"[""Dễ""]",signer_022,15_Nguyễn Thị Huyền_35_dễ_1692840617.2497227_0,15_Nguyễn Thị Huyền_35_dễ_1692840617.2497227_0,False,1824776,train
cosign_15_02005,cosign_15_02005,Dễ/Nguyễn Thị Huyền_35_dễ_1692840617.2497227_0_frames_40.avi,pose_format/Dễ/Nguyễn Thị Huyền_35_dễ_1692840617.2497227_0_frames_40.pkl,15,Dễ,Dễ,"[""Dễ""]",signer_022,15_Nguyễn Thị Huyền_35_dễ_1692840617.2497227_0,15_Nguyễn Thị Huyền_35_dễ_1692840617.2497227_0,False,1824776,train
cosign_15_02006,cosign_15_02006,Dễ/Nguyễn Thị Hồng_32_Dễ_1692933835.469427_0_cut.avi,pose_format/Dễ/Nguyễn Thị Hồng_32_Dễ_1692933835.469427_0_cut.pkl,15,Dễ,Dễ,"[""Dễ""]",signer_023,15_Nguyễn Thị Hồng_32_Dễ_1692933835.469427_0,,True,722962,train
cosign_15_02007,cosign_15_02007,Dễ/Nguyễn Thị Hồng_32_Dễ_1692933835.469427_0_frames_35.avi,pose_format/Dễ/Nguyễn Thị Hồng_32_Dễ_1692933835.469427_0_frames_35.pkl,15,Dễ,Dễ,"[""Dễ""]",signer_023,15_Nguyễn Thị Hồng_32_Dễ_1692933835.469427_0,15_Nguyễn Thị Hồng_32_Dễ_1692933835.469427_0,False,943642,train
cosign_15_02008,cosign_15_02008,Dễ/Nguyễn Thị Hồng_32_Dễ_1692933835.469427_0_frames_40.avi,pose_format/Dễ/Nguyễn Thị Hồng_32_Dễ_1692933835.469427_0_frames_40.pkl,15,Dễ,Dễ,"[""Dễ""]",signer_023,15_Nguyễn Thị Hồng_32_Dễ_1692933835.469427_0,15_Nguyễn Thị Hồng_32_Dễ_1692933835.469427_0,False,943642,train
cosign_15_02009,cosign_15_02009,Dễ/Nguyễn Thị Mai Anh_39_dễ_1693018675.2442524_0_cut.avi,pose_format/Dễ/Nguyễn Thị Mai Anh_39_dễ_1693018675.2442524_0_cut.pkl,15,Dễ,Dễ,"[""Dễ""]",signer_024,15_Nguyễn Thị Mai Anh_39_dễ_1693018675.2442524_0,,True,951244,train
cosign_15_02010,cosign_15_02010,Dễ/Nguyễn Thị Mai Anh_39_dễ_1693018675.2442524_0_frames_35.avi,pose_format/Dễ/Nguyễn Thị Mai Anh_39_dễ_1693018675.2442524_0_frames_35.pkl,15,Dễ,Dễ,"[""Dễ""]",signer_024,15_Nguyễn Thị Mai Anh_39_dễ_1693018675.2442524_0,15_Nguyễn Thị Mai Anh_39_dễ_1693018675.2442524_0,False,1224730,train
cosign_15_02011,cosign_15_02011,Dễ/Nguyễn Thị Mai Anh_39_dễ_1693018675.2442524_0_frames_40.avi,pose_format/Dễ/Nguyễn Thị Mai Anh_39_dễ_1693018675.2442524_0_frames_40.pkl,15,Dễ,Dễ,"[""Dễ""]",signer_024,15_Nguyễn Thị Mai Anh_39_dễ_1693018675.2442524_0,15_Nguyễn Thị Mai Anh_39_dễ_1693018675.2442524_0,False,1224730,train
cosign_15_02012,cosign_15_02012,Dễ/Nguyễn Thị Thu Trang_38_Dễ_1692777611.3147569_0_cut.avi,pose_format/Dễ/Nguyễn Thị Thu Trang_38_Dễ_1692777611.3147569_0_cut.pkl,15,Dễ,Dễ,"[""Dễ""]",signer_025,15_Nguyễn Thị Thu Trang_38_Dễ_1692777611.3147569_0,,True,726624,train
cosign_15_02013,cosign_15_02013,Dễ/Nguyễn Thị Thu Trang_38_Dễ_1692777611.3147569_0_frames_35.avi,pose_format/Dễ/Nguyễn Thị Thu Trang_38_Dễ_1692777611.3147569_0_frames_35.pkl,15,Dễ,Dễ,"[""Dễ""]",signer_025,15_Nguyễn Thị Thu Trang_38_Dễ_1692777611.3147569_0,15_Nguyễn Thị Thu Trang_38_Dễ_1692777611.3147569_0,False,893358,train
cosign_15_02014,cosign_15_02014,Dễ/Nguyễn Thị Thu Trang_38_Dễ_1692777611.3147569_0_frames_40.avi,pose_format/Dễ/Nguyễn Thị Thu Trang_38_Dễ_1692777611.3147569_0_frames_40.pkl,15,Dễ,Dễ,"[""Dễ""]",signer_025,15_Nguyễn Thị Thu Trang_38_Dễ_1692777611.3147569_0,15_Nguyễn Thị Thu Trang_38_Dễ_1692777611.3147569_0,False,893358,train
cosign_15_02015,cosign_15_02015,Dễ/Phạm Thị Mai Hương_32_Dễ_1692609013.1604526_0_cut.avi,pose_format/Dễ/Phạm Thị Mai Hương_32_Dễ_1692609013.1604526_0_cut.pkl,15,Dễ,Dễ,"[""Dễ""]",signer_066,15_Phạm Thị Mai Hương_32_Dễ_1692609013.1604526_0,,True,1092604,train
cosign_15_02016,cosign_15_02016,Dễ/Phạm Thị Mai Hương_32_Dễ_1692609013.1604526_0_frames_35.avi,pose_format/Dễ/Phạm Thị Mai Hương_32_Dễ_1692609013.1604526_0_frames_35.pkl,15,Dễ,Dễ,"[""Dễ""]",signer_066,15_Phạm Thị Mai Hương_32_Dễ_1692609013.1604526_0,15_Phạm Thị Mai Hương_32_Dễ_1692609013.1604526_0,False,1339720,train
cosign_15_02017,cosign_15_02017,Dễ/Phạm Thị Mai Hương_32_Dễ_1692609013.1604526_0_frames_40.avi,pose_format/Dễ/Phạm Thị Mai Hương_32_Dễ_1692609013.1604526_0_frames_40.pkl,15,Dễ,Dễ,"[""Dễ""]",signer_066,15_Phạm Thị Mai Hương_32_Dễ_1692609013.1604526_0,15_Phạm Thị Mai Hương_32_Dễ_1692609013.1604526_0,False,1339720,train
cosign_15_02018,cosign_15_02018,Dễ/Trần Xuân Ngọc_41_dễ_1692695106.6153011_0_cut.avi,pose_format/Dễ/Trần Xuân Ngọc_41_dễ_1692695106.6153011_0_cut.pkl,15,Dễ,Dễ,"[""Dễ""]",signer_027,15_Trần Xuân Ngọc_41_dễ_1692695106.6153011_0,,True,1392346,train
cosign_15_02019,cosign_15_02019,Dễ/Trần Xuân Ngọc_41_dễ_1692695106.6153011_0_frames_35.avi,pose_format/Dễ/Trần Xuân Ngọc_41_dễ_1692695106.6153011_0_frames_35.pkl,15,Dễ,Dễ,"[""Dễ""]",signer_027,15_Trần Xuân Ngọc_41_dễ_1692695106.6153011_0,15_Trần Xuân Ngọc_41_dễ_1692695106.6153011_0,False,1674976,train
cosign_15_02020,cosign_15_02020,Dễ/Trần Xuân Ngọc_41_dễ_1692695106.6153011_0_frames_40.avi,pose_format/Dễ/Trần Xuân Ngọc_41_dễ_1692695106.6153011_0_frames_40.pkl,15,Dễ,Dễ,"[""Dễ""]",signer_027,15_Trần Xuân Ngọc_41_dễ_1692695106.6153011_0,15_Trần Xuân Ngọc_41_dễ_1692695106.6153011_0,False,1674976,train
cosign_15_02021,cosign_15_02021,Dễ/Vũ Thị Thu Phương_37_dễ_1692844416.4699688_0_cut.avi,pose_format/Dễ/Vũ Thị Thu Phương_37_dễ_1692844416.4699688_0_cut.pkl,15,Dễ,Dễ,"[""Dễ""]",signer_028,15_Vũ Thị Thu Phương_37_dễ_1692844416.4699688_0,,True,873258,train
cosign_15_02022,cosign_15_02022,Dễ/Vũ Thị Thu Phương_37_dễ_1692844416.4699688_0_frames_35.avi,pose_format/Dễ/Vũ Thị Thu Phương_37_dễ_1692844416.4699688_0_frames_35.pkl,15,Dễ,Dễ,"[""Dễ""]",signer_028,15_Vũ Thị Thu Phương_37_dễ_1692844416.4699688_0,15_Vũ Thị Thu Phương_37_dễ_1692844416.4699688_0,False,1106928,train
cosign_15_02023,cosign_15_02023,Dễ/Vũ Thị Thu Phương_37_dễ_1692844416.4699688_0_frames_40.avi,pose_format/Dễ/Vũ Thị Thu Phương_37_dễ_1692844416.4699688_0_frames_40.pkl,15,Dễ,Dễ,"[""Dễ""]",signer_028,15_Vũ Thị Thu Phương_37_dễ_1692844416.4699688_0,15_Vũ Thị Thu Phương_37_dễ_1692844416.4699688_0,False,1106928,train
cosign_15_02024,cosign_15_02024,Dễ/Đoàn Thị Thu Thủy_40_dễ_1692931194.0428984_0_cut.avi,pose_format/Dễ/Đoàn Thị Thu Thủy_40_dễ_1692931194.0428984_0_cut.pkl,15,Dễ,Dễ,"[""Dễ""]",signer_029,15_Đoàn Thị Thu Thủy_40_dễ_1692931194.0428984_0,,True,954494,train
cosign_15_02025,cosign_15_02025,Dễ/Đoàn Thị Thu Thủy_40_dễ_1692931194.0428984_0_frames_35.avi,pose_format/Dễ/Đoàn Thị Thu Thủy_40_dễ_1692931194.0428984_0_frames_35.pkl,15,Dễ,Dễ,"[""Dễ""]",signer_029,15_Đoàn Thị Thu Thủy_40_dễ_1692931194.0428984_0,15_Đoàn Thị Thu Thủy_40_dễ_1692931194.0428984_0,False,1242546,train
cosign_15_02026,cosign_15_02026,Dễ/Đoàn Thị Thu Thủy_40_dễ_1692931194.0428984_0_frames_40.avi,pose_format/Dễ/Đoàn Thị Thu Thủy_40_dễ_1692931194.0428984_0_frames_40.pkl,15,Dễ,Dễ,"[""Dễ""]",signer_029,15_Đoàn Thị Thu Thủy_40_dễ_1692931194.0428984_0,15_Đoàn Thị Thu Thủy_40_dễ_1692931194.0428984_0,False,1242546,train
cosign_15_02027,cosign_15_02027,Dễ/Đặng Thị Kiên_37_dễ_1692972734.6063383_0_cut.avi,pose_format/Dễ/Đặng Thị Kiên_37_dễ_1692972734.6063383_0_cut.pkl,15,Dễ,Dễ,"[""Dễ""]",signer_030,15_Đặng Thị Kiên_37_dễ_1692972734.6063383_0,,True,1165070,train
cosign_15_02028,cosign_15_02028,Dễ/Đặng Thị Kiên_37_dễ_1692972734.6063383_0_frames_35.avi,pose_format/Dễ/Đặng Thị Kiên_37_dễ_1692972734.6063383_0_frames_35.pkl,15,Dễ,Dễ,"[""Dễ""]",signer_030,15_Đặng Thị Kiên_37_dễ_1692972734.6063383_0,15_Đặng Thị Kiên_37_dễ_1692972734.6063383_0,False,1371966,train
cosign_15_02029,cosign_15_02029,Dễ/Đặng Thị Kiên_37_dễ_1692972734.6063383_0_frames_40.avi,pose_format/Dễ/Đặng Thị Kiên_37_dễ_1692972734.6063383_0_frames_40.pkl,15,Dễ,Dễ,"[""Dễ""]",signer_030,15_Đặng Thị Kiên_37_dễ_1692972734.6063383_0,15_Đặng Thị Kiên_37_dễ_1692972734.6063383_0,False,1371966,train
cosign_15_02030,cosign_15_02030,Dễ/Đỗ Thị Vấn_41_dễ_1692773482.3317912_0_cut.avi,pose_format/Dễ/Đỗ Thị Vấn_41_dễ_1692773482.3317912_0_cut.pkl,15,Dễ,Dễ,"[""Dễ""]",signer_031,15_Đỗ Thị Vấn_41_dễ_1692773482.3317912_0,,True,1516826,train
cosign_15_02031,cosign_15_02031,Dễ/Đỗ Thị Vấn_41_dễ_1692773482.3317912_0_frames_35.avi,pose_format/Dễ/Đỗ Thị Vấn_41_dễ_1692773482.3317912_0_frames_35.pkl,15,Dễ,Dễ,"[""Dễ""]",signer_031,15_Đỗ Thị Vấn_41_dễ_1692773482.3317912_0,15_Đỗ Thị Vấn_41_dễ_1692773482.3317912_0,False,1765056,train
cosign_15_02032,cosign_15_02032,Dễ/Đỗ Thị Vấn_41_dễ_1692773482.3317912_0_frames_40.avi,pose_format/Dễ/Đỗ Thị Vấn_41_dễ_1692773482.3317912_0_frames_40.pkl,15,Dễ,Dễ,"[""Dễ""]",signer_031,15_Đỗ Thị Vấn_41_dễ_1692773482.3317912_0,15_Đỗ Thị Vấn_41_dễ_1692773482.3317912_0,False,1765056,train
cosign_16_02033,cosign_16_02033,Hôm nay/HÔM_NAY_BÙI_MAI_CHI_ (1).mp4,pose_format/Hôm nay/HÔM_NAY_BÙI_MAI_CHI_ (1).pkl,16,Hôm nay,Hôm nay,"[""Hôm nay""]",signer_302,16_HÔM_NAY_BÙI_MAI_CHI_ (1),,True,6620131,train
cosign_16_02034,cosign_16_02034,Hôm nay/HÔM_NAY_BÙI_MAI_CHI_ (2).mp4,pose_format/Hôm nay/HÔM_NAY_BÙI_MAI_CHI_ (2).pkl,16,Hôm nay,Hôm nay,"[""Hôm nay""]",signer_302,16_HÔM_NAY_BÙI_MAI_CHI_ (2),,True,6551195,train
cosign_16_02035,cosign_16_02035,Hôm nay/HÔM_NAY_BÙI_MAI_CHI_ (3).mp4,pose_format/Hôm nay/HÔM_NAY_BÙI_MAI_CHI_ (3).pkl,16,Hôm nay,Hôm nay,"[""Hôm nay""]",signer_302,16_HÔM_NAY_BÙI_MAI_CHI_ (3),,True,6872983,train
cosign_16_02036,cosign_16_02036,Hôm nay/HÔM_NAY_BÙI_MAI_CHI_ (4).mp4,pose_format/Hôm nay/HÔM_NAY_BÙI_MAI_CHI_ (4).pkl,16,Hôm nay,Hôm nay,"[""Hôm nay""]",signer_302,16_HÔM_NAY_BÙI_MAI_CHI_ (4),,True,6569308,train
cosign_16_02037,cosign_16_02037,Hôm nay/HÔM_NAY_BÙI_MAI_CHI_ (5).mp4,pose_format/Hôm nay/HÔM_NAY_BÙI_MAI_CHI_ (5).pkl,16,Hôm nay,Hôm nay,"[""Hôm nay""]",signer_302,16_HÔM_NAY_BÙI_MAI_CHI_ (5),,True,6700432,train
cosign_16_02038,cosign_16_02038,Hôm nay/HÔM_NAY_BÙI_MẬU_VĂN_ (1).mp4,pose_format/Hôm nay/HÔM_NAY_BÙI_MẬU_VĂN_ (1).pkl,16,Hôm nay,Hôm nay,"[""Hôm nay""]",signer_303,16_HÔM_NAY_BÙI_MẬU_VĂN_ (1),,True,7528985,train
cosign_16_02039,cosign_16_02039,Hôm nay/HÔM_NAY_BÙI_MẬU_VĂN_ (2).mp4,pose_format/Hôm nay/HÔM_NAY_BÙI_MẬU_VĂN_ (2).pkl,16,Hôm nay,Hôm nay,"[""Hôm nay""]",signer_303,16_HÔM_NAY_BÙI_MẬU_VĂN_ (2),,True,7716169,train
cosign_16_02040,cosign_16_02040,Hôm nay/HÔM_NAY_BÙI_MẬU_VĂN_ (3).mp4,pose_format/Hôm nay/HÔM_NAY_BÙI_MẬU_VĂN_ (3).pkl,16,Hôm nay,Hôm nay,"[""Hôm nay""]",signer_303,16_HÔM_NAY_BÙI_MẬU_VĂN_ (3),,True,7319300,train
cosign_16_02041,cosign_16_02041,Hôm nay/HÔM_NAY_BÙI_MẬU_VĂN_ (4).mp4,pose_format/Hôm nay/HÔM_NAY_BÙI_MẬU_VĂN_ (4).pkl,16,Hôm nay,Hôm nay,"[""Hôm nay""]",signer_303,16_HÔM_NAY_BÙI_MẬU_VĂN_ (4),,True,7744984,train
cosign_16_02042,cosign_16_02042,Hôm nay/HÔM_NAY_BÙI_MẬU_VĂN_ (5).mp4,pose_format/Hôm nay/HÔM_NAY_BÙI_MẬU_VĂN_ (5).pkl,16,Hôm nay,Hôm nay,"[""Hôm nay""]",signer_303,16_HÔM_NAY_BÙI_MẬU_VĂN_ (5),,True,7782820,train
cosign_16_02043,cosign_16_02043,Hôm nay/HÔM_NAY_LẠI_QUANG_VINH_ (1).MOV,pose_format/Hôm nay/HÔM_NAY_LẠI_QUANG_VINH_ (1).pkl,16,Hôm nay,Hôm nay,"[""Hôm nay""]",signer_304,16_HÔM_NAY_LẠI_QUANG_VINH_ (1),,True,1780306,train
cosign_16_02044,cosign_16_02044,Hôm nay/HÔM_NAY_LẠI_QUANG_VINH_ (2).MOV,pose_format/Hôm nay/HÔM_NAY_LẠI_QUANG_VINH_ (2).pkl,16,Hôm nay,Hôm nay,"[""Hôm nay""]",signer_304,16_HÔM_NAY_LẠI_QUANG_VINH_ (2),,True,1919400,train
cosign_16_02045,cosign_16_02045,Hôm nay/HÔM_NAY_LẠI_QUANG_VINH_ (3).MOV,pose_format/Hôm nay/HÔM_NAY_LẠI_QUANG_VINH_ (3).pkl,16,Hôm nay,Hôm nay,"[""Hôm nay""]",signer_304,16_HÔM_NAY_LẠI_QUANG_VINH_ (3),,True,1812600,train
cosign_16_02046,cosign_16_02046,Hôm nay/HÔM_NAY_LẠI_QUANG_VINH_ (4).MOV,pose_format/Hôm nay/HÔM_NAY_LẠI_QUANG_VINH_ (4).pkl,16,Hôm nay,Hôm nay,"[""Hôm nay""]",signer_304,16_HÔM_NAY_LẠI_QUANG_VINH_ (4),,True,1816639,train
cosign_16_02047,cosign_16_02047,Hôm nay/HÔM_NAY_LẠI_QUANG_VINH_ (5).MOV,pose_format/Hôm nay/HÔM_NAY_LẠI_QUANG_VINH_ (5).pkl,16,Hôm nay,Hôm nay,"[""Hôm nay""]",signer_304,16_HÔM_NAY_LẠI_QUANG_VINH_ (5),,True,1983958,train
cosign_16_02048,cosign_16_02048,Hôm nay/HÔM_NAY_LẠI_QUANG_VINH_(1).mp4,pose_format/Hôm nay/HÔM_NAY_LẠI_QUANG_VINH_(1).pkl,16,Hôm nay,Hôm nay,"[""Hôm nay""]",signer_304,16_HÔM_NAY_LẠI_QUANG_VINH_(1),,True,663079,train
cosign_16_02049,cosign_16_02049,Hôm nay/HÔM_NAY_LẠI_QUANG_VINH_(2).mp4,pose_format/Hôm nay/HÔM_NAY_LẠI_QUANG_VINH_(2).pkl,16,Hôm nay,Hôm nay,"[""Hôm nay""]",signer_304,16_HÔM_NAY_LẠI_QUANG_VINH_(2),,True,689203,train
cosign_16_02050,cosign_16_02050,Hôm nay/HÔM_NAY_LẠI_QUANG_VINH_(3).mp4,pose_format/Hôm nay/HÔM_NAY_LẠI_QUANG_VINH_(3).pkl,16,Hôm nay,Hôm nay,"[""Hôm nay""]",signer_304,16_HÔM_NAY_LẠI_QUANG_VINH_(3),,True,647061,train
cosign_16_02051,cosign_16_02051,Hôm nay/HÔM_NAY_LẠI_QUANG_VINH_(4).mp4,pose_format/Hôm nay/HÔM_NAY_LẠI_QUANG_VINH_(4).pkl,16,Hôm nay,Hôm nay,"[""Hôm nay""]",signer_304,16_HÔM_NAY_LẠI_QUANG_VINH_(4),,True,665192,train
cosign_16_02052,cosign_16_02052,Hôm nay/HÔM_NAY_LẠI_QUANG_VINH_(5).mp4,pose_format/Hôm nay/HÔM_NAY_LẠI_QUANG_VINH_(5).pkl,16,Hôm nay,Hôm nay,"[""Hôm nay""]",signer_304,16_HÔM_NAY_LẠI_QUANG_VINH_(5),,True,704506,train
cosign_16_02053,cosign_16_02053,Hôm nay/HÔM_NAY_MAI_HOÀNG_XUÂN_ (1).mp4,pose_format/Hôm nay/HÔM_NAY_MAI_HOÀNG_XUÂN_ (1).pkl,16,Hôm nay,Hôm nay,"[""Hôm nay""]",signer_305,16_HÔM_NAY_MAI_HOÀNG_XUÂN_ (1),,True,6153495,train
cosign_16_02054,cosign_16_02054,Hôm nay/HÔM_NAY_MAI_HOÀNG_XUÂN_ (2).mp4,pose_format/Hôm nay/HÔM_NAY_MAI_HOÀNG_XUÂN_ (2).pkl,16,Hôm nay,Hôm nay,"[""Hôm nay""]",signer_305,16_HÔM_NAY_MAI_HOÀNG_XUÂN_ (2),,True,6202033,train
cosign_16_02055,cosign_16_02055,Hôm nay/HÔM_NAY_MAI_HOÀNG_XUÂN_ (3).mp4,pose_format/Hôm nay/HÔM_NAY_MAI_HOÀNG_XUÂN_ (3).pkl,16,Hôm nay,Hôm nay,"[""Hôm nay""]",signer_305,16_HÔM_NAY_MAI_HOÀNG_XUÂN_ (3),,True,6503775,train
cosign_16_02056,cosign_16_02056,Hôm nay/HÔM_NAY_MAI_HOÀNG_XUÂN_ (4).mp4,pose_format/Hôm nay/HÔM_NAY_MAI_HOÀNG_XUÂN_ (4).pkl,16,Hôm nay,Hôm nay,"[""Hôm nay""]",signer_305,16_HÔM_NAY_MAI_HOÀNG_XUÂN_ (4),,True,5586550,train
cosign_16_02057,cosign_16_02057,Hôm nay/HÔM_NAY_MAI_HOÀNG_XUÂN_ (5).mp4,pose_format/Hôm nay/HÔM_NAY_MAI_HOÀNG_XUÂN_ (5).pkl,16,Hôm nay,Hôm nay,"[""Hôm nay""]",signer_305,16_HÔM_NAY_MAI_HOÀNG_XUÂN_ (5),,True,5775718,train
cosign_16_02058,cosign_16_02058,Hôm nay/HÔM_NAY_NGUYỄN_HOÀNG_ĐIỆP_ (1).mp4,pose_format/Hôm nay/HÔM_NAY_NGUYỄN_HOÀNG_ĐIỆP_ (1).pkl,16,Hôm nay,Hôm nay,"[""Hôm nay""]",signer_306,16_HÔM_NAY_NGUYỄN_HOÀNG_ĐIỆP_ (1),,True,4976078,train
cosign_16_02059,cosign_16_02059,Hôm nay/HÔM_NAY_NGUYỄN_HOÀNG_ĐIỆP_ (2).mp4,pose_format/Hôm nay/HÔM_NAY_NGUYỄN_HOÀNG_ĐIỆP_ (2).pkl,16,Hôm nay,Hôm nay,"[""Hôm nay""]",signer_306,16_HÔM_NAY_NGUYỄN_HOÀNG_ĐIỆP_ (2),,True,6058455,train
cosign_16_02060,cosign_16_02060,Hôm nay/HÔM_NAY_NGUYỄN_HOÀNG_ĐIỆP_ (3).mp4,pose_format/Hôm nay/HÔM_NAY_NGUYỄN_HOÀNG_ĐIỆP_ (3).pkl,16,Hôm nay,Hôm nay,"[""Hôm nay""]",signer_306,16_HÔM_NAY_NGUYỄN_HOÀNG_ĐIỆP_ (3),,True,5858703,train
cosign_16_02061,cosign_16_02061,Hôm nay/HÔM_NAY_NGUYỄN_HOÀNG_ĐIỆP_ (4).mp4,pose_format/Hôm nay/HÔM_NAY_NGUYỄN_HOÀNG_ĐIỆP_ (4).pkl,16,Hôm nay,Hôm nay,"[""Hôm nay""]",signer_306,16_HÔM_NAY_NGUYỄN_HOÀNG_ĐIỆP_ (4),,True,6960736,train
cosign_16_02062,cosign_16_02062,Hôm nay/HÔM_NAY_NGUYỄN_HOÀNG_ĐIỆP_ (5).mp4,pose_format/Hôm nay/HÔM_NAY_NGUYỄN_HOÀNG_ĐIỆP_ (5).pkl,16,Hôm nay,Hôm nay,"[""Hôm nay""]",signer_306,16_HÔM_NAY_NGUYỄN_HOÀNG_ĐIỆP_ (5),,True,7080569,train
cosign_16_02063,cosign_16_02063,Hôm nay/HÔM_NAY_NGUYỄN_PHƯƠNG_ANH_ (1).mp4,pose_format/Hôm nay/HÔM_NAY_NGUYỄN_PHƯƠNG_ANH_ (1).pkl,16,Hôm nay,Hôm nay,"[""Hôm nay""]",signer_307,16_HÔM_NAY_NGUYỄN_PHƯƠNG_ANH_ (1),,True,4297200,train
cosign_16_02064,cosign_16_02064,Hôm nay/HÔM_NAY_NGUYỄN_PHƯƠNG_ANH_ (2).mp4,pose_format/Hôm nay/HÔM_NAY_NGUYỄN_PHƯƠNG_ANH_ (2).pkl,16,Hôm nay,Hôm nay,"[""Hôm nay""]",signer_307,16_HÔM_NAY_NGUYỄN_PHƯƠNG_ANH_ (2),,True,4596009,train
cosign_16_02065,cosign_16_02065,Hôm nay/HÔM_NAY_NGUYỄN_PHƯƠNG_ANH_ (3).mp4,pose_format/Hôm nay/HÔM_NAY_NGUYỄN_PHƯƠNG_ANH_ (3).pkl,16,Hôm nay,Hôm nay,"[""Hôm nay""]",signer_307,16_HÔM_NAY_NGUYỄN_PHƯƠNG_ANH_ (3),,True,5265665,train
cosign_16_02066,cosign_16_02066,Hôm nay/HÔM_NAY_NGUYỄN_PHƯƠNG_ANH_ (4).mp4,pose_format/Hôm nay/HÔM_NAY_NGUYỄN_PHƯƠNG_ANH_ (4).pkl,16,Hôm nay,Hôm nay,"[""Hôm nay""]",signer_307,16_HÔM_NAY_NGUYỄN_PHƯƠNG_ANH_ (4),,True,4515105,train
cosign_16_02067,cosign_16_02067,Hôm nay/HÔM_NAY_NGUYỄN_PHƯƠNG_ANH_ (5).mp4,pose_format/Hôm nay/HÔM_NAY_NGUYỄN_PHƯƠNG_ANH_ (5).pkl,16,Hôm nay,Hôm nay,"[""Hôm nay""]",signer_307,16_HÔM_NAY_NGUYỄN_PHƯƠNG_ANH_ (5),,True,4719744,train
cosign_16_02068,cosign_16_02068,Hôm nay/HÔM_NAY_NGUYỄN_VIẾT_QUANG_ (1).mp4,pose_format/Hôm nay/HÔM_NAY_NGUYỄN_VIẾT_QUANG_ (1).pkl,16,Hôm nay,Hôm nay,"[""Hôm nay""]",signer_308,16_HÔM_NAY_NGUYỄN_VIẾT_QUANG_ (1),,True,4734543,train
cosign_16_02069,cosign_16_02069,Hôm nay/HÔM_NAY_NGUYỄN_VIẾT_QUANG_ (2).mp4,pose_format/Hôm nay/HÔM_NAY_NGUYỄN_VIẾT_QUANG_ (2).pkl,16,Hôm nay,Hôm nay,"[""Hôm nay""]",signer_308,16_HÔM_NAY_NGUYỄN_VIẾT_QUANG_ (2),,True,5646803,train
cosign_16_02070,cosign_16_02070,Hôm nay/HÔM_NAY_NGUYỄN_VIẾT_QUANG_ (3).mp4,pose_format/Hôm nay/HÔM_NAY_NGUYỄN_VIẾT_QUANG_ (3).pkl,16,Hôm nay,Hôm nay,"[""Hôm nay""]",signer_308,16_HÔM_NAY_NGUYỄN_VIẾT_QUANG_ (3),,True,5692101,train
cosign_16_02071,cosign_16_02071,Hôm nay/HÔM_NAY_NGUYỄN_VIẾT_QUANG_ (4).mp4,pose_format/Hôm nay/HÔM_NAY_NGUYỄN_VIẾT_QUANG_ (4).pkl,16,Hôm nay,Hôm nay,"[""Hôm nay""]",signer_308,16_HÔM_NAY_NGUYỄN_VIẾT_QUANG_ (4),,True,5946243,train
cosign_16_02072,cosign_16_02072,Hôm nay/HÔM_NAY_NGUYỄN_VIẾT_QUANG_ (5).mp4,pose_format/Hôm nay/HÔM_NAY_NGUYỄN_VIẾT_QUANG_ (5).pkl,16,Hôm nay,Hôm nay,"[""Hôm nay""]",signer_308,16_HÔM_NAY_NGUYỄN_VIẾT_QUANG_ (5),,True,5615314,train
cosign_16_02073,cosign_16_02073,Hôm nay/HÔM_NAY_NGÔ_TUẤN_ANH_ (1).mp4,pose_format/Hôm nay/HÔM_NAY_NGÔ_TUẤN_ANH_ (1).pkl,16,Hôm nay,Hôm nay,"[""Hôm nay""]",signer_309,16_HÔM_NAY_NGÔ_TUẤN_ANH_ (1),,True,6372500,train
cosign_16_02074,cosign_16_02074,Hôm nay/HÔM_NAY_NGÔ_TUẤN_ANH_ (2).mp4,pose_format/Hôm nay/HÔM_NAY_NGÔ_TUẤN_ANH_ (2).pkl,16,Hôm nay,Hôm nay,"[""Hôm nay""]",signer_309,16_HÔM_NAY_NGÔ_TUẤN_ANH_ (2),,True,6513929,train
cosign_16_02075,cosign_16_02075,Hôm nay/HÔM_NAY_NGÔ_TUẤN_ANH_ (3).mp4,pose_format/Hôm nay/HÔM_NAY_NGÔ_TUẤN_ANH_ (3).pkl,16,Hôm nay,Hôm nay,"[""Hôm nay""]",signer_309,16_HÔM_NAY_NGÔ_TUẤN_ANH_ (3),,True,7322245,train
cosign_16_02076,cosign_16_02076,Hôm nay/HÔM_NAY_NGÔ_TUẤN_ANH_ (4).mp4,pose_format/Hôm nay/HÔM_NAY_NGÔ_TUẤN_ANH_ (4).pkl,16,Hôm nay,Hôm nay,"[""Hôm nay""]",signer_309,16_HÔM_NAY_NGÔ_TUẤN_ANH_ (4),,True,6833803,train
cosign_16_02077,cosign_16_02077,Hôm nay/HÔM_NAY_NGÔ_TUẤN_ANH_ (5).mp4,pose_format/Hôm nay/HÔM_NAY_NGÔ_TUẤN_ANH_ (5).pkl,16,Hôm nay,Hôm nay,"[""Hôm nay""]",signer_309,16_HÔM_NAY_NGÔ_TUẤN_ANH_ (5),,True,6642090,train
cosign_16_02078,cosign_16_02078,Hôm nay/HÔM_NAY_PHẠM_ĐÌNH_HẢI_(1).mp4,pose_format/Hôm nay/HÔM_NAY_PHẠM_ĐÌNH_HẢI_(1).pkl,16,Hôm nay,Hôm nay,"[""Hôm nay""]",signer_310,16_HÔM_NAY_PHẠM_ĐÌNH_HẢI_(1),,True,11590839,train
cosign_16_02079,cosign_16_02079,Hôm nay/HÔM_NAY_PHẠM_ĐÌNH_HẢI_(2).mp4,pose_format/Hôm nay/HÔM_NAY_PHẠM_ĐÌNH_HẢI_(2).pkl,16,Hôm nay,Hôm nay,"[""Hôm nay""]",signer_310,16_HÔM_NAY_PHẠM_ĐÌNH_HẢI_(2),,True,9524826,train
cosign_16_02080,cosign_16_02080,Hôm nay/HÔM_NAY_PHẠM_ĐÌNH_HẢI_(3).mp4,pose_format/Hôm nay/HÔM_NAY_PHẠM_ĐÌNH_HẢI_(3).pkl,16,Hôm nay,Hôm nay,"[""Hôm nay""]",signer_310,16_HÔM_NAY_PHẠM_ĐÌNH_HẢI_(3),,True,10860619,train
cosign_16_02081,cosign_16_02081,Hôm nay/HÔM_NAY_PHẠM_ĐÌNH_HẢI_(4).mp4,pose_format/Hôm nay/HÔM_NAY_PHẠM_ĐÌNH_HẢI_(4).pkl,16,Hôm nay,Hôm nay,"[""Hôm nay""]",signer_310,16_HÔM_NAY_PHẠM_ĐÌNH_HẢI_(4),,True,10280127,train
cosign_16_02082,cosign_16_02082,Hôm nay/HÔM_NAY_PHẠM_ĐÌNH_HẢI_(5).mp4,pose_format/Hôm nay/HÔM_NAY_PHẠM_ĐÌNH_HẢI_(5).pkl,16,Hôm nay,Hôm nay,"[""Hôm nay""]",signer_310,16_HÔM_NAY_PHẠM_ĐÌNH_HẢI_(5),,True,11365627,train
cosign_16_02083,cosign_16_02083,Hôm nay/HÔM_NAY_TRƯƠNG_NGỌC_DIỄM_ (1).mp4,pose_format/Hôm nay/HÔM_NAY_TRƯƠNG_NGỌC_DIỄM_ (1).pkl,16,Hôm nay,Hôm nay,"[""Hôm nay""]",signer_311,16_HÔM_NAY_TRƯƠNG_NGỌC_DIỄM_ (1),,True,5992414,train
cosign_16_02084,cosign_16_02084,Hôm nay/HÔM_NAY_TRƯƠNG_NGỌC_DIỄM_ (2).mp4,pose_format/Hôm nay/HÔM_NAY_TRƯƠNG_NGỌC_DIỄM_ (2).pkl,16,Hôm nay,Hôm nay,"[""Hôm nay""]",signer_311,16_HÔM_NAY_TRƯƠNG_NGỌC_DIỄM_ (2),,True,6550523,train
cosign_16_02085,cosign_16_02085,Hôm nay/HÔM_NAY_TRƯƠNG_NGỌC_DIỄM_ (3).mp4,pose_format/Hôm nay/HÔM_NAY_TRƯƠNG_NGỌC_DIỄM_ (3).pkl,16,Hôm nay,Hôm nay,"[""Hôm nay""]",signer_311,16_HÔM_NAY_TRƯƠNG_NGỌC_DIỄM_ (3),,True,5867189,train
cosign_16_02086,cosign_16_02086,Hôm nay/HÔM_NAY_TRƯƠNG_NGỌC_DIỄM_ (4).mp4,pose_format/Hôm nay/HÔM_NAY_TRƯƠNG_NGỌC_DIỄM_ (4).pkl,16,Hôm nay,Hôm nay,"[""Hôm nay""]",signer_311,16_HÔM_NAY_TRƯƠNG_NGỌC_DIỄM_ (4),,True,5953969,train
cosign_16_02087,cosign_16_02087,Hôm nay/HÔM_NAY_TRƯƠNG_NGỌC_DIỄM_ (5).mp4,pose_format/Hôm nay/HÔM_NAY_TRƯƠNG_NGỌC_DIỄM_ (5).pkl,16,Hôm nay,Hôm nay,"[""Hôm nay""]",signer_311,16_HÔM_NAY_TRƯƠNG_NGỌC_DIỄM_ (5),,True,5833251,train
cosign_16_02088,cosign_16_02088,Hôm nay/HÔM_NAY_TRẦN_TUẤN_MINH_ (1).mp4,pose_format/Hôm nay/HÔM_NAY_TRẦN_TUẤN_MINH_ (1).pkl,16,Hôm nay,Hôm nay,"[""Hôm nay""]",signer_312,16_HÔM_NAY_TRẦN_TUẤN_MINH_ (1),,True,5678880,train
cosign_16_02089,cosign_16_02089,Hôm nay/HÔM_NAY_TRẦN_TUẤN_MINH_ (2).mp4,pose_format/Hôm nay/HÔM_NAY_TRẦN_TUẤN_MINH_ (2).pkl,16,Hôm nay,Hôm nay,"[""Hôm nay""]",signer_312,16_HÔM_NAY_TRẦN_TUẤN_MINH_ (2),,True,6698608,train
cosign_16_02090,cosign_16_02090,Hôm nay/HÔM_NAY_TRẦN_TUẤN_MINH_ (3).mp4,pose_format/Hôm nay/HÔM_NAY_TRẦN_TUẤN_MINH_ (3).pkl,16,Hôm nay,Hôm nay,"[""Hôm nay""]",signer_312,16_HÔM_NAY_TRẦN_TUẤN_MINH_ (3),,True,6049573,train
cosign_16_02091,cosign_16_02091,Hôm nay/HÔM_NAY_TRẦN_TUẤN_MINH_ (4).mp4,pose_format/Hôm nay/HÔM_NAY_TRẦN_TUẤN_MINH_ (4).pkl,16,Hôm nay,Hôm nay,"[""Hôm nay""]",signer_312,16_HÔM_NAY_TRẦN_TUẤN_MINH_ (4),,True,5514387,train
cosign_16_02092,cosign_16_02092,Hôm nay/HÔM_NAY_TRẦN_TUẤN_MINH_ (5).mp4,pose_format/Hôm nay/HÔM_NAY_TRẦN_TUẤN_MINH_ (5).pkl,16,Hôm nay,Hôm nay,"[""Hôm nay""]",signer_312,16_HÔM_NAY_TRẦN_TUẤN_MINH_ (5),,True,6319839,train
cosign_16_02093,cosign_16_02093,Hôm nay/HÔM_NAY_TRẦN_ĐỨC_QUÂN_ (1).mp4,pose_format/Hôm nay/HÔM_NAY_TRẦN_ĐỨC_QUÂN_ (1).pkl,16,Hôm nay,Hôm nay,"[""Hôm nay""]",signer_313,16_HÔM_NAY_TRẦN_ĐỨC_QUÂN_ (1),,True,4303979,train
cosign_16_02094,cosign_16_02094,Hôm nay/HÔM_NAY_TRẦN_ĐỨC_QUÂN_ (2).mp4,pose_format/Hôm nay/HÔM_NAY_TRẦN_ĐỨC_QUÂN_ (2).pkl,16,Hôm nay,Hôm nay,"[""Hôm nay""]",signer_313,16_HÔM_NAY_TRẦN_ĐỨC_QUÂN_ (2),,True,4389569,train
cosign_16_02095,cosign_16_02095,Hôm nay/HÔM_NAY_TRẦN_ĐỨC_QUÂN_ (3).mp4,pose_format/Hôm nay/HÔM_NAY_TRẦN_ĐỨC_QUÂN_ (3).pkl,16,Hôm nay,Hôm nay,"[""Hôm nay""]",signer_313,16_HÔM_NAY_TRẦN_ĐỨC_QUÂN_ (3),,True,4542717,train
cosign_16_02096,cosign_16_02096,Hôm nay/HÔM_NAY_TRẦN_ĐỨC_QUÂN_ (4).mp4,pose_format/Hôm nay/HÔM_NAY_TRẦN_ĐỨC_QUÂN_ (4).pkl,16,Hôm nay,Hôm nay,"[""Hôm nay""]",signer_313,16_HÔM_NAY_TRẦN_ĐỨC_QUÂN_ (4),,True,4752666,train
cosign_16_02097,cosign_16_02097,Hôm nay/HÔM_NAY_TRẦN_ĐỨC_QUÂN_ (5).mp4,pose_format/Hôm nay/HÔM_NAY_TRẦN_ĐỨC_QUÂN_ (5).pkl,16,Hôm nay,Hôm nay,"[""Hôm nay""]",signer_313,16_HÔM_NAY_TRẦN_ĐỨC_QUÂN_ (5),,True,4828185,train
cosign_16_02098,cosign_16_02098,Hôm nay/HÔM_NAY_TẠ_THỊ_PHƯƠNG_LINH_ (1).mp4,pose_format/Hôm nay/HÔM_NAY_TẠ_THỊ_PHƯƠNG_LINH_ (1).pkl,16,Hôm nay,Hôm nay,"[""Hôm nay""]",signer_314,16_HÔM_NAY_TẠ_THỊ_PHƯƠNG_LINH_ (1),,True,3627954,train
cosign_16_02099,cosign_16_02099,Hôm nay/HÔM_NAY_TẠ_THỊ_PHƯƠNG_LINH_ (2).mp4,pose_format/Hôm nay/HÔM_NAY_TẠ_THỊ_PHƯƠNG_LINH_ (2).pkl,16,Hôm nay,Hôm nay,"[""Hôm nay""]",signer_314,16_HÔM_NAY_TẠ_THỊ_PHƯƠNG_LINH_ (2),,True,2451364,train
cosign_16_02100,cosign_16_02100,Hôm nay/HÔM_NAY_TẠ_THỊ_PHƯƠNG_LINH_ (3).mp4,pose_format/Hôm nay/HÔM_NAY_TẠ_THỊ_PHƯƠNG_LINH_ (3).pkl,16,Hôm nay,Hôm nay,"[""Hôm nay""]",signer_314,16_HÔM_NAY_TẠ_THỊ_PHƯƠNG_LINH_ (3),,True,3765021,train
cosign_16_02101,cosign_16_02101,Hôm nay/HÔM_NAY_TẠ_THỊ_PHƯƠNG_LINH_ (4).mp4,pose_format/Hôm nay/HÔM_NAY_TẠ_THỊ_PHƯƠNG_LINH_ (4).pkl,16,Hôm nay,Hôm nay,"[""Hôm nay""]",signer_314,16_HÔM_NAY_TẠ_THỊ_PHƯƠNG_LINH_ (4),,True,3562951,train
cosign_16_02102,cosign_16_02102,Hôm nay/HÔM_NAY_TẠ_THỊ_PHƯƠNG_LINH_ (5).mp4,pose_format/Hôm nay/HÔM_NAY_TẠ_THỊ_PHƯƠNG_LINH_ (5).pkl,16,Hôm nay,Hôm nay,"[""Hôm nay""]",signer_314,16_HÔM_NAY_TẠ_THỊ_PHƯƠNG_LINH_ (5),,True,3977675,train
cosign_16_02103,cosign_16_02103,Hôm nay/HÔM_NAY_VŨ_HUY_DU_ (1).mp4,pose_format/Hôm nay/HÔM_NAY_VŨ_HUY_DU_ (1).pkl,16,Hôm nay,Hôm nay,"[""Hôm nay""]",signer_315,16_HÔM_NAY_VŨ_HUY_DU_ (1),,True,5397224,train
cosign_16_02104,cosign_16_02104,Hôm nay/HÔM_NAY_VŨ_HUY_DU_ (2).mp4,pose_format/Hôm nay/HÔM_NAY_VŨ_HUY_DU_ (2).pkl,16,Hôm nay,Hôm nay,"[""Hôm nay""]",signer_315,16_HÔM_NAY_VŨ_HUY_DU_ (2),,True,4846903,train
cosign_16_02105,cosign_16_02105,Hôm nay/HÔM_NAY_VŨ_HUY_DU_ (3).mp4,pose_format/Hôm nay/HÔM_NAY_VŨ_HUY_DU_ (3).pkl,16,Hôm nay,Hôm nay,"[""Hôm nay""]",signer_315,16_HÔM_NAY_VŨ_HUY_DU_ (3),,True,5436926,train
cosign_16_02106,cosign_16_02106,Hôm nay/HÔM_NAY_VŨ_HUY_DU_ (4).mp4,pose_format/Hôm nay/HÔM_NAY_VŨ_HUY_DU_ (4).pkl,16,Hôm nay,Hôm nay,"[""Hôm nay""]",signer_315,16_HÔM_NAY_VŨ_HUY_DU_ (4),,True,5594449,train
cosign_16_02107,cosign_16_02107,Hôm nay/HÔM_NAY_VŨ_HUY_DU_ (5).mp4,pose_format/Hôm nay/HÔM_NAY_VŨ_HUY_DU_ (5).pkl,16,Hôm nay,Hôm nay,"[""Hôm nay""]",signer_315,16_HÔM_NAY_VŨ_HUY_DU_ (5),,True,4940378,train
cosign_16_02108,cosign_16_02108,Hôm nay/HÔM_NAY_VŨ_KẾT_ĐỒNG_1.mp4,pose_format/Hôm nay/HÔM_NAY_VŨ_KẾT_ĐỒNG_1.pkl,16,Hôm nay,Hôm nay,"[""Hôm nay""]",signer_316,16_HÔM_NAY_VŨ_KẾT_ĐỒNG_1,,True,5926488,train
cosign_16_02109,cosign_16_02109,Hôm nay/HÔM_NAY_VŨ_KẾT_ĐỒNG_2.mp4,pose_format/Hôm nay/HÔM_NAY_VŨ_KẾT_ĐỒNG_2.pkl,16,Hôm nay,Hôm nay,"[""Hôm nay""]",signer_316,16_HÔM_NAY_VŨ_KẾT_ĐỒNG_2,,True,6422202,train
cosign_16_02110,cosign_16_02110,Hôm nay/HÔM_NAY_VŨ_KẾT_ĐỒNG_3.mp4,pose_format/Hôm nay/HÔM_NAY_VŨ_KẾT_ĐỒNG_3.pkl,16,Hôm nay,Hôm nay,"[""Hôm nay""]",signer_316,16_HÔM_NAY_VŨ_KẾT_ĐỒNG_3,,True,6905730,train
cosign_16_02111,cosign_16_02111,Hôm nay/HÔM_NAY_VŨ_KẾT_ĐỒNG_4.mp4,pose_format/Hôm nay/HÔM_NAY_VŨ_KẾT_ĐỒNG_4.pkl,16,Hôm nay,Hôm nay,"[""Hôm nay""]",signer_316,16_HÔM_NAY_VŨ_KẾT_ĐỒNG_4,,True,6419127,train
cosign_16_02112,cosign_16_02112,Hôm nay/HÔM_NAY_VŨ_KẾT_ĐỒNG_5.mp4,pose_format/Hôm nay/HÔM_NAY_VŨ_KẾT_ĐỒNG_5.pkl,16,Hôm nay,Hôm nay,"[""Hôm nay""]",signer_316,16_HÔM_NAY_VŨ_KẾT_ĐỒNG_5,,True,5468044,train
cosign_16_02113,cosign_16_02113,Hôm nay/Hôm nay_MVT.mp4,pose_format/Hôm nay/Hôm nay_MVT.pkl,16,Hôm nay,Hôm nay,"[""Hôm nay""]",signer_317,16_Hôm nay_MVT,,True,6914175,train
cosign_16_02114,cosign_16_02114,Hôm nay/Hôm nay_MVT (2).mp4,pose_format/Hôm nay/Hôm nay_MVT (2).pkl,16,Hôm nay,Hôm nay,"[""Hôm nay""]",signer_317,16_Hôm nay_MVT (2),,True,6946063,train
cosign_16_02115,cosign_16_02115,Hôm nay/Hôm nay_MVT (3).mp4,pose_format/Hôm nay/Hôm nay_MVT (3).pkl,16,Hôm nay,Hôm nay,"[""Hôm nay""]",signer_317,16_Hôm nay_MVT (3),,True,7028949,train
cosign_16_02116,cosign_16_02116,Hôm nay/Hôm nay_MVT (4).mp4,pose_format/Hôm nay/Hôm nay_MVT (4).pkl,16,Hôm nay,Hôm nay,"[""Hôm nay""]",signer_317,16_Hôm nay_MVT (4),,True,7887873,train
cosign_16_02117,cosign_16_02117,Hôm nay/Hôm nay_MVT (5).mp4,pose_format/Hôm nay/Hôm nay_MVT (5).pkl,16,Hôm nay,Hôm nay,"[""Hôm nay""]",signer_317,16_Hôm nay_MVT (5),,True,7682690,train
cosign_16_02118,cosign_16_02118,Hôm nay/Lê Thanh Như_12_Hôm nay_1692688290.6964245_0_cut.avi,pose_format/Hôm nay/Lê Thanh Như_12_Hôm nay_1692688290.6964245_0_cut.pkl,16,Hôm nay,Hôm nay,"[""Hôm nay""]",signer_020,16_Lê Thanh Như_12_Hôm nay_1692688290.6964245_0,,True,1104548,train
cosign_16_02119,cosign_16_02119,Hôm nay/Lê Thanh Như_12_Hôm nay_1692688290.6964245_0_frames_35.avi,pose_format/Hôm nay/Lê Thanh Như_12_Hôm nay_1692688290.6964245_0_frames_35.pkl,16,Hôm nay,Hôm nay,"[""Hôm nay""]",signer_020,16_Lê Thanh Như_12_Hôm nay_1692688290.6964245_0,16_Lê Thanh Như_12_Hôm nay_1692688290.6964245_0,False,1321408,train
cosign_16_02120,cosign_16_02120,Hôm nay/Lê Thanh Như_12_Hôm nay_1692688290.6964245_0_frames_40.avi,pose_format/Hôm nay/Lê Thanh Như_12_Hôm nay_1692688290.6964245_0_frames_40.pkl,16,Hôm nay,Hôm nay,"[""Hôm nay""]",signer_020,16_Lê Thanh Như_12_Hôm nay_1692688290.6964245_0,16_Lê Thanh Như_12_Hôm nay_1692688290.6964245_0,False,1321408,train
cosign_16_02121,cosign_16_02121,Hôm nay/Nguyễn Gia Bảo_10_Hôm nay_1692688404.3689024_0_cut.avi,pose_format/Hôm nay/Nguyễn Gia Bảo_10_Hôm nay_1692688404.3689024_0_cut.pkl,16,Hôm nay,Hôm nay,"[""Hôm nay""]",signer_021,16_Nguyễn Gia Bảo_10_Hôm nay_1692688404.3689024_0,,True,767938,train
cosign_16_02122,cosign_16_02122,Hôm nay/Nguyễn Gia Bảo_10_Hôm nay_1692688404.3689024_0_frames_35.avi,pose_format/Hôm nay/Nguyễn Gia Bảo_10_Hôm nay_1692688404.3689024_0_frames_35.pkl,16,Hôm nay,Hôm nay,"[""Hôm nay""]",signer_021,16_Nguyễn Gia Bảo_10_Hôm nay_1692688404.3689024_0,16_Nguyễn Gia Bảo_10_Hôm nay_1692688404.3689024_0,False,990932,train
cosign_16_02123,cosign_16_02123,Hôm nay/Nguyễn Gia Bảo_10_Hôm nay_1692688404.3689024_0_frames_40.avi,pose_format/Hôm nay/Nguyễn Gia Bảo_10_Hôm nay_1692688404.3689024_0_frames_40.pkl,16,Hôm nay,Hôm nay,"[""Hôm nay""]",signer_021,16_Nguyễn Gia Bảo_10_Hôm nay_1692688404.3689024_0,16_Nguyễn Gia Bảo_10_Hôm nay_1692688404.3689024_0,False,990932,train
cosign_16_02124,cosign_16_02124,Hôm nay/Nguyễn Phương Thảo_12_Hôm nay_1692688247.7377484_0_cut.avi,pose_format/Hôm nay/Nguyễn Phương Thảo_12_Hôm nay_1692688247.7377484_0_cut.pkl,16,Hôm nay,Hôm nay,"[""Hôm nay""]",signer_245,16_Nguyễn Phương Thảo_12_Hôm nay_1692688247.7377484_0,,True,711920,train
cosign_16_02125,cosign_16_02125,Hôm nay/Nguyễn Phương Thảo_12_Hôm nay_1692688247.7377484_0_frames_35.avi,pose_format/Hôm nay/Nguyễn Phương Thảo_12_Hôm nay_1692688247.7377484_0_frames_35.pkl,16,Hôm nay,Hôm nay,"[""Hôm nay""]",signer_245,16_Nguyễn Phương Thảo_12_Hôm nay_1692688247.7377484_0,16_Nguyễn Phương Thảo_12_Hôm nay_1692688247.7377484_0,False,871462,train
cosign_16_02126,cosign_16_02126,Hôm nay/Nguyễn Phương Thảo_12_Hôm nay_1692688247.7377484_0_frames_40.avi,pose_format/Hôm nay/Nguyễn Phương Thảo_12_Hôm nay_1692688247.7377484_0_frames_40.pkl,16,Hôm nay,Hôm nay,"[""Hôm nay""]",signer_245,16_Nguyễn Phương Thảo_12_Hôm nay_1692688247.7377484_0,16_Nguyễn Phương Thảo_12_Hôm nay_1692688247.7377484_0,False,871462,train
cosign_16_02127,cosign_16_02127,Hôm nay/Nguyễn Thị Huyền_35_hôm nay_1692838788.269877_0_cut.avi,pose_format/Hôm nay/Nguyễn Thị Huyền_35_hôm nay_1692838788.269877_0_cut.pkl,16,Hôm nay,Hôm nay,"[""Hôm nay""]",signer_022,16_Nguyễn Thị Huyền_35_hôm nay_1692838788.269877_0,,True,1466442,train
cosign_16_02128,cosign_16_02128,Hôm nay/Nguyễn Thị Huyền_35_hôm nay_1692838788.269877_0_frames_35.avi,pose_format/Hôm nay/Nguyễn Thị Huyền_35_hôm nay_1692838788.269877_0_frames_35.pkl,16,Hôm nay,Hôm nay,"[""Hôm nay""]",signer_022,16_Nguyễn Thị Huyền_35_hôm nay_1692838788.269877_0,16_Nguyễn Thị Huyền_35_hôm nay_1692838788.269877_0,False,1733764,train
cosign_16_02129,cosign_16_02129,Hôm nay/Nguyễn Thị Huyền_35_hôm nay_1692838788.269877_0_frames_40.avi,pose_format/Hôm nay/Nguyễn Thị Huyền_35_hôm nay_1692838788.269877_0_frames_40.pkl,16,Hôm nay,Hôm nay,"[""Hôm nay""]",signer_022,16_Nguyễn Thị Huyền_35_hôm nay_1692838788.269877_0,16_Nguyễn Thị Huyền_35_hôm nay_1692838788.269877_0,False,1733764,train
cosign_16_02130,cosign_16_02130,Hôm nay/Nguyễn Thị Hồng_32_Hôn nay_1692932032.2051036_0_cut.avi,pose_format/Hôm nay/Nguyễn Thị Hồng_32_Hôn nay_1692932032.2051036_0_cut.pkl,16,Hôm nay,Hôm nay,"[""Hôm nay""]",signer_023,16_Nguyễn Thị Hồng_32_Hôn nay_1692932032.2051036_0,,True,721150,train
cosign_16_02131,cosign_16_02131,Hôm nay/Nguyễn Thị Hồng_32_Hôn nay_1692932032.2051036_0_frames_35.avi,pose_format/Hôm nay/Nguyễn Thị Hồng_32_Hôn nay_1692932032.2051036_0_frames_35.pkl,16,Hôm nay,Hôm nay,"[""Hôm nay""]",signer_023,16_Nguyễn Thị Hồng_32_Hôn nay_1692932032.2051036_0,16_Nguyễn Thị Hồng_32_Hôn nay_1692932032.2051036_0,False,912686,train
cosign_16_02132,cosign_16_02132,Hôm nay/Nguyễn Thị Hồng_32_Hôn nay_1692932032.2051036_0_frames_40.avi,pose_format/Hôm nay/Nguyễn Thị Hồng_32_Hôn nay_1692932032.2051036_0_frames_40.pkl,16,Hôm nay,Hôm nay,"[""Hôm nay""]",signer_023,16_Nguyễn Thị Hồng_32_Hôn nay_1692932032.2051036_0,16_Nguyễn Thị Hồng_32_Hôn nay_1692932032.2051036_0,False,912686,train
cosign_16_02133,cosign_16_02133,Hôm nay/Nguyễn Thị Mai Anh_39_hôm nay_1693013315.1407485_0_cut.avi,pose_format/Hôm nay/Nguyễn Thị Mai Anh_39_hôm nay_1693013315.1407485_0_cut.pkl,16,Hôm nay,Hôm nay,"[""Hôm nay""]",signer_024,16_Nguyễn Thị Mai Anh_39_hôm nay_1693013315.1407485_0,,True,981784,train
cosign_16_02134,cosign_16_02134,Hôm nay/Nguyễn Thị Mai Anh_39_hôm nay_1693013315.1407485_0_frames_35.avi,pose_format/Hôm nay/Nguyễn Thị Mai Anh_39_hôm nay_1693013315.1407485_0_frames_35.pkl,16,Hôm nay,Hôm nay,"[""Hôm nay""]",signer_024,16_Nguyễn Thị Mai Anh_39_hôm nay_1693013315.1407485_0,16_Nguyễn Thị Mai Anh_39_hôm nay_1693013315.1407485_0,False,1279360,train
cosign_16_02135,cosign_16_02135,Hôm nay/Nguyễn Thị Mai Anh_39_hôm nay_1693013315.1407485_0_frames_40.avi,pose_format/Hôm nay/Nguyễn Thị Mai Anh_39_hôm nay_1693013315.1407485_0_frames_40.pkl,16,Hôm nay,Hôm nay,"[""Hôm nay""]",signer_024,16_Nguyễn Thị Mai Anh_39_hôm nay_1693013315.1407485_0,16_Nguyễn Thị Mai Anh_39_hôm nay_1693013315.1407485_0,False,1279360,train
cosign_16_02136,cosign_16_02136,Hôm nay/Nguyễn Thị Thu Trang_38_Hôm nay_1692774067.3417222_0_cut.avi,pose_format/Hôm nay/Nguyễn Thị Thu Trang_38_Hôm nay_1692774067.3417222_0_cut.pkl,16,Hôm nay,Hôm nay,"[""Hôm nay""]",signer_025,16_Nguyễn Thị Thu Trang_38_Hôm nay_1692774067.3417222_0,,True,624318,train
cosign_16_02137,cosign_16_02137,Hôm nay/Nguyễn Thị Thu Trang_38_Hôm nay_1692774067.3417222_0_frames_35.avi,pose_format/Hôm nay/Nguyễn Thị Thu Trang_38_Hôm nay_1692774067.3417222_0_frames_35.pkl,16,Hôm nay,Hôm nay,"[""Hôm nay""]",signer_025,16_Nguyễn Thị Thu Trang_38_Hôm nay_1692774067.3417222_0,16_Nguyễn Thị Thu Trang_38_Hôm nay_1692774067.3417222_0,False,773142,train
cosign_16_02138,cosign_16_02138,Hôm nay/Nguyễn Thị Thu Trang_38_Hôm nay_1692774067.3417222_0_frames_40.avi,pose_format/Hôm nay/Nguyễn Thị Thu Trang_38_Hôm nay_1692774067.3417222_0_frames_40.pkl,16,Hôm nay,Hôm nay,"[""Hôm nay""]",signer_025,16_Nguyễn Thị Thu Trang_38_Hôm nay_1692774067.3417222_0,16_Nguyễn Thị Thu Trang_38_Hôm nay_1692774067.3417222_0,False,773142,train
cosign_16_02139,cosign_16_02139,Hôm nay/Phạm Thị Mai Hương_32_Hôm nay_1692590024.8325558_0_cut.avi,pose_format/Hôm nay/Phạm Thị Mai Hương_32_Hôm nay_1692590024.8325558_0_cut.pkl,16,Hôm nay,Hôm nay,"[""Hôm nay""]",signer_066,16_Phạm Thị Mai Hương_32_Hôm nay_1692590024.8325558_0,,True,946088,train
cosign_16_02140,cosign_16_02140,Hôm nay/Phạm Thị Mai Hương_32_Hôm nay_1692590024.8325558_0_frames_35.avi,pose_format/Hôm nay/Phạm Thị Mai Hương_32_Hôm nay_1692590024.8325558_0_frames_35.pkl,16,Hôm nay,Hôm nay,"[""Hôm nay""]",signer_066,16_Phạm Thị Mai Hương_32_Hôm nay_1692590024.8325558_0,16_Phạm Thị Mai Hương_32_Hôm nay_1692590024.8325558_0,False,1235702,train
cosign_16_02141,cosign_16_02141,Hôm nay/Phạm Thị Mai Hương_32_Hôm nay_1692590024.8325558_0_frames_40.avi,pose_format/Hôm nay/Phạm Thị Mai Hương_32_Hôm nay_1692590024.8325558_0_frames_40.pkl,16,Hôm nay,Hôm nay,"[""Hôm nay""]",signer_066,16_Phạm Thị Mai Hương_32_Hôm nay_1692590024.8325558_0,16_Phạm Thị Mai Hương_32_Hôm nay_1692590024.8325558_0,False,1235702,train
cosign_16_02142,cosign_16_02142,Hôm nay/Trần Thị Vân Anh_39_hôm_nay_1692867015.536743_0_cut.avi,pose_format/Hôm nay/Trần Thị Vân Anh_39_hôm_nay_1692867015.536743_0_cut.pkl,16,Hôm nay,Hôm nay,"[""Hôm nay""]",signer_026,16_Trần Thị Vân Anh_39_hôm_nay_1692867015.536743_0,,True,970380,train
cosign_16_02143,cosign_16_02143,Hôm nay/Trần Thị Vân Anh_39_hôm_nay_1692867015.536743_0_frames_35.avi,pose_format/Hôm nay/Trần Thị Vân Anh_39_hôm_nay_1692867015.536743_0_frames_35.pkl,16,Hôm nay,Hôm nay,"[""Hôm nay""]",signer_026,16_Trần Thị Vân Anh_39_hôm_nay_1692867015.536743_0,16_Trần Thị Vân Anh_39_hôm_nay_1692867015.536743_0,False,1144358,train
cosign_16_02144,cosign_16_02144,Hôm nay/Trần Thị Vân Anh_39_hôm_nay_1692867015.536743_0_frames_40.avi,pose_format/Hôm nay/Trần Thị Vân Anh_39_hôm_nay_1692867015.536743_0_frames_40.pkl,16,Hôm nay,Hôm nay,"[""Hôm nay""]",signer_026,16_Trần Thị Vân Anh_39_hôm_nay_1692867015.536743_0,16_Trần Thị Vân Anh_39_hôm_nay_1692867015.536743_0,False,1144358,train
cosign_16_02145,cosign_16_02145,Hôm nay/Trần Xuân Ngọc_41_hôm nay_1692688515.0737486_0_cut.avi,pose_format/Hôm nay/Trần Xuân Ngọc_41_hôm nay_1692688515.0737486_0_cut.pkl,16,Hôm nay,Hôm nay,"[""Hôm nay""]",signer_027,16_Trần Xuân Ngọc_41_hôm nay_1692688515.0737486_0,,True,1752188,train
cosign_16_02146,cosign_16_02146,Hôm nay/Trần Xuân Ngọc_41_hôm nay_1692688515.0737486_0_frames_35.avi,pose_format/Hôm nay/Trần Xuân Ngọc_41_hôm nay_1692688515.0737486_0_frames_35.pkl,16,Hôm nay,Hôm nay,"[""Hôm nay""]",signer_027,16_Trần Xuân Ngọc_41_hôm nay_1692688515.0737486_0,16_Trần Xuân Ngọc_41_hôm nay_1692688515.0737486_0,False,2167556,train
cosign_16_02147,cosign_16_02147,Hôm nay/Trần Xuân Ngọc_41_hôm nay_1692688515.0737486_0_frames_40.avi,pose_format/Hôm nay/Trần Xuân Ngọc_41_hôm nay_1692688515.0737486_0_frames_40.pkl,16,Hôm nay,Hôm nay,"[""Hôm nay""]",signer_027,16_Trần Xuân Ngọc_41_hôm nay_1692688515.0737486_0,16_Trần Xuân Ngọc_41_hôm nay_1692688515.0737486_0,False,2167556,train
cosign_16_02148,cosign_16_02148,Hôm nay/Vũ Thị Thu Phương_37_hôm nay_1692775923.6627707_0_cut.avi,pose_format/Hôm nay/Vũ Thị Thu Phương_37_hôm nay_1692775923.6627707_0_cut.pkl,16,Hôm nay,Hôm nay,"[""Hôm nay""]",signer_028,16_Vũ Thị Thu Phương_37_hôm nay_1692775923.6627707_0,,True,773230,train
cosign_16_02149,cosign_16_02149,Hôm nay/Vũ Thị Thu Phương_37_hôm nay_1692775923.6627707_0_frames_35.avi,pose_format/Hôm nay/Vũ Thị Thu Phương_37_hôm nay_1692775923.6627707_0_frames_35.pkl,16,Hôm nay,Hôm nay,"[""Hôm nay""]",signer_028,16_Vũ Thị Thu Phương_37_hôm nay_1692775923.6627707_0,16_Vũ Thị Thu Phương_37_hôm nay_1692775923.6627707_0,False,1006280,train
cosign_16_02150,cosign_16_02150,Hôm nay/Vũ Thị Thu Phương_37_hôm nay_1692775923.6627707_0_frames_40.avi,pose_format/Hôm nay/Vũ Thị Thu Phương_37_hôm nay_1692775923.6627707_0_frames_40.pkl,16,Hôm nay,Hôm nay,"[""Hôm nay""]",signer_028,16_Vũ Thị Thu Phương_37_hôm nay_1692775923.6627707_0,16_Vũ Thị Thu Phương_37_hôm nay_1692775923.6627707_0,False,1006280,train
cosign_16_02151,cosign_16_02151,Hôm nay/Đoàn Thị Thu Thủy_40_hôm nay_1692928897.1694167_0_cut.avi,pose_format/Hôm nay/Đoàn Thị Thu Thủy_40_hôm nay_1692928897.1694167_0_cut.pkl,16,Hôm nay,Hôm nay,"[""Hôm nay""]",signer_029,16_Đoàn Thị Thu Thủy_40_hôm nay_1692928897.1694167_0,,True,1161966,train
cosign_16_02152,cosign_16_02152,Hôm nay/Đoàn Thị Thu Thủy_40_hôm nay_1692928897.1694167_0_frames_35.avi,pose_format/Hôm nay/Đoàn Thị Thu Thủy_40_hôm nay_1692928897.1694167_0_frames_35.pkl,16,Hôm nay,Hôm nay,"[""Hôm nay""]",signer_029,16_Đoàn Thị Thu Thủy_40_hôm nay_1692928897.1694167_0,16_Đoàn Thị Thu Thủy_40_hôm nay_1692928897.1694167_0,False,1543920,train
cosign_16_02153,cosign_16_02153,Hôm nay/Đoàn Thị Thu Thủy_40_hôm nay_1692928897.1694167_0_frames_40.avi,pose_format/Hôm nay/Đoàn Thị Thu Thủy_40_hôm nay_1692928897.1694167_0_frames_40.pkl,16,Hôm nay,Hôm nay,"[""Hôm nay""]",signer_029,16_Đoàn Thị Thu Thủy_40_hôm nay_1692928897.1694167_0,16_Đoàn Thị Thu Thủy_40_hôm nay_1692928897.1694167_0,False,1543920,train
cosign_16_02154,cosign_16_02154,Hôm nay/Đặng Thị Kiên_37_hôm nay_1692864599.8027964_0_cut.avi,pose_format/Hôm nay/Đặng Thị Kiên_37_hôm nay_1692864599.8027964_0_cut.pkl,16,Hôm nay,Hôm nay,"[""Hôm nay""]",signer_030,16_Đặng Thị Kiên_37_hôm nay_1692864599.8027964_0,,True,931814,train
cosign_16_02155,cosign_16_02155,Hôm nay/Đặng Thị Kiên_37_hôm nay_1692864599.8027964_0_frames_35.avi,pose_format/Hôm nay/Đặng Thị Kiên_37_hôm nay_1692864599.8027964_0_frames_35.pkl,16,Hôm nay,Hôm nay,"[""Hôm nay""]",signer_030,16_Đặng Thị Kiên_37_hôm nay_1692864599.8027964_0,16_Đặng Thị Kiên_37_hôm nay_1692864599.8027964_0,False,1123650,train
cosign_16_02156,cosign_16_02156,Hôm nay/Đặng Thị Kiên_37_hôm nay_1692864599.8027964_0_frames_40.avi,pose_format/Hôm nay/Đặng Thị Kiên_37_hôm nay_1692864599.8027964_0_frames_40.pkl,16,Hôm nay,Hôm nay,"[""Hôm nay""]",signer_030,16_Đặng Thị Kiên_37_hôm nay_1692864599.8027964_0,16_Đặng Thị Kiên_37_hôm nay_1692864599.8027964_0,False,1123650,train
cosign_17_02157,cosign_17_02157,Họ/HỌ_BÙI_MAI_CHI_ (1).mp4,pose_format/Họ/HỌ_BÙI_MAI_CHI_ (1).pkl,17,Họ,Họ,"[""Họ""]",signer_318,17_HỌ_BÙI_MAI_CHI_ (1),,True,7999431,train
cosign_17_02158,cosign_17_02158,Họ/HỌ_BÙI_MAI_CHI_ (2).mp4,pose_format/Họ/HỌ_BÙI_MAI_CHI_ (2).pkl,17,Họ,Họ,"[""Họ""]",signer_318,17_HỌ_BÙI_MAI_CHI_ (2),,True,9227597,train
cosign_17_02159,cosign_17_02159,Họ/HỌ_BÙI_MAI_CHI_ (3).mp4,pose_format/Họ/HỌ_BÙI_MAI_CHI_ (3).pkl,17,Họ,Họ,"[""Họ""]",signer_318,17_HỌ_BÙI_MAI_CHI_ (3),,True,8737391,train
cosign_17_02160,cosign_17_02160,Họ/HỌ_BÙI_MAI_CHI_ (4).mp4,pose_format/Họ/HỌ_BÙI_MAI_CHI_ (4).pkl,17,Họ,Họ,"[""Họ""]",signer_318,17_HỌ_BÙI_MAI_CHI_ (4),,True,8967934,train
cosign_17_02161,cosign_17_02161,Họ/HỌ_BÙI_MAI_CHI_ (5).mp4,pose_format/Họ/HỌ_BÙI_MAI_CHI_ (5).pkl,17,Họ,Họ,"[""Họ""]",signer_318,17_HỌ_BÙI_MAI_CHI_ (5),,True,8434347,train
cosign_17_02162,cosign_17_02162,Họ/HỌ_BÙI_MẬU_VĂN_ (1).mp4,pose_format/Họ/HỌ_BÙI_MẬU_VĂN_ (1).pkl,17,Họ,Họ,"[""Họ""]",signer_319,17_HỌ_BÙI_MẬU_VĂN_ (1),,True,6446442,train
cosign_17_02163,cosign_17_02163,Họ/HỌ_BÙI_MẬU_VĂN_ (2).mp4,pose_format/Họ/HỌ_BÙI_MẬU_VĂN_ (2).pkl,17,Họ,Họ,"[""Họ""]",signer_319,17_HỌ_BÙI_MẬU_VĂN_ (2),,True,7131876,train
cosign_17_02164,cosign_17_02164,Họ/HỌ_BÙI_MẬU_VĂN_ (3).mp4,pose_format/Họ/HỌ_BÙI_MẬU_VĂN_ (3).pkl,17,Họ,Họ,"[""Họ""]",signer_319,17_HỌ_BÙI_MẬU_VĂN_ (3),,True,7856087,train
cosign_17_02165,cosign_17_02165,Họ/HỌ_BÙI_MẬU_VĂN_ (4).mp4,pose_format/Họ/HỌ_BÙI_MẬU_VĂN_ (4).pkl,17,Họ,Họ,"[""Họ""]",signer_319,17_HỌ_BÙI_MẬU_VĂN_ (4),,True,7035760,train
cosign_17_02166,cosign_17_02166,Họ/HỌ_BÙI_MẬU_VĂN_ (5).mp4,pose_format/Họ/HỌ_BÙI_MẬU_VĂN_ (5).pkl,17,Họ,Họ,"[""Họ""]",signer_319,17_HỌ_BÙI_MẬU_VĂN_ (5),,True,7211143,train
cosign_17_02167,cosign_17_02167,Họ/HỌ_LẠI_QUANG_VINH_(1).mp4,pose_format/Họ/HỌ_LẠI_QUANG_VINH_(1).pkl,17,Họ,Họ,"[""Họ""]",signer_320,17_HỌ_LẠI_QUANG_VINH_(1),,True,742223,train
cosign_17_02168,cosign_17_02168,Họ/HỌ_LẠI_QUANG_VINH_(2).mp4,pose_format/Họ/HỌ_LẠI_QUANG_VINH_(2).pkl,17,Họ,Họ,"[""Họ""]",signer_320,17_HỌ_LẠI_QUANG_VINH_(2),,True,807525,train
cosign_17_02169,cosign_17_02169,Họ/HỌ_LẠI_QUANG_VINH_(3).mp4,pose_format/Họ/HỌ_LẠI_QUANG_VINH_(3).pkl,17,Họ,Họ,"[""Họ""]",signer_320,17_HỌ_LẠI_QUANG_VINH_(3),,True,757570,train
cosign_17_02170,cosign_17_02170,Họ/HỌ_LẠI_QUANG_VINH_(4).mp4,pose_format/Họ/HỌ_LẠI_QUANG_VINH_(4).pkl,17,Họ,Họ,"[""Họ""]",signer_320,17_HỌ_LẠI_QUANG_VINH_(4),,True,755627,train
cosign_17_02171,cosign_17_02171,Họ/HỌ_LẠI_QUANG_VINH_(5).mp4,pose_format/Họ/HỌ_LẠI_QUANG_VINH_(5).pkl,17,Họ,Họ,"[""Họ""]",signer_320,17_HỌ_LẠI_QUANG_VINH_(5),,True,763178,train
cosign_17_02172,cosign_17_02172,Họ/HỌ_MAI_HOÀNG_XUÂN_ (1).mp4,pose_format/Họ/HỌ_MAI_HOÀNG_XUÂN_ (1).pkl,17,Họ,Họ,"[""Họ""]",signer_321,17_HỌ_MAI_HOÀNG_XUÂN_ (1),,True,6225356,train
cosign_17_02173,cosign_17_02173,Họ/HỌ_MAI_HOÀNG_XUÂN_ (2).mp4,pose_format/Họ/HỌ_MAI_HOÀNG_XUÂN_ (2).pkl,17,Họ,Họ,"[""Họ""]",signer_321,17_HỌ_MAI_HOÀNG_XUÂN_ (2),,True,6736134,train
cosign_17_02174,cosign_17_02174,Họ/HỌ_MAI_HOÀNG_XUÂN_ (3).mp4,pose_format/Họ/HỌ_MAI_HOÀNG_XUÂN_ (3).pkl,17,Họ,Họ,"[""Họ""]",signer_321,17_HỌ_MAI_HOÀNG_XUÂN_ (3),,True,6262247,train
cosign_17_02175,cosign_17_02175,Họ/HỌ_MAI_HOÀNG_XUÂN_ (4).mp4,pose_format/Họ/HỌ_MAI_HOÀNG_XUÂN_ (4).pkl,17,Họ,Họ,"[""Họ""]",signer_321,17_HỌ_MAI_HOÀNG_XUÂN_ (4),,True,5991210,train
cosign_17_02176,cosign_17_02176,Họ/HỌ_MAI_HOÀNG_XUÂN_ (5).mp4,pose_format/Họ/HỌ_MAI_HOÀNG_XUÂN_ (5).pkl,17,Họ,Họ,"[""Họ""]",signer_321,17_HỌ_MAI_HOÀNG_XUÂN_ (5),,True,5626454,train
cosign_17_02177,cosign_17_02177,Họ/HỌ_NGUYỄN_HOÀNG_ĐIỆP_ (1).mp4,pose_format/Họ/HỌ_NGUYỄN_HOÀNG_ĐIỆP_ (1).pkl,17,Họ,Họ,"[""Họ""]",signer_322,17_HỌ_NGUYỄN_HOÀNG_ĐIỆP_ (1),,True,7140899,train
cosign_17_02178,cosign_17_02178,Họ/HỌ_NGUYỄN_HOÀNG_ĐIỆP_ (2).mp4,pose_format/Họ/HỌ_NGUYỄN_HOÀNG_ĐIỆP_ (2).pkl,17,Họ,Họ,"[""Họ""]",signer_322,17_HỌ_NGUYỄN_HOÀNG_ĐIỆP_ (2),,True,7785184,train
cosign_17_02179,cosign_17_02179,Họ/HỌ_NGUYỄN_HOÀNG_ĐIỆP_ (3).mp4,pose_format/Họ/HỌ_NGUYỄN_HOÀNG_ĐIỆP_ (3).pkl,17,Họ,Họ,"[""Họ""]",signer_322,17_HỌ_NGUYỄN_HOÀNG_ĐIỆP_ (3),,True,8173162,train
cosign_17_02180,cosign_17_02180,Họ/HỌ_NGUYỄN_HOÀNG_ĐIỆP_ (4).mp4,pose_format/Họ/HỌ_NGUYỄN_HOÀNG_ĐIỆP_ (4).pkl,17,Họ,Họ,"[""Họ""]",signer_322,17_HỌ_NGUYỄN_HOÀNG_ĐIỆP_ (4),,True,6619699,train
cosign_17_02181,cosign_17_02181,Họ/HỌ_NGUYỄN_HOÀNG_ĐIỆP_ (5).mp4,pose_format/Họ/HỌ_NGUYỄN_HOÀNG_ĐIỆP_ (5).pkl,17,Họ,Họ,"[""Họ""]",signer_322,17_HỌ_NGUYỄN_HOÀNG_ĐIỆP_ (5),,True,6973003,train
cosign_17_02182,cosign_17_02182,Họ/HỌ_NGUYỄN_PHƯƠNG_ANH_ (1).mp4,pose_format/Họ/HỌ_NGUYỄN_PHƯƠNG_ANH_ (1).pkl,17,Họ,Họ,"[""Họ""]",signer_323,17_HỌ_NGUYỄN_PHƯƠNG_ANH_ (1),,True,6159349,train
cosign_17_02183,cosign_17_02183,Họ/HỌ_NGUYỄN_PHƯƠNG_ANH_ (2).mp4,pose_format/Họ/HỌ_NGUYỄN_PHƯƠNG_ANH_ (2).pkl,17,Họ,Họ,"[""Họ""]",signer_323,17_HỌ_NGUYỄN_PHƯƠNG_ANH_ (2),,True,6971876,train
cosign_17_02184,cosign_17_02184,Họ/HỌ_NGUYỄN_PHƯƠNG_ANH_ (3).mp4,pose_format/Họ/HỌ_NGUYỄN_PHƯƠNG_ANH_ (3).pkl,17,Họ,Họ,"[""Họ""]",signer_323,17_HỌ_NGUYỄN_PHƯƠNG_ANH_ (3),,True,7050395,train
cosign_17_02185,cosign_17_02185,Họ/HỌ_NGUYỄN_PHƯƠNG_ANH_ (4).mp4,pose_format/Họ/HỌ_NGUYỄN_PHƯƠNG_ANH_ (4).pkl,17,Họ,Họ,"[""Họ""]",signer_323,17_HỌ_NGUYỄN_PHƯƠNG_ANH_ (4),,True,7016057,train
cosign_17_02186,cosign_17_02186,Họ/HỌ_NGUYỄN_PHƯƠNG_ANH_ (5).mp4,pose_format/Họ/HỌ_NGUYỄN_PHƯƠNG_ANH_ (5).pkl,17,Họ,Họ,"[""Họ""]",signer_323,17_HỌ_NGUYỄN_PHƯƠNG_ANH_ (5),,True,6536636,train
cosign_17_02187,cosign_17_02187,Họ/HỌ_NGUYỄN_VIẾT_QUANG_ (1).mp4,pose_format/Họ/HỌ_NGUYỄN_VIẾT_QUANG_ (1).pkl,17,Họ,Họ,"[""Họ""]",signer_324,17_HỌ_NGUYỄN_VIẾT_QUANG_ (1),,True,6085396,train
cosign_17_02188,cosign_17_02188,Họ/HỌ_NGUYỄN_VIẾT_QUANG_ (2).mp4,pose_format/Họ/HỌ_NGUYỄN_VIẾT_QUANG_ (2).pkl,17,Họ,Họ,"[""Họ""]",signer_324,17_HỌ_NGUYỄN_VIẾT_QUANG_ (2),,True,6047379,train
cosign_17_02189,cosign_17_02189,Họ/HỌ_NGUYỄN_VIẾT_QUANG_ (3).mp4,pose_format/Họ/HỌ_NGUYỄN_VIẾT_QUANG_ (3).pkl,17,Họ,Họ,"[""Họ""]",signer_324,17_HỌ_NGUYỄN_VIẾT_QUANG_ (3),,True,6210648,train
cosign_17_02190,cosign_17_02190,Họ/HỌ_NGUYỄN_VIẾT_QUANG_ (4).mp4,pose_format/Họ/HỌ_NGUYỄN_VIẾT_QUANG_ (4).pkl,17,Họ,Họ,"[""Họ""]",signer_324,17_HỌ_NGUYỄN_VIẾT_QUANG_ (4),,True,6214464,train
cosign_17_02191,cosign_17_02191,Họ/HỌ_NGUYỄN_VIẾT_QUANG_ (5).mp4,pose_format/Họ/HỌ_NGUYỄN_VIẾT_QUANG_ (5).pkl,17,Họ,Họ,"[""Họ""]",signer_324,17_HỌ_NGUYỄN_VIẾT_QUANG_ (5),,True,5973696,train
cosign_17_02192,cosign_17_02192,Họ/HỌ_NGÔ_TUẤN_ANH_ (1).mp4,pose_format/Họ/HỌ_NGÔ_TUẤN_ANH_ (1).pkl,17,Họ,Họ,"[""Họ""]",signer_325,17_HỌ_NGÔ_TUẤN_ANH_ (1),,True,8085172,train
cosign_17_02193,cosign_17_02193,Họ/HỌ_NGÔ_TUẤN_ANH_ (2).mp4,pose_format/Họ/HỌ_NGÔ_TUẤN_ANH_ (2).pkl,17,Họ,Họ,"[""Họ""]",signer_325,17_HỌ_NGÔ_TUẤN_ANH_ (2),,True,8951036,train
cosign_17_02194,cosign_17_02194,Họ/HỌ_NGÔ_TUẤN_ANH_ (3).mp4,pose_format/Họ/HỌ_NGÔ_TUẤN_ANH_ (3).pkl,17,Họ,Họ,"[""Họ""]",signer_325,17_HỌ_NGÔ_TUẤN_ANH_ (3),,True,9639534,train
cosign_17_02195,cosign_17_02195,Họ/HỌ_NGÔ_TUẤN_ANH_ (4).mp4,pose_format/Họ/HỌ_NGÔ_TUẤN_ANH_ (4).pkl,17,Họ,Họ,"[""Họ""]",signer_325,17_HỌ_NGÔ_TUẤN_ANH_ (4),,True,8582688,train
cosign_17_02196,cosign_17_02196,Họ/HỌ_NGÔ_TUẤN_ANH_ (5).mp4,pose_format/Họ/HỌ_NGÔ_TUẤN_ANH_ (5).pkl,17,Họ,Họ,"[""Họ""]",signer_325,17_HỌ_NGÔ_TUẤN_ANH_ (5),,True,8398290,train
cosign_17_02197,cosign_17_02197,Họ/HỌ_PHẠM_ĐÌNH_HẢI_(1).mp4,pose_format/Họ/HỌ_PHẠM_ĐÌNH_HẢI_(1).pkl,17,Họ,Họ,"[""Họ""]",signer_326,17_HỌ_PHẠM_ĐÌNH_HẢI_(1),,True,12903817,train
cosign_17_02198,cosign_17_02198,Họ/HỌ_PHẠM_ĐÌNH_HẢI_(2).mp4,pose_format/Họ/HỌ_PHẠM_ĐÌNH_HẢI_(2).pkl,17,Họ,Họ,"[""Họ""]",signer_326,17_HỌ_PHẠM_ĐÌNH_HẢI_(2),,True,12941521,train
cosign_17_02199,cosign_17_02199,Họ/HỌ_PHẠM_ĐÌNH_HẢI_(3).mp4,pose_format/Họ/HỌ_PHẠM_ĐÌNH_HẢI_(3).pkl,17,Họ,Họ,"[""Họ""]",signer_326,17_HỌ_PHẠM_ĐÌNH_HẢI_(3),,True,12312032,train
cosign_17_02200,cosign_17_02200,Họ/HỌ_PHẠM_ĐÌNH_HẢI_(4).mp4,pose_format/Họ/HỌ_PHẠM_ĐÌNH_HẢI_(4).pkl,17,Họ,Họ,"[""Họ""]",signer_326,17_HỌ_PHẠM_ĐÌNH_HẢI_(4),,True,12684328,train
cosign_17_02201,cosign_17_02201,Họ/HỌ_PHẠM_ĐÌNH_HẢI_(5).mp4,pose_format/Họ/HỌ_PHẠM_ĐÌNH_HẢI_(5).pkl,17,Họ,Họ,"[""Họ""]",signer_326,17_HỌ_PHẠM_ĐÌNH_HẢI_(5),,True,14539768,train
cosign_17_02202,cosign_17_02202,Họ/HỌ_TRƯƠNG_NGỌC_DIỄM_ (1).mp4,pose_format/Họ/HỌ_TRƯƠNG_NGỌC_DIỄM_ (1).pkl,17,Họ,Họ,"[""Họ""]",signer_327,17_HỌ_TRƯƠNG_NGỌC_DIỄM_ (1),,True,7094306,train
cosign_17_02203,cosign_17_02203,Họ/HỌ_TRƯƠNG_NGỌC_DIỄM_ (2).mp4,pose_format/Họ/HỌ_TRƯƠNG_NGỌC_DIỄM_ (2).pkl,17,Họ,Họ,"[""Họ""]",signer_327,17_HỌ_TRƯƠNG_NGỌC_DIỄM_ (2),,True,7084557,train
cosign_17_02204,cosign_17_02204,Họ/HỌ_TRƯƠNG_NGỌC_DIỄM_ (3).mp4,pose_format/Họ/HỌ_TRƯƠNG_NGỌC_DIỄM_ (3).pkl,17,Họ,Họ,"[""Họ""]",signer_327,17_HỌ_TRƯƠNG_NGỌC_DIỄM_ (3),,True,7560418,train
cosign_17_02205,cosign_17_02205,Họ/HỌ_TRƯƠNG_NGỌC_DIỄM_ (4).mp4,pose_format/Họ/HỌ_TRƯƠNG_NGỌC_DIỄM_ (4).pkl,17,Họ,Họ,"[""Họ""]",signer_327,17_HỌ_TRƯƠNG_NGỌC_DIỄM_ (4),,True,7572616,train
cosign_17_02206,cosign_17_02206,Họ/HỌ_TRƯƠNG_NGỌC_DIỄM_ (5).mp4,pose_format/Họ/HỌ_TRƯƠNG_NGỌC_DIỄM_ (5).pkl,17,Họ,Họ,"[""Họ""]",signer_327,17_HỌ_TRƯƠNG_NGỌC_DIỄM_ (5),,True,7163859,train
cosign_17_02207,cosign_17_02207,Họ/HỌ_TRẦN_TUẤN_MINH_ (1).mp4,pose_format/Họ/HỌ_TRẦN_TUẤN_MINH_ (1).pkl,17,Họ,Họ,"[""Họ""]",signer_328,17_HỌ_TRẦN_TUẤN_MINH_ (1),,True,6412538,train
cosign_17_02208,cosign_17_02208,Họ/HỌ_TRẦN_TUẤN_MINH_ (2).mp4,pose_format/Họ/HỌ_TRẦN_TUẤN_MINH_ (2).pkl,17,Họ,Họ,"[""Họ""]",signer_328,17_HỌ_TRẦN_TUẤN_MINH_ (2),,True,6849010,train
cosign_17_02209,cosign_17_02209,Họ/HỌ_TRẦN_TUẤN_MINH_ (3).mp4,pose_format/Họ/HỌ_TRẦN_TUẤN_MINH_ (3).pkl,17,Họ,Họ,"[""Họ""]",signer_328,17_HỌ_TRẦN_TUẤN_MINH_ (3),,True,7242227,train
cosign_17_02210,cosign_17_02210,Họ/HỌ_TRẦN_TUẤN_MINH_ (4).mp4,pose_format/Họ/HỌ_TRẦN_TUẤN_MINH_ (4).pkl,17,Họ,Họ,"[""Họ""]",signer_328,17_HỌ_TRẦN_TUẤN_MINH_ (4),,True,7558231,train
cosign_17_02211,cosign_17_02211,Họ/HỌ_TRẦN_TUẤN_MINH_ (5).mp4,pose_format/Họ/HỌ_TRẦN_TUẤN_MINH_ (5).pkl,17,Họ,Họ,"[""Họ""]",signer_328,17_HỌ_TRẦN_TUẤN_MINH_ (5),,True,7826859,train
cosign_17_02212,cosign_17_02212,Họ/HỌ_TRẦN_ĐỨC_QUÂN_ (1).mp4,pose_format/Họ/HỌ_TRẦN_ĐỨC_QUÂN_ (1).pkl,17,Họ,Họ,"[""Họ""]",signer_329,17_HỌ_TRẦN_ĐỨC_QUÂN_ (1),,True,5243558,train
cosign_17_02213,cosign_17_02213,Họ/HỌ_TRẦN_ĐỨC_QUÂN_ (2).mp4,pose_format/Họ/HỌ_TRẦN_ĐỨC_QUÂN_ (2).pkl,17,Họ,Họ,"[""Họ""]",signer_329,17_HỌ_TRẦN_ĐỨC_QUÂN_ (2),,True,5342696,train
cosign_17_02214,cosign_17_02214,Họ/HỌ_TRẦN_ĐỨC_QUÂN_ (3).mp4,pose_format/Họ/HỌ_TRẦN_ĐỨC_QUÂN_ (3).pkl,17,Họ,Họ,"[""Họ""]",signer_329,17_HỌ_TRẦN_ĐỨC_QUÂN_ (3),,True,5376429,train
cosign_17_02215,cosign_17_02215,Họ/HỌ_TRẦN_ĐỨC_QUÂN_ (4).mp4,pose_format/Họ/HỌ_TRẦN_ĐỨC_QUÂN_ (4).pkl,17,Họ,Họ,"[""Họ""]",signer_329,17_HỌ_TRẦN_ĐỨC_QUÂN_ (4),,True,6547249,train
cosign_17_02216,cosign_17_02216,Họ/HỌ_TRẦN_ĐỨC_QUÂN_ (5).mp4,pose_format/Họ/HỌ_TRẦN_ĐỨC_QUÂN_ (5).pkl,17,Họ,Họ,"[""Họ""]",signer_329,17_HỌ_TRẦN_ĐỨC_QUÂN_ (5),,True,6983432,train
cosign_17_02217,cosign_17_02217,Họ/HỌ_TẠ_THỊ_PHƯƠNG_LINH_ (1).mp4,pose_format/Họ/HỌ_TẠ_THỊ_PHƯƠNG_LINH_ (1).pkl,17,Họ,Họ,"[""Họ""]",signer_330,17_HỌ_TẠ_THỊ_PHƯƠNG_LINH_ (1),,True,5558872,train
cosign_17_02218,cosign_17_02218,Họ/HỌ_TẠ_THỊ_PHƯƠNG_LINH_ (2).mp4,pose_format/Họ/HỌ_TẠ_THỊ_PHƯƠNG_LINH_ (2).pkl,17,Họ,Họ,"[""Họ""]",signer_330,17_HỌ_TẠ_THỊ_PHƯƠNG_LINH_ (2),,True,4756165,train
cosign_17_02219,cosign_17_02219,Họ/HỌ_TẠ_THỊ_PHƯƠNG_LINH_ (3).mp4,pose_format/Họ/HỌ_TẠ_THỊ_PHƯƠNG_LINH_ (3).pkl,17,Họ,Họ,"[""Họ""]",signer_330,17_HỌ_TẠ_THỊ_PHƯƠNG_LINH_ (3),,True,5012129,train
cosign_17_02220,cosign_17_02220,Họ/HỌ_TẠ_THỊ_PHƯƠNG_LINH_ (4).mp4,pose_format/Họ/HỌ_TẠ_THỊ_PHƯƠNG_LINH_ (4).pkl,17,Họ,Họ,"[""Họ""]",signer_330,17_HỌ_TẠ_THỊ_PHƯƠNG_LINH_ (4),,True,4574926,train
cosign_17_02221,cosign_17_02221,Họ/HỌ_TẠ_THỊ_PHƯƠNG_LINH_ (5).mp4,pose_format/Họ/HỌ_TẠ_THỊ_PHƯƠNG_LINH_ (5).pkl,17,Họ,Họ,"[""Họ""]",signer_330,17_HỌ_TẠ_THỊ_PHƯƠNG_LINH_ (5),,True,4892274,train
cosign_17_02222,cosign_17_02222,Họ/HỌ_VŨ_HUY_DU_ (1).mp4,pose_format/Họ/HỌ_VŨ_HUY_DU_ (1).pkl,17,Họ,Họ,"[""Họ""]",signer_331,17_HỌ_VŨ_HUY_DU_ (1),,True,7349416,train
cosign_17_02223,cosign_17_02223,Họ/HỌ_VŨ_HUY_DU_ (2).mp4,pose_format/Họ/HỌ_VŨ_HUY_DU_ (2).pkl,17,Họ,Họ,"[""Họ""]",signer_331,17_HỌ_VŨ_HUY_DU_ (2),,True,6944131,train
cosign_17_02224,cosign_17_02224,Họ/HỌ_VŨ_HUY_DU_ (3).mp4,pose_format/Họ/HỌ_VŨ_HUY_DU_ (3).pkl,17,Họ,Họ,"[""Họ""]",signer_331,17_HỌ_VŨ_HUY_DU_ (3),,True,7334624,train
cosign_17_02225,cosign_17_02225,Họ/HỌ_VŨ_HUY_DU_ (4).mp4,pose_format/Họ/HỌ_VŨ_HUY_DU_ (4).pkl,17,Họ,Họ,"[""Họ""]",signer_331,17_HỌ_VŨ_HUY_DU_ (4),,True,6505867,train
cosign_17_02226,cosign_17_02226,Họ/HỌ_VŨ_HUY_DU_ (5).mp4,pose_format/Họ/HỌ_VŨ_HUY_DU_ (5).pkl,17,Họ,Họ,"[""Họ""]",signer_331,17_HỌ_VŨ_HUY_DU_ (5),,True,6737650,train
cosign_17_02227,cosign_17_02227,Họ/HỌ_VŨ_KẾT_ĐỒNG_1.mp4,pose_format/Họ/HỌ_VŨ_KẾT_ĐỒNG_1.pkl,17,Họ,Họ,"[""Họ""]",signer_332,17_HỌ_VŨ_KẾT_ĐỒNG_1,,True,7216286,train
cosign_17_02228,cosign_17_02228,Họ/HỌ_VŨ_KẾT_ĐỒNG_2.mp4,pose_format/Họ/HỌ_VŨ_KẾT_ĐỒNG_2.pkl,17,Họ,Họ,"[""Họ""]",signer_332,17_HỌ_VŨ_KẾT_ĐỒNG_2,,True,7817919,train
cosign_17_02229,cosign_17_02229,Họ/HỌ_VŨ_KẾT_ĐỒNG_3.mp4,pose_format/Họ/HỌ_VŨ_KẾT_ĐỒNG_3.pkl,17,Họ,Họ,"[""Họ""]",signer_332,17_HỌ_VŨ_KẾT_ĐỒNG_3,,True,7360846,train
cosign_17_02230,cosign_17_02230,Họ/HỌ_VŨ_KẾT_ĐỒNG_4.mp4,pose_format/Họ/HỌ_VŨ_KẾT_ĐỒNG_4.pkl,17,Họ,Họ,"[""Họ""]",signer_332,17_HỌ_VŨ_KẾT_ĐỒNG_4,,True,7298651,train
cosign_17_02231,cosign_17_02231,Họ/HỌ_VŨ_KẾT_ĐỒNG_5.mp4,pose_format/Họ/HỌ_VŨ_KẾT_ĐỒNG_5.pkl,17,Họ,Họ,"[""Họ""]",signer_332,17_HỌ_VŨ_KẾT_ĐỒNG_5,,True,7808602,train
cosign_17_02232,cosign_17_02232,Họ/Họ_LQm.mp4,pose_format/Họ/Họ_LQm.pkl,17,Họ,Họ,"[""Họ""]",signer_333,17_Họ_LQm,,True,6624927,train
cosign_17_02233,cosign_17_02233,Họ/Họ_LQm (2).mp4,pose_format/Họ/Họ_LQm (2).pkl,17,Họ,Họ,"[""Họ""]",signer_333,17_Họ_LQm (2),,True,7160248,train
cosign_17_02234,cosign_17_02234,Họ/Họ_LQm (3).mp4,pose_format/Họ/Họ_LQm (3).pkl,17,Họ,Họ,"[""Họ""]",signer_333,17_Họ_LQm (3),,True,6588371,train
cosign_17_02235,cosign_17_02235,Họ/Họ_LQm (4).mp4,pose_format/Họ/Họ_LQm (4).pkl,17,Họ,Họ,"[""Họ""]",signer_333,17_Họ_LQm (4),,True,6822798,train
cosign_17_02236,cosign_17_02236,Họ/Họ_LQm (5).mp4,pose_format/Họ/Họ_LQm (5).pkl,17,Họ,Họ,"[""Họ""]",signer_333,17_Họ_LQm (5),,True,6903766,train
cosign_17_02237,cosign_17_02237,Họ/Họ_MVT.mp4,pose_format/Họ/Họ_MVT.pkl,17,Họ,Họ,"[""Họ""]",signer_334,17_Họ_MVT,,True,9115651,train
cosign_17_02238,cosign_17_02238,Họ/Họ_MVT (2).mp4,pose_format/Họ/Họ_MVT (2).pkl,17,Họ,Họ,"[""Họ""]",signer_334,17_Họ_MVT (2),,True,9136879,train
cosign_17_02239,cosign_17_02239,Họ/Họ_MVT (3).mp4,pose_format/Họ/Họ_MVT (3).pkl,17,Họ,Họ,"[""Họ""]",signer_334,17_Họ_MVT (3),,True,8391519,train
cosign_17_02240,cosign_17_02240,Họ/Họ_MVT (4).mp4,pose_format/Họ/Họ_MVT (4).pkl,17,Họ,Họ,"[""Họ""]",signer_334,17_Họ_MVT (4),,True,9177361,train
cosign_17_02241,cosign_17_02241,Họ/Họ_MVT (5).mp4,pose_format/Họ/Họ_MVT (5).pkl,17,Họ,Họ,"[""Họ""]",signer_334,17_Họ_MVT (5),,True,7868907,train
cosign_17_02242,cosign_17_02242,Họ/Lê Phương Thảo_12_Họ_1692761192.5904577_0_cut.avi,pose_format/Họ/Lê Phương Thảo_12_Họ_1692761192.5904577_0_cut.pkl,17,Họ,Họ,"[""Họ""]",signer_019,17_Lê Phương Thảo_12_Họ_1692761192.5904577_0,,True,676454,train
cosign_17_02243,cosign_17_02243,Họ/Lê Phương Thảo_12_Họ_1692761192.5904577_0_frames_35.avi,pose_format/Họ/Lê Phương Thảo_12_Họ_1692761192.5904577_0_frames_35.pkl,17,Họ,Họ,"[""Họ""]",signer_019,17_Lê Phương Thảo_12_Họ_1692761192.5904577_0,17_Lê Phương Thảo_12_Họ_1692761192.5904577_0,False,811648,train
cosign_17_02244,cosign_17_02244,Họ/Lê Phương Thảo_12_Họ_1692761192.5904577_0_frames_40.avi,pose_format/Họ/Lê Phương Thảo_12_Họ_1692761192.5904577_0_frames_40.pkl,17,Họ,Họ,"[""Họ""]",signer_019,17_Lê Phương Thảo_12_Họ_1692761192.5904577_0,17_Lê Phương Thảo_12_Họ_1692761192.5904577_0,False,811648,train
cosign_17_02245,cosign_17_02245,Họ/Lê Thanh Như_12_Họ_1692760756.9782414_0_cut.avi,pose_format/Họ/Lê Thanh Như_12_Họ_1692760756.9782414_0_cut.pkl,17,Họ,Họ,"[""Họ""]",signer_020,17_Lê Thanh Như_12_Họ_1692760756.9782414_0,,True,1015674,train
cosign_17_02246,cosign_17_02246,Họ/Lê Thanh Như_12_Họ_1692760756.9782414_0_frames_35.avi,pose_format/Họ/Lê Thanh Như_12_Họ_1692760756.9782414_0_frames_35.pkl,17,Họ,Họ,"[""Họ""]",signer_020,17_Lê Thanh Như_12_Họ_1692760756.9782414_0,17_Lê Thanh Như_12_Họ_1692760756.9782414_0,False,1292050,train
cosign_17_02247,cosign_17_02247,Họ/Lê Thanh Như_12_Họ_1692760756.9782414_0_frames_40.avi,pose_format/Họ/Lê Thanh Như_12_Họ_1692760756.9782414_0_frames_40.pkl,17,Họ,Họ,"[""Họ""]",signer_020,17_Lê Thanh Như_12_Họ_1692760756.9782414_0,17_Lê Thanh Như_12_Họ_1692760756.9782414_0,False,1292050,train
cosign_17_02248,cosign_17_02248,Họ/Nguyễn Gia Bảo_10_Họ_1692761270.8026135_0_cut.avi,pose_format/Họ/Nguyễn Gia Bảo_10_Họ_1692761270.8026135_0_cut.pkl,17,Họ,Họ,"[""Họ""]",signer_021,17_Nguyễn Gia Bảo_10_Họ_1692761270.8026135_0,,True,1610858,train
cosign_17_02249,cosign_17_02249,Họ/Nguyễn Gia Bảo_10_Họ_1692761270.8026135_0_frames_35.avi,pose_format/Họ/Nguyễn Gia Bảo_10_Họ_1692761270.8026135_0_frames_35.pkl,17,Họ,Họ,"[""Họ""]",signer_021,17_Nguyễn Gia Bảo_10_Họ_1692761270.8026135_0,17_Nguyễn Gia Bảo_10_Họ_1692761270.8026135_0,False,1990514,train
cosign_17_02250,cosign_17_02250,Họ/Nguyễn Gia Bảo_10_Họ_1692761270.8026135_0_frames_40.avi,pose_format/Họ/Nguyễn Gia Bảo_10_Họ_1692761270.8026135_0_frames_40.pkl,17,Họ,Họ,"[""Họ""]",signer_021,17_Nguyễn Gia Bảo_10_Họ_1692761270.8026135_0,17_Nguyễn Gia Bảo_10_Họ_1692761270.8026135_0,False,1990514,train
cosign_17_02251,cosign_17_02251,Họ/Nguyễn Thị Huyền_35_họ_1692838561.7624166_0_cut.avi,pose_format/Họ/Nguyễn Thị Huyền_35_họ_1692838561.7624166_0_cut.pkl,17,Họ,Họ,"[""Họ""]",signer_022,17_Nguyễn Thị Huyền_35_họ_1692838561.7624166_0,,True,1259464,train
cosign_17_02252,cosign_17_02252,Họ/Nguyễn Thị Huyền_35_họ_1692838561.7624166_0_frames_35.avi,pose_format/Họ/Nguyễn Thị Huyền_35_họ_1692838561.7624166_0_frames_35.pkl,17,Họ,Họ,"[""Họ""]",signer_022,17_Nguyễn Thị Huyền_35_họ_1692838561.7624166_0,17_Nguyễn Thị Huyền_35_họ_1692838561.7624166_0,False,1623158,train
cosign_17_02253,cosign_17_02253,Họ/Nguyễn Thị Huyền_35_họ_1692838561.7624166_0_frames_40.avi,pose_format/Họ/Nguyễn Thị Huyền_35_họ_1692838561.7624166_0_frames_40.pkl,17,Họ,Họ,"[""Họ""]",signer_022,17_Nguyễn Thị Huyền_35_họ_1692838561.7624166_0,17_Nguyễn Thị Huyền_35_họ_1692838561.7624166_0,False,1623158,train
cosign_17_02254,cosign_17_02254,Họ/Nguyễn Thị Hồng_32_Họ_1692931844.2898245_0_cut.avi,pose_format/Họ/Nguyễn Thị Hồng_32_Họ_1692931844.2898245_0_cut.pkl,17,Họ,Họ,"[""Họ""]",signer_023,17_Nguyễn Thị Hồng_32_Họ_1692931844.2898245_0,,True,781870,train
cosign_17_02255,cosign_17_02255,Họ/Nguyễn Thị Hồng_32_Họ_1692931844.2898245_0_frames_35.avi,pose_format/Họ/Nguyễn Thị Hồng_32_Họ_1692931844.2898245_0_frames_35.pkl,17,Họ,Họ,"[""Họ""]",signer_023,17_Nguyễn Thị Hồng_32_Họ_1692931844.2898245_0,17_Nguyễn Thị Hồng_32_Họ_1692931844.2898245_0,False,966436,train
cosign_17_02256,cosign_17_02256,Họ/Nguyễn Thị Hồng_32_Họ_1692931844.2898245_0_frames_40.avi,pose_format/Họ/Nguyễn Thị Hồng_32_Họ_1692931844.2898245_0_frames_40.pkl,17,Họ,Họ,"[""Họ""]",signer_023,17_Nguyễn Thị Hồng_32_Họ_1692931844.2898245_0,17_Nguyễn Thị Hồng_32_Họ_1692931844.2898245_0,False,966436,train
cosign_17_02257,cosign_17_02257,Họ/Nguyễn Thị Mai Anh_39_họ_1693012969.4163787_0_cut.avi,pose_format/Họ/Nguyễn Thị Mai Anh_39_họ_1693012969.4163787_0_cut.pkl,17,Họ,Họ,"[""Họ""]",signer_024,17_Nguyễn Thị Mai Anh_39_họ_1693012969.4163787_0,,True,850432,train
cosign_17_02258,cosign_17_02258,Họ/Nguyễn Thị Mai Anh_39_họ_1693012969.4163787_0_frames_35.avi,pose_format/Họ/Nguyễn Thị Mai Anh_39_họ_1693012969.4163787_0_frames_35.pkl,17,Họ,Họ,"[""Họ""]",signer_024,17_Nguyễn Thị Mai Anh_39_họ_1693012969.4163787_0,17_Nguyễn Thị Mai Anh_39_họ_1693012969.4163787_0,False,992372,train
cosign_17_02259,cosign_17_02259,Họ/Nguyễn Thị Mai Anh_39_họ_1693012969.4163787_0_frames_40.avi,pose_format/Họ/Nguyễn Thị Mai Anh_39_họ_1693012969.4163787_0_frames_40.pkl,17,Họ,Họ,"[""Họ""]",signer_024,17_Nguyễn Thị Mai Anh_39_họ_1693012969.4163787_0,17_Nguyễn Thị Mai Anh_39_họ_1693012969.4163787_0,False,992372,train
cosign_17_02260,cosign_17_02260,Họ/Nguyễn Thị Thu Trang_38_Họ_1692773718.943184_0_cut.avi,pose_format/Họ/Nguyễn Thị Thu Trang_38_Họ_1692773718.943184_0_cut.pkl,17,Họ,Họ,"[""Họ""]",signer_025,17_Nguyễn Thị Thu Trang_38_Họ_1692773718.943184_0,,True,638274,train
cosign_17_02261,cosign_17_02261,Họ/Nguyễn Thị Thu Trang_38_Họ_1692773718.943184_0_frames_35.avi,pose_format/Họ/Nguyễn Thị Thu Trang_38_Họ_1692773718.943184_0_frames_35.pkl,17,Họ,Họ,"[""Họ""]",signer_025,17_Nguyễn Thị Thu Trang_38_Họ_1692773718.943184_0,17_Nguyễn Thị Thu Trang_38_Họ_1692773718.943184_0,False,842896,train
cosign_17_02262,cosign_17_02262,Họ/Nguyễn Thị Thu Trang_38_Họ_1692773718.943184_0_frames_40.avi,pose_format/Họ/Nguyễn Thị Thu Trang_38_Họ_1692773718.943184_0_frames_40.pkl,17,Họ,Họ,"[""Họ""]",signer_025,17_Nguyễn Thị Thu Trang_38_Họ_1692773718.943184_0,17_Nguyễn Thị Thu Trang_38_Họ_1692773718.943184_0,False,842896,train
cosign_17_02263,cosign_17_02263,Họ/Phạm Thị Mai Hương_32_Họ_1692773550.594383_0_cut.avi,pose_format/Họ/Phạm Thị Mai Hương_32_Họ_1692773550.594383_0_cut.pkl,17,Họ,Họ,"[""Họ""]",signer_066,17_Phạm Thị Mai Hương_32_Họ_1692773550.594383_0,,True,755812,train
cosign_17_02264,cosign_17_02264,Họ/Phạm Thị Mai Hương_32_Họ_1692773550.594383_0_frames_35.avi,pose_format/Họ/Phạm Thị Mai Hương_32_Họ_1692773550.594383_0_frames_35.pkl,17,Họ,Họ,"[""Họ""]",signer_066,17_Phạm Thị Mai Hương_32_Họ_1692773550.594383_0,17_Phạm Thị Mai Hương_32_Họ_1692773550.594383_0,False,937054,train
cosign_17_02265,cosign_17_02265,Họ/Phạm Thị Mai Hương_32_Họ_1692773550.594383_0_frames_40.avi,pose_format/Họ/Phạm Thị Mai Hương_32_Họ_1692773550.594383_0_frames_40.pkl,17,Họ,Họ,"[""Họ""]",signer_066,17_Phạm Thị Mai Hương_32_Họ_1692773550.594383_0,17_Phạm Thị Mai Hương_32_Họ_1692773550.594383_0,False,937054,train
cosign_17_02266,cosign_17_02266,Họ/Vũ Thị Thu Phương_37_họ_1692775797.4206722_0_cut.avi,pose_format/Họ/Vũ Thị Thu Phương_37_họ_1692775797.4206722_0_cut.pkl,17,Họ,Họ,"[""Họ""]",signer_028,17_Vũ Thị Thu Phương_37_họ_1692775797.4206722_0,,True,654694,train
cosign_17_02267,cosign_17_02267,Họ/Vũ Thị Thu Phương_37_họ_1692775797.4206722_0_frames_35.avi,pose_format/Họ/Vũ Thị Thu Phương_37_họ_1692775797.4206722_0_frames_35.pkl,17,Họ,Họ,"[""Họ""]",signer_028,17_Vũ Thị Thu Phương_37_họ_1692775797.4206722_0,17_Vũ Thị Thu Phương_37_họ_1692775797.4206722_0,False,805182,train
cosign_17_02268,cosign_17_02268,Họ/Vũ Thị Thu Phương_37_họ_1692775797.4206722_0_frames_40.avi,pose_format/Họ/Vũ Thị Thu Phương_37_họ_1692775797.4206722_0_frames_40.pkl,17,Họ,Họ,"[""Họ""]",signer_028,17_Vũ Thị Thu Phương_37_họ_1692775797.4206722_0,17_Vũ Thị Thu Phương_37_họ_1692775797.4206722_0,False,805182,train
cosign_17_02269,cosign_17_02269,Họ/Đoàn Thị Thu Thủy_40_họ_1692928642.4848628_0_cut.avi,pose_format/Họ/Đoàn Thị Thu Thủy_40_họ_1692928642.4848628_0_cut.pkl,17,Họ,Họ,"[""Họ""]",signer_029,17_Đoàn Thị Thu Thủy_40_họ_1692928642.4848628_0,,True,1041010,train
cosign_17_02270,cosign_17_02270,Họ/Đoàn Thị Thu Thủy_40_họ_1692928642.4848628_0_frames_35.avi,pose_format/Họ/Đoàn Thị Thu Thủy_40_họ_1692928642.4848628_0_frames_35.pkl,17,Họ,Họ,"[""Họ""]",signer_029,17_Đoàn Thị Thu Thủy_40_họ_1692928642.4848628_0,17_Đoàn Thị Thu Thủy_40_họ_1692928642.4848628_0,False,1248522,train
cosign_17_02271,cosign_17_02271,Họ/Đoàn Thị Thu Thủy_40_họ_1692928642.4848628_0_frames_40.avi,pose_format/Họ/Đoàn Thị Thu Thủy_40_họ_1692928642.4848628_0_frames_40.pkl,17,Họ,Họ,"[""Họ""]",signer_029,17_Đoàn Thị Thu Thủy_40_họ_1692928642.4848628_0,17_Đoàn Thị Thu Thủy_40_họ_1692928642.4848628_0,False,1248522,train
cosign_17_02272,cosign_17_02272,Họ/Đặng Thị Kiên_37_họ_1692863700.7556298_0_frames_35.avi,pose_format/Họ/Đặng Thị Kiên_37_họ_1692863700.7556298_0_frames_35.pkl,17,Họ,Họ,"[""Họ""]",signer_030,17_Đặng Thị Kiên_37_họ_1692863700.7556298_0,,True,1075762,train
cosign_17_02273,cosign_17_02273,Họ/Đặng Thị Kiên_37_họ_1692863700.7556298_0_frames_40.avi,pose_format/Họ/Đặng Thị Kiên_37_họ_1692863700.7556298_0_frames_40.pkl,17,Họ,Họ,"[""Họ""]",signer_030,17_Đặng Thị Kiên_37_họ_1692863700.7556298_0,17_Đặng Thị Kiên_37_họ_1692863700.7556298_0,False,1075762,train
cosign_18_02274,cosign_18_02274,Học sinh/HỌC_SINH_BÙI_MAI_CHI_ (1).mp4,pose_format/Học sinh/HỌC_SINH_BÙI_MAI_CHI_ (1).pkl,18,Học sinh,Học sinh,"[""Học sinh""]",signer_335,18_HỌC_SINH_BÙI_MAI_CHI_ (1),,True,8840198,train
cosign_18_02275,cosign_18_02275,Học sinh/HỌC_SINH_BÙI_MAI_CHI_ (2).mp4,pose_format/Học sinh/HỌC_SINH_BÙI_MAI_CHI_ (2).pkl,18,Học sinh,Học sinh,"[""Học sinh""]",signer_335,18_HỌC_SINH_BÙI_MAI_CHI_ (2),,True,9996767,train
cosign_18_02276,cosign_18_02276,Học sinh/HỌC_SINH_BÙI_MAI_CHI_ (3).mp4,pose_format/Học sinh/HỌC_SINH_BÙI_MAI_CHI_ (3).pkl,18,Học sinh,Học sinh,"[""Học sinh""]",signer_335,18_HỌC_SINH_BÙI_MAI_CHI_ (3),,True,9638008,train
cosign_18_02277,cosign_18_02277,Học sinh/HỌC_SINH_BÙI_MAI_CHI_ (4).mp4,pose_format/Học sinh/HỌC_SINH_BÙI_MAI_CHI_ (4).pkl,18,Học sinh,Học sinh,"[""Học sinh""]",signer_335,18_HỌC_SINH_BÙI_MAI_CHI_ (4),,True,9642625,train
cosign_18_02278,cosign_18_02278,Học sinh/HỌC_SINH_BÙI_MAI_CHI_ (5).mp4,pose_format/Học sinh/HỌC_SINH_BÙI_MAI_CHI_ (5).pkl,18,Học sinh,Học sinh,"[""Học sinh""]",signer_335,18_HỌC_SINH_BÙI_MAI_CHI_ (5),,True,9490494,train
cosign_18_02279,cosign_18_02279,Học sinh/HỌC_SINH_BÙI_MẬU_VĂN_ (1).mp4,pose_format/Học sinh/HỌC_SINH_BÙI_MẬU_VĂN_ (1).pkl,18,Học sinh,Học sinh,"[""Học sinh""]",signer_336,18_HỌC_SINH_BÙI_MẬU_VĂN_ (1),,True,7481898,train
cosign_18_02280,cosign_18_02280,Học sinh/HỌC_SINH_BÙI_MẬU_VĂN_ (2).mp4,pose_format/Học sinh/HỌC_SINH_BÙI_MẬU_VĂN_ (2).pkl,18,Học sinh,Học sinh,"[""Học sinh""]",signer_336,18_HỌC_SINH_BÙI_MẬU_VĂN_ (2),,True,6778724,train
cosign_18_02281,cosign_18_02281,Học sinh/HỌC_SINH_BÙI_MẬU_VĂN_ (3).mp4,pose_format/Học sinh/HỌC_SINH_BÙI_MẬU_VĂN_ (3).pkl,18,Học sinh,Học sinh,"[""Học sinh""]",signer_336,18_HỌC_SINH_BÙI_MẬU_VĂN_ (3),,True,7769963,train
cosign_18_02282,cosign_18_02282,Học sinh/HỌC_SINH_BÙI_MẬU_VĂN_ (4).mp4,pose_format/Học sinh/HỌC_SINH_BÙI_MẬU_VĂN_ (4).pkl,18,Học sinh,Học sinh,"[""Học sinh""]",signer_336,18_HỌC_SINH_BÙI_MẬU_VĂN_ (4),,True,7153452,train
cosign_18_02283,cosign_18_02283,Học sinh/HỌC_SINH_BÙI_MẬU_VĂN_ (5).mp4,pose_format/Học sinh/HỌC_SINH_BÙI_MẬU_VĂN_ (5).pkl,18,Học sinh,Học sinh,"[""Học sinh""]",signer_336,18_HỌC_SINH_BÙI_MẬU_VĂN_ (5),,True,7119212,train
cosign_18_02284,cosign_18_02284,Học sinh/HỌC_SINH_LẠI_QUANG_VINH_ (1).MOV,pose_format/Học sinh/HỌC_SINH_LẠI_QUANG_VINH_ (1).pkl,18,Học sinh,Học sinh,"[""Học sinh""]",signer_337,18_HỌC_SINH_LẠI_QUANG_VINH_ (1),,True,2656787,train
cosign_18_02285,cosign_18_02285,Học sinh/HỌC_SINH_LẠI_QUANG_VINH_ (2).MOV,pose_format/Học sinh/HỌC_SINH_LẠI_QUANG_VINH_ (2).pkl,18,Học sinh,Học sinh,"[""Học sinh""]",signer_337,18_HỌC_SINH_LẠI_QUANG_VINH_ (2),,True,2621016,train
cosign_18_02286,cosign_18_02286,Học sinh/HỌC_SINH_LẠI_QUANG_VINH_ (3).MOV,pose_format/Học sinh/HỌC_SINH_LẠI_QUANG_VINH_ (3).pkl,18,Học sinh,Học sinh,"[""Học sinh""]",signer_337,18_HỌC_SINH_LẠI_QUANG_VINH_ (3),,True,2515661,train
cosign_18_02287,cosign_18_02287,Học sinh/HỌC_SINH_LẠI_QUANG_VINH_ (4).MOV,pose_format/Học sinh/HỌC_SINH_LẠI_QUANG_VINH_ (4).pkl,18,Học sinh,Học sinh,"[""Học sinh""]",signer_337,18_HỌC_SINH_LẠI_QUANG_VINH_ (4),,True,2457823,train
cosign_18_02288,cosign_18_02288,Học sinh/HỌC_SINH_LẠI_QUANG_VINH_ (5).MOV,pose_format/Học sinh/HỌC_SINH_LẠI_QUANG_VINH_ (5).pkl,18,Học sinh,Học sinh,"[""Học sinh""]",signer_337,18_HỌC_SINH_LẠI_QUANG_VINH_ (5),,True,2549338,train
cosign_18_02289,cosign_18_02289,Học sinh/HỌC_SINH_LẠI_QUANG_VINH_(1).mp4,pose_format/Học sinh/HỌC_SINH_LẠI_QUANG_VINH_(1).pkl,18,Học sinh,Học sinh,"[""Học sinh""]",signer_337,18_HỌC_SINH_LẠI_QUANG_VINH_(1),,True,845426,train
cosign_18_02290,cosign_18_02290,Học sinh/HỌC_SINH_LẠI_QUANG_VINH_(2).mp4,pose_format/Học sinh/HỌC_SINH_LẠI_QUANG_VINH_(2).pkl,18,Học sinh,Học sinh,"[""Học sinh""]",signer_337,18_HỌC_SINH_LẠI_QUANG_VINH_(2),,True,851937,train
cosign_18_02291,cosign_18_02291,Học sinh/HỌC_SINH_LẠI_QUANG_VINH_(3).mp4,pose_format/Học sinh/HỌC_SINH_LẠI_QUANG_VINH_(3).pkl,18,Học sinh,Học sinh,"[""Học sinh""]",signer_337,18_HỌC_SINH_LẠI_QUANG_VINH_(3),,True,820521,train
cosign_18_02292,cosign_18_02292,Học sinh/HỌC_SINH_LẠI_QUANG_VINH_(4).mp4,pose_format/Học sinh/HỌC_SINH_LẠI_QUANG_VINH_(4).pkl,18,Học sinh,Học sinh,"[""Học sinh""]",signer_337,18_HỌC_SINH_LẠI_QUANG_VINH_(4),,True,808042,train
cosign_18_02293,cosign_18_02293,Học sinh/HỌC_SINH_LẠI_QUANG_VINH_(5).mp4,pose_format/Học sinh/HỌC_SINH_LẠI_QUANG_VINH_(5).pkl,18,Học sinh,Học sinh,"[""Học sinh""]",signer_337,18_HỌC_SINH_LẠI_QUANG_VINH_(5),,True,853126,train
cosign_18_02294,cosign_18_02294,Học sinh/HỌC_SINH_MAI_HOÀNG_XUÂN_ (1).mp4,pose_format/Học sinh/HỌC_SINH_MAI_HOÀNG_XUÂN_ (1).pkl,18,Học sinh,Học sinh,"[""Học sinh""]",signer_338,18_HỌC_SINH_MAI_HOÀNG_XUÂN_ (1),,True,5728680,train
cosign_18_02295,cosign_18_02295,Học sinh/HỌC_SINH_MAI_HOÀNG_XUÂN_ (2).mp4,pose_format/Học sinh/HỌC_SINH_MAI_HOÀNG_XUÂN_ (2).pkl,18,Học sinh,Học sinh,"[""Học sinh""]",signer_338,18_HỌC_SINH_MAI_HOÀNG_XUÂN_ (2),,True,6068078,train
cosign_18_02296,cosign_18_02296,Học sinh/HỌC_SINH_MAI_HOÀNG_XUÂN_ (3).mp4,pose_format/Học sinh/HỌC_SINH_MAI_HOÀNG_XUÂN_ (3).pkl,18,Học sinh,Học sinh,"[""Học sinh""]",signer_338,18_HỌC_SINH_MAI_HOÀNG_XUÂN_ (3),,True,5951837,train
cosign_18_02297,cosign_18_02297,Học sinh/HỌC_SINH_MAI_HOÀNG_XUÂN_ (4).mp4,pose_format/Học sinh/HỌC_SINH_MAI_HOÀNG_XUÂN_ (4).pkl,18,Học sinh,Học sinh,"[""Học sinh""]",signer_338,18_HỌC_SINH_MAI_HOÀNG_XUÂN_ (4),,True,6021252,train
cosign_18_02298,cosign_18_02298,Học sinh/HỌC_SINH_MAI_HOÀNG_XUÂN_ (5).mp4,pose_format/Học sinh/HỌC_SINH_MAI_HOÀNG_XUÂN_ (5).pkl,18,Học sinh,Học sinh,"[""Học sinh""]",signer_338,18_HỌC_SINH_MAI_HOÀNG_XUÂN_ (5),,True,5613321,train
cosign_18_02299,cosign_18_02299,Học sinh/HỌC_SINH_NGUYỄN_HOÀNG_ĐIỆP_ (1).mp4,pose_format/Học sinh/HỌC_SINH_NGUYỄN_HOÀNG_ĐIỆP_ (1).pkl,18,Học sinh,Học sinh,"[""Học sinh""]",signer_339,18_HỌC_SINH_NGUYỄN_HOÀNG_ĐIỆP_ (1),,True,7725645,train
cosign_18_02300,cosign_18_02300,Học sinh/HỌC_SINH_NGUYỄN_HOÀNG_ĐIỆP_ (2).mp4,pose_format/Học sinh/HỌC_SINH_NGUYỄN_HOÀNG_ĐIỆP_ (2).pkl,18,Học sinh,Học sinh,"[""Học sinh""]",signer_339,18_HỌC_SINH_NGUYỄN_HOÀNG_ĐIỆP_ (2),,True,8406092,train
cosign_18_02301,cosign_18_02301,Học sinh/HỌC_SINH_NGUYỄN_HOÀNG_ĐIỆP_ (3).mp4,pose_format/Học sinh/HỌC_SINH_NGUYỄN_HOÀNG_ĐIỆP_ (3).pkl,18,Học sinh,Học sinh,"[""Học sinh""]",signer_339,18_HỌC_SINH_NGUYỄN_HOÀNG_ĐIỆP_ (3),,True,7764868,train
cosign_18_02302,cosign_18_02302,Học sinh/HỌC_SINH_NGUYỄN_HOÀNG_ĐIỆP_ (4).mp4,pose_format/Học sinh/HỌC_SINH_NGUYỄN_HOÀNG_ĐIỆP_ (4).pkl,18,Học sinh,Học sinh,"[""Học sinh""]",signer_339,18_HỌC_SINH_NGUYỄN_HOÀNG_ĐIỆP_ (4),,True,8098504,train
cosign_18_02303,cosign_18_02303,Học sinh/HỌC_SINH_NGUYỄN_HOÀNG_ĐIỆP_ (5).mp4,pose_format/Học sinh/HỌC_SINH_NGUYỄN_HOÀNG_ĐIỆP_ (5).pkl,18,Học sinh,Học sinh,"[""Học sinh""]",signer_339,18_HỌC_SINH_NGUYỄN_HOÀNG_ĐIỆP_ (5),,True,8883533,train
cosign_18_02304,cosign_18_02304,Học sinh/HỌC_SINH_NGUYỄN_PHƯƠNG_ANH_ (1).mp4,pose_format/Học sinh/HỌC_SINH_NGUYỄN_PHƯƠNG_ANH_ (1).pkl,18,Học sinh,Học sinh,"[""Học sinh""]",signer_340,18_HỌC_SINH_NGUYỄN_PHƯƠNG_ANH_ (1),,True,5964533,train
cosign_18_02305,cosign_18_02305,Học sinh/HỌC_SINH_NGUYỄN_PHƯƠNG_ANH_ (2).mp4,pose_format/Học sinh/HỌC_SINH_NGUYỄN_PHƯƠNG_ANH_ (2).pkl,18,Học sinh,Học sinh,"[""Học sinh""]",signer_340,18_HỌC_SINH_NGUYỄN_PHƯƠNG_ANH_ (2),,True,6053027,train
cosign_18_02306,cosign_18_02306,Học sinh/HỌC_SINH_NGUYỄN_PHƯƠNG_ANH_ (3).mp4,pose_format/Học sinh/HỌC_SINH_NGUYỄN_PHƯƠNG_ANH_ (3).pkl,18,Học sinh,Học sinh,"[""Học sinh""]",signer_340,18_HỌC_SINH_NGUYỄN_PHƯƠNG_ANH_ (3),,True,6022257,train
cosign_18_02307,cosign_18_02307,Học sinh/HỌC_SINH_NGUYỄN_PHƯƠNG_ANH_ (4).mp4,pose_format/Học sinh/HỌC_SINH_NGUYỄN_PHƯƠNG_ANH_ (4).pkl,18,Học sinh,Học sinh,"[""Học sinh""]",signer_340,18_HỌC_SINH_NGUYỄN_PHƯƠNG_ANH_ (4),,True,6419385,train
cosign_18_02308,cosign_18_02308,Học sinh/HỌC_SINH_NGUYỄN_PHƯƠNG_ANH_ (5).mp4,pose_format/Học sinh/HỌC_SINH_NGUYỄN_PHƯƠNG_ANH_ (5).pkl,18,Học sinh,Học sinh,"[""Học sinh""]",signer_340,18_HỌC_SINH_NGUYỄN_PHƯƠNG_ANH_ (5),,True,6234613,train
cosign_18_02309,cosign_18_02309,Học sinh/HỌC_SINH_NGUYỄN_VIẾT_QUANG_ (1).mp4,pose_format/Học sinh/HỌC_SINH_NGUYỄN_VIẾT_QUANG_ (1).pkl,18,Học sinh,Học sinh,"[""Học sinh""]",signer_341,18_HỌC_SINH_NGUYỄN_VIẾT_QUANG_ (1),,True,7013492,train
cosign_18_02310,cosign_18_02310,Học sinh/HỌC_SINH_NGUYỄN_VIẾT_QUANG_ (2).mp4,pose_format/Học sinh/HỌC_SINH_NGUYỄN_VIẾT_QUANG_ (2).pkl,18,Học sinh,Học sinh,"[""Học sinh""]",signer_341,18_HỌC_SINH_NGUYỄN_VIẾT_QUANG_ (2),,True,7355125,train
cosign_18_02311,cosign_18_02311,Học sinh/HỌC_SINH_NGUYỄN_VIẾT_QUANG_ (3).mp4,pose_format/Học sinh/HỌC_SINH_NGUYỄN_VIẾT_QUANG_ (3).pkl,18,Học sinh,Học sinh,"[""Học sinh""]",signer_341,18_HỌC_SINH_NGUYỄN_VIẾT_QUANG_ (3),,True,6763591,train
cosign_18_02312,cosign_18_02312,Học sinh/HỌC_SINH_NGUYỄN_VIẾT_QUANG_ (4).mp4,pose_format/Học sinh/HỌC_SINH_NGUYỄN_VIẾT_QUANG_ (4).pkl,18,Học sinh,Học sinh,"[""Học sinh""]",signer_341,18_HỌC_SINH_NGUYỄN_VIẾT_QUANG_ (4),,True,6671050,train
cosign_18_02313,cosign_18_02313,Học sinh/HỌC_SINH_NGUYỄN_VIẾT_QUANG_ (5).mp4,pose_format/Học sinh/HỌC_SINH_NGUYỄN_VIẾT_QUANG_ (5).pkl,18,Học sinh,Học sinh,"[""Học sinh""]",signer_341,18_HỌC_SINH_NGUYỄN_VIẾT_QUANG_ (5),,True,6608181,train
cosign_18_02314,cosign_18_02314,Học sinh/HỌC_SINH_NGÔ_TUẤN_ANH_ (1).mp4,pose_format/Học sinh/HỌC_SINH_NGÔ_TUẤN_ANH_ (1).pkl,18,Học sinh,Học sinh,"[""Học sinh""]",signer_342,18_HỌC_SINH_NGÔ_TUẤN_ANH_ (1),,True,8174584,train
cosign_18_02315,cosign_18_02315,Học sinh/HỌC_SINH_NGÔ_TUẤN_ANH_ (2).mp4,pose_format/Học sinh/HỌC_SINH_NGÔ_TUẤN_ANH_ (2).pkl,18,Học sinh,Học sinh,"[""Học sinh""]",signer_342,18_HỌC_SINH_NGÔ_TUẤN_ANH_ (2),,True,8588481,train
cosign_18_02316,cosign_18_02316,Học sinh/HỌC_SINH_NGÔ_TUẤN_ANH_ (3).mp4,pose_format/Học sinh/HỌC_SINH_NGÔ_TUẤN_ANH_ (3).pkl,18,Học sinh,Học sinh,"[""Học sinh""]",signer_342,18_HỌC_SINH_NGÔ_TUẤN_ANH_ (3),,True,8827342,train
cosign_18_02317,cosign_18_02317,Học sinh/HỌC_SINH_NGÔ_TUẤN_ANH_ (4).mp4,pose_format/Học sinh/HỌC_SINH_NGÔ_TUẤN_ANH_ (4).pkl,18,Học sinh,Học sinh,"[""Học sinh""]",signer_342,18_HỌC_SINH_NGÔ_TUẤN_ANH_ (4),,True,8944020,train
cosign_18_02318,cosign_18_02318,Học sinh/HỌC_SINH_NGÔ_TUẤN_ANH_ (5).mp4,pose_format/Học sinh/HỌC_SINH_NGÔ_TUẤN_ANH_ (5).pkl,18,Học sinh,Học sinh,"[""Học sinh""]",signer_342,18_HỌC_SINH_NGÔ_TUẤN_ANH_ (5),,True,8625917,train
cosign_18_02319,cosign_18_02319,Học sinh/HỌC_SINH_PHẠM_ĐÌNH_HẢI_(1).mp4,pose_format/Học sinh/HỌC_SINH_PHẠM_ĐÌNH_HẢI_(1).pkl,18,Học sinh,Học sinh,"[""Học sinh""]",signer_343,18_HỌC_SINH_PHẠM_ĐÌNH_HẢI_(1),,True,12860246,train
cosign_18_02320,cosign_18_02320,Học sinh/HỌC_SINH_PHẠM_ĐÌNH_HẢI_(2).mp4,pose_format/Học sinh/HỌC_SINH_PHẠM_ĐÌNH_HẢI_(2).pkl,18,Học sinh,Học sinh,"[""Học sinh""]",signer_343,18_HỌC_SINH_PHẠM_ĐÌNH_HẢI_(2),,True,12809350,train
cosign_18_02321,cosign_18_02321,Học sinh/HỌC_SINH_PHẠM_ĐÌNH_HẢI_(3).mp4,pose_format/Học sinh/HỌC_SINH_PHẠM_ĐÌNH_HẢI_(3).pkl,18,Học sinh,Học sinh,"[""Học sinh""]",signer_343,18_HỌC_SINH_PHẠM_ĐÌNH_HẢI_(3),,True,13837312,train
cosign_18_02322,cosign_18_02322,Học sinh/HỌC_SINH_PHẠM_ĐÌNH_HẢI_(4).mp4,pose_format/Học sinh/HỌC_SINH_PHẠM_ĐÌNH_HẢI_(4).pkl,18,Học sinh,Học sinh,"[""Học sinh""]",signer_343,18_HỌC_SINH_PHẠM_ĐÌNH_HẢI_(4),,True,14392385,train
cosign_18_02323,cosign_18_02323,Học sinh/HỌC_SINH_PHẠM_ĐÌNH_HẢI_(5).mp4,pose_format/Học sinh/HỌC_SINH_PHẠM_ĐÌNH_HẢI_(5).pkl,18,Học sinh,Học sinh,"[""Học sinh""]",signer_343,18_HỌC_SINH_PHẠM_ĐÌNH_HẢI_(5),,True,14434747,train
cosign_18_02324,cosign_18_02324,Học sinh/HỌC_SINH_TRƯƠNG_NGỌC_DIỄM_ (1).mp4,pose_format/Học sinh/HỌC_SINH_TRƯƠNG_NGỌC_DIỄM_ (1).pkl,18,Học sinh,Học sinh,"[""Học sinh""]",signer_344,18_HỌC_SINH_TRƯƠNG_NGỌC_DIỄM_ (1),,True,7507825,train
cosign_18_02325,cosign_18_02325,Học sinh/HỌC_SINH_TRƯƠNG_NGỌC_DIỄM_ (2).mp4,pose_format/Học sinh/HỌC_SINH_TRƯƠNG_NGỌC_DIỄM_ (2).pkl,18,Học sinh,Học sinh,"[""Học sinh""]",signer_344,18_HỌC_SINH_TRƯƠNG_NGỌC_DIỄM_ (2),,True,7894569,train
cosign_18_02326,cosign_18_02326,Học sinh/HỌC_SINH_TRƯƠNG_NGỌC_DIỄM_ (3).mp4,pose_format/Học sinh/HỌC_SINH_TRƯƠNG_NGỌC_DIỄM_ (3).pkl,18,Học sinh,Học sinh,"[""Học sinh""]",signer_344,18_HỌC_SINH_TRƯƠNG_NGỌC_DIỄM_ (3),,True,8271646,train
cosign_18_02327,cosign_18_02327,Học sinh/HỌC_SINH_TRƯƠNG_NGỌC_DIỄM_ (4).mp4,pose_format/Học sinh/HỌC_SINH_TRƯƠNG_NGỌC_DIỄM_ (4).pkl,18,Học sinh,Học sinh,"[""Học sinh""]",signer_344,18_HỌC_SINH_TRƯƠNG_NGỌC_DIỄM_ (4),,True,7842381,train
cosign_18_02328,cosign_18_02328,Học sinh/HỌC_SINH_TRƯƠNG_NGỌC_DIỄM_ (5).mp4,pose_format/Học sinh/HỌC_SINH_TRƯƠNG_NGỌC_DIỄM_ (5).pkl,18,Học sinh,Học sinh,"[""Học sinh""]",signer_344,18_HỌC_SINH_TRƯƠNG_NGỌC_DIỄM_ (5),,True,8607474,train
cosign_18_02329,cosign_18_02329,Học sinh/HỌC_SINH_TRẦN_TUẤN_MINH_ (1).mp4,pose_format/Học sinh/HỌC_SINH_TRẦN_TUẤN_MINH_ (1).pkl,18,Học sinh,Học sinh,"[""Học sinh""]",signer_345,18_HỌC_SINH_TRẦN_TUẤN_MINH_ (1),,True,8405074,train
cosign_18_02330,cosign_18_02330,Học sinh/HỌC_SINH_TRẦN_TUẤN_MINH_ (2).mp4,pose_format/Học sinh/HỌC_SINH_TRẦN_TUẤN_MINH_ (2).pkl,18,Học sinh,Học sinh,"[""Học sinh""]",signer_345,18_HỌC_SINH_TRẦN_TUẤN_MINH_ (2),,True,8612919,train
cosign_18_02331,cosign_18_02331,Học sinh/HỌC_SINH_TRẦN_TUẤN_MINH_ (3).mp4,pose_format/Học sinh/HỌC_SINH_TRẦN_TUẤN_MINH_ (3).pkl,18,Học sinh,Học sinh,"[""Học sinh""]",signer_345,18_HỌC_SINH_TRẦN_TUẤN_MINH_ (3),,True,8265082,train
cosign_18_02332,cosign_18_02332,Học sinh/HỌC_SINH_TRẦN_TUẤN_MINH_ (4).mp4,pose_format/Học sinh/HỌC_SINH_TRẦN_TUẤN_MINH_ (4).pkl,18,Học sinh,Học sinh,"[""Học sinh""]",signer_345,18_HỌC_SINH_TRẦN_TUẤN_MINH_ (4),,True,8367584,train
cosign_18_02333,cosign_18_02333,Học sinh/HỌC_SINH_TRẦN_TUẤN_MINH_ (5).mp4,pose_format/Học sinh/HỌC_SINH_TRẦN_TUẤN_MINH_ (5).pkl,18,Học sinh,Học sinh,"[""Học sinh""]",signer_345,18_HỌC_SINH_TRẦN_TUẤN_MINH_ (5),,True,8734875,train
cosign_18_02334,cosign_18_02334,Học sinh/HỌC_SINH_TRẦN_ĐỨC_QUÂN_ (1).mp4,pose_format/Học sinh/HỌC_SINH_TRẦN_ĐỨC_QUÂN_ (1).pkl,18,Học sinh,Học sinh,"[""Học sinh""]",signer_346,18_HỌC_SINH_TRẦN_ĐỨC_QUÂN_ (1),,True,7531968,train
cosign_18_02335,cosign_18_02335,Học sinh/HỌC_SINH_TRẦN_ĐỨC_QUÂN_ (2).mp4,pose_format/Học sinh/HỌC_SINH_TRẦN_ĐỨC_QUÂN_ (2).pkl,18,Học sinh,Học sinh,"[""Học sinh""]",signer_346,18_HỌC_SINH_TRẦN_ĐỨC_QUÂN_ (2),,True,6672720,train
cosign_18_02336,cosign_18_02336,Học sinh/HỌC_SINH_TRẦN_ĐỨC_QUÂN_ (3).mp4,pose_format/Học sinh/HỌC_SINH_TRẦN_ĐỨC_QUÂN_ (3).pkl,18,Học sinh,Học sinh,"[""Học sinh""]",signer_346,18_HỌC_SINH_TRẦN_ĐỨC_QUÂN_ (3),,True,6511969,train
cosign_18_02337,cosign_18_02337,Học sinh/HỌC_SINH_TRẦN_ĐỨC_QUÂN_ (4).mp4,pose_format/Học sinh/HỌC_SINH_TRẦN_ĐỨC_QUÂN_ (4).pkl,18,Học sinh,Học sinh,"[""Học sinh""]",signer_346,18_HỌC_SINH_TRẦN_ĐỨC_QUÂN_ (4),,True,6580186,train
cosign_18_02338,cosign_18_02338,Học sinh/HỌC_SINH_TRẦN_ĐỨC_QUÂN_ (5).mp4,pose_format/Học sinh/HỌC_SINH_TRẦN_ĐỨC_QUÂN_ (5).pkl,18,Học sinh,Học sinh,"[""Học sinh""]",signer_346,18_HỌC_SINH_TRẦN_ĐỨC_QUÂN_ (5),,True,6638557,train
cosign_18_02339,cosign_18_02339,Học sinh/HỌC_SINH_TẠ_THỊ_PHƯƠNG_LINH_ (1).mp4,pose_format/Học sinh/HỌC_SINH_TẠ_THỊ_PHƯƠNG_LINH_ (1).pkl,18,Học sinh,Học sinh,"[""Học sinh""]",signer_347,18_HỌC_SINH_TẠ_THỊ_PHƯƠNG_LINH_ (1),,True,3348347,train
cosign_18_02340,cosign_18_02340,Học sinh/HỌC_SINH_TẠ_THỊ_PHƯƠNG_LINH_ (2).mp4,pose_format/Học sinh/HỌC_SINH_TẠ_THỊ_PHƯƠNG_LINH_ (2).pkl,18,Học sinh,Học sinh,"[""Học sinh""]",signer_347,18_HỌC_SINH_TẠ_THỊ_PHƯƠNG_LINH_ (2),,True,4028901,train
cosign_18_02341,cosign_18_02341,Học sinh/HỌC_SINH_TẠ_THỊ_PHƯƠNG_LINH_ (3).mp4,pose_format/Học sinh/HỌC_SINH_TẠ_THỊ_PHƯƠNG_LINH_ (3).pkl,18,Học sinh,Học sinh,"[""Học sinh""]",signer_347,18_HỌC_SINH_TẠ_THỊ_PHƯƠNG_LINH_ (3),,True,4366880,train
cosign_18_02342,cosign_18_02342,Học sinh/HỌC_SINH_TẠ_THỊ_PHƯƠNG_LINH_ (4).mp4,pose_format/Học sinh/HỌC_SINH_TẠ_THỊ_PHƯƠNG_LINH_ (4).pkl,18,Học sinh,Học sinh,"[""Học sinh""]",signer_347,18_HỌC_SINH_TẠ_THỊ_PHƯƠNG_LINH_ (4),,True,4143528,train
cosign_18_02343,cosign_18_02343,Học sinh/HỌC_SINH_TẠ_THỊ_PHƯƠNG_LINH_ (5).mp4,pose_format/Học sinh/HỌC_SINH_TẠ_THỊ_PHƯƠNG_LINH_ (5).pkl,18,Học sinh,Học sinh,"[""Học sinh""]",signer_347,18_HỌC_SINH_TẠ_THỊ_PHƯƠNG_LINH_ (5),,True,4389895,train
cosign_18_02344,cosign_18_02344,Học sinh/HỌC_SINH_VŨ_HUY_DU_ (1).mp4,pose_format/Học sinh/HỌC_SINH_VŨ_HUY_DU_ (1).pkl,18,Học sinh,Học sinh,"[""Học sinh""]",signer_348,18_HỌC_SINH_VŨ_HUY_DU_ (1),,True,8370699,train
cosign_18_02345,cosign_18_02345,Học sinh/HỌC_SINH_VŨ_HUY_DU_ (2).mp4,pose_format/Học sinh/HỌC_SINH_VŨ_HUY_DU_ (2).pkl,18,Học sinh,Học sinh,"[""Học sinh""]",signer_348,18_HỌC_SINH_VŨ_HUY_DU_ (2),,True,7960958,train
cosign_18_02346,cosign_18_02346,Học sinh/HỌC_SINH_VŨ_HUY_DU_ (3).mp4,pose_format/Học sinh/HỌC_SINH_VŨ_HUY_DU_ (3).pkl,18,Học sinh,Học sinh,"[""Học sinh""]",signer_348,18_HỌC_SINH_VŨ_HUY_DU_ (3),,True,7782947,train
cosign_18_02347,cosign_18_02347,Học sinh/HỌC_SINH_VŨ_HUY_DU_ (4).mp4,pose_format/Học sinh/HỌC_SINH_VŨ_HUY_DU_ (4).pkl,18,Học sinh,Học sinh,"[""Học sinh""]",signer_348,18_HỌC_SINH_VŨ_HUY_DU_ (4),,True,8190554,train
cosign_18_02348,cosign_18_02348,Học sinh/HỌC_SINH_VŨ_HUY_DU_ (5).mp4,pose_format/Học sinh/HỌC_SINH_VŨ_HUY_DU_ (5).pkl,18,Học sinh,Học sinh,"[""Học sinh""]",signer_348,18_HỌC_SINH_VŨ_HUY_DU_ (5),,True,7735091,train
cosign_18_02349,cosign_18_02349,Học sinh/HỌC_SINH_VŨ_KẾT_ĐỒNG_1.mp4,pose_format/Học sinh/HỌC_SINH_VŨ_KẾT_ĐỒNG_1.pkl,18,Học sinh,Học sinh,"[""Học sinh""]",signer_349,18_HỌC_SINH_VŨ_KẾT_ĐỒNG_1,,True,7200962,train
cosign_18_02350,cosign_18_02350,Học sinh/HỌC_SINH_VŨ_KẾT_ĐỒNG_2.mp4,pose_format/Học sinh/HỌC_SINH_VŨ_KẾT_ĐỒNG_2.pkl,18,Học sinh,Học sinh,"[""Học sinh""]",signer_349,18_HỌC_SINH_VŨ_KẾT_ĐỒNG_2,,True,6597391,train
cosign_18_02351,cosign_18_02351,Học sinh/HỌC_SINH_VŨ_KẾT_ĐỒNG_3.mp4,pose_format/Học sinh/HỌC_SINH_VŨ_KẾT_ĐỒNG_3.pkl,18,Học sinh,Học sinh,"[""Học sinh""]",signer_349,18_HỌC_SINH_VŨ_KẾT_ĐỒNG_3,,True,7836257,train
cosign_18_02352,cosign_18_02352,Học sinh/HỌC_SINH_VŨ_KẾT_ĐỒNG_4.mp4,pose_format/Học sinh/HỌC_SINH_VŨ_KẾT_ĐỒNG_4.pkl,18,Học sinh,Học sinh,"[""Học sinh""]",signer_349,18_HỌC_SINH_VŨ_KẾT_ĐỒNG_4,,True,7184391,train
cosign_18_02353,cosign_18_02353,Học sinh/HỌC_SINH_VŨ_KẾT_ĐỒNG_5.mp4,pose_format/Học sinh/HỌC_SINH_VŨ_KẾT_ĐỒNG_5.pkl,18,Học sinh,Học sinh,"[""Học sinh""]",signer_349,18_HỌC_SINH_VŨ_KẾT_ĐỒNG_5,,True,7199200,train
cosign_18_02354,cosign_18_02354,Học sinh/Học sinh_LQM.mp4,pose_format/Học sinh/Học sinh_LQM.pkl,18,Học sinh,Học sinh,"[""Học sinh""]",signer_350,18_Học sinh_LQM,,True,9641362,train
cosign_18_02355,cosign_18_02355,Học sinh/Học sinh_LQM (2).mp4,pose_format/Học sinh/Học sinh_LQM (2).pkl,18,Học sinh,Học sinh,"[""Học sinh""]",signer_350,18_Học sinh_LQM (2),,True,9571462,train
cosign_18_02356,cosign_18_02356,Học sinh/Học sinh_LQM (3).mp4,pose_format/Học sinh/Học sinh_LQM (3).pkl,18,Học sinh,Học sinh,"[""Học sinh""]",signer_350,18_Học sinh_LQM (3),,True,8635769,train
cosign_18_02357,cosign_18_02357,Học sinh/Học sinh_LQM (4).mp4,pose_format/Học sinh/Học sinh_LQM (4).pkl,18,Học sinh,Học sinh,"[""Học sinh""]",signer_350,18_Học sinh_LQM (4),,True,8786255,train
cosign_18_02358,cosign_18_02358,Học sinh/Học sinh_LQM (5).mp4,pose_format/Học sinh/Học sinh_LQM (5).pkl,18,Học sinh,Học sinh,"[""Học sinh""]",signer_350,18_Học sinh_LQM (5),,True,7836174,train
cosign_18_02359,cosign_18_02359,Học sinh/Học sinh_MVT.mp4,pose_format/Học sinh/Học sinh_MVT.pkl,18,Học sinh,Học sinh,"[""Học sinh""]",signer_351,18_Học sinh_MVT,,True,8804827,train
cosign_18_02360,cosign_18_02360,Học sinh/Học sinh_MVT (2).mp4,pose_format/Học sinh/Học sinh_MVT (2).pkl,18,Học sinh,Học sinh,"[""Học sinh""]",signer_351,18_Học sinh_MVT (2),,True,9931923,train
cosign_18_02361,cosign_18_02361,Học sinh/Học sinh_MVT (3).mp4,pose_format/Học sinh/Học sinh_MVT (3).pkl,18,Học sinh,Học sinh,"[""Học sinh""]",signer_351,18_Học sinh_MVT (3),,True,9814599,train
cosign_18_02362,cosign_18_02362,Học sinh/Học sinh_MVT (4).mp4,pose_format/Học sinh/Học sinh_MVT (4).pkl,18,Học sinh,Học sinh,"[""Học sinh""]",signer_351,18_Học sinh_MVT (4),,True,10682308,train
cosign_18_02363,cosign_18_02363,Học sinh/Học sinh_MVT (5).mp4,pose_format/Học sinh/Học sinh_MVT (5).pkl,18,Học sinh,Học sinh,"[""Học sinh""]",signer_351,18_Học sinh_MVT (5),,True,9331777,train
cosign_18_02364,cosign_18_02364,Học sinh/Lê Phương Thảo _12_Học Sinh _1692752701.5948725_0_cut.avi,pose_format/Học sinh/Lê Phương Thảo _12_Học Sinh _1692752701.5948725_0_cut.pkl,18,Học sinh,Học sinh,"[""Học sinh""]",signer_019,18_Lê Phương Thảo _12_Học Sinh _1692752701.5948725_0,18_Lê Phương Thảo _12_Học Sinh _1692752701.5948725_0,False,943560,train
cosign_18_02365,cosign_18_02365,Học sinh/Lê Phương Thảo _12_Học Sinh _1692752701.5948725_0_cut_frames_35.avi,pose_format/Học sinh/Lê Phương Thảo _12_Học Sinh _1692752701.5948725_0_cut_frames_35.pkl,18,Học sinh,Học sinh,"[""Học sinh""]",signer_019,18_Lê Phương Thảo _12_Học Sinh _1692752701.5948725_0,,True,681284,train
cosign_18_02366,cosign_18_02366,Học sinh/Lê Phương Thảo _12_Học Sinh _1692752701.5948725_0_cut_frames_40.avi,pose_format/Học sinh/Lê Phương Thảo _12_Học Sinh _1692752701.5948725_0_cut_frames_40.pkl,18,Học sinh,Học sinh,"[""Học sinh""]",signer_019,18_Lê Phương Thảo _12_Học Sinh _1692752701.5948725_0,18_Lê Phương Thảo _12_Học Sinh _1692752701.5948725_0,False,681284,train
cosign_18_02367,cosign_18_02367,Học sinh/Lê Phương Thảo _12_Học Sinh _1692752701.5948725_0_frames_35.avi,pose_format/Học sinh/Lê Phương Thảo _12_Học Sinh _1692752701.5948725_0_frames_35.pkl,18,Học sinh,Học sinh,"[""Học sinh""]",signer_019,18_Lê Phương Thảo _12_Học Sinh _1692752701.5948725_0,18_Lê Phương Thảo _12_Học Sinh _1692752701.5948725_0,False,877132,train
cosign_18_02368,cosign_18_02368,Học sinh/Lê Phương Thảo _12_Học Sinh _1692752701.5948725_0_frames_40.avi,pose_format/Học sinh/Lê Phương Thảo _12_Học Sinh _1692752701.5948725_0_frames_40.pkl,18,Học sinh,Học sinh,"[""Học sinh""]",signer_019,18_Lê Phương Thảo _12_Học Sinh _1692752701.5948725_0,18_Lê Phương Thảo _12_Học Sinh _1692752701.5948725_0,False,877132,train
cosign_18_02369,cosign_18_02369,Học sinh/Lê Thanh Như_12_Học sinh_1692752835.7851212_0_cut.avi,pose_format/Học sinh/Lê Thanh Như_12_Học sinh_1692752835.7851212_0_cut.pkl,18,Học sinh,Học sinh,"[""Học sinh""]",signer_020,18_Lê Thanh Như_12_Học sinh_1692752835.7851212_0,18_Lê Thanh Như_12_Học sinh_1692752835.7851212_0,False,1383690,train
cosign_18_02370,cosign_18_02370,Học sinh/Lê Thanh Như_12_Học sinh_1692752835.7851212_0_cut_frames_35.avi,pose_format/Học sinh/Lê Thanh Như_12_Học sinh_1692752835.7851212_0_cut_frames_35.pkl,18,Học sinh,Học sinh,"[""Học sinh""]",signer_020,18_Lê Thanh Như_12_Học sinh_1692752835.7851212_0,,True,1081744,train
cosign_18_02371,cosign_18_02371,Học sinh/Lê Thanh Như_12_Học sinh_1692752835.7851212_0_cut_frames_40.avi,pose_format/Học sinh/Lê Thanh Như_12_Học sinh_1692752835.7851212_0_cut_frames_40.pkl,18,Học sinh,Học sinh,"[""Học sinh""]",signer_020,18_Lê Thanh Như_12_Học sinh_1692752835.7851212_0,18_Lê Thanh Như_12_Học sinh_1692752835.7851212_0,False,1081744,train
cosign_18_02372,cosign_18_02372,Học sinh/Lê Thanh Như_12_Học sinh_1692752835.7851212_0_frames_35.avi,pose_format/Học sinh/Lê Thanh Như_12_Học sinh_1692752835.7851212_0_frames_35.pkl,18,Học sinh,Học sinh,"[""Học sinh""]",signer_020,18_Lê Thanh Như_12_Học sinh_1692752835.7851212_0,18_Lê Thanh Như_12_Học sinh_1692752835.7851212_0,False,1230054,train
cosign_18_02373,cosign_18_02373,Học sinh/Lê Thanh Như_12_Học sinh_1692752835.7851212_0_frames_40.avi,pose_format/Học sinh/Lê Thanh Như_12_Học sinh_1692752835.7851212_0_frames_40.pkl,18,Học sinh,Học sinh,"[""Học sinh""]",signer_020,18_Lê Thanh Như_12_Học sinh_1692752835.7851212_0,18_Lê Thanh Như_12_Học sinh_1692752835.7851212_0,False,1230054,train
cosign_18_02374,cosign_18_02374,Học sinh/Nguyễn Gia Bảo_10_học sinh_1692752833.768683_0_cut.avi,pose_format/Học sinh/Nguyễn Gia Bảo_10_học sinh_1692752833.768683_0_cut.pkl,18,Học sinh,Học sinh,"[""Học sinh""]",signer_021,18_Nguyễn Gia Bảo_10_học sinh_1692752833.768683_0,18_Nguyễn Gia Bảo_10_học sinh_1692752833.768683_0,False,1556474,train
cosign_18_02375,cosign_18_02375,Học sinh/Nguyễn Gia Bảo_10_học sinh_1692752833.768683_0_cut_frames_35.avi,pose_format/Học sinh/Nguyễn Gia Bảo_10_học sinh_1692752833.768683_0_cut_frames_35.pkl,18,Học sinh,Học sinh,"[""Học sinh""]",signer_021,18_Nguyễn Gia Bảo_10_học sinh_1692752833.768683_0,,True,1192758,train
cosign_18_02376,cosign_18_02376,Học sinh/Nguyễn Gia Bảo_10_học sinh_1692752833.768683_0_cut_frames_40.avi,pose_format/Học sinh/Nguyễn Gia Bảo_10_học sinh_1692752833.768683_0_cut_frames_40.pkl,18,Học sinh,Học sinh,"[""Học sinh""]",signer_021,18_Nguyễn Gia Bảo_10_học sinh_1692752833.768683_0,18_Nguyễn Gia Bảo_10_học sinh_1692752833.768683_0,False,1192758,train
cosign_18_02377,cosign_18_02377,Học sinh/Nguyễn Gia Bảo_10_học sinh_1692752833.768683_0_frames_35.avi,pose_format/Học sinh/Nguyễn Gia Bảo_10_học sinh_1692752833.768683_0_frames_35.pkl,18,Học sinh,Học sinh,"[""Học sinh""]",signer_021,18_Nguyễn Gia Bảo_10_học sinh_1692752833.768683_0,18_Nguyễn Gia Bảo_10_học sinh_1692752833.768683_0,False,1424350,train
cosign_18_02378,cosign_18_02378,Học sinh/Nguyễn Gia Bảo_10_học sinh_1692752833.768683_0_frames_40.avi,pose_format/Học sinh/Nguyễn Gia Bảo_10_học sinh_1692752833.768683_0_frames_40.pkl,18,Học sinh,Học sinh,"[""Học sinh""]",signer_021,18_Nguyễn Gia Bảo_10_học sinh_1692752833.768683_0,18_Nguyễn Gia Bảo_10_học sinh_1692752833.768683_0,False,1424350,train
cosign_18_02379,cosign_18_02379,Học sinh/Nguyễn Thị Huyền_35_học sinh_1692861121.2609766_0_cut.avi,pose_format/Học sinh/Nguyễn Thị Huyền_35_học sinh_1692861121.2609766_0_cut.pkl,18,Học sinh,Học sinh,"[""Học sinh""]",signer_022,18_Nguyễn Thị Huyền_35_học sinh_1692861121.2609766_0,18_Nguyễn Thị Huyền_35_học sinh_1692861121.2609766_0,False,2011268,train
cosign_18_02380,cosign_18_02380,Học sinh/Nguyễn Thị Huyền_35_học sinh_1692861121.2609766_0_cut_frames_35.avi,pose_format/Học sinh/Nguyễn Thị Huyền_35_học sinh_1692861121.2609766_0_cut_frames_35.pkl,18,Học sinh,Học sinh,"[""Học sinh""]",signer_022,18_Nguyễn Thị Huyền_35_học sinh_1692861121.2609766_0,,True,1460818,train
cosign_18_02381,cosign_18_02381,Học sinh/Nguyễn Thị Huyền_35_học sinh_1692861121.2609766_0_cut_frames_40.avi,pose_format/Học sinh/Nguyễn Thị Huyền_35_học sinh_1692861121.2609766_0_cut_frames_40.pkl,18,Học sinh,Học sinh,"[""Học sinh""]",signer_022,18_Nguyễn Thị Huyền_35_học sinh_1692861121.2609766_0,18_Nguyễn Thị Huyền_35_học sinh_1692861121.2609766_0,False,1460818,train
cosign_18_02382,cosign_18_02382,Học sinh/Nguyễn Thị Huyền_35_học sinh_1692861121.2609766_0_frames_35.avi,pose_format/Học sinh/Nguyễn Thị Huyền_35_học sinh_1692861121.2609766_0_frames_35.pkl,18,Học sinh,Học sinh,"[""Học sinh""]",signer_022,18_Nguyễn Thị Huyền_35_học sinh_1692861121.2609766_0,18_Nguyễn Thị Huyền_35_học sinh_1692861121.2609766_0,False,1743120,train
cosign_18_02383,cosign_18_02383,Học sinh/Nguyễn Thị Huyền_35_học sinh_1692861121.2609766_0_frames_40.avi,pose_format/Học sinh/Nguyễn Thị Huyền_35_học sinh_1692861121.2609766_0_frames_40.pkl,18,Học sinh,Học sinh,"[""Học sinh""]",signer_022,18_Nguyễn Thị Huyền_35_học sinh_1692861121.2609766_0,18_Nguyễn Thị Huyền_35_học sinh_1692861121.2609766_0,False,1743120,train
cosign_18_02384,cosign_18_02384,Học sinh/Nguyễn Thị Hồng_32_Học sinh_1692945375.991439_0_cut.avi,pose_format/Học sinh/Nguyễn Thị Hồng_32_Học sinh_1692945375.991439_0_cut.pkl,18,Học sinh,Học sinh,"[""Học sinh""]",signer_023,18_Nguyễn Thị Hồng_32_Học sinh_1692945375.991439_0,18_Nguyễn Thị Hồng_32_Học sinh_1692945375.991439_0,False,987862,train
cosign_18_02385,cosign_18_02385,Học sinh/Nguyễn Thị Hồng_32_Học sinh_1692945375.991439_0_cut_frames_35.avi,pose_format/Học sinh/Nguyễn Thị Hồng_32_Học sinh_1692945375.991439_0_cut_frames_35.pkl,18,Học sinh,Học sinh,"[""Học sinh""]",signer_023,18_Nguyễn Thị Hồng_32_Học sinh_1692945375.991439_0,,True,714916,train
cosign_18_02386,cosign_18_02386,Học sinh/Nguyễn Thị Hồng_32_Học sinh_1692945375.991439_0_cut_frames_40.avi,pose_format/Học sinh/Nguyễn Thị Hồng_32_Học sinh_1692945375.991439_0_cut_frames_40.pkl,18,Học sinh,Học sinh,"[""Học sinh""]",signer_023,18_Nguyễn Thị Hồng_32_Học sinh_1692945375.991439_0,18_Nguyễn Thị Hồng_32_Học sinh_1692945375.991439_0,False,714916,train
cosign_18_02387,cosign_18_02387,Học sinh/Nguyễn Thị Hồng_32_Học sinh_1692945375.991439_0_frames_35.avi,pose_format/Học sinh/Nguyễn Thị Hồng_32_Học sinh_1692945375.991439_0_frames_35.pkl,18,Học sinh,Học sinh,"[""Học sinh""]",signer_023,18_Nguyễn Thị Hồng_32_Học sinh_1692945375.991439_0,18_Nguyễn Thị Hồng_32_Học sinh_1692945375.991439_0,False,979370,train
cosign_18_02388,cosign_18_02388,Học sinh/Nguyễn Thị Hồng_32_Học sinh_1692945375.991439_0_frames_40.avi,pose_format/Học sinh/Nguyễn Thị Hồng_32_Học sinh_1692945375.991439_0_frames_40.pkl,18,Học sinh,Học sinh,"[""Học sinh""]",signer_023,18_Nguyễn Thị Hồng_32_Học sinh_1692945375.991439_0,18_Nguyễn Thị Hồng_32_Học sinh_1692945375.991439_0,False,979370,train
cosign_18_02389,cosign_18_02389,Học sinh/Nguyễn Thị Mai Anh_39_học sinh_1693186706.0521336_0_cut.avi,pose_format/Học sinh/Nguyễn Thị Mai Anh_39_học sinh_1693186706.0521336_0_cut.pkl,18,Học sinh,Học sinh,"[""Học sinh""]",signer_024,18_Nguyễn Thị Mai Anh_39_học sinh_1693186706.0521336_0,18_Nguyễn Thị Mai Anh_39_học sinh_1693186706.0521336_0,False,1254746,train
cosign_18_02390,cosign_18_02390,Học sinh/Nguyễn Thị Mai Anh_39_học sinh_1693186706.0521336_0_cut_frames_35.avi,pose_format/Học sinh/Nguyễn Thị Mai Anh_39_học sinh_1693186706.0521336_0_cut_frames_35.pkl,18,Học sinh,Học sinh,"[""Học sinh""]",signer_024,18_Nguyễn Thị Mai Anh_39_học sinh_1693186706.0521336_0,,True,828836,train
cosign_18_02391,cosign_18_02391,Học sinh/Nguyễn Thị Mai Anh_39_học sinh_1693186706.0521336_0_cut_frames_40.avi,pose_format/Học sinh/Nguyễn Thị Mai Anh_39_học sinh_1693186706.0521336_0_cut_frames_40.pkl,18,Học sinh,Học sinh,"[""Học sinh""]",signer_024,18_Nguyễn Thị Mai Anh_39_học sinh_1693186706.0521336_0,18_Nguyễn Thị Mai Anh_39_học sinh_1693186706.0521336_0,False,828836,train
cosign_18_02392,cosign_18_02392,Học sinh/Nguyễn Thị Mai Anh_39_học sinh_1693186706.0521336_0_frames_35.avi,pose_format/Học sinh/Nguyễn Thị Mai Anh_39_học sinh_1693186706.0521336_0_frames_35.pkl,18,Học sinh,Học sinh,"[""Học sinh""]",signer_024,18_Nguyễn Thị Mai Anh_39_học sinh_1693186706.0521336_0,18_Nguyễn Thị Mai Anh_39_học sinh_1693186706.0521336_0,False,1196994,train
cosign_18_02393,cosign_18_02393,Học sinh/Nguyễn Thị Mai Anh_39_học sinh_1693186706.0521336_0_frames_40.avi,pose_format/Học sinh/Nguyễn Thị Mai Anh_39_học sinh_1693186706.0521336_0_frames_40.pkl,18,Học sinh,Học sinh,"[""Học sinh""]",signer_024,18_Nguyễn Thị Mai Anh_39_học sinh_1693186706.0521336_0,18_Nguyễn Thị Mai Anh_39_học sinh_1693186706.0521336_0,False,1196994,train
cosign_18_02394,cosign_18_02394,Học sinh/Nguyễn Thị Thu Trang_38_Học sinh_1692840771.2438853_0_cut.avi,pose_format/Học sinh/Nguyễn Thị Thu Trang_38_Học sinh_1692840771.2438853_0_cut.pkl,18,Học sinh,Học sinh,"[""Học sinh""]",signer_025,18_Nguyễn Thị Thu Trang_38_Học sinh_1692840771.2438853_0,18_Nguyễn Thị Thu Trang_38_Học sinh_1692840771.2438853_0,False,1384162,train
cosign_18_02395,cosign_18_02395,Học sinh/Nguyễn Thị Thu Trang_38_Học sinh_1692840771.2438853_0_cut_frames_35.avi,pose_format/Học sinh/Nguyễn Thị Thu Trang_38_Học sinh_1692840771.2438853_0_cut_frames_35.pkl,18,Học sinh,Học sinh,"[""Học sinh""]",signer_025,18_Nguyễn Thị Thu Trang_38_Học sinh_1692840771.2438853_0,,True,1033790,train
cosign_18_02396,cosign_18_02396,Học sinh/Nguyễn Thị Thu Trang_38_Học sinh_1692840771.2438853_0_cut_frames_40.avi,pose_format/Học sinh/Nguyễn Thị Thu Trang_38_Học sinh_1692840771.2438853_0_cut_frames_40.pkl,18,Học sinh,Học sinh,"[""Học sinh""]",signer_025,18_Nguyễn Thị Thu Trang_38_Học sinh_1692840771.2438853_0,18_Nguyễn Thị Thu Trang_38_Học sinh_1692840771.2438853_0,False,1033790,train
cosign_18_02397,cosign_18_02397,Học sinh/Nguyễn Thị Thu Trang_38_Học sinh_1692840771.2438853_0_frames_35.avi,pose_format/Học sinh/Nguyễn Thị Thu Trang_38_Học sinh_1692840771.2438853_0_frames_35.pkl,18,Học sinh,Học sinh,"[""Học sinh""]",signer_025,18_Nguyễn Thị Thu Trang_38_Học sinh_1692840771.2438853_0,18_Nguyễn Thị Thu Trang_38_Học sinh_1692840771.2438853_0,False,1253856,train
cosign_18_02398,cosign_18_02398,Học sinh/Nguyễn Thị Thu Trang_38_Học sinh_1692840771.2438853_0_frames_40.avi,pose_format/Học sinh/Nguyễn Thị Thu Trang_38_Học sinh_1692840771.2438853_0_frames_40.pkl,18,Học sinh,Học sinh,"[""Học sinh""]",signer_025,18_Nguyễn Thị Thu Trang_38_Học sinh_1692840771.2438853_0,18_Nguyễn Thị Thu Trang_38_Học sinh_1692840771.2438853_0,False,1253856,train
cosign_18_02399,cosign_18_02399,Học sinh/Phạm Thị Mai Hương_32_Học sinh_1692613501.4231634_0_cut.avi,pose_format/Học sinh/Phạm Thị Mai Hương_32_Học sinh_1692613501.4231634_0_cut.pkl,18,Học sinh,Học sinh,"[""Học sinh""]",signer_066,18_Phạm Thị Mai Hương_32_Học sinh_1692613501.4231634_0,18_Phạm Thị Mai Hương_32_Học sinh_1692613501.4231634_0,False,1998746,train
cosign_18_02400,cosign_18_02400,Học sinh/Phạm Thị Mai Hương_32_Học sinh_1692613501.4231634_0_cut_frames_35.avi,pose_format/Học sinh/Phạm Thị Mai Hương_32_Học sinh_1692613501.4231634_0_cut_frames_35.pkl,18,Học sinh,Học sinh,"[""Học sinh""]",signer_066,18_Phạm Thị Mai Hương_32_Học sinh_1692613501.4231634_0,,True,1424418,train
cosign_18_02401,cosign_18_02401,Học sinh/Phạm Thị Mai Hương_32_Học sinh_1692613501.4231634_0_cut_frames_40.avi,pose_format/Học sinh/Phạm Thị Mai Hương_32_Học sinh_1692613501.4231634_0_cut_frames_40.pkl,18,Học sinh,Học sinh,"[""Học sinh""]",signer_066,18_Phạm Thị Mai Hương_32_Học sinh_1692613501.4231634_0,18_Phạm Thị Mai Hương_32_Học sinh_1692613501.4231634_0,False,1424418,train
cosign_18_02402,cosign_18_02402,Học sinh/Phạm Thị Mai Hương_32_Học sinh_1692613501.4231634_0_frames_35.avi,pose_format/Học sinh/Phạm Thị Mai Hương_32_Học sinh_1692613501.4231634_0_frames_35.pkl,18,Học sinh,Học sinh,"[""Học sinh""]",signer_066,18_Phạm Thị Mai Hương_32_Học sinh_1692613501.4231634_0,18_Phạm Thị Mai Hương_32_Học sinh_1692613501.4231634_0,False,1806618,train
cosign_18_02403,cosign_18_02403,Học sinh/Phạm Thị Mai Hương_32_Học sinh_1692613501.4231634_0_frames_40.avi,pose_format/Học sinh/Phạm Thị Mai Hương_32_Học sinh_1692613501.4231634_0_frames_40.pkl,18,Học sinh,Học sinh,"[""Học sinh""]",signer_066,18_Phạm Thị Mai Hương_32_Học sinh_1692613501.4231634_0,18_Phạm Thị Mai Hương_32_Học sinh_1692613501.4231634_0,False,1806618,train
cosign_18_02404,cosign_18_02404,Học sinh/Trần Thị Vân Anh_39_học_sinh_1692935292.3398492_0_cut.avi,pose_format/Học sinh/Trần Thị Vân Anh_39_học_sinh_1692935292.3398492_0_cut.pkl,18,Học sinh,Học sinh,"[""Học sinh""]",signer_026,18_Trần Thị Vân Anh_39_học_sinh_1692935292.3398492_0,,True,939480,train
cosign_18_02405,cosign_18_02405,Học sinh/Trần Xuân Ngọc_41_hoc sinh_1692781421.1119838_0_cut.avi,pose_format/Học sinh/Trần Xuân Ngọc_41_hoc sinh_1692781421.1119838_0_cut.pkl,18,Học sinh,Học sinh,"[""Học sinh""]",signer_027,18_Trần Xuân Ngọc_41_hoc sinh_1692781421.1119838_0,,True,1212848,train
cosign_18_02406,cosign_18_02406,Học sinh/Trần Xuân Ngọc_41_hoc sinh_1692781421.1119838_0_frames_35.avi,pose_format/Học sinh/Trần Xuân Ngọc_41_hoc sinh_1692781421.1119838_0_frames_35.pkl,18,Học sinh,Học sinh,"[""Học sinh""]",signer_027,18_Trần Xuân Ngọc_41_hoc sinh_1692781421.1119838_0,18_Trần Xuân Ngọc_41_hoc sinh_1692781421.1119838_0,False,1066274,train
cosign_18_02407,cosign_18_02407,Học sinh/Trần Xuân Ngọc_41_hoc sinh_1692781421.1119838_0_frames_40.avi,pose_format/Học sinh/Trần Xuân Ngọc_41_hoc sinh_1692781421.1119838_0_frames_40.pkl,18,Học sinh,Học sinh,"[""Học sinh""]",signer_027,18_Trần Xuân Ngọc_41_hoc sinh_1692781421.1119838_0,18_Trần Xuân Ngọc_41_hoc sinh_1692781421.1119838_0,False,1066274,train
cosign_18_02408,cosign_18_02408,Học sinh/Vũ Thị Thu Phương_37_học sinh_1692863352.7586515_0_cut.avi,pose_format/Học sinh/Vũ Thị Thu Phương_37_học sinh_1692863352.7586515_0_cut.pkl,18,Học sinh,Học sinh,"[""Học sinh""]",signer_028,18_Vũ Thị Thu Phương_37_học sinh_1692863352.7586515_0,,True,1241974,train
cosign_18_02409,cosign_18_02409,Học sinh/Đoàn Thị Thu Thủy_40_học sinh_1692950032.198823_0_cut.avi,pose_format/Học sinh/Đoàn Thị Thu Thủy_40_học sinh_1692950032.198823_0_cut.pkl,18,Học sinh,Học sinh,"[""Học sinh""]",signer_029,18_Đoàn Thị Thu Thủy_40_học sinh_1692950032.198823_0,,True,1357154,train
cosign_18_02410,cosign_18_02410,Học sinh/Đặng Thị Kiên_37_học sinh_1693124045.410033_0_cut.avi,pose_format/Học sinh/Đặng Thị Kiên_37_học sinh_1693124045.410033_0_cut.pkl,18,Học sinh,Học sinh,"[""Học sinh""]",signer_030,18_Đặng Thị Kiên_37_học sinh_1693124045.410033_0,,True,1339272,train
cosign_18_02411,cosign_18_02411,Học sinh/Đỗ Thị Vấn_41_học sinh_1692778194.8779297_0_cut.avi,pose_format/Học sinh/Đỗ Thị Vấn_41_học sinh_1692778194.8779297_0_cut.pkl,18,Học sinh,Học sinh,"[""Học sinh""]",signer_031,18_Đỗ Thị Vấn_41_học sinh_1692778194.8779297_0,,True,2016060,train
cosign_19_02412,cosign_19_02412,Khóc/DANG THI KIEN_37_KHÓC_1693194662.3180006_0.avi,pose_format/Khóc/DANG THI KIEN_37_KHÓC_1693194662.3180006_0.pkl,19,Khóc,Khóc,"[""Khóc""]",signer_084,19_DANG THI KIEN_37_KHÓC_1693194662.3180006_0,19_DANG THI KIEN_37_KHÓC_1693194662.3180006_0,False,26018946,train
cosign_19_02413,cosign_19_02413,Khóc/DANG THI KIEN_37_KHÓC_1693194662.3180006_0_cut.avi,pose_format/Khóc/DANG THI KIEN_37_KHÓC_1693194662.3180006_0_cut.pkl,19,Khóc,Khóc,"[""Khóc""]",signer_084,19_DANG THI KIEN_37_KHÓC_1693194662.3180006_0,,True,791588,train
cosign_19_02414,cosign_19_02414,Khóc/DANG THI KIEN_37_KHÓC_1693194662.3180006_0_frames_35.avi,pose_format/Khóc/DANG THI KIEN_37_KHÓC_1693194662.3180006_0_frames_35.pkl,19,Khóc,Khóc,"[""Khóc""]",signer_084,19_DANG THI KIEN_37_KHÓC_1693194662.3180006_0,19_DANG THI KIEN_37_KHÓC_1693194662.3180006_0,False,984250,train
cosign_19_02415,cosign_19_02415,Khóc/DANG THI KIEN_37_KHÓC_1693194662.3180006_0_frames_40.avi,pose_format/Khóc/DANG THI KIEN_37_KHÓC_1693194662.3180006_0_frames_40.pkl,19,Khóc,Khóc,"[""Khóc""]",signer_084,19_DANG THI KIEN_37_KHÓC_1693194662.3180006_0,19_DANG THI KIEN_37_KHÓC_1693194662.3180006_0,False,984250,train
cosign_19_02416,cosign_19_02416,Khóc/KHÓC_BÙI_MAI_CHI_ (1).mp4,pose_format/Khóc/KHÓC_BÙI_MAI_CHI_ (1).pkl,19,Khóc,Khóc,"[""Khóc""]",signer_352,19_KHÓC_BÙI_MAI_CHI_ (1),,True,6561740,train
cosign_19_02417,cosign_19_02417,Khóc/KHÓC_BÙI_MAI_CHI_ (2).mp4,pose_format/Khóc/KHÓC_BÙI_MAI_CHI_ (2).pkl,19,Khóc,Khóc,"[""Khóc""]",signer_352,19_KHÓC_BÙI_MAI_CHI_ (2),,True,7801041,train
cosign_19_02418,cosign_19_02418,Khóc/KHÓC_BÙI_MAI_CHI_ (3).mp4,pose_format/Khóc/KHÓC_BÙI_MAI_CHI_ (3).pkl,19,Khóc,Khóc,"[""Khóc""]",signer_352,19_KHÓC_BÙI_MAI_CHI_ (3),,True,7283244,train
cosign_19_02419,cosign_19_02419,Khóc/KHÓC_BÙI_MAI_CHI_ (4).mp4,pose_format/Khóc/KHÓC_BÙI_MAI_CHI_ (4).pkl,19,Khóc,Khóc,"[""Khóc""]",signer_352,19_KHÓC_BÙI_MAI_CHI_ (4),,True,6982664,train
cosign_19_02420,cosign_19_02420,Khóc/KHÓC_BÙI_MAI_CHI_ (5).mp4,pose_format/Khóc/KHÓC_BÙI_MAI_CHI_ (5).pkl,19,Khóc,Khóc,"[""Khóc""]",signer_352,19_KHÓC_BÙI_MAI_CHI_ (5),,True,7023237,train
cosign_19_02421,cosign_19_02421,Khóc/KHÓC_BÙI_MẬU_VĂN_ (1).mp4,pose_format/Khóc/KHÓC_BÙI_MẬU_VĂN_ (1).pkl,19,Khóc,Khóc,"[""Khóc""]",signer_353,19_KHÓC_BÙI_MẬU_VĂN_ (1),,True,6403209,train
cosign_19_02422,cosign_19_02422,Khóc/KHÓC_BÙI_MẬU_VĂN_ (2).mp4,pose_format/Khóc/KHÓC_BÙI_MẬU_VĂN_ (2).pkl,19,Khóc,Khóc,"[""Khóc""]",signer_353,19_KHÓC_BÙI_MẬU_VĂN_ (2),,True,6568095,train
cosign_19_02423,cosign_19_02423,Khóc/KHÓC_BÙI_MẬU_VĂN_ (3).mp4,pose_format/Khóc/KHÓC_BÙI_MẬU_VĂN_ (3).pkl,19,Khóc,Khóc,"[""Khóc""]",signer_353,19_KHÓC_BÙI_MẬU_VĂN_ (3),,True,5475594,train
cosign_19_02424,cosign_19_02424,Khóc/KHÓC_BÙI_MẬU_VĂN_ (4).mp4,pose_format/Khóc/KHÓC_BÙI_MẬU_VĂN_ (4).pkl,19,Khóc,Khóc,"[""Khóc""]",signer_353,19_KHÓC_BÙI_MẬU_VĂN_ (4),,True,5490584,train
cosign_19_02425,cosign_19_02425,Khóc/KHÓC_BÙI_MẬU_VĂN_ (5).mp4,pose_format/Khóc/KHÓC_BÙI_MẬU_VĂN_ (5).pkl,19,Khóc,Khóc,"[""Khóc""]",signer_353,19_KHÓC_BÙI_MẬU_VĂN_ (5),,True,5367969,train
cosign_19_02426,cosign_19_02426,Khóc/KHÓC_LẠI_QUANG_VINH_ (1).MOV,pose_format/Khóc/KHÓC_LẠI_QUANG_VINH_ (1).pkl,19,Khóc,Khóc,"[""Khóc""]",signer_354,19_KHÓC_LẠI_QUANG_VINH_ (1),,True,1755624,train
cosign_19_02427,cosign_19_02427,Khóc/KHÓC_LẠI_QUANG_VINH_ (2).MOV,pose_format/Khóc/KHÓC_LẠI_QUANG_VINH_ (2).pkl,19,Khóc,Khóc,"[""Khóc""]",signer_354,19_KHÓC_LẠI_QUANG_VINH_ (2),,True,1722131,train
cosign_19_02428,cosign_19_02428,Khóc/KHÓC_LẠI_QUANG_VINH_ (3).MOV,pose_format/Khóc/KHÓC_LẠI_QUANG_VINH_ (3).pkl,19,Khóc,Khóc,"[""Khóc""]",signer_354,19_KHÓC_LẠI_QUANG_VINH_ (3),,True,1682657,train
cosign_19_02429,cosign_19_02429,Khóc/KHÓC_LẠI_QUANG_VINH_ (4).MOV,pose_format/Khóc/KHÓC_LẠI_QUANG_VINH_ (4).pkl,19,Khóc,Khóc,"[""Khóc""]",signer_354,19_KHÓC_LẠI_QUANG_VINH_ (4),,True,1817727,train
cosign_19_02430,cosign_19_02430,Khóc/KHÓC_LẠI_QUANG_VINH_ (5).MOV,pose_format/Khóc/KHÓC_LẠI_QUANG_VINH_ (5).pkl,19,Khóc,Khóc,"[""Khóc""]",signer_354,19_KHÓC_LẠI_QUANG_VINH_ (5),,True,1743293,train
cosign_19_02431,cosign_19_02431,Khóc/KHÓC_LẠI_QUANG_VINH_(1).mp4,pose_format/Khóc/KHÓC_LẠI_QUANG_VINH_(1).pkl,19,Khóc,Khóc,"[""Khóc""]",signer_354,19_KHÓC_LẠI_QUANG_VINH_(1),,True,627527,train
cosign_19_02432,cosign_19_02432,Khóc/KHÓC_LẠI_QUANG_VINH_(2).mp4,pose_format/Khóc/KHÓC_LẠI_QUANG_VINH_(2).pkl,19,Khóc,Khóc,"[""Khóc""]",signer_354,19_KHÓC_LẠI_QUANG_VINH_(2),,True,605113,train
cosign_19_02433,cosign_19_02433,Khóc/KHÓC_LẠI_QUANG_VINH_(3).mp4,pose_format/Khóc/KHÓC_LẠI_QUANG_VINH_(3).pkl,19,Khóc,Khóc,"[""Khóc""]",signer_354,19_KHÓC_LẠI_QUANG_VINH_(3),,True,589196,train
cosign_19_02434,cosign_19_02434,Khóc/KHÓC_LẠI_QUANG_VINH_(4).mp4,pose_format/Khóc/KHÓC_LẠI_QUANG_VINH_(4).pkl,19,Khóc,Khóc,"[""Khóc""]",signer_354,19_KHÓC_LẠI_QUANG_VINH_(4),,True,632033,train
cosign_19_02435,cosign_19_02435,Khóc/KHÓC_LẠI_QUANG_VINH_(5).mp4,pose_format/Khóc/KHÓC_LẠI_QUANG_VINH_(5).pkl,19,Khóc,Khóc,"[""Khóc""]",signer_354,19_KHÓC_LẠI_QUANG_VINH_(5),,True,604419,train
cosign_19_02436,cosign_19_02436,Khóc/KHÓC_MAI_HOÀNG_XUÂN_ (1).mp4,pose_format/Khóc/KHÓC_MAI_HOÀNG_XUÂN_ (1).pkl,19,Khóc,Khóc,"[""Khóc""]",signer_355,19_KHÓC_MAI_HOÀNG_XUÂN_ (1),,True,4328280,train
cosign_19_02437,cosign_19_02437,Khóc/KHÓC_MAI_HOÀNG_XUÂN_ (2).mp4,pose_format/Khóc/KHÓC_MAI_HOÀNG_XUÂN_ (2).pkl,19,Khóc,Khóc,"[""Khóc""]",signer_355,19_KHÓC_MAI_HOÀNG_XUÂN_ (2),,True,5642766,train
cosign_19_02438,cosign_19_02438,Khóc/KHÓC_MAI_HOÀNG_XUÂN_ (3).mp4,pose_format/Khóc/KHÓC_MAI_HOÀNG_XUÂN_ (3).pkl,19,Khóc,Khóc,"[""Khóc""]",signer_355,19_KHÓC_MAI_HOÀNG_XUÂN_ (3),,True,5170113,train
cosign_19_02439,cosign_19_02439,Khóc/KHÓC_MAI_HOÀNG_XUÂN_ (4).mp4,pose_format/Khóc/KHÓC_MAI_HOÀNG_XUÂN_ (4).pkl,19,Khóc,Khóc,"[""Khóc""]",signer_355,19_KHÓC_MAI_HOÀNG_XUÂN_ (4),,True,5355750,train
cosign_19_02440,cosign_19_02440,Khóc/KHÓC_MAI_HOÀNG_XUÂN_ (5).mp4,pose_format/Khóc/KHÓC_MAI_HOÀNG_XUÂN_ (5).pkl,19,Khóc,Khóc,"[""Khóc""]",signer_355,19_KHÓC_MAI_HOÀNG_XUÂN_ (5),,True,5409666,train
cosign_19_02441,cosign_19_02441,Khóc/KHÓC_NGUYỄN_HOÀNG_ĐIỆP_ (1).mp4,pose_format/Khóc/KHÓC_NGUYỄN_HOÀNG_ĐIỆP_ (1).pkl,19,Khóc,Khóc,"[""Khóc""]",signer_356,19_KHÓC_NGUYỄN_HOÀNG_ĐIỆP_ (1),,True,5950508,train
cosign_19_02442,cosign_19_02442,Khóc/KHÓC_NGUYỄN_HOÀNG_ĐIỆP_ (2).mp4,pose_format/Khóc/KHÓC_NGUYỄN_HOÀNG_ĐIỆP_ (2).pkl,19,Khóc,Khóc,"[""Khóc""]",signer_356,19_KHÓC_NGUYỄN_HOÀNG_ĐIỆP_ (2),,True,5030373,train
cosign_19_02443,cosign_19_02443,Khóc/KHÓC_NGUYỄN_HOÀNG_ĐIỆP_ (3).mp4,pose_format/Khóc/KHÓC_NGUYỄN_HOÀNG_ĐIỆP_ (3).pkl,19,Khóc,Khóc,"[""Khóc""]",signer_356,19_KHÓC_NGUYỄN_HOÀNG_ĐIỆP_ (3),,True,5372909,train
cosign_19_02444,cosign_19_02444,Khóc/KHÓC_NGUYỄN_HOÀNG_ĐIỆP_ (4).mp4,pose_format/Khóc/KHÓC_NGUYỄN_HOÀNG_ĐIỆP_ (4).pkl,19,Khóc,Khóc,"[""Khóc""]",signer_356,19_KHÓC_NGUYỄN_HOÀNG_ĐIỆP_ (4),,True,6864543,train
cosign_19_02445,cosign_19_02445,Khóc/KHÓC_NGUYỄN_HOÀNG_ĐIỆP_ (5).mp4,pose_format/Khóc/KHÓC_NGUYỄN_HOÀNG_ĐIỆP_ (5).pkl,19,Khóc,Khóc,"[""Khóc""]",signer_356,19_KHÓC_NGUYỄN_HOÀNG_ĐIỆP_ (5),,True,5040367,train
cosign_19_02446,cosign_19_02446,Khóc/KHÓC_NGUYỄN_PHƯƠNG_ANH_ (1).mp4,pose_format/Khóc/KHÓC_NGUYỄN_PHƯƠNG_ANH_ (1).pkl,19,Khóc,Khóc,"[""Khóc""]",signer_357,19_KHÓC_NGUYỄN_PHƯƠNG_ANH_ (1),,True,5045567,train
cosign_19_02447,cosign_19_02447,Khóc/KHÓC_NGUYỄN_PHƯƠNG_ANH_ (2).mp4,pose_format/Khóc/KHÓC_NGUYỄN_PHƯƠNG_ANH_ (2).pkl,19,Khóc,Khóc,"[""Khóc""]",signer_357,19_KHÓC_NGUYỄN_PHƯƠNG_ANH_ (2),,True,4995996,train
cosign_19_02448,cosign_19_02448,Khóc/KHÓC_NGUYỄN_PHƯƠNG_ANH_ (3).mp4,pose_format/Khóc/KHÓC_NGUYỄN_PHƯƠNG_ANH_ (3).pkl,19,Khóc,Khóc,"[""Khóc""]",signer_357,19_KHÓC_NGUYỄN_PHƯƠNG_ANH_ (3),,True,5433149,train
cosign_19_02449,cosign_19_02449,Khóc/KHÓC_NGUYỄN_PHƯƠNG_ANH_ (4).mp4,pose_format/Khóc/KHÓC_NGUYỄN_PHƯƠNG_ANH_ (4).pkl,19,Khóc,Khóc,"[""Khóc""]",signer_357,19_KHÓC_NGUYỄN_PHƯƠNG_ANH_ (4),,True,5718413,train
cosign_19_02450,cosign_19_02450,Khóc/KHÓC_NGUYỄN_PHƯƠNG_ANH_ (5).mp4,pose_format/Khóc/KHÓC_NGUYỄN_PHƯƠNG_ANH_ (5).pkl,19,Khóc,Khóc,"[""Khóc""]",signer_357,19_KHÓC_NGUYỄN_PHƯƠNG_ANH_ (5),,True,5087460,train
cosign_19_02451,cosign_19_02451,Khóc/KHÓC_NGUYỄN_VIẾT_QUANG_ (1).mp4,pose_format/Khóc/KHÓC_NGUYỄN_VIẾT_QUANG_ (1).pkl,19,Khóc,Khóc,"[""Khóc""]",signer_358,19_KHÓC_NGUYỄN_VIẾT_QUANG_ (1),,True,5004421,train
cosign_19_02452,cosign_19_02452,Khóc/KHÓC_NGUYỄN_VIẾT_QUANG_ (2).mp4,pose_format/Khóc/KHÓC_NGUYỄN_VIẾT_QUANG_ (2).pkl,19,Khóc,Khóc,"[""Khóc""]",signer_358,19_KHÓC_NGUYỄN_VIẾT_QUANG_ (2),,True,5425940,train
cosign_19_02453,cosign_19_02453,Khóc/KHÓC_NGUYỄN_VIẾT_QUANG_ (3).mp4,pose_format/Khóc/KHÓC_NGUYỄN_VIẾT_QUANG_ (3).pkl,19,Khóc,Khóc,"[""Khóc""]",signer_358,19_KHÓC_NGUYỄN_VIẾT_QUANG_ (3),,True,5732556,train
cosign_19_02454,cosign_19_02454,Khóc/KHÓC_NGUYỄN_VIẾT_QUANG_ (4).mp4,pose_format/Khóc/KHÓC_NGUYỄN_VIẾT_QUANG_ (4).pkl,19,Khóc,Khóc,"[""Khóc""]",signer_358,19_KHÓC_NGUYỄN_VIẾT_QUANG_ (4),,True,5323649,train
cosign_19_02455,cosign_19_02455,Khóc/KHÓC_NGUYỄN_VIẾT_QUANG_ (5).mp4,pose_format/Khóc/KHÓC_NGUYỄN_VIẾT_QUANG_ (5).pkl,19,Khóc,Khóc,"[""Khóc""]",signer_358,19_KHÓC_NGUYỄN_VIẾT_QUANG_ (5),,True,5280511,train
cosign_19_02456,cosign_19_02456,Khóc/KHÓC_NGÔ_TUẤN_ANH_ (1).mp4,pose_format/Khóc/KHÓC_NGÔ_TUẤN_ANH_ (1).pkl,19,Khóc,Khóc,"[""Khóc""]",signer_359,19_KHÓC_NGÔ_TUẤN_ANH_ (1),,True,5981603,train
cosign_19_02457,cosign_19_02457,Khóc/KHÓC_NGÔ_TUẤN_ANH_ (2).mp4,pose_format/Khóc/KHÓC_NGÔ_TUẤN_ANH_ (2).pkl,19,Khóc,Khóc,"[""Khóc""]",signer_359,19_KHÓC_NGÔ_TUẤN_ANH_ (2),,True,6243705,train
cosign_19_02458,cosign_19_02458,Khóc/KHÓC_NGÔ_TUẤN_ANH_ (3).mp4,pose_format/Khóc/KHÓC_NGÔ_TUẤN_ANH_ (3).pkl,19,Khóc,Khóc,"[""Khóc""]",signer_359,19_KHÓC_NGÔ_TUẤN_ANH_ (3),,True,5072289,train
cosign_19_02459,cosign_19_02459,Khóc/KHÓC_NGÔ_TUẤN_ANH_ (4).mp4,pose_format/Khóc/KHÓC_NGÔ_TUẤN_ANH_ (4).pkl,19,Khóc,Khóc,"[""Khóc""]",signer_359,19_KHÓC_NGÔ_TUẤN_ANH_ (4),,True,5848541,train
cosign_19_02460,cosign_19_02460,Khóc/KHÓC_NGÔ_TUẤN_ANH_ (5).mp4,pose_format/Khóc/KHÓC_NGÔ_TUẤN_ANH_ (5).pkl,19,Khóc,Khóc,"[""Khóc""]",signer_359,19_KHÓC_NGÔ_TUẤN_ANH_ (5),,True,5700118,train
cosign_19_02461,cosign_19_02461,Khóc/KHÓC_PHẠM_ĐÌNH_HẢI_(1).mp4,pose_format/Khóc/KHÓC_PHẠM_ĐÌNH_HẢI_(1).pkl,19,Khóc,Khóc,"[""Khóc""]",signer_360,19_KHÓC_PHẠM_ĐÌNH_HẢI_(1),,True,11961777,train
cosign_19_02462,cosign_19_02462,Khóc/KHÓC_PHẠM_ĐÌNH_HẢI_(2).mp4,pose_format/Khóc/KHÓC_PHẠM_ĐÌNH_HẢI_(2).pkl,19,Khóc,Khóc,"[""Khóc""]",signer_360,19_KHÓC_PHẠM_ĐÌNH_HẢI_(2),,True,11316884,train
cosign_19_02463,cosign_19_02463,Khóc/KHÓC_PHẠM_ĐÌNH_HẢI_(3).mp4,pose_format/Khóc/KHÓC_PHẠM_ĐÌNH_HẢI_(3).pkl,19,Khóc,Khóc,"[""Khóc""]",signer_360,19_KHÓC_PHẠM_ĐÌNH_HẢI_(3),,True,12723206,train
cosign_19_02464,cosign_19_02464,Khóc/KHÓC_PHẠM_ĐÌNH_HẢI_(4).mp4,pose_format/Khóc/KHÓC_PHẠM_ĐÌNH_HẢI_(4).pkl,19,Khóc,Khóc,"[""Khóc""]",signer_360,19_KHÓC_PHẠM_ĐÌNH_HẢI_(4),,True,10514952,train
cosign_19_02465,cosign_19_02465,Khóc/KHÓC_PHẠM_ĐÌNH_HẢI_(5).mp4,pose_format/Khóc/KHÓC_PHẠM_ĐÌNH_HẢI_(5).pkl,19,Khóc,Khóc,"[""Khóc""]",signer_360,19_KHÓC_PHẠM_ĐÌNH_HẢI_(5),,True,13151681,train
cosign_19_02466,cosign_19_02466,Khóc/KHÓC_TRƯƠNG_NGỌC_DIỄM_ (1).mp4,pose_format/Khóc/KHÓC_TRƯƠNG_NGỌC_DIỄM_ (1).pkl,19,Khóc,Khóc,"[""Khóc""]",signer_361,19_KHÓC_TRƯƠNG_NGỌC_DIỄM_ (1),,True,6809158,train
cosign_19_02467,cosign_19_02467,Khóc/KHÓC_TRƯƠNG_NGỌC_DIỄM_ (2).mp4,pose_format/Khóc/KHÓC_TRƯƠNG_NGỌC_DIỄM_ (2).pkl,19,Khóc,Khóc,"[""Khóc""]",signer_361,19_KHÓC_TRƯƠNG_NGỌC_DIỄM_ (2),,True,6727999,train
cosign_19_02468,cosign_19_02468,Khóc/KHÓC_TRƯƠNG_NGỌC_DIỄM_ (3).mp4,pose_format/Khóc/KHÓC_TRƯƠNG_NGỌC_DIỄM_ (3).pkl,19,Khóc,Khóc,"[""Khóc""]",signer_361,19_KHÓC_TRƯƠNG_NGỌC_DIỄM_ (3),,True,6044890,train
cosign_19_02469,cosign_19_02469,Khóc/KHÓC_TRƯƠNG_NGỌC_DIỄM_ (4).mp4,pose_format/Khóc/KHÓC_TRƯƠNG_NGỌC_DIỄM_ (4).pkl,19,Khóc,Khóc,"[""Khóc""]",signer_361,19_KHÓC_TRƯƠNG_NGỌC_DIỄM_ (4),,True,6787737,train
cosign_19_02470,cosign_19_02470,Khóc/KHÓC_TRƯƠNG_NGỌC_DIỄM_ (5).mp4,pose_format/Khóc/KHÓC_TRƯƠNG_NGỌC_DIỄM_ (5).pkl,19,Khóc,Khóc,"[""Khóc""]",signer_361,19_KHÓC_TRƯƠNG_NGỌC_DIỄM_ (5),,True,6790190,train
cosign_19_02471,cosign_19_02471,Khóc/KHÓC_TRẦN_TUẤN_MINH_ (1).mp4,pose_format/Khóc/KHÓC_TRẦN_TUẤN_MINH_ (1).pkl,19,Khóc,Khóc,"[""Khóc""]",signer_362,19_KHÓC_TRẦN_TUẤN_MINH_ (1),,True,6318013,train
cosign_19_02472,cosign_19_02472,Khóc/KHÓC_TRẦN_TUẤN_MINH_ (2).mp4,pose_format/Khóc/KHÓC_TRẦN_TUẤN_MINH_ (2).pkl,19,Khóc,Khóc,"[""Khóc""]",signer_362,19_KHÓC_TRẦN_TUẤN_MINH_ (2),,True,6828312,train
cosign_19_02473,cosign_19_02473,Khóc/KHÓC_TRẦN_TUẤN_MINH_ (3).mp4,pose_format/Khóc/KHÓC_TRẦN_TUẤN_MINH_ (3).pkl,19,Khóc,Khóc,"[""Khóc""]",signer_362,19_KHÓC_TRẦN_TUẤN_MINH_ (3),,True,6532120,train
cosign_19_02474,cosign_19_02474,Khóc/KHÓC_TRẦN_TUẤN_MINH_ (4).mp4,pose_format/Khóc/KHÓC_TRẦN_TUẤN_MINH_ (4).pkl,19,Khóc,Khóc,"[""Khóc""]",signer_362,19_KHÓC_TRẦN_TUẤN_MINH_ (4),,True,6521902,train
cosign_19_02475,cosign_19_02475,Khóc/KHÓC_TRẦN_TUẤN_MINH_ (5).mp4,pose_format/Khóc/KHÓC_TRẦN_TUẤN_MINH_ (5).pkl,19,Khóc,Khóc,"[""Khóc""]",signer_362,19_KHÓC_TRẦN_TUẤN_MINH_ (5),,True,6406361,train
cosign_19_02476,cosign_19_02476,Khóc/KHÓC_TRẦN_ĐỨC_QUÂN_ (1).mp4,pose_format/Khóc/KHÓC_TRẦN_ĐỨC_QUÂN_ (1).pkl,19,Khóc,Khóc,"[""Khóc""]",signer_363,19_KHÓC_TRẦN_ĐỨC_QUÂN_ (1),,True,4874774,train
cosign_19_02477,cosign_19_02477,Khóc/KHÓC_TRẦN_ĐỨC_QUÂN_ (2).mp4,pose_format/Khóc/KHÓC_TRẦN_ĐỨC_QUÂN_ (2).pkl,19,Khóc,Khóc,"[""Khóc""]",signer_363,19_KHÓC_TRẦN_ĐỨC_QUÂN_ (2),,True,5582927,train
cosign_19_02478,cosign_19_02478,Khóc/KHÓC_TRẦN_ĐỨC_QUÂN_ (3).mp4,pose_format/Khóc/KHÓC_TRẦN_ĐỨC_QUÂN_ (3).pkl,19,Khóc,Khóc,"[""Khóc""]",signer_363,19_KHÓC_TRẦN_ĐỨC_QUÂN_ (3),,True,6024542,train
cosign_19_02479,cosign_19_02479,Khóc/KHÓC_TRẦN_ĐỨC_QUÂN_ (4).mp4,pose_format/Khóc/KHÓC_TRẦN_ĐỨC_QUÂN_ (4).pkl,19,Khóc,Khóc,"[""Khóc""]",signer_363,19_KHÓC_TRẦN_ĐỨC_QUÂN_ (4),,True,5423325,train
cosign_19_02480,cosign_19_02480,Khóc/KHÓC_TRẦN_ĐỨC_QUÂN_ (5).mp4,pose_format/Khóc/KHÓC_TRẦN_ĐỨC_QUÂN_ (5).pkl,19,Khóc,Khóc,"[""Khóc""]",signer_363,19_KHÓC_TRẦN_ĐỨC_QUÂN_ (5),,True,5695256,train
cosign_19_02481,cosign_19_02481,Khóc/KHÓC_TẠ_THỊ_PHƯƠNG_LINH_ (1).mp4,pose_format/Khóc/KHÓC_TẠ_THỊ_PHƯƠNG_LINH_ (1).pkl,19,Khóc,Khóc,"[""Khóc""]",signer_364,19_KHÓC_TẠ_THỊ_PHƯƠNG_LINH_ (1),,True,3691148,train
cosign_19_02482,cosign_19_02482,Khóc/KHÓC_TẠ_THỊ_PHƯƠNG_LINH_ (2).mp4,pose_format/Khóc/KHÓC_TẠ_THỊ_PHƯƠNG_LINH_ (2).pkl,19,Khóc,Khóc,"[""Khóc""]",signer_364,19_KHÓC_TẠ_THỊ_PHƯƠNG_LINH_ (2),,True,3540108,train
cosign_19_02483,cosign_19_02483,Khóc/KHÓC_TẠ_THỊ_PHƯƠNG_LINH_ (3).mp4,pose_format/Khóc/KHÓC_TẠ_THỊ_PHƯƠNG_LINH_ (3).pkl,19,Khóc,Khóc,"[""Khóc""]",signer_364,19_KHÓC_TẠ_THỊ_PHƯƠNG_LINH_ (3),,True,3955266,train
cosign_19_02484,cosign_19_02484,Khóc/KHÓC_TẠ_THỊ_PHƯƠNG_LINH_ (4).mp4,pose_format/Khóc/KHÓC_TẠ_THỊ_PHƯƠNG_LINH_ (4).pkl,19,Khóc,Khóc,"[""Khóc""]",signer_364,19_KHÓC_TẠ_THỊ_PHƯƠNG_LINH_ (4),,True,3770838,train
cosign_19_02485,cosign_19_02485,Khóc/KHÓC_TẠ_THỊ_PHƯƠNG_LINH_ (5).mp4,pose_format/Khóc/KHÓC_TẠ_THỊ_PHƯƠNG_LINH_ (5).pkl,19,Khóc,Khóc,"[""Khóc""]",signer_364,19_KHÓC_TẠ_THỊ_PHƯƠNG_LINH_ (5),,True,3783184,train
cosign_19_02486,cosign_19_02486,Khóc/KHÓC_VŨ_HUY_DU_ (1).mp4,pose_format/Khóc/KHÓC_VŨ_HUY_DU_ (1).pkl,19,Khóc,Khóc,"[""Khóc""]",signer_365,19_KHÓC_VŨ_HUY_DU_ (1),,True,6064105,train
cosign_19_02487,cosign_19_02487,Khóc/KHÓC_VŨ_HUY_DU_ (2).mp4,pose_format/Khóc/KHÓC_VŨ_HUY_DU_ (2).pkl,19,Khóc,Khóc,"[""Khóc""]",signer_365,19_KHÓC_VŨ_HUY_DU_ (2),,True,6755148,train
cosign_19_02488,cosign_19_02488,Khóc/KHÓC_VŨ_HUY_DU_ (3).mp4,pose_format/Khóc/KHÓC_VŨ_HUY_DU_ (3).pkl,19,Khóc,Khóc,"[""Khóc""]",signer_365,19_KHÓC_VŨ_HUY_DU_ (3),,True,6753022,train
cosign_19_02489,cosign_19_02489,Khóc/KHÓC_VŨ_HUY_DU_ (4).mp4,pose_format/Khóc/KHÓC_VŨ_HUY_DU_ (4).pkl,19,Khóc,Khóc,"[""Khóc""]",signer_365,19_KHÓC_VŨ_HUY_DU_ (4),,True,7713479,train
cosign_19_02490,cosign_19_02490,Khóc/KHÓC_VŨ_HUY_DU_ (5).mp4,pose_format/Khóc/KHÓC_VŨ_HUY_DU_ (5).pkl,19,Khóc,Khóc,"[""Khóc""]",signer_365,19_KHÓC_VŨ_HUY_DU_ (5),,True,5808930,train
cosign_19_02491,cosign_19_02491,Khóc/KHÓC_VŨ_KẾT_ĐỒNG_(1).mp4,pose_format/Khóc/KHÓC_VŨ_KẾT_ĐỒNG_(1).pkl,19,Khóc,Khóc,"[""Khóc""]",signer_366,19_KHÓC_VŨ_KẾT_ĐỒNG_(1),,True,6430953,train
cosign_19_02492,cosign_19_02492,Khóc/KHÓC_VŨ_KẾT_ĐỒNG_(2).mp4,pose_format/Khóc/KHÓC_VŨ_KẾT_ĐỒNG_(2).pkl,19,Khóc,Khóc,"[""Khóc""]",signer_366,19_KHÓC_VŨ_KẾT_ĐỒNG_(2),,True,7099936,train
cosign_19_02493,cosign_19_02493,Khóc/KHÓC_VŨ_KẾT_ĐỒNG_(3).mp4,pose_format/Khóc/KHÓC_VŨ_KẾT_ĐỒNG_(3).pkl,19,Khóc,Khóc,"[""Khóc""]",signer_366,19_KHÓC_VŨ_KẾT_ĐỒNG_(3),,True,6450249,train
cosign_19_02494,cosign_19_02494,Khóc/KHÓC_VŨ_KẾT_ĐỒNG_(4).mp4,pose_format/Khóc/KHÓC_VŨ_KẾT_ĐỒNG_(4).pkl,19,Khóc,Khóc,"[""Khóc""]",signer_366,19_KHÓC_VŨ_KẾT_ĐỒNG_(4),,True,6493683,train
cosign_19_02495,cosign_19_02495,Khóc/KHÓC_VŨ_KẾT_ĐỒNG_(5).mp4,pose_format/Khóc/KHÓC_VŨ_KẾT_ĐỒNG_(5).pkl,19,Khóc,Khóc,"[""Khóc""]",signer_366,19_KHÓC_VŨ_KẾT_ĐỒNG_(5),,True,6359367,train
cosign_19_02496,cosign_19_02496,Khóc/Khóc_LQM.mp4,pose_format/Khóc/Khóc_LQM.pkl,19,Khóc,Khóc,"[""Khóc""]",signer_367,19_Khóc_LQM,,True,7369764,train
cosign_19_02497,cosign_19_02497,Khóc/Khóc_LQM (2).mp4,pose_format/Khóc/Khóc_LQM (2).pkl,19,Khóc,Khóc,"[""Khóc""]",signer_367,19_Khóc_LQM (2),,True,6402809,train
cosign_19_02498,cosign_19_02498,Khóc/Khóc_LQM (3).mp4,pose_format/Khóc/Khóc_LQM (3).pkl,19,Khóc,Khóc,"[""Khóc""]",signer_367,19_Khóc_LQM (3),,True,6560949,train
cosign_19_02499,cosign_19_02499,Khóc/Khóc_LQM (4).mp4,pose_format/Khóc/Khóc_LQM (4).pkl,19,Khóc,Khóc,"[""Khóc""]",signer_367,19_Khóc_LQM (4),,True,6887683,train
cosign_19_02500,cosign_19_02500,Khóc/Khóc_LQM (5).mp4,pose_format/Khóc/Khóc_LQM (5).pkl,19,Khóc,Khóc,"[""Khóc""]",signer_367,19_Khóc_LQM (5),,True,7338856,train
cosign_19_02501,cosign_19_02501,Khóc/Khóc_MVT.mp4,pose_format/Khóc/Khóc_MVT.pkl,19,Khóc,Khóc,"[""Khóc""]",signer_368,19_Khóc_MVT,,True,7626206,train
cosign_19_02502,cosign_19_02502,Khóc/Khóc_MVT (2).mp4,pose_format/Khóc/Khóc_MVT (2).pkl,19,Khóc,Khóc,"[""Khóc""]",signer_368,19_Khóc_MVT (2),,True,8029131,train
cosign_19_02503,cosign_19_02503,Khóc/Khóc_MVT (3).mp4,pose_format/Khóc/Khóc_MVT (3).pkl,19,Khóc,Khóc,"[""Khóc""]",signer_368,19_Khóc_MVT (3),,True,8981227,train
cosign_19_02504,cosign_19_02504,Khóc/Khóc_MVT (4).mp4,pose_format/Khóc/Khóc_MVT (4).pkl,19,Khóc,Khóc,"[""Khóc""]",signer_368,19_Khóc_MVT (4),,True,11007314,train
cosign_19_02505,cosign_19_02505,Khóc/Khóc_MVT (5).mp4,pose_format/Khóc/Khóc_MVT (5).pkl,19,Khóc,Khóc,"[""Khóc""]",signer_368,19_Khóc_MVT (5),,True,8169298,train
cosign_19_02506,cosign_19_02506,Khóc/Lê Phương Thảo _12_Khóc_1692758003.5589237_0.avi,pose_format/Khóc/Lê Phương Thảo _12_Khóc_1692758003.5589237_0.pkl,19,Khóc,Khóc,"[""Khóc""]",signer_019,19_Lê Phương Thảo _12_Khóc_1692758003.5589237_0,19_Lê Phương Thảo _12_Khóc_1692758003.5589237_0,False,30965842,train
cosign_19_02507,cosign_19_02507,Khóc/Lê Phương Thảo _12_Khóc_1692758003.5589237_0_cut.avi,pose_format/Khóc/Lê Phương Thảo _12_Khóc_1692758003.5589237_0_cut.pkl,19,Khóc,Khóc,"[""Khóc""]",signer_019,19_Lê Phương Thảo _12_Khóc_1692758003.5589237_0,,True,708522,train
cosign_19_02508,cosign_19_02508,Khóc/Lê Phương Thảo _12_Khóc_1692758003.5589237_0_frames_35.avi,pose_format/Khóc/Lê Phương Thảo _12_Khóc_1692758003.5589237_0_frames_35.pkl,19,Khóc,Khóc,"[""Khóc""]",signer_019,19_Lê Phương Thảo _12_Khóc_1692758003.5589237_0,19_Lê Phương Thảo _12_Khóc_1692758003.5589237_0,False,907496,train
cosign_19_02509,cosign_19_02509,Khóc/Lê Phương Thảo _12_Khóc_1692758003.5589237_0_frames_40.avi,pose_format/Khóc/Lê Phương Thảo _12_Khóc_1692758003.5589237_0_frames_40.pkl,19,Khóc,Khóc,"[""Khóc""]",signer_019,19_Lê Phương Thảo _12_Khóc_1692758003.5589237_0,19_Lê Phương Thảo _12_Khóc_1692758003.5589237_0,False,907496,train
cosign_19_02510,cosign_19_02510,Khóc/Lê Thanh Như_12_Khóc_1692759141.1316013_0.avi,pose_format/Khóc/Lê Thanh Như_12_Khóc_1692759141.1316013_0.pkl,19,Khóc,Khóc,"[""Khóc""]",signer_020,19_Lê Thanh Như_12_Khóc_1692759141.1316013_0,19_Lê Thanh Như_12_Khóc_1692759141.1316013_0,False,32470898,train
cosign_19_02511,cosign_19_02511,Khóc/Lê Thanh Như_12_Khóc_1692759141.1316013_0_cut.avi,pose_format/Khóc/Lê Thanh Như_12_Khóc_1692759141.1316013_0_cut.pkl,19,Khóc,Khóc,"[""Khóc""]",signer_020,19_Lê Thanh Như_12_Khóc_1692759141.1316013_0,,True,957826,train
cosign_19_02512,cosign_19_02512,Khóc/Lê Thanh Như_12_Khóc_1692759141.1316013_0_frames_35.avi,pose_format/Khóc/Lê Thanh Như_12_Khóc_1692759141.1316013_0_frames_35.pkl,19,Khóc,Khóc,"[""Khóc""]",signer_020,19_Lê Thanh Như_12_Khóc_1692759141.1316013_0,19_Lê Thanh Như_12_Khóc_1692759141.1316013_0,False,1171532,train
cosign_19_02513,cosign_19_02513,Khóc/Lê Thanh Như_12_Khóc_1692759141.1316013_0_frames_40.avi,pose_format/Khóc/Lê Thanh Như_12_Khóc_1692759141.1316013_0_frames_40.pkl,19,Khóc,Khóc,"[""Khóc""]",signer_020,19_Lê Thanh Như_12_Khóc_1692759141.1316013_0,19_Lê Thanh Như_12_Khóc_1692759141.1316013_0,False,1171532,train
cosign_19_02514,cosign_19_02514,Khóc/Nguyễn Gia Bảo_10_khóc_1692757743.3452837_0.avi,pose_format/Khóc/Nguyễn Gia Bảo_10_khóc_1692757743.3452837_0.pkl,19,Khóc,Khóc,"[""Khóc""]",signer_021,19_Nguyễn Gia Bảo_10_khóc_1692757743.3452837_0,19_Nguyễn Gia Bảo_10_khóc_1692757743.3452837_0,False,66139550,train
cosign_19_02515,cosign_19_02515,Khóc/Nguyễn Gia Bảo_10_khóc_1692757743.3452837_0_cut.avi,pose_format/Khóc/Nguyễn Gia Bảo_10_khóc_1692757743.3452837_0_cut.pkl,19,Khóc,Khóc,"[""Khóc""]",signer_021,19_Nguyễn Gia Bảo_10_khóc_1692757743.3452837_0,,True,1641446,train
cosign_19_02516,cosign_19_02516,Khóc/Nguyễn Gia Bảo_10_khóc_1692757743.3452837_0_frames_35.avi,pose_format/Khóc/Nguyễn Gia Bảo_10_khóc_1692757743.3452837_0_frames_35.pkl,19,Khóc,Khóc,"[""Khóc""]",signer_021,19_Nguyễn Gia Bảo_10_khóc_1692757743.3452837_0,19_Nguyễn Gia Bảo_10_khóc_1692757743.3452837_0,False,1949456,train
cosign_19_02517,cosign_19_02517,Khóc/Nguyễn Gia Bảo_10_khóc_1692757743.3452837_0_frames_40.avi,pose_format/Khóc/Nguyễn Gia Bảo_10_khóc_1692757743.3452837_0_frames_40.pkl,19,Khóc,Khóc,"[""Khóc""]",signer_021,19_Nguyễn Gia Bảo_10_khóc_1692757743.3452837_0,19_Nguyễn Gia Bảo_10_khóc_1692757743.3452837_0,False,1949456,train
cosign_19_02518,cosign_19_02518,Khóc/Nguyễn Thị Huyền_35_khóc_1692866210.2064235_0.avi,pose_format/Khóc/Nguyễn Thị Huyền_35_khóc_1692866210.2064235_0.pkl,19,Khóc,Khóc,"[""Khóc""]",signer_022,19_Nguyễn Thị Huyền_35_khóc_1692866210.2064235_0,19_Nguyễn Thị Huyền_35_khóc_1692866210.2064235_0,False,98812816,train
cosign_19_02519,cosign_19_02519,Khóc/Nguyễn Thị Huyền_35_khóc_1692866210.2064235_0_cut.avi,pose_format/Khóc/Nguyễn Thị Huyền_35_khóc_1692866210.2064235_0_cut.pkl,19,Khóc,Khóc,"[""Khóc""]",signer_022,19_Nguyễn Thị Huyền_35_khóc_1692866210.2064235_0,,True,1425614,train
cosign_19_02520,cosign_19_02520,Khóc/Nguyễn Thị Huyền_35_khóc_1692866210.2064235_0_frames_35.avi,pose_format/Khóc/Nguyễn Thị Huyền_35_khóc_1692866210.2064235_0_frames_35.pkl,19,Khóc,Khóc,"[""Khóc""]",signer_022,19_Nguyễn Thị Huyền_35_khóc_1692866210.2064235_0,19_Nguyễn Thị Huyền_35_khóc_1692866210.2064235_0,False,1776288,train
cosign_19_02521,cosign_19_02521,Khóc/Nguyễn Thị Huyền_35_khóc_1692866210.2064235_0_frames_40.avi,pose_format/Khóc/Nguyễn Thị Huyền_35_khóc_1692866210.2064235_0_frames_40.pkl,19,Khóc,Khóc,"[""Khóc""]",signer_022,19_Nguyễn Thị Huyền_35_khóc_1692866210.2064235_0,19_Nguyễn Thị Huyền_35_khóc_1692866210.2064235_0,False,1776288,train
cosign_19_02522,cosign_19_02522,Khóc/Nguyễn Thị Hồng_32_Khóc_1692949866.9449573_0.avi,pose_format/Khóc/Nguyễn Thị Hồng_32_Khóc_1692949866.9449573_0.pkl,19,Khóc,Khóc,"[""Khóc""]",signer_023,19_Nguyễn Thị Hồng_32_Khóc_1692949866.9449573_0,19_Nguyễn Thị Hồng_32_Khóc_1692949866.9449573_0,False,40687710,train
cosign_19_02523,cosign_19_02523,Khóc/Nguyễn Thị Hồng_32_Khóc_1692949866.9449573_0_cut.avi,pose_format/Khóc/Nguyễn Thị Hồng_32_Khóc_1692949866.9449573_0_cut.pkl,19,Khóc,Khóc,"[""Khóc""]",signer_023,19_Nguyễn Thị Hồng_32_Khóc_1692949866.9449573_0,,True,850064,train
cosign_19_02524,cosign_19_02524,Khóc/Nguyễn Thị Hồng_32_Khóc_1692949866.9449573_0_frames_35.avi,pose_format/Khóc/Nguyễn Thị Hồng_32_Khóc_1692949866.9449573_0_frames_35.pkl,19,Khóc,Khóc,"[""Khóc""]",signer_023,19_Nguyễn Thị Hồng_32_Khóc_1692949866.9449573_0,19_Nguyễn Thị Hồng_32_Khóc_1692949866.9449573_0,False,1033626,train
cosign_19_02525,cosign_19_02525,Khóc/Nguyễn Thị Hồng_32_Khóc_1692949866.9449573_0_frames_40.avi,pose_format/Khóc/Nguyễn Thị Hồng_32_Khóc_1692949866.9449573_0_frames_40.pkl,19,Khóc,Khóc,"[""Khóc""]",signer_023,19_Nguyễn Thị Hồng_32_Khóc_1692949866.9449573_0,19_Nguyễn Thị Hồng_32_Khóc_1692949866.9449573_0,False,1033626,train
cosign_19_02526,cosign_19_02526,Khóc/Nguyễn Thị Mai Anh_39_khóc_1693194764.8649669_0.avi,pose_format/Khóc/Nguyễn Thị Mai Anh_39_khóc_1693194764.8649669_0.pkl,19,Khóc,Khóc,"[""Khóc""]",signer_024,19_Nguyễn Thị Mai Anh_39_khóc_1693194764.8649669_0,19_Nguyễn Thị Mai Anh_39_khóc_1693194764.8649669_0,False,67153012,train
cosign_19_02527,cosign_19_02527,Khóc/Nguyễn Thị Mai Anh_39_khóc_1693194764.8649669_0_cut.avi,pose_format/Khóc/Nguyễn Thị Mai Anh_39_khóc_1693194764.8649669_0_cut.pkl,19,Khóc,Khóc,"[""Khóc""]",signer_024,19_Nguyễn Thị Mai Anh_39_khóc_1693194764.8649669_0,,True,822396,train
cosign_19_02528,cosign_19_02528,Khóc/Nguyễn Thị Mai Anh_39_khóc_1693194764.8649669_0_frames_35.avi,pose_format/Khóc/Nguyễn Thị Mai Anh_39_khóc_1693194764.8649669_0_frames_35.pkl,19,Khóc,Khóc,"[""Khóc""]",signer_024,19_Nguyễn Thị Mai Anh_39_khóc_1693194764.8649669_0,19_Nguyễn Thị Mai Anh_39_khóc_1693194764.8649669_0,False,1080172,train
cosign_19_02529,cosign_19_02529,Khóc/Nguyễn Thị Mai Anh_39_khóc_1693194764.8649669_0_frames_40.avi,pose_format/Khóc/Nguyễn Thị Mai Anh_39_khóc_1693194764.8649669_0_frames_40.pkl,19,Khóc,Khóc,"[""Khóc""]",signer_024,19_Nguyễn Thị Mai Anh_39_khóc_1693194764.8649669_0,19_Nguyễn Thị Mai Anh_39_khóc_1693194764.8649669_0,False,1080172,train
cosign_19_02530,cosign_19_02530,Khóc/Nguyễn Thị Thu Trang_38_Khóc_1692861656.2136543_0.avi,pose_format/Khóc/Nguyễn Thị Thu Trang_38_Khóc_1692861656.2136543_0.pkl,19,Khóc,Khóc,"[""Khóc""]",signer_025,19_Nguyễn Thị Thu Trang_38_Khóc_1692861656.2136543_0,19_Nguyễn Thị Thu Trang_38_Khóc_1692861656.2136543_0,False,52634496,train
cosign_19_02531,cosign_19_02531,Khóc/Nguyễn Thị Thu Trang_38_Khóc_1692861656.2136543_0_cut.avi,pose_format/Khóc/Nguyễn Thị Thu Trang_38_Khóc_1692861656.2136543_0_cut.pkl,19,Khóc,Khóc,"[""Khóc""]",signer_025,19_Nguyễn Thị Thu Trang_38_Khóc_1692861656.2136543_0,,True,1252482,train
cosign_19_02532,cosign_19_02532,Khóc/Nguyễn Thị Thu Trang_38_Khóc_1692861656.2136543_0_frames_35.avi,pose_format/Khóc/Nguyễn Thị Thu Trang_38_Khóc_1692861656.2136543_0_frames_35.pkl,19,Khóc,Khóc,"[""Khóc""]",signer_025,19_Nguyễn Thị Thu Trang_38_Khóc_1692861656.2136543_0,19_Nguyễn Thị Thu Trang_38_Khóc_1692861656.2136543_0,False,1522264,train
cosign_19_02533,cosign_19_02533,Khóc/Nguyễn Thị Thu Trang_38_Khóc_1692861656.2136543_0_frames_40.avi,pose_format/Khóc/Nguyễn Thị Thu Trang_38_Khóc_1692861656.2136543_0_frames_40.pkl,19,Khóc,Khóc,"[""Khóc""]",signer_025,19_Nguyễn Thị Thu Trang_38_Khóc_1692861656.2136543_0,19_Nguyễn Thị Thu Trang_38_Khóc_1692861656.2136543_0,False,1522264,train
cosign_19_02534,cosign_19_02534,Khóc/Nguyễn Thị Thu Trang_38_Khóc_1692864476.611341_0.avi,pose_format/Khóc/Nguyễn Thị Thu Trang_38_Khóc_1692864476.611341_0.pkl,19,Khóc,Khóc,"[""Khóc""]",signer_025,19_Nguyễn Thị Thu Trang_38_Khóc_1692864476.611341_0,19_Nguyễn Thị Thu Trang_38_Khóc_1692864476.611341_0,False,58060194,train
cosign_19_02535,cosign_19_02535,Khóc/Nguyễn Thị Thu Trang_38_Khóc_1692864476.611341_0_cut.avi,pose_format/Khóc/Nguyễn Thị Thu Trang_38_Khóc_1692864476.611341_0_cut.pkl,19,Khóc,Khóc,"[""Khóc""]",signer_025,19_Nguyễn Thị Thu Trang_38_Khóc_1692864476.611341_0,,True,1118374,train
cosign_19_02536,cosign_19_02536,Khóc/Nguyễn Thị Thu Trang_38_Khóc_1692864476.611341_0_frames_35.avi,pose_format/Khóc/Nguyễn Thị Thu Trang_38_Khóc_1692864476.611341_0_frames_35.pkl,19,Khóc,Khóc,"[""Khóc""]",signer_025,19_Nguyễn Thị Thu Trang_38_Khóc_1692864476.611341_0,19_Nguyễn Thị Thu Trang_38_Khóc_1692864476.611341_0,False,1380728,train
cosign_19_02537,cosign_19_02537,Khóc/Nguyễn Thị Thu Trang_38_Khóc_1692864476.611341_0_frames_40.avi,pose_format/Khóc/Nguyễn Thị Thu Trang_38_Khóc_1692864476.611341_0_frames_40.pkl,19,Khóc,Khóc,"[""Khóc""]",signer_025,19_Nguyễn Thị Thu Trang_38_Khóc_1692864476.611341_0,19_Nguyễn Thị Thu Trang_38_Khóc_1692864476.611341_0,False,1380728,train
cosign_19_02538,cosign_19_02538,Khóc/Phạm Thị Mai Hương _32_Khóc_1692780528.6203966_0.avi,pose_format/Khóc/Phạm Thị Mai Hương _32_Khóc_1692780528.6203966_0.pkl,19,Khóc,Khóc,"[""Khóc""]",signer_066,19_Phạm Thị Mai Hương _32_Khóc_1692780528.6203966_0,19_Phạm Thị Mai Hương _32_Khóc_1692780528.6203966_0,False,55242330,train
cosign_19_02539,cosign_19_02539,Khóc/Phạm Thị Mai Hương _32_Khóc_1692780528.6203966_0_cut.avi,pose_format/Khóc/Phạm Thị Mai Hương _32_Khóc_1692780528.6203966_0_cut.pkl,19,Khóc,Khóc,"[""Khóc""]",signer_066,19_Phạm Thị Mai Hương _32_Khóc_1692780528.6203966_0,,True,819510,train
cosign_19_02540,cosign_19_02540,Khóc/Phạm Thị Mai Hương _32_Khóc_1692780528.6203966_0_frames_35.avi,pose_format/Khóc/Phạm Thị Mai Hương _32_Khóc_1692780528.6203966_0_frames_35.pkl,19,Khóc,Khóc,"[""Khóc""]",signer_066,19_Phạm Thị Mai Hương _32_Khóc_1692780528.6203966_0,19_Phạm Thị Mai Hương _32_Khóc_1692780528.6203966_0,False,1009768,train
cosign_19_02541,cosign_19_02541,Khóc/Phạm Thị Mai Hương _32_Khóc_1692780528.6203966_0_frames_40.avi,pose_format/Khóc/Phạm Thị Mai Hương _32_Khóc_1692780528.6203966_0_frames_40.pkl,19,Khóc,Khóc,"[""Khóc""]",signer_066,19_Phạm Thị Mai Hương _32_Khóc_1692780528.6203966_0,19_Phạm Thị Mai Hương _32_Khóc_1692780528.6203966_0,False,1009768,train
cosign_19_02542,cosign_19_02542,Khóc/Trần Thị Vân Anh_39_khóc_1692952787.5239677_0.avi,pose_format/Khóc/Trần Thị Vân Anh_39_khóc_1692952787.5239677_0.pkl,19,Khóc,Khóc,"[""Khóc""]",signer_026,19_Trần Thị Vân Anh_39_khóc_1692952787.5239677_0,19_Trần Thị Vân Anh_39_khóc_1692952787.5239677_0,False,57533504,train
cosign_19_02543,cosign_19_02543,Khóc/Trần Thị Vân Anh_39_khóc_1692952787.5239677_0_cut.avi,pose_format/Khóc/Trần Thị Vân Anh_39_khóc_1692952787.5239677_0_cut.pkl,19,Khóc,Khóc,"[""Khóc""]",signer_026,19_Trần Thị Vân Anh_39_khóc_1692952787.5239677_0,,True,894042,train
cosign_19_02544,cosign_19_02544,Khóc/Trần Thị Vân Anh_39_khóc_1692952787.5239677_0_frames_35.avi,pose_format/Khóc/Trần Thị Vân Anh_39_khóc_1692952787.5239677_0_frames_35.pkl,19,Khóc,Khóc,"[""Khóc""]",signer_026,19_Trần Thị Vân Anh_39_khóc_1692952787.5239677_0,19_Trần Thị Vân Anh_39_khóc_1692952787.5239677_0,False,1110424,train
cosign_19_02545,cosign_19_02545,Khóc/Trần Thị Vân Anh_39_khóc_1692952787.5239677_0_frames_40.avi,pose_format/Khóc/Trần Thị Vân Anh_39_khóc_1692952787.5239677_0_frames_40.pkl,19,Khóc,Khóc,"[""Khóc""]",signer_026,19_Trần Thị Vân Anh_39_khóc_1692952787.5239677_0,19_Trần Thị Vân Anh_39_khóc_1692952787.5239677_0,False,1110424,train
cosign_19_02546,cosign_19_02546,Khóc/Trần Xuân Ngọc_41_khóc_1692929316.6974537_0.avi,pose_format/Khóc/Trần Xuân Ngọc_41_khóc_1692929316.6974537_0.pkl,19,Khóc,Khóc,"[""Khóc""]",signer_027,19_Trần Xuân Ngọc_41_khóc_1692929316.6974537_0,19_Trần Xuân Ngọc_41_khóc_1692929316.6974537_0,False,96086544,train
cosign_19_02547,cosign_19_02547,Khóc/Trần Xuân Ngọc_41_khóc_1692929316.6974537_0_cut.avi,pose_format/Khóc/Trần Xuân Ngọc_41_khóc_1692929316.6974537_0_cut.pkl,19,Khóc,Khóc,"[""Khóc""]",signer_027,19_Trần Xuân Ngọc_41_khóc_1692929316.6974537_0,,True,1457682,train
cosign_19_02548,cosign_19_02548,Khóc/Trần Xuân Ngọc_41_khóc_1692929316.6974537_0_frames_35.avi,pose_format/Khóc/Trần Xuân Ngọc_41_khóc_1692929316.6974537_0_frames_35.pkl,19,Khóc,Khóc,"[""Khóc""]",signer_027,19_Trần Xuân Ngọc_41_khóc_1692929316.6974537_0,19_Trần Xuân Ngọc_41_khóc_1692929316.6974537_0,False,1940486,train
cosign_19_02549,cosign_19_02549,Khóc/Trần Xuân Ngọc_41_khóc_1692929316.6974537_0_frames_40.avi,pose_format/Khóc/Trần Xuân Ngọc_41_khóc_1692929316.6974537_0_frames_40.pkl,19,Khóc,Khóc,"[""Khóc""]",signer_027,19_Trần Xuân Ngọc_41_khóc_1692929316.6974537_0,19_Trần Xuân Ngọc_41_khóc_1692929316.6974537_0,False,1940486,train
cosign_19_02550,cosign_19_02550,Khóc/Vũ Thị Thu Phương_37_khóc_1692867585.312906_0.avi,pose_format/Khóc/Vũ Thị Thu Phương_37_khóc_1692867585.312906_0.pkl,19,Khóc,Khóc,"[""Khóc""]",signer_028,19_Vũ Thị Thu Phương_37_khóc_1692867585.312906_0,19_Vũ Thị Thu Phương_37_khóc_1692867585.312906_0,False,48620644,train
cosign_19_02551,cosign_19_02551,Khóc/Vũ Thị Thu Phương_37_khóc_1692867585.312906_0_cut.avi,pose_format/Khóc/Vũ Thị Thu Phương_37_khóc_1692867585.312906_0_cut.pkl,19,Khóc,Khóc,"[""Khóc""]",signer_028,19_Vũ Thị Thu Phương_37_khóc_1692867585.312906_0,,True,1031450,train
cosign_19_02552,cosign_19_02552,Khóc/Vũ Thị Thu Phương_37_khóc_1692867585.312906_0_frames_35.avi,pose_format/Khóc/Vũ Thị Thu Phương_37_khóc_1692867585.312906_0_frames_35.pkl,19,Khóc,Khóc,"[""Khóc""]",signer_028,19_Vũ Thị Thu Phương_37_khóc_1692867585.312906_0,19_Vũ Thị Thu Phương_37_khóc_1692867585.312906_0,False,1246716,train
cosign_19_02553,cosign_19_02553,Khóc/Vũ Thị Thu Phương_37_khóc_1692867585.312906_0_frames_40.avi,pose_format/Khóc/Vũ Thị Thu Phương_37_khóc_1692867585.312906_0_frames_40.pkl,19,Khóc,Khóc,"[""Khóc""]",signer_028,19_Vũ Thị Thu Phương_37_khóc_1692867585.312906_0,19_Vũ Thị Thu Phương_37_khóc_1692867585.312906_0,False,1246716,train
cosign_19_02554,cosign_19_02554,Khóc/Đoàn Thị Thu Thủy_40_khóc_1692955730.5305223_0.avi,pose_format/Khóc/Đoàn Thị Thu Thủy_40_khóc_1692955730.5305223_0.pkl,19,Khóc,Khóc,"[""Khóc""]",signer_029,19_Đoàn Thị Thu Thủy_40_khóc_1692955730.5305223_0,19_Đoàn Thị Thu Thủy_40_khóc_1692955730.5305223_0,False,46770100,train
cosign_19_02555,cosign_19_02555,Khóc/Đoàn Thị Thu Thủy_40_khóc_1692955730.5305223_0_cut.avi,pose_format/Khóc/Đoàn Thị Thu Thủy_40_khóc_1692955730.5305223_0_cut.pkl,19,Khóc,Khóc,"[""Khóc""]",signer_029,19_Đoàn Thị Thu Thủy_40_khóc_1692955730.5305223_0,,True,1470084,train
cosign_19_02556,cosign_19_02556,Khóc/Đoàn Thị Thu Thủy_40_khóc_1692955730.5305223_0_frames_35.avi,pose_format/Khóc/Đoàn Thị Thu Thủy_40_khóc_1692955730.5305223_0_frames_35.pkl,19,Khóc,Khóc,"[""Khóc""]",signer_029,19_Đoàn Thị Thu Thủy_40_khóc_1692955730.5305223_0,19_Đoàn Thị Thu Thủy_40_khóc_1692955730.5305223_0,False,1872126,train
cosign_19_02557,cosign_19_02557,Khóc/Đoàn Thị Thu Thủy_40_khóc_1692955730.5305223_0_frames_40.avi,pose_format/Khóc/Đoàn Thị Thu Thủy_40_khóc_1692955730.5305223_0_frames_40.pkl,19,Khóc,Khóc,"[""Khóc""]",signer_029,19_Đoàn Thị Thu Thủy_40_khóc_1692955730.5305223_0,19_Đoàn Thị Thu Thủy_40_khóc_1692955730.5305223_0,False,1872126,train
cosign_19_02558,cosign_19_02558,Khóc/Đỗ Thị Vấn_41_khóc_1692780813.9221122_0.avi,pose_format/Khóc/Đỗ Thị Vấn_41_khóc_1692780813.9221122_0.pkl,19,Khóc,Khóc,"[""Khóc""]",signer_031,19_Đỗ Thị Vấn_41_khóc_1692780813.9221122_0,19_Đỗ Thị Vấn_41_khóc_1692780813.9221122_0,False,84434448,train
cosign_19_02559,cosign_19_02559,Khóc/Đỗ Thị Vấn_41_khóc_1692780813.9221122_0_cut.avi,pose_format/Khóc/Đỗ Thị Vấn_41_khóc_1692780813.9221122_0_cut.pkl,19,Khóc,Khóc,"[""Khóc""]",signer_031,19_Đỗ Thị Vấn_41_khóc_1692780813.9221122_0,,True,1540722,train
cosign_19_02560,cosign_19_02560,Khóc/Đỗ Thị Vấn_41_khóc_1692780813.9221122_0_frames_35.avi,pose_format/Khóc/Đỗ Thị Vấn_41_khóc_1692780813.9221122_0_frames_35.pkl,19,Khóc,Khóc,"[""Khóc""]",signer_031,19_Đỗ Thị Vấn_41_khóc_1692780813.9221122_0,19_Đỗ Thị Vấn_41_khóc_1692780813.9221122_0,False,2016524,train
cosign_19_02561,cosign_19_02561,Khóc/Đỗ Thị Vấn_41_khóc_1692780813.9221122_0_frames_40.avi,pose_format/Khóc/Đỗ Thị Vấn_41_khóc_1692780813.9221122_0_frames_40.pkl,19,Khóc,Khóc,"[""Khóc""]",signer_031,19_Đỗ Thị Vấn_41_khóc_1692780813.9221122_0,19_Đỗ Thị Vấn_41_khóc_1692780813.9221122_0,False,2016524,train
cosign_20_02562,cosign_20_02562,Mua/DANG THI KIEN_37_MUA_1693193695.3049483_0_cut.avi,pose_format/Mua/DANG THI KIEN_37_MUA_1693193695.3049483_0_cut.pkl,20,Mua,Mua,"[""Mua""]",signer_084,20_DANG THI KIEN_37_MUA_1693193695.3049483_0,,True,799860,train
cosign_20_02563,cosign_20_02563,Mua/DANG THI KIEN_37_MUA_1693193695.3049483_0_frames_35.avi,pose_format/Mua/DANG THI KIEN_37_MUA_1693193695.3049483_0_frames_35.pkl,20,Mua,Mua,"[""Mua""]",signer_084,20_DANG THI KIEN_37_MUA_1693193695.3049483_0,20_DANG THI KIEN_37_MUA_1693193695.3049483_0,False,1035368,train
cosign_20_02564,cosign_20_02564,Mua/DANG THI KIEN_37_MUA_1693193695.3049483_0_frames_40.avi,pose_format/Mua/DANG THI KIEN_37_MUA_1693193695.3049483_0_frames_40.pkl,20,Mua,Mua,"[""Mua""]",signer_084,20_DANG THI KIEN_37_MUA_1693193695.3049483_0,20_DANG THI KIEN_37_MUA_1693193695.3049483_0,False,1035368,train
cosign_20_02565,cosign_20_02565,Mua/Lê Phương Thảo _12_Mua_1692756331.760761_0_cut.avi,pose_format/Mua/Lê Phương Thảo _12_Mua_1692756331.760761_0_cut.pkl,20,Mua,Mua,"[""Mua""]",signer_019,20_Lê Phương Thảo _12_Mua_1692756331.760761_0,,True,708558,train
cosign_20_02566,cosign_20_02566,Mua/Lê Phương Thảo _12_Mua_1692756331.760761_0_frames_35.avi,pose_format/Mua/Lê Phương Thảo _12_Mua_1692756331.760761_0_frames_35.pkl,20,Mua,Mua,"[""Mua""]",signer_019,20_Lê Phương Thảo _12_Mua_1692756331.760761_0,20_Lê Phương Thảo _12_Mua_1692756331.760761_0,False,846412,train
cosign_20_02567,cosign_20_02567,Mua/Lê Phương Thảo _12_Mua_1692756331.760761_0_frames_40.avi,pose_format/Mua/Lê Phương Thảo _12_Mua_1692756331.760761_0_frames_40.pkl,20,Mua,Mua,"[""Mua""]",signer_019,20_Lê Phương Thảo _12_Mua_1692756331.760761_0,20_Lê Phương Thảo _12_Mua_1692756331.760761_0,False,846412,train
cosign_20_02568,cosign_20_02568,Mua/Lê Thanh Như_12_Mua _1692756351.1688826_0_cut.avi,pose_format/Mua/Lê Thanh Như_12_Mua _1692756351.1688826_0_cut.pkl,20,Mua,Mua,"[""Mua""]",signer_020,20_Lê Thanh Như_12_Mua _1692756351.1688826_0,,True,933350,train
cosign_20_02569,cosign_20_02569,Mua/Lê Thanh Như_12_Mua _1692756351.1688826_0_frames_35.avi,pose_format/Mua/Lê Thanh Như_12_Mua _1692756351.1688826_0_frames_35.pkl,20,Mua,Mua,"[""Mua""]",signer_020,20_Lê Thanh Như_12_Mua _1692756351.1688826_0,20_Lê Thanh Như_12_Mua _1692756351.1688826_0,False,1107862,train
cosign_20_02570,cosign_20_02570,Mua/Lê Thanh Như_12_Mua _1692756351.1688826_0_frames_40.avi,pose_format/Mua/Lê Thanh Như_12_Mua _1692756351.1688826_0_frames_40.pkl,20,Mua,Mua,"[""Mua""]",signer_020,20_Lê Thanh Như_12_Mua _1692756351.1688826_0,20_Lê Thanh Như_12_Mua _1692756351.1688826_0,False,1107862,train
cosign_20_02571,cosign_20_02571,Mua/MUA_BÙI_MAI_CHI_ (1).mp4,pose_format/Mua/MUA_BÙI_MAI_CHI_ (1).pkl,20,Mua,Mua,"[""Mua""]",signer_369,20_MUA_BÙI_MAI_CHI_ (1),,True,6188741,train
cosign_20_02572,cosign_20_02572,Mua/MUA_BÙI_MAI_CHI_ (2).mp4,pose_format/Mua/MUA_BÙI_MAI_CHI_ (2).pkl,20,Mua,Mua,"[""Mua""]",signer_369,20_MUA_BÙI_MAI_CHI_ (2),,True,6430946,train
cosign_20_02573,cosign_20_02573,Mua/MUA_BÙI_MAI_CHI_ (3).mp4,pose_format/Mua/MUA_BÙI_MAI_CHI_ (3).pkl,20,Mua,Mua,"[""Mua""]",signer_369,20_MUA_BÙI_MAI_CHI_ (3),,True,6567866,train
cosign_20_02574,cosign_20_02574,Mua/MUA_BÙI_MAI_CHI_ (4).mp4,pose_format/Mua/MUA_BÙI_MAI_CHI_ (4).pkl,20,Mua,Mua,"[""Mua""]",signer_369,20_MUA_BÙI_MAI_CHI_ (4),,True,6960459,train
cosign_20_02575,cosign_20_02575,Mua/MUA_BÙI_MAI_CHI_ (5).mp4,pose_format/Mua/MUA_BÙI_MAI_CHI_ (5).pkl,20,Mua,Mua,"[""Mua""]",signer_369,20_MUA_BÙI_MAI_CHI_ (5),,True,6780257,train
cosign_20_02576,cosign_20_02576,Mua/MUA_BÙI_MẬU_VĂN_ (1).mp4,pose_format/Mua/MUA_BÙI_MẬU_VĂN_ (1).pkl,20,Mua,Mua,"[""Mua""]",signer_370,20_MUA_BÙI_MẬU_VĂN_ (1),,True,5427234,train
cosign_20_02577,cosign_20_02577,Mua/MUA_BÙI_MẬU_VĂN_ (2).mp4,pose_format/Mua/MUA_BÙI_MẬU_VĂN_ (2).pkl,20,Mua,Mua,"[""Mua""]",signer_370,20_MUA_BÙI_MẬU_VĂN_ (2),,True,5640560,train
cosign_20_02578,cosign_20_02578,Mua/MUA_BÙI_MẬU_VĂN_ (3).mp4,pose_format/Mua/MUA_BÙI_MẬU_VĂN_ (3).pkl,20,Mua,Mua,"[""Mua""]",signer_370,20_MUA_BÙI_MẬU_VĂN_ (3),,True,5788437,train
cosign_20_02579,cosign_20_02579,Mua/MUA_BÙI_MẬU_VĂN_ (4).mp4,pose_format/Mua/MUA_BÙI_MẬU_VĂN_ (4).pkl,20,Mua,Mua,"[""Mua""]",signer_370,20_MUA_BÙI_MẬU_VĂN_ (4),,True,5162185,train
cosign_20_02580,cosign_20_02580,Mua/MUA_BÙI_MẬU_VĂN_ (5).mp4,pose_format/Mua/MUA_BÙI_MẬU_VĂN_ (5).pkl,20,Mua,Mua,"[""Mua""]",signer_370,20_MUA_BÙI_MẬU_VĂN_ (5),,True,5147170,train
cosign_20_02581,cosign_20_02581,Mua/MUA_LÊ_QUANG_MẠNH_ (1).mp4,pose_format/Mua/MUA_LÊ_QUANG_MẠNH_ (1).pkl,20,Mua,Mua,"[""Mua""]",signer_371,20_MUA_LÊ_QUANG_MẠNH_ (1),,True,3643893,train
cosign_20_02582,cosign_20_02582,Mua/MUA_LÊ_QUANG_MẠNH_ (2).mp4,pose_format/Mua/MUA_LÊ_QUANG_MẠNH_ (2).pkl,20,Mua,Mua,"[""Mua""]",signer_371,20_MUA_LÊ_QUANG_MẠNH_ (2),,True,4805895,train
cosign_20_02583,cosign_20_02583,Mua/MUA_LÊ_QUANG_MẠNH_ (3).mp4,pose_format/Mua/MUA_LÊ_QUANG_MẠNH_ (3).pkl,20,Mua,Mua,"[""Mua""]",signer_371,20_MUA_LÊ_QUANG_MẠNH_ (3),,True,4086997,train
cosign_20_02584,cosign_20_02584,Mua/MUA_LÊ_QUANG_MẠNH_ (4).mp4,pose_format/Mua/MUA_LÊ_QUANG_MẠNH_ (4).pkl,20,Mua,Mua,"[""Mua""]",signer_371,20_MUA_LÊ_QUANG_MẠNH_ (4),,True,4014436,train
cosign_20_02585,cosign_20_02585,Mua/MUA_LÊ_QUANG_MẠNH_ (5).mp4,pose_format/Mua/MUA_LÊ_QUANG_MẠNH_ (5).pkl,20,Mua,Mua,"[""Mua""]",signer_371,20_MUA_LÊ_QUANG_MẠNH_ (5),,True,4144272,train
cosign_20_02586,cosign_20_02586,Mua/MUA_LẠI_QUANG_VINH_ (1).MOV,pose_format/Mua/MUA_LẠI_QUANG_VINH_ (1).pkl,20,Mua,Mua,"[""Mua""]",signer_372,20_MUA_LẠI_QUANG_VINH_ (1),,True,2141508,train
cosign_20_02587,cosign_20_02587,Mua/MUA_LẠI_QUANG_VINH_ (2).MOV,pose_format/Mua/MUA_LẠI_QUANG_VINH_ (2).pkl,20,Mua,Mua,"[""Mua""]",signer_372,20_MUA_LẠI_QUANG_VINH_ (2),,True,2042362,train
cosign_20_02588,cosign_20_02588,Mua/MUA_LẠI_QUANG_VINH_ (3).MOV,pose_format/Mua/MUA_LẠI_QUANG_VINH_ (3).pkl,20,Mua,Mua,"[""Mua""]",signer_372,20_MUA_LẠI_QUANG_VINH_ (3),,True,2035256,train
cosign_20_02589,cosign_20_02589,Mua/MUA_LẠI_QUANG_VINH_ (4).MOV,pose_format/Mua/MUA_LẠI_QUANG_VINH_ (4).pkl,20,Mua,Mua,"[""Mua""]",signer_372,20_MUA_LẠI_QUANG_VINH_ (4),,True,2193950,train
cosign_20_02590,cosign_20_02590,Mua/MUA_LẠI_QUANG_VINH_(1).mp4,pose_format/Mua/MUA_LẠI_QUANG_VINH_(1).pkl,20,Mua,Mua,"[""Mua""]",signer_372,20_MUA_LẠI_QUANG_VINH_(1),,True,692932,train
cosign_20_02591,cosign_20_02591,Mua/MUA_LẠI_QUANG_VINH_(2).mp4,pose_format/Mua/MUA_LẠI_QUANG_VINH_(2).pkl,20,Mua,Mua,"[""Mua""]",signer_372,20_MUA_LẠI_QUANG_VINH_(2),,True,672740,train
cosign_20_02592,cosign_20_02592,Mua/MUA_LẠI_QUANG_VINH_(3).mp4,pose_format/Mua/MUA_LẠI_QUANG_VINH_(3).pkl,20,Mua,Mua,"[""Mua""]",signer_372,20_MUA_LẠI_QUANG_VINH_(3),,True,672129,train
cosign_20_02593,cosign_20_02593,Mua/MUA_LẠI_QUANG_VINH_(4).mp4,pose_format/Mua/MUA_LẠI_QUANG_VINH_(4).pkl,20,Mua,Mua,"[""Mua""]",signer_372,20_MUA_LẠI_QUANG_VINH_(4),,True,715785,train
cosign_20_02594,cosign_20_02594,Mua/MUA_LẠI_QUANG_VINH_(5).mp4,pose_format/Mua/MUA_LẠI_QUANG_VINH_(5).pkl,20,Mua,Mua,"[""Mua""]",signer_372,20_MUA_LẠI_QUANG_VINH_(5),,True,715785,train
cosign_20_02595,cosign_20_02595,Mua/MUA_MAI_HOÀNG_XUÂN_ (1).mp4,pose_format/Mua/MUA_MAI_HOÀNG_XUÂN_ (1).pkl,20,Mua,Mua,"[""Mua""]",signer_373,20_MUA_MAI_HOÀNG_XUÂN_ (1),,True,5353846,train
cosign_20_02596,cosign_20_02596,Mua/MUA_MAI_HOÀNG_XUÂN_ (2).mp4,pose_format/Mua/MUA_MAI_HOÀNG_XUÂN_ (2).pkl,20,Mua,Mua,"[""Mua""]",signer_373,20_MUA_MAI_HOÀNG_XUÂN_ (2),,True,6236850,train
cosign_20_02597,cosign_20_02597,Mua/MUA_MAI_HOÀNG_XUÂN_ (3).mp4,pose_format/Mua/MUA_MAI_HOÀNG_XUÂN_ (3).pkl,20,Mua,Mua,"[""Mua""]",signer_373,20_MUA_MAI_HOÀNG_XUÂN_ (3),,True,5898000,train
cosign_20_02598,cosign_20_02598,Mua/MUA_MAI_HOÀNG_XUÂN_ (4).mp4,pose_format/Mua/MUA_MAI_HOÀNG_XUÂN_ (4).pkl,20,Mua,Mua,"[""Mua""]",signer_373,20_MUA_MAI_HOÀNG_XUÂN_ (4),,True,5733445,train
cosign_20_02599,cosign_20_02599,Mua/MUA_MAI_HOÀNG_XUÂN_ (5).mp4,pose_format/Mua/MUA_MAI_HOÀNG_XUÂN_ (5).pkl,20,Mua,Mua,"[""Mua""]",signer_373,20_MUA_MAI_HOÀNG_XUÂN_ (5),,True,5803199,train
cosign_20_02600,cosign_20_02600,Mua/MUA_NGUYỄN_HOÀNG_ĐIỆP_ (1).mp4,pose_format/Mua/MUA_NGUYỄN_HOÀNG_ĐIỆP_ (1).pkl,20,Mua,Mua,"[""Mua""]",signer_374,20_MUA_NGUYỄN_HOÀNG_ĐIỆP_ (1),,True,4736928,train
cosign_20_02601,cosign_20_02601,Mua/MUA_NGUYỄN_HOÀNG_ĐIỆP_ (2).mp4,pose_format/Mua/MUA_NGUYỄN_HOÀNG_ĐIỆP_ (2).pkl,20,Mua,Mua,"[""Mua""]",signer_374,20_MUA_NGUYỄN_HOÀNG_ĐIỆP_ (2),,True,5876480,train
cosign_20_02602,cosign_20_02602,Mua/MUA_NGUYỄN_HOÀNG_ĐIỆP_ (3).mp4,pose_format/Mua/MUA_NGUYỄN_HOÀNG_ĐIỆP_ (3).pkl,20,Mua,Mua,"[""Mua""]",signer_374,20_MUA_NGUYỄN_HOÀNG_ĐIỆP_ (3),,True,6379165,train
cosign_20_02603,cosign_20_02603,Mua/MUA_NGUYỄN_HOÀNG_ĐIỆP_ (4).mp4,pose_format/Mua/MUA_NGUYỄN_HOÀNG_ĐIỆP_ (4).pkl,20,Mua,Mua,"[""Mua""]",signer_374,20_MUA_NGUYỄN_HOÀNG_ĐIỆP_ (4),,True,6103246,train
cosign_20_02604,cosign_20_02604,Mua/MUA_NGUYỄN_HOÀNG_ĐIỆP_ (5).mp4,pose_format/Mua/MUA_NGUYỄN_HOÀNG_ĐIỆP_ (5).pkl,20,Mua,Mua,"[""Mua""]",signer_374,20_MUA_NGUYỄN_HOÀNG_ĐIỆP_ (5),,True,6016459,train
cosign_20_02605,cosign_20_02605,Mua/MUA_NGUYỄN_PHƯƠNG_ANH_ (1).mp4,pose_format/Mua/MUA_NGUYỄN_PHƯƠNG_ANH_ (1).pkl,20,Mua,Mua,"[""Mua""]",signer_375,20_MUA_NGUYỄN_PHƯƠNG_ANH_ (1),,True,3997937,train
cosign_20_02606,cosign_20_02606,Mua/MUA_NGUYỄN_PHƯƠNG_ANH_ (2).mp4,pose_format/Mua/MUA_NGUYỄN_PHƯƠNG_ANH_ (2).pkl,20,Mua,Mua,"[""Mua""]",signer_375,20_MUA_NGUYỄN_PHƯƠNG_ANH_ (2),,True,4667318,train
cosign_20_02607,cosign_20_02607,Mua/MUA_NGUYỄN_PHƯƠNG_ANH_ (3).mp4,pose_format/Mua/MUA_NGUYỄN_PHƯƠNG_ANH_ (3).pkl,20,Mua,Mua,"[""Mua""]",signer_375,20_MUA_NGUYỄN_PHƯƠNG_ANH_ (3),,True,4693583,train
cosign_20_02608,cosign_20_02608,Mua/MUA_NGUYỄN_PHƯƠNG_ANH_ (4).mp4,pose_format/Mua/MUA_NGUYỄN_PHƯƠNG_ANH_ (4).pkl,20,Mua,Mua,"[""Mua""]",signer_375,20_MUA_NGUYỄN_PHƯƠNG_ANH_ (4),,True,4772520,train
cosign_20_02609,cosign_20_02609,Mua/MUA_NGUYỄN_PHƯƠNG_ANH_ (5).mp4,pose_format/Mua/MUA_NGUYỄN_PHƯƠNG_ANH_ (5).pkl,20,Mua,Mua,"[""Mua""]",signer_375,20_MUA_NGUYỄN_PHƯƠNG_ANH_ (5),,True,4588631,train
cosign_20_02610,cosign_20_02610,Mua/MUA_NGUYỄN_VIẾT_QUANG_ (1).mp4,pose_format/Mua/MUA_NGUYỄN_VIẾT_QUANG_ (1).pkl,20,Mua,Mua,"[""Mua""]",signer_376,20_MUA_NGUYỄN_VIẾT_QUANG_ (1),,True,4229714,train
cosign_20_02611,cosign_20_02611,Mua/MUA_NGUYỄN_VIẾT_QUANG_ (2).mp4,pose_format/Mua/MUA_NGUYỄN_VIẾT_QUANG_ (2).pkl,20,Mua,Mua,"[""Mua""]",signer_376,20_MUA_NGUYỄN_VIẾT_QUANG_ (2),,True,4970259,train
cosign_20_02612,cosign_20_02612,Mua/MUA_NGUYỄN_VIẾT_QUANG_ (3).mp4,pose_format/Mua/MUA_NGUYỄN_VIẾT_QUANG_ (3).pkl,20,Mua,Mua,"[""Mua""]",signer_376,20_MUA_NGUYỄN_VIẾT_QUANG_ (3),,True,5237633,train
cosign_20_02613,cosign_20_02613,Mua/MUA_NGUYỄN_VIẾT_QUANG_ (4).mp4,pose_format/Mua/MUA_NGUYỄN_VIẾT_QUANG_ (4).pkl,20,Mua,Mua,"[""Mua""]",signer_376,20_MUA_NGUYỄN_VIẾT_QUANG_ (4),,True,5256038,train
cosign_20_02614,cosign_20_02614,Mua/MUA_NGUYỄN_VIẾT_QUANG_ (5).mp4,pose_format/Mua/MUA_NGUYỄN_VIẾT_QUANG_ (5).pkl,20,Mua,Mua,"[""Mua""]",signer_376,20_MUA_NGUYỄN_VIẾT_QUANG_ (5),,True,5322217,train
cosign_20_02615,cosign_20_02615,Mua/MUA_NGÔ_TUẤN_ANH_ (1).mp4,pose_format/Mua/MUA_NGÔ_TUẤN_ANH_ (1).pkl,20,Mua,Mua,"[""Mua""]",signer_377,20_MUA_NGÔ_TUẤN_ANH_ (1),,True,5432980,train
cosign_20_02616,cosign_20_02616,Mua/MUA_NGÔ_TUẤN_ANH_ (2).mp4,pose_format/Mua/MUA_NGÔ_TUẤN_ANH_ (2).pkl,20,Mua,Mua,"[""Mua""]",signer_377,20_MUA_NGÔ_TUẤN_ANH_ (2),,True,6474203,train
cosign_20_02617,cosign_20_02617,Mua/MUA_NGÔ_TUẤN_ANH_ (3).mp4,pose_format/Mua/MUA_NGÔ_TUẤN_ANH_ (3).pkl,20,Mua,Mua,"[""Mua""]",signer_377,20_MUA_NGÔ_TUẤN_ANH_ (3),,True,6179679,train
cosign_20_02618,cosign_20_02618,Mua/MUA_NGÔ_TUẤN_ANH_ (4).mp4,pose_format/Mua/MUA_NGÔ_TUẤN_ANH_ (4).pkl,20,Mua,Mua,"[""Mua""]",signer_377,20_MUA_NGÔ_TUẤN_ANH_ (4),,True,6041342,train
cosign_20_02619,cosign_20_02619,Mua/MUA_NGÔ_TUẤN_ANH_ (5).mp4,pose_format/Mua/MUA_NGÔ_TUẤN_ANH_ (5).pkl,20,Mua,Mua,"[""Mua""]",signer_377,20_MUA_NGÔ_TUẤN_ANH_ (5),,True,5662798,train
cosign_20_02620,cosign_20_02620,Mua/MUA_PHẠM_ĐÌNH_HẢI_(1).mp4,pose_format/Mua/MUA_PHẠM_ĐÌNH_HẢI_(1).pkl,20,Mua,Mua,"[""Mua""]",signer_378,20_MUA_PHẠM_ĐÌNH_HẢI_(1),,True,10568168,train
cosign_20_02621,cosign_20_02621,Mua/MUA_PHẠM_ĐÌNH_HẢI_(2).mp4,pose_format/Mua/MUA_PHẠM_ĐÌNH_HẢI_(2).pkl,20,Mua,Mua,"[""Mua""]",signer_378,20_MUA_PHẠM_ĐÌNH_HẢI_(2),,True,10868329,train
cosign_20_02622,cosign_20_02622,Mua/MUA_PHẠM_ĐÌNH_HẢI_(3).mp4,pose_format/Mua/MUA_PHẠM_ĐÌNH_HẢI_(3).pkl,20,Mua,Mua,"[""Mua""]",signer_378,20_MUA_PHẠM_ĐÌNH_HẢI_(3),,True,11589671,train
cosign_20_02623,cosign_20_02623,Mua/MUA_PHẠM_ĐÌNH_HẢI_(4).mp4,pose_format/Mua/MUA_PHẠM_ĐÌNH_HẢI_(4).pkl,20,Mua,Mua,"[""Mua""]",signer_378,20_MUA_PHẠM_ĐÌNH_HẢI_(4),,True,12351064,train
cosign_20_02624,cosign_20_02624,Mua/MUA_PHẠM_ĐÌNH_HẢI_(5).mp4,pose_format/Mua/MUA_PHẠM_ĐÌNH_HẢI_(5).pkl,20,Mua,Mua,"[""Mua""]",signer_378,20_MUA_PHẠM_ĐÌNH_HẢI_(5),,True,11303390,train
cosign_20_02625,cosign_20_02625,Mua/MUA_TRƯƠNG_NGỌC_DIỄM_ (1).mp4,pose_format/Mua/MUA_TRƯƠNG_NGỌC_DIỄM_ (1).pkl,20,Mua,Mua,"[""Mua""]",signer_379,20_MUA_TRƯƠNG_NGỌC_DIỄM_ (1),,True,5310133,train
cosign_20_02626,cosign_20_02626,Mua/MUA_TRƯƠNG_NGỌC_DIỄM_ (2).mp4,pose_format/Mua/MUA_TRƯƠNG_NGỌC_DIỄM_ (2).pkl,20,Mua,Mua,"[""Mua""]",signer_379,20_MUA_TRƯƠNG_NGỌC_DIỄM_ (2),,True,5697135,train
cosign_20_02627,cosign_20_02627,Mua/MUA_TRƯƠNG_NGỌC_DIỄM_ (3).mp4,pose_format/Mua/MUA_TRƯƠNG_NGỌC_DIỄM_ (3).pkl,20,Mua,Mua,"[""Mua""]",signer_379,20_MUA_TRƯƠNG_NGỌC_DIỄM_ (3),,True,5532431,train
cosign_20_02628,cosign_20_02628,Mua/MUA_TRƯƠNG_NGỌC_DIỄM_ (4).mp4,pose_format/Mua/MUA_TRƯƠNG_NGỌC_DIỄM_ (4).pkl,20,Mua,Mua,"[""Mua""]",signer_379,20_MUA_TRƯƠNG_NGỌC_DIỄM_ (4),,True,4971768,train
cosign_20_02629,cosign_20_02629,Mua/MUA_TRƯƠNG_NGỌC_DIỄM_ (5).mp4,pose_format/Mua/MUA_TRƯƠNG_NGỌC_DIỄM_ (5).pkl,20,Mua,Mua,"[""Mua""]",signer_379,20_MUA_TRƯƠNG_NGỌC_DIỄM_ (5),,True,5223082,train
cosign_20_02630,cosign_20_02630,Mua/MUA_TRẦN_TUẤN_MINH_ (1).mp4,pose_format/Mua/MUA_TRẦN_TUẤN_MINH_ (1).pkl,20,Mua,Mua,"[""Mua""]",signer_380,20_MUA_TRẦN_TUẤN_MINH_ (1),,True,6051005,train
cosign_20_02631,cosign_20_02631,Mua/MUA_TRẦN_TUẤN_MINH_ (2).mp4,pose_format/Mua/MUA_TRẦN_TUẤN_MINH_ (2).pkl,20,Mua,Mua,"[""Mua""]",signer_380,20_MUA_TRẦN_TUẤN_MINH_ (2),,True,5692996,train
cosign_20_02632,cosign_20_02632,Mua/MUA_TRẦN_TUẤN_MINH_ (3).mp4,pose_format/Mua/MUA_TRẦN_TUẤN_MINH_ (3).pkl,20,Mua,Mua,"[""Mua""]",signer_380,20_MUA_TRẦN_TUẤN_MINH_ (3),,True,6292928,train
cosign_20_02633,cosign_20_02633,Mua/MUA_TRẦN_TUẤN_MINH_ (4).mp4,pose_format/Mua/MUA_TRẦN_TUẤN_MINH_ (4).pkl,20,Mua,Mua,"[""Mua""]",signer_380,20_MUA_TRẦN_TUẤN_MINH_ (4),,True,5595077,train
cosign_20_02634,cosign_20_02634,Mua/MUA_TRẦN_TUẤN_MINH_ (5).mp4,pose_format/Mua/MUA_TRẦN_TUẤN_MINH_ (5).pkl,20,Mua,Mua,"[""Mua""]",signer_380,20_MUA_TRẦN_TUẤN_MINH_ (5),,True,6046720,train
cosign_20_02635,cosign_20_02635,Mua/MUA_TRẦN_ĐỨC_QUÂN_ (1).mp4,pose_format/Mua/MUA_TRẦN_ĐỨC_QUÂN_ (1).pkl,20,Mua,Mua,"[""Mua""]",signer_381,20_MUA_TRẦN_ĐỨC_QUÂN_ (1),,True,5098086,train
cosign_20_02636,cosign_20_02636,Mua/MUA_TRẦN_ĐỨC_QUÂN_ (2).mp4,pose_format/Mua/MUA_TRẦN_ĐỨC_QUÂN_ (2).pkl,20,Mua,Mua,"[""Mua""]",signer_381,20_MUA_TRẦN_ĐỨC_QUÂN_ (2),,True,6030044,train
cosign_20_02637,cosign_20_02637,Mua/MUA_TRẦN_ĐỨC_QUÂN_ (3).mp4,pose_format/Mua/MUA_TRẦN_ĐỨC_QUÂN_ (3).pkl,20,Mua,Mua,"[""Mua""]",signer_381,20_MUA_TRẦN_ĐỨC_QUÂN_ (3),,True,5836714,train
cosign_20_02638,cosign_20_02638,Mua/MUA_TRẦN_ĐỨC_QUÂN_ (4).mp4,pose_format/Mua/MUA_TRẦN_ĐỨC_QUÂN_ (4).pkl,20,Mua,Mua,"[""Mua""]",signer_381,20_MUA_TRẦN_ĐỨC_QUÂN_ (4),,True,5560950,train
cosign_20_02639,cosign_20_02639,Mua/MUA_TRẦN_ĐỨC_QUÂN_ (5).mp4,pose_format/Mua/MUA_TRẦN_ĐỨC_QUÂN_ (5).pkl,20,Mua,Mua,"[""Mua""]",signer_381,20_MUA_TRẦN_ĐỨC_QUÂN_ (5),,True,5868072,train
cosign_20_02640,cosign_20_02640,Mua/MUA_TẠ_THỊ_PHƯƠNG_LINH_ (1).mp4,pose_format/Mua/MUA_TẠ_THỊ_PHƯƠNG_LINH_ (1).pkl,20,Mua,Mua,"[""Mua""]",signer_382,20_MUA_TẠ_THỊ_PHƯƠNG_LINH_ (1),,True,3093467,train
cosign_20_02641,cosign_20_02641,Mua/MUA_TẠ_THỊ_PHƯƠNG_LINH_ (2).mp4,pose_format/Mua/MUA_TẠ_THỊ_PHƯƠNG_LINH_ (2).pkl,20,Mua,Mua,"[""Mua""]",signer_382,20_MUA_TẠ_THỊ_PHƯƠNG_LINH_ (2),,True,3334226,train
cosign_20_02642,cosign_20_02642,Mua/MUA_TẠ_THỊ_PHƯƠNG_LINH_ (3).mp4,pose_format/Mua/MUA_TẠ_THỊ_PHƯƠNG_LINH_ (3).pkl,20,Mua,Mua,"[""Mua""]",signer_382,20_MUA_TẠ_THỊ_PHƯƠNG_LINH_ (3),,True,3192255,train
cosign_20_02643,cosign_20_02643,Mua/MUA_TẠ_THỊ_PHƯƠNG_LINH_ (4).mp4,pose_format/Mua/MUA_TẠ_THỊ_PHƯƠNG_LINH_ (4).pkl,20,Mua,Mua,"[""Mua""]",signer_382,20_MUA_TẠ_THỊ_PHƯƠNG_LINH_ (4),,True,3265807,train
cosign_20_02644,cosign_20_02644,Mua/MUA_TẠ_THỊ_PHƯƠNG_LINH_ (5).mp4,pose_format/Mua/MUA_TẠ_THỊ_PHƯƠNG_LINH_ (5).pkl,20,Mua,Mua,"[""Mua""]",signer_382,20_MUA_TẠ_THỊ_PHƯƠNG_LINH_ (5),,True,3493006,train
cosign_20_02645,cosign_20_02645,Mua/MUA_VŨ_HUY_DU_ (1).mp4,pose_format/Mua/MUA_VŨ_HUY_DU_ (1).pkl,20,Mua,Mua,"[""Mua""]",signer_383,20_MUA_VŨ_HUY_DU_ (1),,True,5601013,train
cosign_20_02646,cosign_20_02646,Mua/MUA_VŨ_HUY_DU_ (2).mp4,pose_format/Mua/MUA_VŨ_HUY_DU_ (2).pkl,20,Mua,Mua,"[""Mua""]",signer_383,20_MUA_VŨ_HUY_DU_ (2),,True,6241509,train
cosign_20_02647,cosign_20_02647,Mua/MUA_VŨ_HUY_DU_ (3).mp4,pose_format/Mua/MUA_VŨ_HUY_DU_ (3).pkl,20,Mua,Mua,"[""Mua""]",signer_383,20_MUA_VŨ_HUY_DU_ (3),,True,5721862,train
cosign_20_02648,cosign_20_02648,Mua/MUA_VŨ_HUY_DU_ (4).mp4,pose_format/Mua/MUA_VŨ_HUY_DU_ (4).pkl,20,Mua,Mua,"[""Mua""]",signer_383,20_MUA_VŨ_HUY_DU_ (4),,True,5757238,train
cosign_20_02649,cosign_20_02649,Mua/MUA_VŨ_HUY_DU_ (5).mp4,pose_format/Mua/MUA_VŨ_HUY_DU_ (5).pkl,20,Mua,Mua,"[""Mua""]",signer_383,20_MUA_VŨ_HUY_DU_ (5),,True,5716524,train
cosign_20_02650,cosign_20_02650,Mua/MUA_VŨ_KẾT_ĐỒNG_(1).mp4,pose_format/Mua/MUA_VŨ_KẾT_ĐỒNG_(1).pkl,20,Mua,Mua,"[""Mua""]",signer_384,20_MUA_VŨ_KẾT_ĐỒNG_(1),,True,5345492,train
cosign_20_02651,cosign_20_02651,Mua/MUA_VŨ_KẾT_ĐỒNG_(2).mp4,pose_format/Mua/MUA_VŨ_KẾT_ĐỒNG_(2).pkl,20,Mua,Mua,"[""Mua""]",signer_384,20_MUA_VŨ_KẾT_ĐỒNG_(2),,True,5781280,train
cosign_20_02652,cosign_20_02652,Mua/MUA_VŨ_KẾT_ĐỒNG_(3).mp4,pose_format/Mua/MUA_VŨ_KẾT_ĐỒNG_(3).pkl,20,Mua,Mua,"[""Mua""]",signer_384,20_MUA_VŨ_KẾT_ĐỒNG_(3),,True,5869620,train
cosign_20_02653,cosign_20_02653,Mua/MUA_VŨ_KẾT_ĐỒNG_(4).mp4,pose_format/Mua/MUA_VŨ_KẾT_ĐỒNG_(4).pkl,20,Mua,Mua,"[""Mua""]",signer_384,20_MUA_VŨ_KẾT_ĐỒNG_(4),,True,5241921,train
cosign_20_02654,cosign_20_02654,Mua/MUA_VŨ_KẾT_ĐỒNG_(5).mp4,pose_format/Mua/MUA_VŨ_KẾT_ĐỒNG_(5).pkl,20,Mua,Mua,"[""Mua""]",signer_384,20_MUA_VŨ_KẾT_ĐỒNG_(5),,True,5455809,train
cosign_20_02655,cosign_20_02655,Mua/Mua_MVT.mp4,pose_format/Mua/Mua_MVT.pkl,20,Mua,Mua,"[""Mua""]",signer_385,20_Mua_MVT,,True,8184994,train
cosign_20_02656,cosign_20_02656,Mua/Mua_MVT (2).mp4,pose_format/Mua/Mua_MVT (2).pkl,20,Mua,Mua,"[""Mua""]",signer_385,20_Mua_MVT (2),,True,7812789,train
cosign_20_02657,cosign_20_02657,Mua/Mua_MVT (3).mp4,pose_format/Mua/Mua_MVT (3).pkl,20,Mua,Mua,"[""Mua""]",signer_385,20_Mua_MVT (3),,True,7773953,train
cosign_20_02658,cosign_20_02658,Mua/Mua_MVT (4).mp4,pose_format/Mua/Mua_MVT (4).pkl,20,Mua,Mua,"[""Mua""]",signer_385,20_Mua_MVT (4),,True,7539109,train
cosign_20_02659,cosign_20_02659,Mua/Mua_MVT (5).mp4,pose_format/Mua/Mua_MVT (5).pkl,20,Mua,Mua,"[""Mua""]",signer_385,20_Mua_MVT (5),,True,8485326,train
cosign_20_02660,cosign_20_02660,Mua/Nguyễn Gia Bảo_10_mua_1692757207.2689219_0_cut.avi,pose_format/Mua/Nguyễn Gia Bảo_10_mua_1692757207.2689219_0_cut.pkl,20,Mua,Mua,"[""Mua""]",signer_021,20_Nguyễn Gia Bảo_10_mua_1692757207.2689219_0,,True,1489980,train
cosign_20_02661,cosign_20_02661,Mua/Nguyễn Gia Bảo_10_mua_1692757207.2689219_0_frames_35.avi,pose_format/Mua/Nguyễn Gia Bảo_10_mua_1692757207.2689219_0_frames_35.pkl,20,Mua,Mua,"[""Mua""]",signer_021,20_Nguyễn Gia Bảo_10_mua_1692757207.2689219_0,20_Nguyễn Gia Bảo_10_mua_1692757207.2689219_0,False,1756184,train
cosign_20_02662,cosign_20_02662,Mua/Nguyễn Gia Bảo_10_mua_1692757207.2689219_0_frames_40.avi,pose_format/Mua/Nguyễn Gia Bảo_10_mua_1692757207.2689219_0_frames_40.pkl,20,Mua,Mua,"[""Mua""]",signer_021,20_Nguyễn Gia Bảo_10_mua_1692757207.2689219_0,20_Nguyễn Gia Bảo_10_mua_1692757207.2689219_0,False,1756184,train
cosign_20_02663,cosign_20_02663,Mua/Nguyễn Thị Huyền_35_mua_1692865887.3705215_0_cut.avi,pose_format/Mua/Nguyễn Thị Huyền_35_mua_1692865887.3705215_0_cut.pkl,20,Mua,Mua,"[""Mua""]",signer_022,20_Nguyễn Thị Huyền_35_mua_1692865887.3705215_0,,True,1459282,train
cosign_20_02664,cosign_20_02664,Mua/Nguyễn Thị Huyền_35_mua_1692865887.3705215_0_frames_35.avi,pose_format/Mua/Nguyễn Thị Huyền_35_mua_1692865887.3705215_0_frames_35.pkl,20,Mua,Mua,"[""Mua""]",signer_022,20_Nguyễn Thị Huyền_35_mua_1692865887.3705215_0,20_Nguyễn Thị Huyền_35_mua_1692865887.3705215_0,False,1910272,train
cosign_20_02665,cosign_20_02665,Mua/Nguyễn Thị Huyền_35_mua_1692865887.3705215_0_frames_40.avi,pose_format/Mua/Nguyễn Thị Huyền_35_mua_1692865887.3705215_0_frames_40.pkl,20,Mua,Mua,"[""Mua""]",signer_022,20_Nguyễn Thị Huyền_35_mua_1692865887.3705215_0,20_Nguyễn Thị Huyền_35_mua_1692865887.3705215_0,False,1910272,train
cosign_20_02666,cosign_20_02666,Mua/Nguyễn Thị Hồng_32_Mua_1692948980.9563763_0_cut.avi,pose_format/Mua/Nguyễn Thị Hồng_32_Mua_1692948980.9563763_0_cut.pkl,20,Mua,Mua,"[""Mua""]",signer_023,20_Nguyễn Thị Hồng_32_Mua_1692948980.9563763_0,,True,688902,train
cosign_20_02667,cosign_20_02667,Mua/Nguyễn Thị Hồng_32_Mua_1692948980.9563763_0_frames_35.avi,pose_format/Mua/Nguyễn Thị Hồng_32_Mua_1692948980.9563763_0_frames_35.pkl,20,Mua,Mua,"[""Mua""]",signer_023,20_Nguyễn Thị Hồng_32_Mua_1692948980.9563763_0,20_Nguyễn Thị Hồng_32_Mua_1692948980.9563763_0,False,853832,train
cosign_20_02668,cosign_20_02668,Mua/Nguyễn Thị Hồng_32_Mua_1692948980.9563763_0_frames_40.avi,pose_format/Mua/Nguyễn Thị Hồng_32_Mua_1692948980.9563763_0_frames_40.pkl,20,Mua,Mua,"[""Mua""]",signer_023,20_Nguyễn Thị Hồng_32_Mua_1692948980.9563763_0,20_Nguyễn Thị Hồng_32_Mua_1692948980.9563763_0,False,853832,train
cosign_20_02669,cosign_20_02669,Mua/Nguyễn Thị Mai Anh_39_mua_1693193391.0596817_0_cut.avi,pose_format/Mua/Nguyễn Thị Mai Anh_39_mua_1693193391.0596817_0_cut.pkl,20,Mua,Mua,"[""Mua""]",signer_024,20_Nguyễn Thị Mai Anh_39_mua_1693193391.0596817_0,,True,856146,train
cosign_20_02670,cosign_20_02670,Mua/Nguyễn Thị Mai Anh_39_mua_1693193391.0596817_0_frames_35.avi,pose_format/Mua/Nguyễn Thị Mai Anh_39_mua_1693193391.0596817_0_frames_35.pkl,20,Mua,Mua,"[""Mua""]",signer_024,20_Nguyễn Thị Mai Anh_39_mua_1693193391.0596817_0,20_Nguyễn Thị Mai Anh_39_mua_1693193391.0596817_0,False,1049042,train
cosign_20_02671,cosign_20_02671,Mua/Nguyễn Thị Mai Anh_39_mua_1693193391.0596817_0_frames_40.avi,pose_format/Mua/Nguyễn Thị Mai Anh_39_mua_1693193391.0596817_0_frames_40.pkl,20,Mua,Mua,"[""Mua""]",signer_024,20_Nguyễn Thị Mai Anh_39_mua_1693193391.0596817_0,20_Nguyễn Thị Mai Anh_39_mua_1693193391.0596817_0,False,1049042,train
cosign_20_02672,cosign_20_02672,Mua/Nguyễn Thị Thu Trang_38_Mua_1692861311.7729564_0_cut.avi,pose_format/Mua/Nguyễn Thị Thu Trang_38_Mua_1692861311.7729564_0_cut.pkl,20,Mua,Mua,"[""Mua""]",signer_025,20_Nguyễn Thị Thu Trang_38_Mua_1692861311.7729564_0,,True,1231638,train
cosign_20_02673,cosign_20_02673,Mua/Nguyễn Thị Thu Trang_38_Mua_1692861311.7729564_0_frames_35.avi,pose_format/Mua/Nguyễn Thị Thu Trang_38_Mua_1692861311.7729564_0_frames_35.pkl,20,Mua,Mua,"[""Mua""]",signer_025,20_Nguyễn Thị Thu Trang_38_Mua_1692861311.7729564_0,20_Nguyễn Thị Thu Trang_38_Mua_1692861311.7729564_0,False,1453508,train
cosign_20_02674,cosign_20_02674,Mua/Nguyễn Thị Thu Trang_38_Mua_1692861311.7729564_0_frames_40.avi,pose_format/Mua/Nguyễn Thị Thu Trang_38_Mua_1692861311.7729564_0_frames_40.pkl,20,Mua,Mua,"[""Mua""]",signer_025,20_Nguyễn Thị Thu Trang_38_Mua_1692861311.7729564_0,20_Nguyễn Thị Thu Trang_38_Mua_1692861311.7729564_0,False,1453508,train
cosign_20_02675,cosign_20_02675,Mua/Nguyễn Thị Thu Trang_38_Mua_1692861413.1738386_0_frames_35.avi,pose_format/Mua/Nguyễn Thị Thu Trang_38_Mua_1692861413.1738386_0_frames_35.pkl,20,Mua,Mua,"[""Mua""]",signer_025,20_Nguyễn Thị Thu Trang_38_Mua_1692861413.1738386_0,,True,1645026,train
cosign_20_02676,cosign_20_02676,Mua/Nguyễn Thị Thu Trang_38_Mua_1692861413.1738386_0_frames_40.avi,pose_format/Mua/Nguyễn Thị Thu Trang_38_Mua_1692861413.1738386_0_frames_40.pkl,20,Mua,Mua,"[""Mua""]",signer_025,20_Nguyễn Thị Thu Trang_38_Mua_1692861413.1738386_0,20_Nguyễn Thị Thu Trang_38_Mua_1692861413.1738386_0,False,1645026,train
cosign_20_02677,cosign_20_02677,Mua/Phạm Thị Mai Hương _32_Mua_1692778661.9344535_0_cut.avi,pose_format/Mua/Phạm Thị Mai Hương _32_Mua_1692778661.9344535_0_cut.pkl,20,Mua,Mua,"[""Mua""]",signer_066,20_Phạm Thị Mai Hương _32_Mua_1692778661.9344535_0,,True,794526,train
cosign_20_02678,cosign_20_02678,Mua/Phạm Thị Mai Hương _32_Mua_1692778661.9344535_0_frames_35.avi,pose_format/Mua/Phạm Thị Mai Hương _32_Mua_1692778661.9344535_0_frames_35.pkl,20,Mua,Mua,"[""Mua""]",signer_066,20_Phạm Thị Mai Hương _32_Mua_1692778661.9344535_0,20_Phạm Thị Mai Hương _32_Mua_1692778661.9344535_0,False,966898,train
cosign_20_02679,cosign_20_02679,Mua/Phạm Thị Mai Hương _32_Mua_1692778661.9344535_0_frames_40.avi,pose_format/Mua/Phạm Thị Mai Hương _32_Mua_1692778661.9344535_0_frames_40.pkl,20,Mua,Mua,"[""Mua""]",signer_066,20_Phạm Thị Mai Hương _32_Mua_1692778661.9344535_0,20_Phạm Thị Mai Hương _32_Mua_1692778661.9344535_0,False,966898,train
cosign_20_02680,cosign_20_02680,Mua/Trần Thị Vân Anh_39_mua_1692951442.0533369_0_cut.avi,pose_format/Mua/Trần Thị Vân Anh_39_mua_1692951442.0533369_0_cut.pkl,20,Mua,Mua,"[""Mua""]",signer_026,20_Trần Thị Vân Anh_39_mua_1692951442.0533369_0,,True,842312,train
cosign_20_02681,cosign_20_02681,Mua/Trần Thị Vân Anh_39_mua_1692951442.0533369_0_frames_35.avi,pose_format/Mua/Trần Thị Vân Anh_39_mua_1692951442.0533369_0_frames_35.pkl,20,Mua,Mua,"[""Mua""]",signer_026,20_Trần Thị Vân Anh_39_mua_1692951442.0533369_0,20_Trần Thị Vân Anh_39_mua_1692951442.0533369_0,False,1081060,train
cosign_20_02682,cosign_20_02682,Mua/Trần Thị Vân Anh_39_mua_1692951442.0533369_0_frames_40.avi,pose_format/Mua/Trần Thị Vân Anh_39_mua_1692951442.0533369_0_frames_40.pkl,20,Mua,Mua,"[""Mua""]",signer_026,20_Trần Thị Vân Anh_39_mua_1692951442.0533369_0,20_Trần Thị Vân Anh_39_mua_1692951442.0533369_0,False,1081060,train
cosign_20_02683,cosign_20_02683,Mua/Trần Xuân Ngọc_41_mua_1692927430.1691115_0_cut.avi,pose_format/Mua/Trần Xuân Ngọc_41_mua_1692927430.1691115_0_cut.pkl,20,Mua,Mua,"[""Mua""]",signer_027,20_Trần Xuân Ngọc_41_mua_1692927430.1691115_0,,True,1031814,train
cosign_20_02684,cosign_20_02684,Mua/Trần Xuân Ngọc_41_mua_1692927430.1691115_0_frames_35.avi,pose_format/Mua/Trần Xuân Ngọc_41_mua_1692927430.1691115_0_frames_35.pkl,20,Mua,Mua,"[""Mua""]",signer_027,20_Trần Xuân Ngọc_41_mua_1692927430.1691115_0,20_Trần Xuân Ngọc_41_mua_1692927430.1691115_0,False,1308706,train
cosign_20_02685,cosign_20_02685,Mua/Trần Xuân Ngọc_41_mua_1692927430.1691115_0_frames_40.avi,pose_format/Mua/Trần Xuân Ngọc_41_mua_1692927430.1691115_0_frames_40.pkl,20,Mua,Mua,"[""Mua""]",signer_027,20_Trần Xuân Ngọc_41_mua_1692927430.1691115_0,20_Trần Xuân Ngọc_41_mua_1692927430.1691115_0,False,1308706,train
cosign_20_02686,cosign_20_02686,Mua/Vũ Thị Thu Phương_37_mua_1692867256.5896337_0_cut.avi,pose_format/Mua/Vũ Thị Thu Phương_37_mua_1692867256.5896337_0_cut.pkl,20,Mua,Mua,"[""Mua""]",signer_028,20_Vũ Thị Thu Phương_37_mua_1692867256.5896337_0,,True,988174,train
cosign_20_02687,cosign_20_02687,Mua/Vũ Thị Thu Phương_37_mua_1692867256.5896337_0_frames_35.avi,pose_format/Mua/Vũ Thị Thu Phương_37_mua_1692867256.5896337_0_frames_35.pkl,20,Mua,Mua,"[""Mua""]",signer_028,20_Vũ Thị Thu Phương_37_mua_1692867256.5896337_0,20_Vũ Thị Thu Phương_37_mua_1692867256.5896337_0,False,1194206,train
cosign_20_02688,cosign_20_02688,Mua/Vũ Thị Thu Phương_37_mua_1692867256.5896337_0_frames_40.avi,pose_format/Mua/Vũ Thị Thu Phương_37_mua_1692867256.5896337_0_frames_40.pkl,20,Mua,Mua,"[""Mua""]",signer_028,20_Vũ Thị Thu Phương_37_mua_1692867256.5896337_0,20_Vũ Thị Thu Phương_37_mua_1692867256.5896337_0,False,1194206,train
cosign_20_02689,cosign_20_02689,Mua/Đoàn Thị Thu Thủy_40_mua_1692955073.1329036_0_cut.avi,pose_format/Mua/Đoàn Thị Thu Thủy_40_mua_1692955073.1329036_0_cut.pkl,20,Mua,Mua,"[""Mua""]",signer_029,20_Đoàn Thị Thu Thủy_40_mua_1692955073.1329036_0,,True,1460846,train
cosign_20_02690,cosign_20_02690,Mua/Đoàn Thị Thu Thủy_40_mua_1692955073.1329036_0_frames_35.avi,pose_format/Mua/Đoàn Thị Thu Thủy_40_mua_1692955073.1329036_0_frames_35.pkl,20,Mua,Mua,"[""Mua""]",signer_029,20_Đoàn Thị Thu Thủy_40_mua_1692955073.1329036_0,20_Đoàn Thị Thu Thủy_40_mua_1692955073.1329036_0,False,1937780,train
cosign_20_02691,cosign_20_02691,Mua/Đoàn Thị Thu Thủy_40_mua_1692955073.1329036_0_frames_40.avi,pose_format/Mua/Đoàn Thị Thu Thủy_40_mua_1692955073.1329036_0_frames_40.pkl,20,Mua,Mua,"[""Mua""]",signer_029,20_Đoàn Thị Thu Thủy_40_mua_1692955073.1329036_0,20_Đoàn Thị Thu Thủy_40_mua_1692955073.1329036_0,False,1937780,train
cosign_20_02692,cosign_20_02692,Mua/Đỗ Thị Vấn_41_mua_1692780093.5472977_0_cut.avi,pose_format/Mua/Đỗ Thị Vấn_41_mua_1692780093.5472977_0_cut.pkl,20,Mua,Mua,"[""Mua""]",signer_031,20_Đỗ Thị Vấn_41_mua_1692780093.5472977_0,,True,1368304,train
cosign_20_02693,cosign_20_02693,Mua/Đỗ Thị Vấn_41_mua_1692780093.5472977_0_frames_35.avi,pose_format/Mua/Đỗ Thị Vấn_41_mua_1692780093.5472977_0_frames_35.pkl,20,Mua,Mua,"[""Mua""]",signer_031,20_Đỗ Thị Vấn_41_mua_1692780093.5472977_0,20_Đỗ Thị Vấn_41_mua_1692780093.5472977_0,False,1685996,train
cosign_20_02694,cosign_20_02694,Mua/Đỗ Thị Vấn_41_mua_1692780093.5472977_0_frames_40.avi,pose_format/Mua/Đỗ Thị Vấn_41_mua_1692780093.5472977_0_frames_40.pkl,20,Mua,Mua,"[""Mua""]",signer_031,20_Đỗ Thị Vấn_41_mua_1692780093.5472977_0,20_Đỗ Thị Vấn_41_mua_1692780093.5472977_0,False,1685996,train
cosign_21_02695,cosign_21_02695,Mời vào/MỜI_VÀO_BÙI_MAI_CHI_ (1).mp4,pose_format/Mời vào/MỜI_VÀO_BÙI_MAI_CHI_ (1).pkl,21,Mời vào,Mời vào,"[""Mời vào""]",signer_386,21_MỜI_VÀO_BÙI_MAI_CHI_ (1),,True,7622064,train
cosign_21_02696,cosign_21_02696,Mời vào/MỜI_VÀO_BÙI_MAI_CHI_ (2).mp4,pose_format/Mời vào/MỜI_VÀO_BÙI_MAI_CHI_ (2).pkl,21,Mời vào,Mời vào,"[""Mời vào""]",signer_386,21_MỜI_VÀO_BÙI_MAI_CHI_ (2),,True,7253192,train
cosign_21_02697,cosign_21_02697,Mời vào/MỜI_VÀO_BÙI_MAI_CHI_ (3).mp4,pose_format/Mời vào/MỜI_VÀO_BÙI_MAI_CHI_ (3).pkl,21,Mời vào,Mời vào,"[""Mời vào""]",signer_386,21_MỜI_VÀO_BÙI_MAI_CHI_ (3),,True,7465439,train
cosign_21_02698,cosign_21_02698,Mời vào/MỜI_VÀO_BÙI_MAI_CHI_ (4).mp4,pose_format/Mời vào/MỜI_VÀO_BÙI_MAI_CHI_ (4).pkl,21,Mời vào,Mời vào,"[""Mời vào""]",signer_386,21_MỜI_VÀO_BÙI_MAI_CHI_ (4),,True,7279349,train
cosign_21_02699,cosign_21_02699,Mời vào/MỜI_VÀO_BÙI_MAI_CHI_ (5).mp4,pose_format/Mời vào/MỜI_VÀO_BÙI_MAI_CHI_ (5).pkl,21,Mời vào,Mời vào,"[""Mời vào""]",signer_386,21_MỜI_VÀO_BÙI_MAI_CHI_ (5),,True,7416147,train
cosign_21_02700,cosign_21_02700,Mời vào/MỜI_VÀO_BÙI_MẬU_VĂN_ (1).mp4,pose_format/Mời vào/MỜI_VÀO_BÙI_MẬU_VĂN_ (1).pkl,21,Mời vào,Mời vào,"[""Mời vào""]",signer_387,21_MỜI_VÀO_BÙI_MẬU_VĂN_ (1),,True,5869821,train
cosign_21_02701,cosign_21_02701,Mời vào/MỜI_VÀO_BÙI_MẬU_VĂN_ (2).mp4,pose_format/Mời vào/MỜI_VÀO_BÙI_MẬU_VĂN_ (2).pkl,21,Mời vào,Mời vào,"[""Mời vào""]",signer_387,21_MỜI_VÀO_BÙI_MẬU_VĂN_ (2),,True,4794681,train
cosign_21_02702,cosign_21_02702,Mời vào/MỜI_VÀO_BÙI_MẬU_VĂN_ (3).mp4,pose_format/Mời vào/MỜI_VÀO_BÙI_MẬU_VĂN_ (3).pkl,21,Mời vào,Mời vào,"[""Mời vào""]",signer_387,21_MỜI_VÀO_BÙI_MẬU_VĂN_ (3),,True,6386556,train
cosign_21_02703,cosign_21_02703,Mời vào/MỜI_VÀO_BÙI_MẬU_VĂN_ (4).mp4,pose_format/Mời vào/MỜI_VÀO_BÙI_MẬU_VĂN_ (4).pkl,21,Mời vào,Mời vào,"[""Mời vào""]",signer_387,21_MỜI_VÀO_BÙI_MẬU_VĂN_ (4),,True,6906764,train
cosign_21_02704,cosign_21_02704,Mời vào/MỜI_VÀO_BÙI_MẬU_VĂN_ (5).mp4,pose_format/Mời vào/MỜI_VÀO_BÙI_MẬU_VĂN_ (5).pkl,21,Mời vào,Mời vào,"[""Mời vào""]",signer_387,21_MỜI_VÀO_BÙI_MẬU_VĂN_ (5),,True,6753096,train
cosign_21_02705,cosign_21_02705,Mời vào/MỜI_VÀO_LÊ_QUANG_MẠNH_ (1).mp4,pose_format/Mời vào/MỜI_VÀO_LÊ_QUANG_MẠNH_ (1).pkl,21,Mời vào,Mời vào,"[""Mời vào""]",signer_388,21_MỜI_VÀO_LÊ_QUANG_MẠNH_ (1),,True,6494088,train
cosign_21_02706,cosign_21_02706,Mời vào/MỜI_VÀO_LÊ_QUANG_MẠNH_ (2).mp4,pose_format/Mời vào/MỜI_VÀO_LÊ_QUANG_MẠNH_ (2).pkl,21,Mời vào,Mời vào,"[""Mời vào""]",signer_388,21_MỜI_VÀO_LÊ_QUANG_MẠNH_ (2),,True,6928619,train
cosign_21_02707,cosign_21_02707,Mời vào/MỜI_VÀO_LÊ_QUANG_MẠNH_ (3).mp4,pose_format/Mời vào/MỜI_VÀO_LÊ_QUANG_MẠNH_ (3).pkl,21,Mời vào,Mời vào,"[""Mời vào""]",signer_388,21_MỜI_VÀO_LÊ_QUANG_MẠNH_ (3),,True,6252046,train
cosign_21_02708,cosign_21_02708,Mời vào/MỜI_VÀO_LÊ_QUANG_MẠNH_ (4).mp4,pose_format/Mời vào/MỜI_VÀO_LÊ_QUANG_MẠNH_ (4).pkl,21,Mời vào,Mời vào,"[""Mời vào""]",signer_388,21_MỜI_VÀO_LÊ_QUANG_MẠNH_ (4),,True,6014375,train
cosign_21_02709,cosign_21_02709,Mời vào/MỜI_VÀO_LÊ_QUANG_MẠNH_ (5).mp4,pose_format/Mời vào/MỜI_VÀO_LÊ_QUANG_MẠNH_ (5).pkl,21,Mời vào,Mời vào,"[""Mời vào""]",signer_388,21_MỜI_VÀO_LÊ_QUANG_MẠNH_ (5),,True,6027313,train
cosign_21_02710,cosign_21_02710,Mời vào/MỜI_VÀO_LẠI_QUANG_VINH_ (1).MOV,pose_format/Mời vào/MỜI_VÀO_LẠI_QUANG_VINH_ (1).pkl,21,Mời vào,Mời vào,"[""Mời vào""]",signer_389,21_MỜI_VÀO_LẠI_QUANG_VINH_ (1),,True,2696765,train
cosign_21_02711,cosign_21_02711,Mời vào/MỜI_VÀO_LẠI_QUANG_VINH_ (2).MOV,pose_format/Mời vào/MỜI_VÀO_LẠI_QUANG_VINH_ (2).pkl,21,Mời vào,Mời vào,"[""Mời vào""]",signer_389,21_MỜI_VÀO_LẠI_QUANG_VINH_ (2),,True,2645978,train
cosign_21_02712,cosign_21_02712,Mời vào/MỜI_VÀO_LẠI_QUANG_VINH_ (3).MOV,pose_format/Mời vào/MỜI_VÀO_LẠI_QUANG_VINH_ (3).pkl,21,Mời vào,Mời vào,"[""Mời vào""]",signer_389,21_MỜI_VÀO_LẠI_QUANG_VINH_ (3),,True,2683401,train
cosign_21_02713,cosign_21_02713,Mời vào/MỜI_VÀO_LẠI_QUANG_VINH_ (4).MOV,pose_format/Mời vào/MỜI_VÀO_LẠI_QUANG_VINH_ (4).pkl,21,Mời vào,Mời vào,"[""Mời vào""]",signer_389,21_MỜI_VÀO_LẠI_QUANG_VINH_ (4),,True,2430109,train
cosign_21_02714,cosign_21_02714,Mời vào/MỜI_VÀO_LẠI_QUANG_VINH_ (5).MOV,pose_format/Mời vào/MỜI_VÀO_LẠI_QUANG_VINH_ (5).pkl,21,Mời vào,Mời vào,"[""Mời vào""]",signer_389,21_MỜI_VÀO_LẠI_QUANG_VINH_ (5),,True,2315267,train
cosign_21_02715,cosign_21_02715,Mời vào/MỜI_VÀO_LẠI_QUANG_VINH_(1).mp4,pose_format/Mời vào/MỜI_VÀO_LẠI_QUANG_VINH_(1).pkl,21,Mời vào,Mời vào,"[""Mời vào""]",signer_389,21_MỜI_VÀO_LẠI_QUANG_VINH_(1),,True,1048188,train
cosign_21_02716,cosign_21_02716,Mời vào/MỜI_VÀO_LẠI_QUANG_VINH_(2).mp4,pose_format/Mời vào/MỜI_VÀO_LẠI_QUANG_VINH_(2).pkl,21,Mời vào,Mời vào,"[""Mời vào""]",signer_389,21_MỜI_VÀO_LẠI_QUANG_VINH_(2),,True,1030499,train
cosign_21_02717,cosign_21_02717,Mời vào/MỜI_VÀO_LẠI_QUANG_VINH_(3).mp4,pose_format/Mời vào/MỜI_VÀO_LẠI_QUANG_VINH_(3).pkl,21,Mời vào,Mời vào,"[""Mời vào""]",signer_389,21_MỜI_VÀO_LẠI_QUANG_VINH_(3),,True,1011733,train
cosign_21_02718,cosign_21_02718,Mời vào/MỜI_VÀO_LẠI_QUANG_VINH_(4).mp4,pose_format/Mời vào/MỜI_VÀO_LẠI_QUANG_VINH_(4).pkl,21,Mời vào,Mời vào,"[""Mời vào""]",signer_389,21_MỜI_VÀO_LẠI_QUANG_VINH_(4),,True,975991,train
cosign_21_02719,cosign_21_02719,Mời vào/MỜI_VÀO_LẠI_QUANG_VINH_(5).mp4,pose_format/Mời vào/MỜI_VÀO_LẠI_QUANG_VINH_(5).pkl,21,Mời vào,Mời vào,"[""Mời vào""]",signer_389,21_MỜI_VÀO_LẠI_QUANG_VINH_(5),,True,929801,train
cosign_21_02720,cosign_21_02720,Mời vào/MỜI_VÀO_MAI_HOÀNG_XUÂN_ (1).mp4,pose_format/Mời vào/MỜI_VÀO_MAI_HOÀNG_XUÂN_ (1).pkl,21,Mời vào,Mời vào,"[""Mời vào""]",signer_390,21_MỜI_VÀO_MAI_HOÀNG_XUÂN_ (1),,True,6546439,train
cosign_21_02721,cosign_21_02721,Mời vào/MỜI_VÀO_MAI_HOÀNG_XUÂN_ (2).mp4,pose_format/Mời vào/MỜI_VÀO_MAI_HOÀNG_XUÂN_ (2).pkl,21,Mời vào,Mời vào,"[""Mời vào""]",signer_390,21_MỜI_VÀO_MAI_HOÀNG_XUÂN_ (2),,True,6081822,train
cosign_21_02722,cosign_21_02722,Mời vào/MỜI_VÀO_MAI_HOÀNG_XUÂN_ (3).mp4,pose_format/Mời vào/MỜI_VÀO_MAI_HOÀNG_XUÂN_ (3).pkl,21,Mời vào,Mời vào,"[""Mời vào""]",signer_390,21_MỜI_VÀO_MAI_HOÀNG_XUÂN_ (3),,True,5939018,train
cosign_21_02723,cosign_21_02723,Mời vào/MỜI_VÀO_MAI_HOÀNG_XUÂN_ (4).mp4,pose_format/Mời vào/MỜI_VÀO_MAI_HOÀNG_XUÂN_ (4).pkl,21,Mời vào,Mời vào,"[""Mời vào""]",signer_390,21_MỜI_VÀO_MAI_HOÀNG_XUÂN_ (4),,True,6067144,train
cosign_21_02724,cosign_21_02724,Mời vào/MỜI_VÀO_MAI_HOÀNG_XUÂN_ (5).mp4,pose_format/Mời vào/MỜI_VÀO_MAI_HOÀNG_XUÂN_ (5).pkl,21,Mời vào,Mời vào,"[""Mời vào""]",signer_390,21_MỜI_VÀO_MAI_HOÀNG_XUÂN_ (5),,True,6639125,train
cosign_21_02725,cosign_21_02725,Mời vào/MỜI_VÀO_NGUYỄN_HOÀNG_ĐIỆP_ (1).mp4,pose_format/Mời vào/MỜI_VÀO_NGUYỄN_HOÀNG_ĐIỆP_ (1).pkl,21,Mời vào,Mời vào,"[""Mời vào""]",signer_391,21_MỜI_VÀO_NGUYỄN_HOÀNG_ĐIỆP_ (1),,True,5515497,train
cosign_21_02726,cosign_21_02726,Mời vào/MỜI_VÀO_NGUYỄN_HOÀNG_ĐIỆP_ (2).mp4,pose_format/Mời vào/MỜI_VÀO_NGUYỄN_HOÀNG_ĐIỆP_ (2).pkl,21,Mời vào,Mời vào,"[""Mời vào""]",signer_391,21_MỜI_VÀO_NGUYỄN_HOÀNG_ĐIỆP_ (2),,True,7549368,train
cosign_21_02727,cosign_21_02727,Mời vào/MỜI_VÀO_NGUYỄN_HOÀNG_ĐIỆP_ (3).mp4,pose_format/Mời vào/MỜI_VÀO_NGUYỄN_HOÀNG_ĐIỆP_ (3).pkl,21,Mời vào,Mời vào,"[""Mời vào""]",signer_391,21_MỜI_VÀO_NGUYỄN_HOÀNG_ĐIỆP_ (3),,True,8299856,train
cosign_21_02728,cosign_21_02728,Mời vào/MỜI_VÀO_NGUYỄN_HOÀNG_ĐIỆP_ (4).mp4,pose_format/Mời vào/MỜI_VÀO_NGUYỄN_HOÀNG_ĐIỆP_ (4).pkl,21,Mời vào,Mời vào,"[""Mời vào""]",signer_391,21_MỜI_VÀO_NGUYỄN_HOÀNG_ĐIỆP_ (4),,True,8070024,train
cosign_21_02729,cosign_21_02729,Mời vào/MỜI_VÀO_NGUYỄN_HOÀNG_ĐIỆP_ (5).mp4,pose_format/Mời vào/MỜI_VÀO_NGUYỄN_HOÀNG_ĐIỆP_ (5).pkl,21,Mời vào,Mời vào,"[""Mời vào""]",signer_391,21_MỜI_VÀO_NGUYỄN_HOÀNG_ĐIỆP_ (5),,True,8531948,train
cosign_21_02730,cosign_21_02730,Mời vào/MỜI_VÀO_NGUYỄN_PHƯƠNG_ANH_ (1).mp4,pose_format/Mời vào/MỜI_VÀO_NGUYỄN_PHƯƠNG_ANH_ (1).pkl,21,Mời vào,Mời vào,"[""Mời vào""]",signer_392,21_MỜI_VÀO_NGUYỄN_PHƯƠNG_ANH_ (1),,True,5505794,train
cosign_21_02731,cosign_21_02731,Mời vào/MỜI_VÀO_NGUYỄN_PHƯƠNG_ANH_ (2).mp4,pose_format/Mời vào/MỜI_VÀO_NGUYỄN_PHƯƠNG_ANH_ (2).pkl,21,Mời vào,Mời vào,"[""Mời vào""]",signer_392,21_MỜI_VÀO_NGUYỄN_PHƯƠNG_ANH_ (2),,True,6084044,train
cosign_21_02732,cosign_21_02732,Mời vào/MỜI_VÀO_NGUYỄN_PHƯƠNG_ANH_ (3).mp4,pose_format/Mời vào/MỜI_VÀO_NGUYỄN_PHƯƠNG_ANH_ (3).pkl,21,Mời vào,Mời vào,"[""Mời vào""]",signer_392,21_MỜI_VÀO_NGUYỄN_PHƯƠNG_ANH_ (3),,True,6068370,train
cosign_21_02733,cosign_21_02733,Mời vào/MỜI_VÀO_NGUYỄN_PHƯƠNG_ANH_ (4).mp4,pose_format/Mời vào/MỜI_VÀO_NGUYỄN_PHƯƠNG_ANH_ (4).pkl,21,Mời vào,Mời vào,"[""Mời vào""]",signer_392,21_MỜI_VÀO_NGUYỄN_PHƯƠNG_ANH_ (4),,True,5819088,train
cosign_21_02734,cosign_21_02734,Mời vào/MỜI_VÀO_NGUYỄN_PHƯƠNG_ANH_ (5).mp4,pose_format/Mời vào/MỜI_VÀO_NGUYỄN_PHƯƠNG_ANH_ (5).pkl,21,Mời vào,Mời vào,"[""Mời vào""]",signer_392,21_MỜI_VÀO_NGUYỄN_PHƯƠNG_ANH_ (5),,True,5967684,train
cosign_21_02735,cosign_21_02735,Mời vào/MỜI_VÀO_NGUYỄN_VIẾT_QUANG_ (1).mp4,pose_format/Mời vào/MỜI_VÀO_NGUYỄN_VIẾT_QUANG_ (1).pkl,21,Mời vào,Mời vào,"[""Mời vào""]",signer_393,21_MỜI_VÀO_NGUYỄN_VIẾT_QUANG_ (1),,True,6180615,train
cosign_21_02736,cosign_21_02736,Mời vào/MỜI_VÀO_NGUYỄN_VIẾT_QUANG_ (2).mp4,pose_format/Mời vào/MỜI_VÀO_NGUYỄN_VIẾT_QUANG_ (2).pkl,21,Mời vào,Mời vào,"[""Mời vào""]",signer_393,21_MỜI_VÀO_NGUYỄN_VIẾT_QUANG_ (2),,True,6863296,train
cosign_21_02737,cosign_21_02737,Mời vào/MỜI_VÀO_NGUYỄN_VIẾT_QUANG_ (3).mp4,pose_format/Mời vào/MỜI_VÀO_NGUYỄN_VIẾT_QUANG_ (3).pkl,21,Mời vào,Mời vào,"[""Mời vào""]",signer_393,21_MỜI_VÀO_NGUYỄN_VIẾT_QUANG_ (3),,True,5752298,train
cosign_21_02738,cosign_21_02738,Mời vào/MỜI_VÀO_NGUYỄN_VIẾT_QUANG_ (4).mp4,pose_format/Mời vào/MỜI_VÀO_NGUYỄN_VIẾT_QUANG_ (4).pkl,21,Mời vào,Mời vào,"[""Mời vào""]",signer_393,21_MỜI_VÀO_NGUYỄN_VIẾT_QUANG_ (4),,True,6559881,train
cosign_21_02739,cosign_21_02739,Mời vào/MỜI_VÀO_NGUYỄN_VIẾT_QUANG_ (5).mp4,pose_format/Mời vào/MỜI_VÀO_NGUYỄN_VIẾT_QUANG_ (5).pkl,21,Mời vào,Mời vào,"[""Mời vào""]",signer_393,21_MỜI_VÀO_NGUYỄN_VIẾT_QUANG_ (5),,True,6603545,train
cosign_21_02740,cosign_21_02740,Mời vào/MỜI_VÀO_NGÔ_TUẤN_ANH_ (1).mp4,pose_format/Mời vào/MỜI_VÀO_NGÔ_TUẤN_ANH_ (1).pkl,21,Mời vào,Mời vào,"[""Mời vào""]",signer_394,21_MỜI_VÀO_NGÔ_TUẤN_ANH_ (1),,True,7212600,train
cosign_21_02741,cosign_21_02741,Mời vào/MỜI_VÀO_NGÔ_TUẤN_ANH_ (2).mp4,pose_format/Mời vào/MỜI_VÀO_NGÔ_TUẤN_ANH_ (2).pkl,21,Mời vào,Mời vào,"[""Mời vào""]",signer_394,21_MỜI_VÀO_NGÔ_TUẤN_ANH_ (2),,True,7879177,train
cosign_21_02742,cosign_21_02742,Mời vào/MỜI_VÀO_NGÔ_TUẤN_ANH_ (3).mp4,pose_format/Mời vào/MỜI_VÀO_NGÔ_TUẤN_ANH_ (3).pkl,21,Mời vào,Mời vào,"[""Mời vào""]",signer_394,21_MỜI_VÀO_NGÔ_TUẤN_ANH_ (3),,True,7647024,train
cosign_21_02743,cosign_21_02743,Mời vào/MỜI_VÀO_NGÔ_TUẤN_ANH_ (4).mp4,pose_format/Mời vào/MỜI_VÀO_NGÔ_TUẤN_ANH_ (4).pkl,21,Mời vào,Mời vào,"[""Mời vào""]",signer_394,21_MỜI_VÀO_NGÔ_TUẤN_ANH_ (4),,True,7380166,train
cosign_21_02744,cosign_21_02744,Mời vào/MỜI_VÀO_NGÔ_TUẤN_ANH_ (5).mp4,pose_format/Mời vào/MỜI_VÀO_NGÔ_TUẤN_ANH_ (5).pkl,21,Mời vào,Mời vào,"[""Mời vào""]",signer_394,21_MỜI_VÀO_NGÔ_TUẤN_ANH_ (5),,True,7237595,train
cosign_21_02745,cosign_21_02745,Mời vào/MỜI_VÀO_PHẠM_ĐÌNH_HẢI_(1).mp4,pose_format/Mời vào/MỜI_VÀO_PHẠM_ĐÌNH_HẢI_(1).pkl,21,Mời vào,Mời vào,"[""Mời vào""]",signer_395,21_MỜI_VÀO_PHẠM_ĐÌNH_HẢI_(1),,True,12055699,train
cosign_21_02746,cosign_21_02746,Mời vào/MỜI_VÀO_PHẠM_ĐÌNH_HẢI_(2).mp4,pose_format/Mời vào/MỜI_VÀO_PHẠM_ĐÌNH_HẢI_(2).pkl,21,Mời vào,Mời vào,"[""Mời vào""]",signer_395,21_MỜI_VÀO_PHẠM_ĐÌNH_HẢI_(2),,True,13013579,train
cosign_21_02747,cosign_21_02747,Mời vào/MỜI_VÀO_PHẠM_ĐÌNH_HẢI_(3).mp4,pose_format/Mời vào/MỜI_VÀO_PHẠM_ĐÌNH_HẢI_(3).pkl,21,Mời vào,Mời vào,"[""Mời vào""]",signer_395,21_MỜI_VÀO_PHẠM_ĐÌNH_HẢI_(3),,True,12723490,train
cosign_21_02748,cosign_21_02748,Mời vào/MỜI_VÀO_PHẠM_ĐÌNH_HẢI_(4).mp4,pose_format/Mời vào/MỜI_VÀO_PHẠM_ĐÌNH_HẢI_(4).pkl,21,Mời vào,Mời vào,"[""Mời vào""]",signer_395,21_MỜI_VÀO_PHẠM_ĐÌNH_HẢI_(4),,True,13324916,train
cosign_21_02749,cosign_21_02749,Mời vào/MỜI_VÀO_PHẠM_ĐÌNH_HẢI_(5).mp4,pose_format/Mời vào/MỜI_VÀO_PHẠM_ĐÌNH_HẢI_(5).pkl,21,Mời vào,Mời vào,"[""Mời vào""]",signer_395,21_MỜI_VÀO_PHẠM_ĐÌNH_HẢI_(5),,True,13058992,train
cosign_21_02750,cosign_21_02750,Mời vào/MỜI_VÀO_TRƯƠNG_NGỌC_DIỄM_ (1).mp4,pose_format/Mời vào/MỜI_VÀO_TRƯƠNG_NGỌC_DIỄM_ (1).pkl,21,Mời vào,Mời vào,"[""Mời vào""]",signer_396,21_MỜI_VÀO_TRƯƠNG_NGỌC_DIỄM_ (1),,True,6704019,train
cosign_21_02751,cosign_21_02751,Mời vào/MỜI_VÀO_TRƯƠNG_NGỌC_DIỄM_ (2).mp4,pose_format/Mời vào/MỜI_VÀO_TRƯƠNG_NGỌC_DIỄM_ (2).pkl,21,Mời vào,Mời vào,"[""Mời vào""]",signer_396,21_MỜI_VÀO_TRƯƠNG_NGỌC_DIỄM_ (2),,True,7536272,train
cosign_21_02752,cosign_21_02752,Mời vào/MỜI_VÀO_TRƯƠNG_NGỌC_DIỄM_ (3).mp4,pose_format/Mời vào/MỜI_VÀO_TRƯƠNG_NGỌC_DIỄM_ (3).pkl,21,Mời vào,Mời vào,"[""Mời vào""]",signer_396,21_MỜI_VÀO_TRƯƠNG_NGỌC_DIỄM_ (3),,True,7706593,train
cosign_21_02753,cosign_21_02753,Mời vào/MỜI_VÀO_TRƯƠNG_NGỌC_DIỄM_ (4).mp4,pose_format/Mời vào/MỜI_VÀO_TRƯƠNG_NGỌC_DIỄM_ (4).pkl,21,Mời vào,Mời vào,"[""Mời vào""]",signer_396,21_MỜI_VÀO_TRƯƠNG_NGỌC_DIỄM_ (4),,True,6815617,train
cosign_21_02754,cosign_21_02754,Mời vào/MỜI_VÀO_TRƯƠNG_NGỌC_DIỄM_ (5).mp4,pose_format/Mời vào/MỜI_VÀO_TRƯƠNG_NGỌC_DIỄM_ (5).pkl,21,Mời vào,Mời vào,"[""Mời vào""]",signer_396,21_MỜI_VÀO_TRƯƠNG_NGỌC_DIỄM_ (5),,True,9266205,train
cosign_21_02755,cosign_21_02755,Mời vào/MỜI_VÀO_TRẦN_TUẤN_MINH_ (1).mp4,pose_format/Mời vào/MỜI_VÀO_TRẦN_TUẤN_MINH_ (1).pkl,21,Mời vào,Mời vào,"[""Mời vào""]",signer_397,21_MỜI_VÀO_TRẦN_TUẤN_MINH_ (1),,True,7822707,train
cosign_21_02756,cosign_21_02756,Mời vào/MỜI_VÀO_TRẦN_TUẤN_MINH_ (2).mp4,pose_format/Mời vào/MỜI_VÀO_TRẦN_TUẤN_MINH_ (2).pkl,21,Mời vào,Mời vào,"[""Mời vào""]",signer_397,21_MỜI_VÀO_TRẦN_TUẤN_MINH_ (2),,True,8359402,train
cosign_21_02757,cosign_21_02757,Mời vào/MỜI_VÀO_TRẦN_TUẤN_MINH_ (3).mp4,pose_format/Mời vào/MỜI_VÀO_TRẦN_TUẤN_MINH_ (3).pkl,21,Mời vào,Mời vào,"[""Mời vào""]",signer_397,21_MỜI_VÀO_TRẦN_TUẤN_MINH_ (3),,True,7581354,train
cosign_21_02758,cosign_21_02758,Mời vào/MỜI_VÀO_TRẦN_TUẤN_MINH_ (4).mp4,pose_format/Mời vào/MỜI_VÀO_TRẦN_TUẤN_MINH_ (4).pkl,21,Mời vào,Mời vào,"[""Mời vào""]",signer_397,21_MỜI_VÀO_TRẦN_TUẤN_MINH_ (4),,True,7961821,train
cosign_21_02759,cosign_21_02759,Mời vào/MỜI_VÀO_TRẦN_TUẤN_MINH_ (5).mp4,pose_format/Mời vào/MỜI_VÀO_TRẦN_TUẤN_MINH_ (5).pkl,21,Mời vào,Mời vào,"[""Mời vào""]",signer_397,21_MỜI_VÀO_TRẦN_TUẤN_MINH_ (5),,True,8798464,train
cosign_21_02760,cosign_21_02760,Mời vào/MỜI_VÀO_TRẦN_ĐỨC_QUÂN_ (1).mp4,pose_format/Mời vào/MỜI_VÀO_TRẦN_ĐỨC_QUÂN_ (1).pkl,21,Mời vào,Mời vào,"[""Mời vào""]",signer_398,21_MỜI_VÀO_TRẦN_ĐỨC_QUÂN_ (1),,True,6644195,train
cosign_21_02761,cosign_21_02761,Mời vào/MỜI_VÀO_TRẦN_ĐỨC_QUÂN_ (2).mp4,pose_format/Mời vào/MỜI_VÀO_TRẦN_ĐỨC_QUÂN_ (2).pkl,21,Mời vào,Mời vào,"[""Mời vào""]",signer_398,21_MỜI_VÀO_TRẦN_ĐỨC_QUÂN_ (2),,True,7360135,train
cosign_21_02762,cosign_21_02762,Mời vào/MỜI_VÀO_TRẦN_ĐỨC_QUÂN_ (3).mp4,pose_format/Mời vào/MỜI_VÀO_TRẦN_ĐỨC_QUÂN_ (3).pkl,21,Mời vào,Mời vào,"[""Mời vào""]",signer_398,21_MỜI_VÀO_TRẦN_ĐỨC_QUÂN_ (3),,True,7390554,train
cosign_21_02763,cosign_21_02763,Mời vào/MỜI_VÀO_TRẦN_ĐỨC_QUÂN_ (4).mp4,pose_format/Mời vào/MỜI_VÀO_TRẦN_ĐỨC_QUÂN_ (4).pkl,21,Mời vào,Mời vào,"[""Mời vào""]",signer_398,21_MỜI_VÀO_TRẦN_ĐỨC_QUÂN_ (4),,True,8066027,train
cosign_21_02764,cosign_21_02764,Mời vào/MỜI_VÀO_TRẦN_ĐỨC_QUÂN_ (5).mp4,pose_format/Mời vào/MỜI_VÀO_TRẦN_ĐỨC_QUÂN_ (5).pkl,21,Mời vào,Mời vào,"[""Mời vào""]",signer_398,21_MỜI_VÀO_TRẦN_ĐỨC_QUÂN_ (5),,True,9066391,train
cosign_21_02765,cosign_21_02765,Mời vào/MỜI_VÀO_TẠ_THỊ_PHƯƠNG_LINH_ (1).mp4,pose_format/Mời vào/MỜI_VÀO_TẠ_THỊ_PHƯƠNG_LINH_ (1).pkl,21,Mời vào,Mời vào,"[""Mời vào""]",signer_399,21_MỜI_VÀO_TẠ_THỊ_PHƯƠNG_LINH_ (1),,True,4574072,train
cosign_21_02766,cosign_21_02766,Mời vào/MỜI_VÀO_TẠ_THỊ_PHƯƠNG_LINH_ (2).mp4,pose_format/Mời vào/MỜI_VÀO_TẠ_THỊ_PHƯƠNG_LINH_ (2).pkl,21,Mời vào,Mời vào,"[""Mời vào""]",signer_399,21_MỜI_VÀO_TẠ_THỊ_PHƯƠNG_LINH_ (2),,True,4646225,train
cosign_21_02767,cosign_21_02767,Mời vào/MỜI_VÀO_TẠ_THỊ_PHƯƠNG_LINH_ (3).mp4,pose_format/Mời vào/MỜI_VÀO_TẠ_THỊ_PHƯƠNG_LINH_ (3).pkl,21,Mời vào,Mời vào,"[""Mời vào""]",signer_399,21_MỜI_VÀO_TẠ_THỊ_PHƯƠNG_LINH_ (3),,True,4492056,train
cosign_21_02768,cosign_21_02768,Mời vào/MỜI_VÀO_TẠ_THỊ_PHƯƠNG_LINH_ (4).mp4,pose_format/Mời vào/MỜI_VÀO_TẠ_THỊ_PHƯƠNG_LINH_ (4).pkl,21,Mời vào,Mời vào,"[""Mời vào""]",signer_399,21_MỜI_VÀO_TẠ_THỊ_PHƯƠNG_LINH_ (4),,True,4608725,train
cosign_21_02769,cosign_21_02769,Mời vào/MỜI_VÀO_TẠ_THỊ_PHƯƠNG_LINH_ (5).mp4,pose_format/Mời vào/MỜI_VÀO_TẠ_THỊ_PHƯƠNG_LINH_ (5).pkl,21,Mời vào,Mời vào,"[""Mời vào""]",signer_399,21_MỜI_VÀO_TẠ_THỊ_PHƯƠNG_LINH_ (5),,True,4109128,train
cosign_21_02770,cosign_21_02770,Mời vào/MỜI_VÀO_VŨ_HUY_DU_ (1).mp4,pose_format/Mời vào/MỜI_VÀO_VŨ_HUY_DU_ (1).pkl,21,Mời vào,Mời vào,"[""Mời vào""]",signer_400,21_MỜI_VÀO_VŨ_HUY_DU_ (1),,True,6055719,train
cosign_21_02771,cosign_21_02771,Mời vào/MỜI_VÀO_VŨ_HUY_DU_ (2).mp4,pose_format/Mời vào/MỜI_VÀO_VŨ_HUY_DU_ (2).pkl,21,Mời vào,Mời vào,"[""Mời vào""]",signer_400,21_MỜI_VÀO_VŨ_HUY_DU_ (2),,True,5820197,train
cosign_21_02772,cosign_21_02772,Mời vào/MỜI_VÀO_VŨ_HUY_DU_ (3).mp4,pose_format/Mời vào/MỜI_VÀO_VŨ_HUY_DU_ (3).pkl,21,Mời vào,Mời vào,"[""Mời vào""]",signer_400,21_MỜI_VÀO_VŨ_HUY_DU_ (3),,True,5337631,train
cosign_21_02773,cosign_21_02773,Mời vào/MỜI_VÀO_VŨ_HUY_DU_ (4).mp4,pose_format/Mời vào/MỜI_VÀO_VŨ_HUY_DU_ (4).pkl,21,Mời vào,Mời vào,"[""Mời vào""]",signer_400,21_MỜI_VÀO_VŨ_HUY_DU_ (4),,True,5598776,train
cosign_21_02774,cosign_21_02774,Mời vào/MỜI_VÀO_VŨ_HUY_DU_ (5).mp4,pose_format/Mời vào/MỜI_VÀO_VŨ_HUY_DU_ (5).pkl,21,Mời vào,Mời vào,"[""Mời vào""]",signer_400,21_MỜI_VÀO_VŨ_HUY_DU_ (5),,True,5702682,train
cosign_21_02775,cosign_21_02775,Mời vào/MỜI_VÀO_VŨ_KẾT_ĐỒNG_(1).mp4,pose_format/Mời vào/MỜI_VÀO_VŨ_KẾT_ĐỒNG_(1).pkl,21,Mời vào,Mời vào,"[""Mời vào""]",signer_401,21_MỜI_VÀO_VŨ_KẾT_ĐỒNG_(1),,True,6148097,train
cosign_21_02776,cosign_21_02776,Mời vào/MỜI_VÀO_VŨ_KẾT_ĐỒNG_(2).mp4,pose_format/Mời vào/MỜI_VÀO_VŨ_KẾT_ĐỒNG_(2).pkl,21,Mời vào,Mời vào,"[""Mời vào""]",signer_401,21_MỜI_VÀO_VŨ_KẾT_ĐỒNG_(2),,True,7412508,train
cosign_21_02777,cosign_21_02777,Mời vào/MỜI_VÀO_VŨ_KẾT_ĐỒNG_(3).mp4,pose_format/Mời vào/MỜI_VÀO_VŨ_KẾT_ĐỒNG_(3).pkl,21,Mời vào,Mời vào,"[""Mời vào""]",signer_401,21_MỜI_VÀO_VŨ_KẾT_ĐỒNG_(3),,True,7584463,train
cosign_21_02778,cosign_21_02778,Mời vào/MỜI_VÀO_VŨ_KẾT_ĐỒNG_(4).mp4,pose_format/Mời vào/MỜI_VÀO_VŨ_KẾT_ĐỒNG_(4).pkl,21,Mời vào,Mời vào,"[""Mời vào""]",signer_401,21_MỜI_VÀO_VŨ_KẾT_ĐỒNG_(4),,True,6926629,train
cosign_21_02779,cosign_21_02779,Mời vào/MỜI_VÀO_VŨ_KẾT_ĐỒNG_(5).mp4,pose_format/Mời vào/MỜI_VÀO_VŨ_KẾT_ĐỒNG_(5).pkl,21,Mời vào,Mời vào,"[""Mời vào""]",signer_401,21_MỜI_VÀO_VŨ_KẾT_ĐỒNG_(5),,True,6766263,train
cosign_21_02780,cosign_21_02780,Mời vào/Mời vào_MVT.mp4,pose_format/Mời vào/Mời vào_MVT.pkl,21,Mời vào,Mời vào,"[""Mời vào""]",signer_402,21_Mời vào_MVT,,True,9313269,train
cosign_21_02781,cosign_21_02781,Mời vào/Mời vào_MVT (2).mp4,pose_format/Mời vào/Mời vào_MVT (2).pkl,21,Mời vào,Mời vào,"[""Mời vào""]",signer_402,21_Mời vào_MVT (2),,True,8250468,train
cosign_21_02782,cosign_21_02782,Mời vào/Mời vào_MVT (3).mp4,pose_format/Mời vào/Mời vào_MVT (3).pkl,21,Mời vào,Mời vào,"[""Mời vào""]",signer_402,21_Mời vào_MVT (3),,True,9205972,train
cosign_21_02783,cosign_21_02783,Mời vào/Mời vào_MVT (4).mp4,pose_format/Mời vào/Mời vào_MVT (4).pkl,21,Mời vào,Mời vào,"[""Mời vào""]",signer_402,21_Mời vào_MVT (4),,True,10699092,train
cosign_21_02784,cosign_21_02784,Mời vào/Mời vào_MVT (5).mp4,pose_format/Mời vào/Mời vào_MVT (5).pkl,21,Mời vào,Mời vào,"[""Mời vào""]",signer_402,21_Mời vào_MVT (5),,True,9843648,train
cosign_21_02785,cosign_21_02785,Mời vào/Nguyễn Thị Huyền_35_mời_vào_1692845473.8273969_0_cut.avi,pose_format/Mời vào/Nguyễn Thị Huyền_35_mời_vào_1692845473.8273969_0_cut.pkl,21,Mời vào,Mời vào,"[""Mời vào""]",signer_022,21_Nguyễn Thị Huyền_35_mời_vào_1692845473.8273969_0,,True,1568030,train
cosign_21_02786,cosign_21_02786,Mời vào/Nguyễn Thị Huyền_35_mời_vào_1692845473.8273969_0_frames_35.avi,pose_format/Mời vào/Nguyễn Thị Huyền_35_mời_vào_1692845473.8273969_0_frames_35.pkl,21,Mời vào,Mời vào,"[""Mời vào""]",signer_022,21_Nguyễn Thị Huyền_35_mời_vào_1692845473.8273969_0,21_Nguyễn Thị Huyền_35_mời_vào_1692845473.8273969_0,False,1935200,train
cosign_21_02787,cosign_21_02787,Mời vào/Nguyễn Thị Huyền_35_mời_vào_1692845473.8273969_0_frames_40.avi,pose_format/Mời vào/Nguyễn Thị Huyền_35_mời_vào_1692845473.8273969_0_frames_40.pkl,21,Mời vào,Mời vào,"[""Mời vào""]",signer_022,21_Nguyễn Thị Huyền_35_mời_vào_1692845473.8273969_0,21_Nguyễn Thị Huyền_35_mời_vào_1692845473.8273969_0,False,1935200,train
cosign_21_02788,cosign_21_02788,Mời vào/Nguyễn Thị Hồng_32_mời_ vào_1693185348.063677_0_cut.avi,pose_format/Mời vào/Nguyễn Thị Hồng_32_mời_ vào_1693185348.063677_0_cut.pkl,21,Mời vào,Mời vào,"[""Mời vào""]",signer_023,21_Nguyễn Thị Hồng_32_mời_ vào_1693185348.063677_0,,True,1251238,train
cosign_21_02789,cosign_21_02789,Mời vào/Nguyễn Thị Hồng_32_mời_ vào_1693185348.063677_0_frames_35.avi,pose_format/Mời vào/Nguyễn Thị Hồng_32_mời_ vào_1693185348.063677_0_frames_35.pkl,21,Mời vào,Mời vào,"[""Mời vào""]",signer_023,21_Nguyễn Thị Hồng_32_mời_ vào_1693185348.063677_0,21_Nguyễn Thị Hồng_32_mời_ vào_1693185348.063677_0,False,1619404,train
cosign_21_02790,cosign_21_02790,Mời vào/Nguyễn Thị Hồng_32_mời_ vào_1693185348.063677_0_frames_40.avi,pose_format/Mời vào/Nguyễn Thị Hồng_32_mời_ vào_1693185348.063677_0_frames_40.pkl,21,Mời vào,Mời vào,"[""Mời vào""]",signer_023,21_Nguyễn Thị Hồng_32_mời_ vào_1693185348.063677_0,21_Nguyễn Thị Hồng_32_mời_ vào_1693185348.063677_0,False,1619404,train
cosign_21_02791,cosign_21_02791,Mời vào/Nguyễn Thị Mai Anh_39_mời vào_1693203093.788632_0_cut.avi,pose_format/Mời vào/Nguyễn Thị Mai Anh_39_mời vào_1693203093.788632_0_cut.pkl,21,Mời vào,Mời vào,"[""Mời vào""]",signer_024,21_Nguyễn Thị Mai Anh_39_mời vào_1693203093.788632_0,,True,779914,train
cosign_21_02792,cosign_21_02792,Mời vào/Nguyễn Thị Mai Anh_39_mời vào_1693203093.788632_0_frames_35.avi,pose_format/Mời vào/Nguyễn Thị Mai Anh_39_mời vào_1693203093.788632_0_frames_35.pkl,21,Mời vào,Mời vào,"[""Mời vào""]",signer_024,21_Nguyễn Thị Mai Anh_39_mời vào_1693203093.788632_0,21_Nguyễn Thị Mai Anh_39_mời vào_1693203093.788632_0,False,1039910,train
cosign_21_02793,cosign_21_02793,Mời vào/Nguyễn Thị Mai Anh_39_mời vào_1693203093.788632_0_frames_40.avi,pose_format/Mời vào/Nguyễn Thị Mai Anh_39_mời vào_1693203093.788632_0_frames_40.pkl,21,Mời vào,Mời vào,"[""Mời vào""]",signer_024,21_Nguyễn Thị Mai Anh_39_mời vào_1693203093.788632_0,21_Nguyễn Thị Mai Anh_39_mời vào_1693203093.788632_0,False,1039910,train
cosign_21_02794,cosign_21_02794,Mời vào/Nguyễn Thị Thu Trang_38_Mời vào_1693013287.4396522_0_cut.avi,pose_format/Mời vào/Nguyễn Thị Thu Trang_38_Mời vào_1693013287.4396522_0_cut.pkl,21,Mời vào,Mời vào,"[""Mời vào""]",signer_025,21_Nguyễn Thị Thu Trang_38_Mời vào_1693013287.4396522_0,,True,1033330,train
cosign_21_02795,cosign_21_02795,Mời vào/Nguyễn Thị Thu Trang_38_Mời vào_1693013287.4396522_0_frames_35.avi,pose_format/Mời vào/Nguyễn Thị Thu Trang_38_Mời vào_1693013287.4396522_0_frames_35.pkl,21,Mời vào,Mời vào,"[""Mời vào""]",signer_025,21_Nguyễn Thị Thu Trang_38_Mời vào_1693013287.4396522_0,21_Nguyễn Thị Thu Trang_38_Mời vào_1693013287.4396522_0,False,1378910,train
cosign_21_02796,cosign_21_02796,Mời vào/Nguyễn Thị Thu Trang_38_Mời vào_1693013287.4396522_0_frames_40.avi,pose_format/Mời vào/Nguyễn Thị Thu Trang_38_Mời vào_1693013287.4396522_0_frames_40.pkl,21,Mời vào,Mời vào,"[""Mời vào""]",signer_025,21_Nguyễn Thị Thu Trang_38_Mời vào_1693013287.4396522_0,21_Nguyễn Thị Thu Trang_38_Mời vào_1693013287.4396522_0,False,1378910,train
cosign_21_02797,cosign_21_02797,Mời vào/Phạm Thị Mai Hương_32_Mời_vào_1692845624.8808339_0_cut.avi,pose_format/Mời vào/Phạm Thị Mai Hương_32_Mời_vào_1692845624.8808339_0_cut.pkl,21,Mời vào,Mời vào,"[""Mời vào""]",signer_066,21_Phạm Thị Mai Hương_32_Mời_vào_1692845624.8808339_0,,True,817796,train
cosign_21_02798,cosign_21_02798,Mời vào/Phạm Thị Mai Hương_32_Mời_vào_1692845624.8808339_0_frames_35.avi,pose_format/Mời vào/Phạm Thị Mai Hương_32_Mời_vào_1692845624.8808339_0_frames_35.pkl,21,Mời vào,Mời vào,"[""Mời vào""]",signer_066,21_Phạm Thị Mai Hương_32_Mời_vào_1692845624.8808339_0,21_Phạm Thị Mai Hương_32_Mời_vào_1692845624.8808339_0,False,1026432,train
cosign_21_02799,cosign_21_02799,Mời vào/Phạm Thị Mai Hương_32_Mời_vào_1692845624.8808339_0_frames_40.avi,pose_format/Mời vào/Phạm Thị Mai Hương_32_Mời_vào_1692845624.8808339_0_frames_40.pkl,21,Mời vào,Mời vào,"[""Mời vào""]",signer_066,21_Phạm Thị Mai Hương_32_Mời_vào_1692845624.8808339_0,21_Phạm Thị Mai Hương_32_Mời_vào_1692845624.8808339_0,False,1026432,train
cosign_21_02800,cosign_21_02800,Mời vào/Trần Thị Vân Anh_39_mời_vào_1693014769.3524542_0_cut.avi,pose_format/Mời vào/Trần Thị Vân Anh_39_mời_vào_1693014769.3524542_0_cut.pkl,21,Mời vào,Mời vào,"[""Mời vào""]",signer_026,21_Trần Thị Vân Anh_39_mời_vào_1693014769.3524542_0,,True,799656,train
cosign_21_02801,cosign_21_02801,Mời vào/Trần Thị Vân Anh_39_mời_vào_1693014769.3524542_0_frames_35.avi,pose_format/Mời vào/Trần Thị Vân Anh_39_mời_vào_1693014769.3524542_0_frames_35.pkl,21,Mời vào,Mời vào,"[""Mời vào""]",signer_026,21_Trần Thị Vân Anh_39_mời_vào_1693014769.3524542_0,21_Trần Thị Vân Anh_39_mời_vào_1693014769.3524542_0,False,1018442,train
cosign_21_02802,cosign_21_02802,Mời vào/Trần Thị Vân Anh_39_mời_vào_1693014769.3524542_0_frames_40.avi,pose_format/Mời vào/Trần Thị Vân Anh_39_mời_vào_1693014769.3524542_0_frames_40.pkl,21,Mời vào,Mời vào,"[""Mời vào""]",signer_026,21_Trần Thị Vân Anh_39_mời_vào_1693014769.3524542_0,21_Trần Thị Vân Anh_39_mời_vào_1693014769.3524542_0,False,1018442,train
cosign_21_02803,cosign_21_02803,Mời vào/Trần Xuân Ngọc_41_mời vào_1692931646.295093_0_cut.avi,pose_format/Mời vào/Trần Xuân Ngọc_41_mời vào_1692931646.295093_0_cut.pkl,21,Mời vào,Mời vào,"[""Mời vào""]",signer_027,21_Trần Xuân Ngọc_41_mời vào_1692931646.295093_0,,True,1208798,train
cosign_21_02804,cosign_21_02804,Mời vào/Trần Xuân Ngọc_41_mời vào_1692931646.295093_0_frames_35.avi,pose_format/Mời vào/Trần Xuân Ngọc_41_mời vào_1692931646.295093_0_frames_35.pkl,21,Mời vào,Mời vào,"[""Mời vào""]",signer_027,21_Trần Xuân Ngọc_41_mời vào_1692931646.295093_0,21_Trần Xuân Ngọc_41_mời vào_1692931646.295093_0,False,1550020,train
cosign_21_02805,cosign_21_02805,Mời vào/Trần Xuân Ngọc_41_mời vào_1692931646.295093_0_frames_40.avi,pose_format/Mời vào/Trần Xuân Ngọc_41_mời vào_1692931646.295093_0_frames_40.pkl,21,Mời vào,Mời vào,"[""Mời vào""]",signer_027,21_Trần Xuân Ngọc_41_mời vào_1692931646.295093_0,21_Trần Xuân Ngọc_41_mời vào_1692931646.295093_0,False,1550020,train
cosign_21_02806,cosign_21_02806,Mời vào/Vũ Thị Thu Phương_37_mời_vào_1692845469.0273907_0_cut.avi,pose_format/Mời vào/Vũ Thị Thu Phương_37_mời_vào_1692845469.0273907_0_cut.pkl,21,Mời vào,Mời vào,"[""Mời vào""]",signer_028,21_Vũ Thị Thu Phương_37_mời_vào_1692845469.0273907_0,,True,820926,train
cosign_21_02807,cosign_21_02807,Mời vào/Vũ Thị Thu Phương_37_mời_vào_1692845469.0273907_0_frames_35.avi,pose_format/Mời vào/Vũ Thị Thu Phương_37_mời_vào_1692845469.0273907_0_frames_35.pkl,21,Mời vào,Mời vào,"[""Mời vào""]",signer_028,21_Vũ Thị Thu Phương_37_mời_vào_1692845469.0273907_0,21_Vũ Thị Thu Phương_37_mời_vào_1692845469.0273907_0,False,975624,train
cosign_21_02808,cosign_21_02808,Mời vào/Vũ Thị Thu Phương_37_mời_vào_1692845469.0273907_0_frames_40.avi,pose_format/Mời vào/Vũ Thị Thu Phương_37_mời_vào_1692845469.0273907_0_frames_40.pkl,21,Mời vào,Mời vào,"[""Mời vào""]",signer_028,21_Vũ Thị Thu Phương_37_mời_vào_1692845469.0273907_0,21_Vũ Thị Thu Phương_37_mời_vào_1692845469.0273907_0,False,975624,train
cosign_21_02809,cosign_21_02809,Mời vào/Đoàn Thị Thu Thủy_40_mời vào_1693019406.9356542_0_cut.avi,pose_format/Mời vào/Đoàn Thị Thu Thủy_40_mời vào_1693019406.9356542_0_cut.pkl,21,Mời vào,Mời vào,"[""Mời vào""]",signer_029,21_Đoàn Thị Thu Thủy_40_mời vào_1693019406.9356542_0,,True,1177686,train
cosign_21_02810,cosign_21_02810,Mời vào/Đoàn Thị Thu Thủy_40_mời vào_1693019406.9356542_0_frames_35.avi,pose_format/Mời vào/Đoàn Thị Thu Thủy_40_mời vào_1693019406.9356542_0_frames_35.pkl,21,Mời vào,Mời vào,"[""Mời vào""]",signer_029,21_Đoàn Thị Thu Thủy_40_mời vào_1693019406.9356542_0,21_Đoàn Thị Thu Thủy_40_mời vào_1693019406.9356542_0,False,1389764,train
cosign_21_02811,cosign_21_02811,Mời vào/Đoàn Thị Thu Thủy_40_mời vào_1693019406.9356542_0_frames_40.avi,pose_format/Mời vào/Đoàn Thị Thu Thủy_40_mời vào_1693019406.9356542_0_frames_40.pkl,21,Mời vào,Mời vào,"[""Mời vào""]",signer_029,21_Đoàn Thị Thu Thủy_40_mời vào_1693019406.9356542_0,21_Đoàn Thị Thu Thủy_40_mời vào_1693019406.9356542_0,False,1389764,train
cosign_21_02812,cosign_21_02812,Mời vào/Đặng thị kiên_37_mời vao_1693204286.5131466_0_cut.avi,pose_format/Mời vào/Đặng thị kiên_37_mời vao_1693204286.5131466_0_cut.pkl,21,Mời vào,Mời vào,"[""Mời vào""]",signer_137,21_Đặng thị kiên_37_mời vao_1693204286.5131466_0,,True,728274,train
cosign_21_02813,cosign_21_02813,Mời vào/Đặng thị kiên_37_mời vao_1693204286.5131466_0_frames_35.avi,pose_format/Mời vào/Đặng thị kiên_37_mời vao_1693204286.5131466_0_frames_35.pkl,21,Mời vào,Mời vào,"[""Mời vào""]",signer_137,21_Đặng thị kiên_37_mời vao_1693204286.5131466_0,21_Đặng thị kiên_37_mời vao_1693204286.5131466_0,False,952926,train
cosign_21_02814,cosign_21_02814,Mời vào/Đặng thị kiên_37_mời vao_1693204286.5131466_0_frames_40.avi,pose_format/Mời vào/Đặng thị kiên_37_mời vao_1693204286.5131466_0_frames_40.pkl,21,Mời vào,Mời vào,"[""Mời vào""]",signer_137,21_Đặng thị kiên_37_mời vao_1693204286.5131466_0,21_Đặng thị kiên_37_mời vao_1693204286.5131466_0,False,952926,train
cosign_21_02815,cosign_21_02815,Mời vào/Đỗ Thị  Vấn_41_Mời_vào_1692948799.8295481_0_cut.avi,pose_format/Mời vào/Đỗ Thị  Vấn_41_Mời_vào_1692948799.8295481_0_cut.pkl,21,Mời vào,Mời vào,"[""Mời vào""]",signer_138,21_Đỗ Thị  Vấn_41_Mời_vào_1692948799.8295481_0,,True,1461632,train
cosign_21_02816,cosign_21_02816,Mời vào/Đỗ Thị  Vấn_41_Mời_vào_1692948799.8295481_0_frames_35.avi,pose_format/Mời vào/Đỗ Thị  Vấn_41_Mời_vào_1692948799.8295481_0_frames_35.pkl,21,Mời vào,Mời vào,"[""Mời vào""]",signer_138,21_Đỗ Thị  Vấn_41_Mời_vào_1692948799.8295481_0,21_Đỗ Thị  Vấn_41_Mời_vào_1692948799.8295481_0,False,1821050,train
cosign_21_02817,cosign_21_02817,Mời vào/Đỗ Thị  Vấn_41_Mời_vào_1692948799.8295481_0_frames_40.avi,pose_format/Mời vào/Đỗ Thị  Vấn_41_Mời_vào_1692948799.8295481_0_frames_40.pkl,21,Mời vào,Mời vào,"[""Mời vào""]",signer_138,21_Đỗ Thị  Vấn_41_Mời_vào_1692948799.8295481_0,21_Đỗ Thị  Vấn_41_Mời_vào_1692948799.8295481_0,False,1821050,train
cosign_22_02818,cosign_22_02818,Nghe/DANG THI KIEN_37_NGHE_1693192924.6209779_0_cut.avi,pose_format/Nghe/DANG THI KIEN_37_NGHE_1693192924.6209779_0_cut.pkl,22,Nghe,Nghe,"[""Nghe""]",signer_084,22_DANG THI KIEN_37_NGHE_1693192924.6209779_0,,True,820914,train
cosign_22_02819,cosign_22_02819,Nghe/DANG THI KIEN_37_NGHE_1693192924.6209779_0_frames_35.avi,pose_format/Nghe/DANG THI KIEN_37_NGHE_1693192924.6209779_0_frames_35.pkl,22,Nghe,Nghe,"[""Nghe""]",signer_084,22_DANG THI KIEN_37_NGHE_1693192924.6209779_0,22_DANG THI KIEN_37_NGHE_1693192924.6209779_0,False,966862,train
cosign_22_02820,cosign_22_02820,Nghe/DANG THI KIEN_37_NGHE_1693192924.6209779_0_frames_40.avi,pose_format/Nghe/DANG THI KIEN_37_NGHE_1693192924.6209779_0_frames_40.pkl,22,Nghe,Nghe,"[""Nghe""]",signer_084,22_DANG THI KIEN_37_NGHE_1693192924.6209779_0,22_DANG THI KIEN_37_NGHE_1693192924.6209779_0,False,966862,train
cosign_22_02821,cosign_22_02821,Nghe/Lê Phương Thảo _12_Nghe_1692755713.994297_0_cut.avi,pose_format/Nghe/Lê Phương Thảo _12_Nghe_1692755713.994297_0_cut.pkl,22,Nghe,Nghe,"[""Nghe""]",signer_019,22_Lê Phương Thảo _12_Nghe_1692755713.994297_0,,True,736546,train
cosign_22_02822,cosign_22_02822,Nghe/Lê Phương Thảo _12_Nghe_1692755713.994297_0_frames_35.avi,pose_format/Nghe/Lê Phương Thảo _12_Nghe_1692755713.994297_0_frames_35.pkl,22,Nghe,Nghe,"[""Nghe""]",signer_019,22_Lê Phương Thảo _12_Nghe_1692755713.994297_0,22_Lê Phương Thảo _12_Nghe_1692755713.994297_0,False,872646,train
cosign_22_02823,cosign_22_02823,Nghe/Lê Phương Thảo _12_Nghe_1692755713.994297_0_frames_40.avi,pose_format/Nghe/Lê Phương Thảo _12_Nghe_1692755713.994297_0_frames_40.pkl,22,Nghe,Nghe,"[""Nghe""]",signer_019,22_Lê Phương Thảo _12_Nghe_1692755713.994297_0,22_Lê Phương Thảo _12_Nghe_1692755713.994297_0,False,872646,train
cosign_22_02824,cosign_22_02824,Nghe/Lê Thanh Như_12_Nghe _1692755743.8259752_0_cut.avi,pose_format/Nghe/Lê Thanh Như_12_Nghe _1692755743.8259752_0_cut.pkl,22,Nghe,Nghe,"[""Nghe""]",signer_020,22_Lê Thanh Như_12_Nghe _1692755743.8259752_0,,True,949818,train
cosign_22_02825,cosign_22_02825,Nghe/Lê Thanh Như_12_Nghe _1692755743.8259752_0_frames_35.avi,pose_format/Nghe/Lê Thanh Như_12_Nghe _1692755743.8259752_0_frames_35.pkl,22,Nghe,Nghe,"[""Nghe""]",signer_020,22_Lê Thanh Như_12_Nghe _1692755743.8259752_0,22_Lê Thanh Như_12_Nghe _1692755743.8259752_0,False,1211846,train
cosign_22_02826,cosign_22_02826,Nghe/Lê Thanh Như_12_Nghe _1692755743.8259752_0_frames_40.avi,pose_format/Nghe/Lê Thanh Như_12_Nghe _1692755743.8259752_0_frames_40.pkl,22,Nghe,Nghe,"[""Nghe""]",signer_020,22_Lê Thanh Như_12_Nghe _1692755743.8259752_0,22_Lê Thanh Như_12_Nghe _1692755743.8259752_0,False,1211846,train
cosign_22_02827,cosign_22_02827,Nghe/NGHE_BÙI_MAI_CHI_ (1).mp4,pose_format/Nghe/NGHE_BÙI_MAI_CHI_ (1).pkl,22,Nghe,Nghe,"[""Nghe""]",signer_369,22_NGHE_BÙI_MAI_CHI_ (1),,True,6286894,train
cosign_22_02828,cosign_22_02828,Nghe/NGHE_BÙI_MAI_CHI_ (2).mp4,pose_format/Nghe/NGHE_BÙI_MAI_CHI_ (2).pkl,22,Nghe,Nghe,"[""Nghe""]",signer_369,22_NGHE_BÙI_MAI_CHI_ (2),,True,6352645,train
cosign_22_02829,cosign_22_02829,Nghe/NGHE_BÙI_MAI_CHI_ (3).mp4,pose_format/Nghe/NGHE_BÙI_MAI_CHI_ (3).pkl,22,Nghe,Nghe,"[""Nghe""]",signer_369,22_NGHE_BÙI_MAI_CHI_ (3),,True,6877227,train
cosign_22_02830,cosign_22_02830,Nghe/NGHE_BÙI_MAI_CHI_ (4).mp4,pose_format/Nghe/NGHE_BÙI_MAI_CHI_ (4).pkl,22,Nghe,Nghe,"[""Nghe""]",signer_369,22_NGHE_BÙI_MAI_CHI_ (4),,True,6940803,train
cosign_22_02831,cosign_22_02831,Nghe/NGHE_BÙI_MAI_CHI_ (5).mp4,pose_format/Nghe/NGHE_BÙI_MAI_CHI_ (5).pkl,22,Nghe,Nghe,"[""Nghe""]",signer_369,22_NGHE_BÙI_MAI_CHI_ (5),,True,6046362,train
cosign_22_02832,cosign_22_02832,Nghe/NGHE_BÙI_MẬU_VĂN_ (1).mp4,pose_format/Nghe/NGHE_BÙI_MẬU_VĂN_ (1).pkl,22,Nghe,Nghe,"[""Nghe""]",signer_370,22_NGHE_BÙI_MẬU_VĂN_ (1),,True,5154743,train
cosign_22_02833,cosign_22_02833,Nghe/NGHE_BÙI_MẬU_VĂN_ (2).mp4,pose_format/Nghe/NGHE_BÙI_MẬU_VĂN_ (2).pkl,22,Nghe,Nghe,"[""Nghe""]",signer_370,22_NGHE_BÙI_MẬU_VĂN_ (2),,True,5834414,train
cosign_22_02834,cosign_22_02834,Nghe/NGHE_BÙI_MẬU_VĂN_ (3).mp4,pose_format/Nghe/NGHE_BÙI_MẬU_VĂN_ (3).pkl,22,Nghe,Nghe,"[""Nghe""]",signer_370,22_NGHE_BÙI_MẬU_VĂN_ (3),,True,5342480,train
cosign_22_02835,cosign_22_02835,Nghe/NGHE_BÙI_MẬU_VĂN_ (4).mp4,pose_format/Nghe/NGHE_BÙI_MẬU_VĂN_ (4).pkl,22,Nghe,Nghe,"[""Nghe""]",signer_370,22_NGHE_BÙI_MẬU_VĂN_ (4),,True,5222763,train
cosign_22_02836,cosign_22_02836,Nghe/NGHE_BÙI_MẬU_VĂN_ (5).mp4,pose_format/Nghe/NGHE_BÙI_MẬU_VĂN_ (5).pkl,22,Nghe,Nghe,"[""Nghe""]",signer_370,22_NGHE_BÙI_MẬU_VĂN_ (5),,True,5122972,train
cosign_22_02837,cosign_22_02837,Nghe/NGHE_LÊ_QUANG_MẠNH_ (1).mp4,pose_format/Nghe/NGHE_LÊ_QUANG_MẠNH_ (1).pkl,22,Nghe,Nghe,"[""Nghe""]",signer_371,22_NGHE_LÊ_QUANG_MẠNH_ (1),,True,4860171,train
cosign_22_02838,cosign_22_02838,Nghe/NGHE_LÊ_QUANG_MẠNH_ (2).mp4,pose_format/Nghe/NGHE_LÊ_QUANG_MẠNH_ (2).pkl,22,Nghe,Nghe,"[""Nghe""]",signer_371,22_NGHE_LÊ_QUANG_MẠNH_ (2),,True,5260819,train
cosign_22_02839,cosign_22_02839,Nghe/NGHE_LÊ_QUANG_MẠNH_ (3).mp4,pose_format/Nghe/NGHE_LÊ_QUANG_MẠNH_ (3).pkl,22,Nghe,Nghe,"[""Nghe""]",signer_371,22_NGHE_LÊ_QUANG_MẠNH_ (3),,True,4731276,train
cosign_22_02840,cosign_22_02840,Nghe/NGHE_LÊ_QUANG_MẠNH_ (4).mp4,pose_format/Nghe/NGHE_LÊ_QUANG_MẠNH_ (4).pkl,22,Nghe,Nghe,"[""Nghe""]",signer_371,22_NGHE_LÊ_QUANG_MẠNH_ (4),,True,5070993,train
cosign_22_02841,cosign_22_02841,Nghe/NGHE_LÊ_QUANG_MẠNH_ (5).mp4,pose_format/Nghe/NGHE_LÊ_QUANG_MẠNH_ (5).pkl,22,Nghe,Nghe,"[""Nghe""]",signer_371,22_NGHE_LÊ_QUANG_MẠNH_ (5),,True,4737731,train
cosign_22_02842,cosign_22_02842,Nghe/NGHE_LẠI_QUANG_VINH_ (1).MOV,pose_format/Nghe/NGHE_LẠI_QUANG_VINH_ (1).pkl,22,Nghe,Nghe,"[""Nghe""]",signer_372,22_NGHE_LẠI_QUANG_VINH_ (1),,True,1985017,train
cosign_22_02843,cosign_22_02843,Nghe/NGHE_LẠI_QUANG_VINH_ (2).MOV,pose_format/Nghe/NGHE_LẠI_QUANG_VINH_ (2).pkl,22,Nghe,Nghe,"[""Nghe""]",signer_372,22_NGHE_LẠI_QUANG_VINH_ (2),,True,1924915,train
cosign_22_02844,cosign_22_02844,Nghe/NGHE_LẠI_QUANG_VINH_ (3).MOV,pose_format/Nghe/NGHE_LẠI_QUANG_VINH_ (3).pkl,22,Nghe,Nghe,"[""Nghe""]",signer_372,22_NGHE_LẠI_QUANG_VINH_ (3),,True,2107422,train
cosign_22_02845,cosign_22_02845,Nghe/NGHE_LẠI_QUANG_VINH_ (4).MOV,pose_format/Nghe/NGHE_LẠI_QUANG_VINH_ (4).pkl,22,Nghe,Nghe,"[""Nghe""]",signer_372,22_NGHE_LẠI_QUANG_VINH_ (4),,True,2181193,train
cosign_22_02846,cosign_22_02846,Nghe/NGHE_LẠI_QUANG_VINH_ (5).MOV,pose_format/Nghe/NGHE_LẠI_QUANG_VINH_ (5).pkl,22,Nghe,Nghe,"[""Nghe""]",signer_372,22_NGHE_LẠI_QUANG_VINH_ (5),,True,2223245,train
cosign_22_02847,cosign_22_02847,Nghe/NGHE_LẠI_QUANG_VINH_(1).mp4,pose_format/Nghe/NGHE_LẠI_QUANG_VINH_(1).pkl,22,Nghe,Nghe,"[""Nghe""]",signer_372,22_NGHE_LẠI_QUANG_VINH_(1),,True,702572,train
cosign_22_02848,cosign_22_02848,Nghe/NGHE_LẠI_QUANG_VINH_(2).mp4,pose_format/Nghe/NGHE_LẠI_QUANG_VINH_(2).pkl,22,Nghe,Nghe,"[""Nghe""]",signer_372,22_NGHE_LẠI_QUANG_VINH_(2),,True,678722,train
cosign_22_02849,cosign_22_02849,Nghe/NGHE_LẠI_QUANG_VINH_(3).mp4,pose_format/Nghe/NGHE_LẠI_QUANG_VINH_(3).pkl,22,Nghe,Nghe,"[""Nghe""]",signer_372,22_NGHE_LẠI_QUANG_VINH_(3),,True,739726,train
cosign_22_02850,cosign_22_02850,Nghe/NGHE_LẠI_QUANG_VINH_(4).mp4,pose_format/Nghe/NGHE_LẠI_QUANG_VINH_(4).pkl,22,Nghe,Nghe,"[""Nghe""]",signer_372,22_NGHE_LẠI_QUANG_VINH_(4),,True,757986,train
cosign_22_02851,cosign_22_02851,Nghe/NGHE_LẠI_QUANG_VINH_(5).mp4,pose_format/Nghe/NGHE_LẠI_QUANG_VINH_(5).pkl,22,Nghe,Nghe,"[""Nghe""]",signer_372,22_NGHE_LẠI_QUANG_VINH_(5),,True,772825,train
cosign_22_02852,cosign_22_02852,Nghe/NGHE_MAI_HOÀNG_XUÂN_ (1).mp4,pose_format/Nghe/NGHE_MAI_HOÀNG_XUÂN_ (1).pkl,22,Nghe,Nghe,"[""Nghe""]",signer_373,22_NGHE_MAI_HOÀNG_XUÂN_ (1),,True,4923048,train
cosign_22_02853,cosign_22_02853,Nghe/NGHE_MAI_HOÀNG_XUÂN_ (2).mp4,pose_format/Nghe/NGHE_MAI_HOÀNG_XUÂN_ (2).pkl,22,Nghe,Nghe,"[""Nghe""]",signer_373,22_NGHE_MAI_HOÀNG_XUÂN_ (2),,True,4872953,train
cosign_22_02854,cosign_22_02854,Nghe/NGHE_MAI_HOÀNG_XUÂN_ (3).mp4,pose_format/Nghe/NGHE_MAI_HOÀNG_XUÂN_ (3).pkl,22,Nghe,Nghe,"[""Nghe""]",signer_373,22_NGHE_MAI_HOÀNG_XUÂN_ (3),,True,4511871,train
cosign_22_02855,cosign_22_02855,Nghe/NGHE_MAI_HOÀNG_XUÂN_ (4).mp4,pose_format/Nghe/NGHE_MAI_HOÀNG_XUÂN_ (4).pkl,22,Nghe,Nghe,"[""Nghe""]",signer_373,22_NGHE_MAI_HOÀNG_XUÂN_ (4),,True,4363743,train
cosign_22_02856,cosign_22_02856,Nghe/NGHE_MAI_HOÀNG_XUÂN_ (5).mp4,pose_format/Nghe/NGHE_MAI_HOÀNG_XUÂN_ (5).pkl,22,Nghe,Nghe,"[""Nghe""]",signer_373,22_NGHE_MAI_HOÀNG_XUÂN_ (5),,True,4805392,train
cosign_22_02857,cosign_22_02857,Nghe/NGHE_NGUYỄN_HOÀNG_ĐIỆP_ (1).mp4,pose_format/Nghe/NGHE_NGUYỄN_HOÀNG_ĐIỆP_ (1).pkl,22,Nghe,Nghe,"[""Nghe""]",signer_374,22_NGHE_NGUYỄN_HOÀNG_ĐIỆP_ (1),,True,5333741,train
cosign_22_02858,cosign_22_02858,Nghe/NGHE_NGUYỄN_HOÀNG_ĐIỆP_ (2).mp4,pose_format/Nghe/NGHE_NGUYỄN_HOÀNG_ĐIỆP_ (2).pkl,22,Nghe,Nghe,"[""Nghe""]",signer_374,22_NGHE_NGUYỄN_HOÀNG_ĐIỆP_ (2),,True,5938749,train
cosign_22_02859,cosign_22_02859,Nghe/NGHE_NGUYỄN_HOÀNG_ĐIỆP_ (3).mp4,pose_format/Nghe/NGHE_NGUYỄN_HOÀNG_ĐIỆP_ (3).pkl,22,Nghe,Nghe,"[""Nghe""]",signer_374,22_NGHE_NGUYỄN_HOÀNG_ĐIỆP_ (3),,True,5474714,train
cosign_22_02860,cosign_22_02860,Nghe/NGHE_NGUYỄN_HOÀNG_ĐIỆP_ (4).mp4,pose_format/Nghe/NGHE_NGUYỄN_HOÀNG_ĐIỆP_ (4).pkl,22,Nghe,Nghe,"[""Nghe""]",signer_374,22_NGHE_NGUYỄN_HOÀNG_ĐIỆP_ (4),,True,5317220,train
cosign_22_02861,cosign_22_02861,Nghe/NGHE_NGUYỄN_HOÀNG_ĐIỆP_ (5).mp4,pose_format/Nghe/NGHE_NGUYỄN_HOÀNG_ĐIỆP_ (5).pkl,22,Nghe,Nghe,"[""Nghe""]",signer_374,22_NGHE_NGUYỄN_HOÀNG_ĐIỆP_ (5),,True,5844751,train
cosign_22_02862,cosign_22_02862,Nghe/NGHE_NGUYỄN_PHƯƠNG_ANH_ (1).mp4,pose_format/Nghe/NGHE_NGUYỄN_PHƯƠNG_ANH_ (1).pkl,22,Nghe,Nghe,"[""Nghe""]",signer_375,22_NGHE_NGUYỄN_PHƯƠNG_ANH_ (1),,True,4919571,train
cosign_22_02863,cosign_22_02863,Nghe/NGHE_NGUYỄN_PHƯƠNG_ANH_ (2).mp4,pose_format/Nghe/NGHE_NGUYỄN_PHƯƠNG_ANH_ (2).pkl,22,Nghe,Nghe,"[""Nghe""]",signer_375,22_NGHE_NGUYỄN_PHƯƠNG_ANH_ (2),,True,5084981,train
cosign_22_02864,cosign_22_02864,Nghe/NGHE_NGUYỄN_PHƯƠNG_ANH_ (3).mp4,pose_format/Nghe/NGHE_NGUYỄN_PHƯƠNG_ANH_ (3).pkl,22,Nghe,Nghe,"[""Nghe""]",signer_375,22_NGHE_NGUYỄN_PHƯƠNG_ANH_ (3),,True,5262235,train
cosign_22_02865,cosign_22_02865,Nghe/NGHE_NGUYỄN_PHƯƠNG_ANH_ (4).mp4,pose_format/Nghe/NGHE_NGUYỄN_PHƯƠNG_ANH_ (4).pkl,22,Nghe,Nghe,"[""Nghe""]",signer_375,22_NGHE_NGUYỄN_PHƯƠNG_ANH_ (4),,True,5038883,train
cosign_22_02866,cosign_22_02866,Nghe/NGHE_NGUYỄN_PHƯƠNG_ANH_ (5).mp4,pose_format/Nghe/NGHE_NGUYỄN_PHƯƠNG_ANH_ (5).pkl,22,Nghe,Nghe,"[""Nghe""]",signer_375,22_NGHE_NGUYỄN_PHƯƠNG_ANH_ (5),,True,5490546,train
cosign_22_02867,cosign_22_02867,Nghe/NGHE_NGUYỄN_VIẾT_QUANG_ (1).mp4,pose_format/Nghe/NGHE_NGUYỄN_VIẾT_QUANG_ (1).pkl,22,Nghe,Nghe,"[""Nghe""]",signer_376,22_NGHE_NGUYỄN_VIẾT_QUANG_ (1),,True,4857415,train
cosign_22_02868,cosign_22_02868,Nghe/NGHE_NGUYỄN_VIẾT_QUANG_ (2).mp4,pose_format/Nghe/NGHE_NGUYỄN_VIẾT_QUANG_ (2).pkl,22,Nghe,Nghe,"[""Nghe""]",signer_376,22_NGHE_NGUYỄN_VIẾT_QUANG_ (2),,True,5617356,train
cosign_22_02869,cosign_22_02869,Nghe/NGHE_NGUYỄN_VIẾT_QUANG_ (3).mp4,pose_format/Nghe/NGHE_NGUYỄN_VIẾT_QUANG_ (3).pkl,22,Nghe,Nghe,"[""Nghe""]",signer_376,22_NGHE_NGUYỄN_VIẾT_QUANG_ (3),,True,5037723,train
cosign_22_02870,cosign_22_02870,Nghe/NGHE_NGUYỄN_VIẾT_QUANG_ (4).mp4,pose_format/Nghe/NGHE_NGUYỄN_VIẾT_QUANG_ (4).pkl,22,Nghe,Nghe,"[""Nghe""]",signer_376,22_NGHE_NGUYỄN_VIẾT_QUANG_ (4),,True,5419218,train
cosign_22_02871,cosign_22_02871,Nghe/NGHE_NGUYỄN_VIẾT_QUANG_ (5).mp4,pose_format/Nghe/NGHE_NGUYỄN_VIẾT_QUANG_ (5).pkl,22,Nghe,Nghe,"[""Nghe""]",signer_376,22_NGHE_NGUYỄN_VIẾT_QUANG_ (5),,True,5083275,train
cosign_22_02872,cosign_22_02872,Nghe/NGHE_NGÔ_TUẤN_ANH_ (1).mp4,pose_format/Nghe/NGHE_NGÔ_TUẤN_ANH_ (1).pkl,22,Nghe,Nghe,"[""Nghe""]",signer_377,22_NGHE_NGÔ_TUẤN_ANH_ (1),,True,4916276,train
cosign_22_02873,cosign_22_02873,Nghe/NGHE_NGÔ_TUẤN_ANH_ (2).mp4,pose_format/Nghe/NGHE_NGÔ_TUẤN_ANH_ (2).pkl,22,Nghe,Nghe,"[""Nghe""]",signer_377,22_NGHE_NGÔ_TUẤN_ANH_ (2),,True,5927739,train
cosign_22_02874,cosign_22_02874,Nghe/NGHE_NGÔ_TUẤN_ANH_ (3).mp4,pose_format/Nghe/NGHE_NGÔ_TUẤN_ANH_ (3).pkl,22,Nghe,Nghe,"[""Nghe""]",signer_377,22_NGHE_NGÔ_TUẤN_ANH_ (3),,True,5660613,train
cosign_22_02875,cosign_22_02875,Nghe/NGHE_NGÔ_TUẤN_ANH_ (4).mp4,pose_format/Nghe/NGHE_NGÔ_TUẤN_ANH_ (4).pkl,22,Nghe,Nghe,"[""Nghe""]",signer_377,22_NGHE_NGÔ_TUẤN_ANH_ (4),,True,5868424,train
cosign_22_02876,cosign_22_02876,Nghe/NGHE_NGÔ_TUẤN_ANH_ (5).mp4,pose_format/Nghe/NGHE_NGÔ_TUẤN_ANH_ (5).pkl,22,Nghe,Nghe,"[""Nghe""]",signer_377,22_NGHE_NGÔ_TUẤN_ANH_ (5),,True,5466315,train
cosign_22_02877,cosign_22_02877,Nghe/NGHE_PHẠM_ĐÌNH_HẢI_(1).mp4,pose_format/Nghe/NGHE_PHẠM_ĐÌNH_HẢI_(1).pkl,22,Nghe,Nghe,"[""Nghe""]",signer_378,22_NGHE_PHẠM_ĐÌNH_HẢI_(1),,True,10179814,train
cosign_22_02878,cosign_22_02878,Nghe/NGHE_PHẠM_ĐÌNH_HẢI_(2).mp4,pose_format/Nghe/NGHE_PHẠM_ĐÌNH_HẢI_(2).pkl,22,Nghe,Nghe,"[""Nghe""]",signer_378,22_NGHE_PHẠM_ĐÌNH_HẢI_(2),,True,10950343,train
cosign_22_02879,cosign_22_02879,Nghe/NGHE_PHẠM_ĐÌNH_HẢI_(3).mp4,pose_format/Nghe/NGHE_PHẠM_ĐÌNH_HẢI_(3).pkl,22,Nghe,Nghe,"[""Nghe""]",signer_378,22_NGHE_PHẠM_ĐÌNH_HẢI_(3),,True,10737278,train
cosign_22_02880,cosign_22_02880,Nghe/NGHE_PHẠM_ĐÌNH_HẢI_(4).mp4,pose_format/Nghe/NGHE_PHẠM_ĐÌNH_HẢI_(4).pkl,22,Nghe,Nghe,"[""Nghe""]",signer_378,22_NGHE_PHẠM_ĐÌNH_HẢI_(4),,True,11155043,train
cosign_22_02881,cosign_22_02881,Nghe/NGHE_PHẠM_ĐÌNH_HẢI_(5).mp4,pose_format/Nghe/NGHE_PHẠM_ĐÌNH_HẢI_(5).pkl,22,Nghe,Nghe,"[""Nghe""]",signer_378,22_NGHE_PHẠM_ĐÌNH_HẢI_(5),,True,11365314,train
cosign_22_02882,cosign_22_02882,Nghe/NGHE_TRƯƠNG_NGỌC_DIỄM_ (1).mp4,pose_format/Nghe/NGHE_TRƯƠNG_NGỌC_DIỄM_ (1).pkl,22,Nghe,Nghe,"[""Nghe""]",signer_379,22_NGHE_TRƯƠNG_NGỌC_DIỄM_ (1),,True,5007574,train
cosign_22_02883,cosign_22_02883,Nghe/NGHE_TRƯƠNG_NGỌC_DIỄM_ (2).mp4,pose_format/Nghe/NGHE_TRƯƠNG_NGỌC_DIỄM_ (2).pkl,22,Nghe,Nghe,"[""Nghe""]",signer_379,22_NGHE_TRƯƠNG_NGỌC_DIỄM_ (2),,True,5866436,train
cosign_22_02884,cosign_22_02884,Nghe/NGHE_TRƯƠNG_NGỌC_DIỄM_ (3).mp4,pose_format/Nghe/NGHE_TRƯƠNG_NGỌC_DIỄM_ (3).pkl,22,Nghe,Nghe,"[""Nghe""]",signer_379,22_NGHE_TRƯƠNG_NGỌC_DIỄM_ (3),,True,5905425,train
cosign_22_02885,cosign_22_02885,Nghe/NGHE_TRƯƠNG_NGỌC_DIỄM_ (4).mp4,pose_format/Nghe/NGHE_TRƯƠNG_NGỌC_DIỄM_ (4).pkl,22,Nghe,Nghe,"[""Nghe""]",signer_379,22_NGHE_TRƯƠNG_NGỌC_DIỄM_ (4),,True,5666742,train
cosign_22_02886,cosign_22_02886,Nghe/NGHE_TRƯƠNG_NGỌC_DIỄM_ (5).mp4,pose_format/Nghe/NGHE_TRƯƠNG_NGỌC_DIỄM_ (5).pkl,22,Nghe,Nghe,"[""Nghe""]",signer_379,22_NGHE_TRƯƠNG_NGỌC_DIỄM_ (5),,True,5056017,train
cosign_22_02887,cosign_22_02887,Nghe/NGHE_TRẦN_TUẤN_MINH_ (1).mp4,pose_format/Nghe/NGHE_TRẦN_TUẤN_MINH_ (1).pkl,22,Nghe,Nghe,"[""Nghe""]",signer_380,22_NGHE_TRẦN_TUẤN_MINH_ (1),,True,5680742,train
cosign_22_02888,cosign_22_02888,Nghe/NGHE_TRẦN_TUẤN_MINH_ (2).mp4,pose_format/Nghe/NGHE_TRẦN_TUẤN_MINH_ (2).pkl,22,Nghe,Nghe,"[""Nghe""]",signer_380,22_NGHE_TRẦN_TUẤN_MINH_ (2),,True,6193637,train
cosign_22_02889,cosign_22_02889,Nghe/NGHE_TRẦN_TUẤN_MINH_ (3).mp4,pose_format/Nghe/NGHE_TRẦN_TUẤN_MINH_ (3).pkl,22,Nghe,Nghe,"[""Nghe""]",signer_380,22_NGHE_TRẦN_TUẤN_MINH_ (3),,True,5960598,train
cosign_22_02890,cosign_22_02890,Nghe/NGHE_TRẦN_TUẤN_MINH_ (4).mp4,pose_format/Nghe/NGHE_TRẦN_TUẤN_MINH_ (4).pkl,22,Nghe,Nghe,"[""Nghe""]",signer_380,22_NGHE_TRẦN_TUẤN_MINH_ (4),,True,5940630,train
cosign_22_02891,cosign_22_02891,Nghe/NGHE_TRẦN_TUẤN_MINH_ (5).mp4,pose_format/Nghe/NGHE_TRẦN_TUẤN_MINH_ (5).pkl,22,Nghe,Nghe,"[""Nghe""]",signer_380,22_NGHE_TRẦN_TUẤN_MINH_ (5),,True,5798573,train
cosign_22_02892,cosign_22_02892,Nghe/NGHE_TRẦN_ĐỨC_QUÂN_ (1).mp4,pose_format/Nghe/NGHE_TRẦN_ĐỨC_QUÂN_ (1).pkl,22,Nghe,Nghe,"[""Nghe""]",signer_381,22_NGHE_TRẦN_ĐỨC_QUÂN_ (1),,True,6464114,train
cosign_22_02893,cosign_22_02893,Nghe/NGHE_TRẦN_ĐỨC_QUÂN_ (2).mp4,pose_format/Nghe/NGHE_TRẦN_ĐỨC_QUÂN_ (2).pkl,22,Nghe,Nghe,"[""Nghe""]",signer_381,22_NGHE_TRẦN_ĐỨC_QUÂN_ (2),,True,6149541,train
cosign_22_02894,cosign_22_02894,Nghe/NGHE_TRẦN_ĐỨC_QUÂN_ (3).mp4,pose_format/Nghe/NGHE_TRẦN_ĐỨC_QUÂN_ (3).pkl,22,Nghe,Nghe,"[""Nghe""]",signer_381,22_NGHE_TRẦN_ĐỨC_QUÂN_ (3),,True,6507817,train
cosign_22_02895,cosign_22_02895,Nghe/NGHE_TRẦN_ĐỨC_QUÂN_ (4).mp4,pose_format/Nghe/NGHE_TRẦN_ĐỨC_QUÂN_ (4).pkl,22,Nghe,Nghe,"[""Nghe""]",signer_381,22_NGHE_TRẦN_ĐỨC_QUÂN_ (4),,True,6229229,train
cosign_22_02896,cosign_22_02896,Nghe/NGHE_TRẦN_ĐỨC_QUÂN_ (5).mp4,pose_format/Nghe/NGHE_TRẦN_ĐỨC_QUÂN_ (5).pkl,22,Nghe,Nghe,"[""Nghe""]",signer_381,22_NGHE_TRẦN_ĐỨC_QUÂN_ (5),,True,6234652,train
cosign_22_02897,cosign_22_02897,Nghe/NGHE_TẠ_THỊ_PHƯƠNG_LINH_ (1).mp4,pose_format/Nghe/NGHE_TẠ_THỊ_PHƯƠNG_LINH_ (1).pkl,22,Nghe,Nghe,"[""Nghe""]",signer_382,22_NGHE_TẠ_THỊ_PHƯƠNG_LINH_ (1),,True,3675735,train
cosign_22_02898,cosign_22_02898,Nghe/NGHE_TẠ_THỊ_PHƯƠNG_LINH_ (2).mp4,pose_format/Nghe/NGHE_TẠ_THỊ_PHƯƠNG_LINH_ (2).pkl,22,Nghe,Nghe,"[""Nghe""]",signer_382,22_NGHE_TẠ_THỊ_PHƯƠNG_LINH_ (2),,True,3815666,train
cosign_22_02899,cosign_22_02899,Nghe/NGHE_TẠ_THỊ_PHƯƠNG_LINH_ (3).mp4,pose_format/Nghe/NGHE_TẠ_THỊ_PHƯƠNG_LINH_ (3).pkl,22,Nghe,Nghe,"[""Nghe""]",signer_382,22_NGHE_TẠ_THỊ_PHƯƠNG_LINH_ (3),,True,3947811,train
cosign_22_02900,cosign_22_02900,Nghe/NGHE_TẠ_THỊ_PHƯƠNG_LINH_ (4).mp4,pose_format/Nghe/NGHE_TẠ_THỊ_PHƯƠNG_LINH_ (4).pkl,22,Nghe,Nghe,"[""Nghe""]",signer_382,22_NGHE_TẠ_THỊ_PHƯƠNG_LINH_ (4),,True,3864658,train
cosign_22_02901,cosign_22_02901,Nghe/NGHE_TẠ_THỊ_PHƯƠNG_LINH_ (5).mp4,pose_format/Nghe/NGHE_TẠ_THỊ_PHƯƠNG_LINH_ (5).pkl,22,Nghe,Nghe,"[""Nghe""]",signer_382,22_NGHE_TẠ_THỊ_PHƯƠNG_LINH_ (5),,True,4045621,train
cosign_22_02902,cosign_22_02902,Nghe/NGHE_VŨ_HUY_DU_ (1).mp4,pose_format/Nghe/NGHE_VŨ_HUY_DU_ (1).pkl,22,Nghe,Nghe,"[""Nghe""]",signer_383,22_NGHE_VŨ_HUY_DU_ (1),,True,4770344,train
cosign_22_02903,cosign_22_02903,Nghe/NGHE_VŨ_HUY_DU_ (2).mp4,pose_format/Nghe/NGHE_VŨ_HUY_DU_ (2).pkl,22,Nghe,Nghe,"[""Nghe""]",signer_383,22_NGHE_VŨ_HUY_DU_ (2),,True,4749456,train
cosign_22_02904,cosign_22_02904,Nghe/NGHE_VŨ_HUY_DU_ (3).mp4,pose_format/Nghe/NGHE_VŨ_HUY_DU_ (3).pkl,22,Nghe,Nghe,"[""Nghe""]",signer_383,22_NGHE_VŨ_HUY_DU_ (3),,True,4516633,train
cosign_22_02905,cosign_22_02905,Nghe/NGHE_VŨ_HUY_DU_ (4).mp4,pose_format/Nghe/NGHE_VŨ_HUY_DU_ (4).pkl,22,Nghe,Nghe,"[""Nghe""]",signer_383,22_NGHE_VŨ_HUY_DU_ (4),,True,4792699,train
cosign_22_02906,cosign_22_02906,Nghe/NGHE_VŨ_HUY_DU_ (5).mp4,pose_format/Nghe/NGHE_VŨ_HUY_DU_ (5).pkl,22,Nghe,Nghe,"[""Nghe""]",signer_383,22_NGHE_VŨ_HUY_DU_ (5),,True,4388307,train
cosign_22_02907,cosign_22_02907,Nghe/NGHE_VŨ_KẾT_ĐỒNG_(1).mp4,pose_format/Nghe/NGHE_VŨ_KẾT_ĐỒNG_(1).pkl,22,Nghe,Nghe,"[""Nghe""]",signer_384,22_NGHE_VŨ_KẾT_ĐỒNG_(1),,True,5606151,train
cosign_22_02908,cosign_22_02908,Nghe/NGHE_VŨ_KẾT_ĐỒNG_(2).mp4,pose_format/Nghe/NGHE_VŨ_KẾT_ĐỒNG_(2).pkl,22,Nghe,Nghe,"[""Nghe""]",signer_384,22_NGHE_VŨ_KẾT_ĐỒNG_(2),,True,5850308,train
cosign_22_02909,cosign_22_02909,Nghe/NGHE_VŨ_KẾT_ĐỒNG_(3).mp4,pose_format/Nghe/NGHE_VŨ_KẾT_ĐỒNG_(3).pkl,22,Nghe,Nghe,"[""Nghe""]",signer_384,22_NGHE_VŨ_KẾT_ĐỒNG_(3),,True,6113696,train
cosign_22_02910,cosign_22_02910,Nghe/NGHE_VŨ_KẾT_ĐỒNG_(4).mp4,pose_format/Nghe/NGHE_VŨ_KẾT_ĐỒNG_(4).pkl,22,Nghe,Nghe,"[""Nghe""]",signer_384,22_NGHE_VŨ_KẾT_ĐỒNG_(4),,True,6417550,train
cosign_22_02911,cosign_22_02911,Nghe/NGHE_VŨ_KẾT_ĐỒNG_(5).mp4,pose_format/Nghe/NGHE_VŨ_KẾT_ĐỒNG_(5).pkl,22,Nghe,Nghe,"[""Nghe""]",signer_384,22_NGHE_VŨ_KẾT_ĐỒNG_(5),,True,6453360,train
cosign_22_02912,cosign_22_02912,Nghe/Nghe_MVT.mp4,pose_format/Nghe/Nghe_MVT.pkl,22,Nghe,Nghe,"[""Nghe""]",signer_385,22_Nghe_MVT,,True,8732024,train
cosign_22_02913,cosign_22_02913,Nghe/Nghe_MVT (2).mp4,pose_format/Nghe/Nghe_MVT (2).pkl,22,Nghe,Nghe,"[""Nghe""]",signer_385,22_Nghe_MVT (2),,True,7593005,train
cosign_22_02914,cosign_22_02914,Nghe/Nghe_MVT (3).mp4,pose_format/Nghe/Nghe_MVT (3).pkl,22,Nghe,Nghe,"[""Nghe""]",signer_385,22_Nghe_MVT (3),,True,10201483,train
cosign_22_02915,cosign_22_02915,Nghe/Nghe_MVT (4).mp4,pose_format/Nghe/Nghe_MVT (4).pkl,22,Nghe,Nghe,"[""Nghe""]",signer_385,22_Nghe_MVT (4),,True,9142974,train
cosign_22_02916,cosign_22_02916,Nghe/Nghe_MVT (5).mp4,pose_format/Nghe/Nghe_MVT (5).pkl,22,Nghe,Nghe,"[""Nghe""]",signer_385,22_Nghe_MVT (5),,True,9391585,train
cosign_22_02917,cosign_22_02917,Nghe/Nguyễn Gia Bảo_10_nghe_1692756912.5100627_0_cut.avi,pose_format/Nghe/Nguyễn Gia Bảo_10_nghe_1692756912.5100627_0_cut.pkl,22,Nghe,Nghe,"[""Nghe""]",signer_021,22_Nguyễn Gia Bảo_10_nghe_1692756912.5100627_0,,True,1598256,train
cosign_22_02918,cosign_22_02918,Nghe/Nguyễn Gia Bảo_10_nghe_1692756912.5100627_0_frames_35.avi,pose_format/Nghe/Nguyễn Gia Bảo_10_nghe_1692756912.5100627_0_frames_35.pkl,22,Nghe,Nghe,"[""Nghe""]",signer_021,22_Nguyễn Gia Bảo_10_nghe_1692756912.5100627_0,22_Nguyễn Gia Bảo_10_nghe_1692756912.5100627_0,False,2014892,train
cosign_22_02919,cosign_22_02919,Nghe/Nguyễn Gia Bảo_10_nghe_1692756912.5100627_0_frames_40.avi,pose_format/Nghe/Nguyễn Gia Bảo_10_nghe_1692756912.5100627_0_frames_40.pkl,22,Nghe,Nghe,"[""Nghe""]",signer_021,22_Nguyễn Gia Bảo_10_nghe_1692756912.5100627_0,22_Nguyễn Gia Bảo_10_nghe_1692756912.5100627_0,False,2014892,train
cosign_22_02920,cosign_22_02920,Nghe/Nguyễn Thị Huyền_35_nghe_1692863363.8637276_0_cut.avi,pose_format/Nghe/Nguyễn Thị Huyền_35_nghe_1692863363.8637276_0_cut.pkl,22,Nghe,Nghe,"[""Nghe""]",signer_022,22_Nguyễn Thị Huyền_35_nghe_1692863363.8637276_0,,True,1562922,train
cosign_22_02921,cosign_22_02921,Nghe/Nguyễn Thị Huyền_35_nghe_1692863363.8637276_0_frames_35.avi,pose_format/Nghe/Nguyễn Thị Huyền_35_nghe_1692863363.8637276_0_frames_35.pkl,22,Nghe,Nghe,"[""Nghe""]",signer_022,22_Nguyễn Thị Huyền_35_nghe_1692863363.8637276_0,22_Nguyễn Thị Huyền_35_nghe_1692863363.8637276_0,False,1925752,train
cosign_22_02922,cosign_22_02922,Nghe/Nguyễn Thị Huyền_35_nghe_1692863363.8637276_0_frames_40.avi,pose_format/Nghe/Nguyễn Thị Huyền_35_nghe_1692863363.8637276_0_frames_40.pkl,22,Nghe,Nghe,"[""Nghe""]",signer_022,22_Nguyễn Thị Huyền_35_nghe_1692863363.8637276_0,22_Nguyễn Thị Huyền_35_nghe_1692863363.8637276_0,False,1925752,train
cosign_22_02923,cosign_22_02923,Nghe/Nguyễn Thị Hồng_32_Nghe_1692948124.4012291_0_cut.avi,pose_format/Nghe/Nguyễn Thị Hồng_32_Nghe_1692948124.4012291_0_cut.pkl,22,Nghe,Nghe,"[""Nghe""]",signer_023,22_Nguyễn Thị Hồng_32_Nghe_1692948124.4012291_0,,True,812462,train
cosign_22_02924,cosign_22_02924,Nghe/Nguyễn Thị Hồng_32_Nghe_1692948124.4012291_0_frames_35.avi,pose_format/Nghe/Nguyễn Thị Hồng_32_Nghe_1692948124.4012291_0_frames_35.pkl,22,Nghe,Nghe,"[""Nghe""]",signer_023,22_Nguyễn Thị Hồng_32_Nghe_1692948124.4012291_0,22_Nguyễn Thị Hồng_32_Nghe_1692948124.4012291_0,False,1029830,train
cosign_22_02925,cosign_22_02925,Nghe/Nguyễn Thị Hồng_32_Nghe_1692948124.4012291_0_frames_40.avi,pose_format/Nghe/Nguyễn Thị Hồng_32_Nghe_1692948124.4012291_0_frames_40.pkl,22,Nghe,Nghe,"[""Nghe""]",signer_023,22_Nguyễn Thị Hồng_32_Nghe_1692948124.4012291_0,22_Nguyễn Thị Hồng_32_Nghe_1692948124.4012291_0,False,1029830,train
cosign_22_02926,cosign_22_02926,Nghe/Nguyễn Thị Mai Anh_39_nghe_1693191612.8848534_0_cut.avi,pose_format/Nghe/Nguyễn Thị Mai Anh_39_nghe_1693191612.8848534_0_cut.pkl,22,Nghe,Nghe,"[""Nghe""]",signer_024,22_Nguyễn Thị Mai Anh_39_nghe_1693191612.8848534_0,,True,750906,train
cosign_22_02927,cosign_22_02927,Nghe/Nguyễn Thị Mai Anh_39_nghe_1693191612.8848534_0_frames_35.avi,pose_format/Nghe/Nguyễn Thị Mai Anh_39_nghe_1693191612.8848534_0_frames_35.pkl,22,Nghe,Nghe,"[""Nghe""]",signer_024,22_Nguyễn Thị Mai Anh_39_nghe_1693191612.8848534_0,22_Nguyễn Thị Mai Anh_39_nghe_1693191612.8848534_0,False,968740,train
cosign_22_02928,cosign_22_02928,Nghe/Nguyễn Thị Mai Anh_39_nghe_1693191612.8848534_0_frames_40.avi,pose_format/Nghe/Nguyễn Thị Mai Anh_39_nghe_1693191612.8848534_0_frames_40.pkl,22,Nghe,Nghe,"[""Nghe""]",signer_024,22_Nguyễn Thị Mai Anh_39_nghe_1693191612.8848534_0,22_Nguyễn Thị Mai Anh_39_nghe_1693191612.8848534_0,False,968740,train
cosign_22_02929,cosign_22_02929,Nghe/Nguyễn Thị Thu Trang_38_Nghe_1692860091.3751268_0_cut.avi,pose_format/Nghe/Nguyễn Thị Thu Trang_38_Nghe_1692860091.3751268_0_cut.pkl,22,Nghe,Nghe,"[""Nghe""]",signer_025,22_Nguyễn Thị Thu Trang_38_Nghe_1692860091.3751268_0,,True,1046832,train
cosign_22_02930,cosign_22_02930,Nghe/Nguyễn Thị Thu Trang_38_Nghe_1692860091.3751268_0_frames_35.avi,pose_format/Nghe/Nguyễn Thị Thu Trang_38_Nghe_1692860091.3751268_0_frames_35.pkl,22,Nghe,Nghe,"[""Nghe""]",signer_025,22_Nguyễn Thị Thu Trang_38_Nghe_1692860091.3751268_0,22_Nguyễn Thị Thu Trang_38_Nghe_1692860091.3751268_0,False,1294070,train
cosign_22_02931,cosign_22_02931,Nghe/Nguyễn Thị Thu Trang_38_Nghe_1692860091.3751268_0_frames_40.avi,pose_format/Nghe/Nguyễn Thị Thu Trang_38_Nghe_1692860091.3751268_0_frames_40.pkl,22,Nghe,Nghe,"[""Nghe""]",signer_025,22_Nguyễn Thị Thu Trang_38_Nghe_1692860091.3751268_0,22_Nguyễn Thị Thu Trang_38_Nghe_1692860091.3751268_0,False,1294070,train
cosign_22_02932,cosign_22_02932,Nghe/Phạm Thị Mai Hương _32_Nghe_1692777514.1321976_0_cut.avi,pose_format/Nghe/Phạm Thị Mai Hương _32_Nghe_1692777514.1321976_0_cut.pkl,22,Nghe,Nghe,"[""Nghe""]",signer_066,22_Phạm Thị Mai Hương _32_Nghe_1692777514.1321976_0,,True,783084,train
cosign_22_02933,cosign_22_02933,Nghe/Phạm Thị Mai Hương _32_Nghe_1692777514.1321976_0_frames_35.avi,pose_format/Nghe/Phạm Thị Mai Hương _32_Nghe_1692777514.1321976_0_frames_35.pkl,22,Nghe,Nghe,"[""Nghe""]",signer_066,22_Phạm Thị Mai Hương _32_Nghe_1692777514.1321976_0,22_Phạm Thị Mai Hương _32_Nghe_1692777514.1321976_0,False,1011008,train
cosign_22_02934,cosign_22_02934,Nghe/Phạm Thị Mai Hương _32_Nghe_1692777514.1321976_0_frames_40.avi,pose_format/Nghe/Phạm Thị Mai Hương _32_Nghe_1692777514.1321976_0_frames_40.pkl,22,Nghe,Nghe,"[""Nghe""]",signer_066,22_Phạm Thị Mai Hương _32_Nghe_1692777514.1321976_0,22_Phạm Thị Mai Hương _32_Nghe_1692777514.1321976_0,False,1011008,train
cosign_22_02935,cosign_22_02935,Nghe/Trần Thị Vân Anh_39_nghe_1692950386.5884855_0_cut.avi,pose_format/Nghe/Trần Thị Vân Anh_39_nghe_1692950386.5884855_0_cut.pkl,22,Nghe,Nghe,"[""Nghe""]",signer_026,22_Trần Thị Vân Anh_39_nghe_1692950386.5884855_0,,True,811120,train
cosign_22_02936,cosign_22_02936,Nghe/Trần Thị Vân Anh_39_nghe_1692950386.5884855_0_frames_35.avi,pose_format/Nghe/Trần Thị Vân Anh_39_nghe_1692950386.5884855_0_frames_35.pkl,22,Nghe,Nghe,"[""Nghe""]",signer_026,22_Trần Thị Vân Anh_39_nghe_1692950386.5884855_0,22_Trần Thị Vân Anh_39_nghe_1692950386.5884855_0,False,948894,train
cosign_22_02937,cosign_22_02937,Nghe/Trần Thị Vân Anh_39_nghe_1692950386.5884855_0_frames_40.avi,pose_format/Nghe/Trần Thị Vân Anh_39_nghe_1692950386.5884855_0_frames_40.pkl,22,Nghe,Nghe,"[""Nghe""]",signer_026,22_Trần Thị Vân Anh_39_nghe_1692950386.5884855_0,22_Trần Thị Vân Anh_39_nghe_1692950386.5884855_0,False,948894,train
cosign_22_02938,cosign_22_02938,Nghe/Trần Xuân Ngọc_41_nghe_1692867693.4464693_0_cut.avi,pose_format/Nghe/Trần Xuân Ngọc_41_nghe_1692867693.4464693_0_cut.pkl,22,Nghe,Nghe,"[""Nghe""]",signer_027,22_Trần Xuân Ngọc_41_nghe_1692867693.4464693_0,,True,1239478,train
cosign_22_02939,cosign_22_02939,Nghe/Trần Xuân Ngọc_41_nghe_1692867693.4464693_0_frames_35.avi,pose_format/Nghe/Trần Xuân Ngọc_41_nghe_1692867693.4464693_0_frames_35.pkl,22,Nghe,Nghe,"[""Nghe""]",signer_027,22_Trần Xuân Ngọc_41_nghe_1692867693.4464693_0,22_Trần Xuân Ngọc_41_nghe_1692867693.4464693_0,False,1456776,train
cosign_22_02940,cosign_22_02940,Nghe/Trần Xuân Ngọc_41_nghe_1692867693.4464693_0_frames_40.avi,pose_format/Nghe/Trần Xuân Ngọc_41_nghe_1692867693.4464693_0_frames_40.pkl,22,Nghe,Nghe,"[""Nghe""]",signer_027,22_Trần Xuân Ngọc_41_nghe_1692867693.4464693_0,22_Trần Xuân Ngọc_41_nghe_1692867693.4464693_0,False,1456776,train
cosign_22_02941,cosign_22_02941,Nghe/Vũ Thị Thu Phương_37_nghe_1692866896.362802_0_cut.avi,pose_format/Nghe/Vũ Thị Thu Phương_37_nghe_1692866896.362802_0_cut.pkl,22,Nghe,Nghe,"[""Nghe""]",signer_028,22_Vũ Thị Thu Phương_37_nghe_1692866896.362802_0,,True,956528,train
cosign_22_02942,cosign_22_02942,Nghe/Vũ Thị Thu Phương_37_nghe_1692866896.362802_0_frames_35.avi,pose_format/Nghe/Vũ Thị Thu Phương_37_nghe_1692866896.362802_0_frames_35.pkl,22,Nghe,Nghe,"[""Nghe""]",signer_028,22_Vũ Thị Thu Phương_37_nghe_1692866896.362802_0,22_Vũ Thị Thu Phương_37_nghe_1692866896.362802_0,False,1229584,train
cosign_22_02943,cosign_22_02943,Nghe/Vũ Thị Thu Phương_37_nghe_1692866896.362802_0_frames_40.avi,pose_format/Nghe/Vũ Thị Thu Phương_37_nghe_1692866896.362802_0_frames_40.pkl,22,Nghe,Nghe,"[""Nghe""]",signer_028,22_Vũ Thị Thu Phương_37_nghe_1692866896.362802_0,22_Vũ Thị Thu Phương_37_nghe_1692866896.362802_0,False,1229584,train
cosign_22_02944,cosign_22_02944,Nghe/Đoàn Thị Thu Thủy_40_nghe_1692954265.2259781_0_cut.avi,pose_format/Nghe/Đoàn Thị Thu Thủy_40_nghe_1692954265.2259781_0_cut.pkl,22,Nghe,Nghe,"[""Nghe""]",signer_029,22_Đoàn Thị Thu Thủy_40_nghe_1692954265.2259781_0,,True,1427230,train
cosign_22_02945,cosign_22_02945,Nghe/Đoàn Thị Thu Thủy_40_nghe_1692954265.2259781_0_frames_35.avi,pose_format/Nghe/Đoàn Thị Thu Thủy_40_nghe_1692954265.2259781_0_frames_35.pkl,22,Nghe,Nghe,"[""Nghe""]",signer_029,22_Đoàn Thị Thu Thủy_40_nghe_1692954265.2259781_0,22_Đoàn Thị Thu Thủy_40_nghe_1692954265.2259781_0,False,1792542,train
cosign_22_02946,cosign_22_02946,Nghe/Đoàn Thị Thu Thủy_40_nghe_1692954265.2259781_0_frames_40.avi,pose_format/Nghe/Đoàn Thị Thu Thủy_40_nghe_1692954265.2259781_0_frames_40.pkl,22,Nghe,Nghe,"[""Nghe""]",signer_029,22_Đoàn Thị Thu Thủy_40_nghe_1692954265.2259781_0,22_Đoàn Thị Thu Thủy_40_nghe_1692954265.2259781_0,False,1792542,train
cosign_22_02947,cosign_22_02947,Nghe/Đỗ Thị Vấn_41_nghe_1692779668.0051844_0_cut.avi,pose_format/Nghe/Đỗ Thị Vấn_41_nghe_1692779668.0051844_0_cut.pkl,22,Nghe,Nghe,"[""Nghe""]",signer_031,22_Đỗ Thị Vấn_41_nghe_1692779668.0051844_0,,True,1342844,train
cosign_22_02948,cosign_22_02948,Nghe/Đỗ Thị Vấn_41_nghe_1692779668.0051844_0_frames_35.avi,pose_format/Nghe/Đỗ Thị Vấn_41_nghe_1692779668.0051844_0_frames_35.pkl,22,Nghe,Nghe,"[""Nghe""]",signer_031,22_Đỗ Thị Vấn_41_nghe_1692779668.0051844_0,22_Đỗ Thị Vấn_41_nghe_1692779668.0051844_0,False,1676004,train
cosign_22_02949,cosign_22_02949,Nghe/Đỗ Thị Vấn_41_nghe_1692779668.0051844_0_frames_40.avi,pose_format/Nghe/Đỗ Thị Vấn_41_nghe_1692779668.0051844_0_frames_40.pkl,22,Nghe,Nghe,"[""Nghe""]",signer_031,22_Đỗ Thị Vấn_41_nghe_1692779668.0051844_0,22_Đỗ Thị Vấn_41_nghe_1692779668.0051844_0,False,1676004,train
cosign_23_02950,cosign_23_02950,Ngón tay/Lê Phương Thảo_12_Ngón Tay_1692697511.328574_0_cut.avi,pose_format/Ngón tay/Lê Phương Thảo_12_Ngón Tay_1692697511.328574_0_cut.pkl,23,Ngón tay,Ngón tay,"[""Ngón tay""]",signer_019,23_Lê Phương Thảo_12_Ngón Tay_1692697511.328574_0,,True,718048,train
cosign_23_02951,cosign_23_02951,Ngón tay/Lê Phương Thảo_12_Ngón Tay_1692697511.328574_0_frames_35.avi,pose_format/Ngón tay/Lê Phương Thảo_12_Ngón Tay_1692697511.328574_0_frames_35.pkl,23,Ngón tay,Ngón tay,"[""Ngón tay""]",signer_019,23_Lê Phương Thảo_12_Ngón Tay_1692697511.328574_0,23_Lê Phương Thảo_12_Ngón Tay_1692697511.328574_0,False,882378,train
cosign_23_02952,cosign_23_02952,Ngón tay/Lê Phương Thảo_12_Ngón Tay_1692697511.328574_0_frames_40.avi,pose_format/Ngón tay/Lê Phương Thảo_12_Ngón Tay_1692697511.328574_0_frames_40.pkl,23,Ngón tay,Ngón tay,"[""Ngón tay""]",signer_019,23_Lê Phương Thảo_12_Ngón Tay_1692697511.328574_0,23_Lê Phương Thảo_12_Ngón Tay_1692697511.328574_0,False,882378,train
cosign_23_02953,cosign_23_02953,Ngón tay/Lê Thanh Như_12_Ngón tay_1692751494.7120051_0_cut.avi,pose_format/Ngón tay/Lê Thanh Như_12_Ngón tay_1692751494.7120051_0_cut.pkl,23,Ngón tay,Ngón tay,"[""Ngón tay""]",signer_020,23_Lê Thanh Như_12_Ngón tay_1692751494.7120051_0,,True,1029932,train
cosign_23_02954,cosign_23_02954,Ngón tay/Lê Thanh Như_12_Ngón tay_1692751494.7120051_0_frames_35.avi,pose_format/Ngón tay/Lê Thanh Như_12_Ngón tay_1692751494.7120051_0_frames_35.pkl,23,Ngón tay,Ngón tay,"[""Ngón tay""]",signer_020,23_Lê Thanh Như_12_Ngón tay_1692751494.7120051_0,23_Lê Thanh Như_12_Ngón tay_1692751494.7120051_0,False,1325448,train
cosign_23_02955,cosign_23_02955,Ngón tay/Lê Thanh Như_12_Ngón tay_1692751494.7120051_0_frames_40.avi,pose_format/Ngón tay/Lê Thanh Như_12_Ngón tay_1692751494.7120051_0_frames_40.pkl,23,Ngón tay,Ngón tay,"[""Ngón tay""]",signer_020,23_Lê Thanh Như_12_Ngón tay_1692751494.7120051_0,23_Lê Thanh Như_12_Ngón tay_1692751494.7120051_0,False,1325448,train
cosign_23_02956,cosign_23_02956,Ngón tay/NGÓN_TAY_BÙI_MAI_CHI_ (1).mp4,pose_format/Ngón tay/NGÓN_TAY_BÙI_MAI_CHI_ (1).pkl,23,Ngón tay,Ngón tay,"[""Ngón tay""]",signer_403,23_NGÓN_TAY_BÙI_MAI_CHI_ (1),,True,9048831,train
cosign_23_02957,cosign_23_02957,Ngón tay/NGÓN_TAY_BÙI_MAI_CHI_ (2).mp4,pose_format/Ngón tay/NGÓN_TAY_BÙI_MAI_CHI_ (2).pkl,23,Ngón tay,Ngón tay,"[""Ngón tay""]",signer_403,23_NGÓN_TAY_BÙI_MAI_CHI_ (2),,True,9091348,train
cosign_23_02958,cosign_23_02958,Ngón tay/NGÓN_TAY_BÙI_MAI_CHI_ (3).mp4,pose_format/Ngón tay/NGÓN_TAY_BÙI_MAI_CHI_ (3).pkl,23,Ngón tay,Ngón tay,"[""Ngón tay""]",signer_403,23_NGÓN_TAY_BÙI_MAI_CHI_ (3),,True,9806576,train
cosign_23_02959,cosign_23_02959,Ngón tay/NGÓN_TAY_BÙI_MAI_CHI_ (4).mp4,pose_format/Ngón tay/NGÓN_TAY_BÙI_MAI_CHI_ (4).pkl,23,Ngón tay,Ngón tay,"[""Ngón tay""]",signer_403,23_NGÓN_TAY_BÙI_MAI_CHI_ (4),,True,9716643,train
cosign_23_02960,cosign_23_02960,Ngón tay/NGÓN_TAY_BÙI_MAI_CHI_ (5).mp4,pose_format/Ngón tay/NGÓN_TAY_BÙI_MAI_CHI_ (5).pkl,23,Ngón tay,Ngón tay,"[""Ngón tay""]",signer_403,23_NGÓN_TAY_BÙI_MAI_CHI_ (5),,True,10547944,train
cosign_23_02961,cosign_23_02961,Ngón tay/NGÓN_TAY_BÙI_MẬU_VĂN_ (1).mp4,pose_format/Ngón tay/NGÓN_TAY_BÙI_MẬU_VĂN_ (1).pkl,23,Ngón tay,Ngón tay,"[""Ngón tay""]",signer_404,23_NGÓN_TAY_BÙI_MẬU_VĂN_ (1),,True,7313321,train
cosign_23_02962,cosign_23_02962,Ngón tay/NGÓN_TAY_BÙI_MẬU_VĂN_ (2).mp4,pose_format/Ngón tay/NGÓN_TAY_BÙI_MẬU_VĂN_ (2).pkl,23,Ngón tay,Ngón tay,"[""Ngón tay""]",signer_404,23_NGÓN_TAY_BÙI_MẬU_VĂN_ (2),,True,7243998,train
cosign_23_02963,cosign_23_02963,Ngón tay/NGÓN_TAY_BÙI_MẬU_VĂN_ (3).mp4,pose_format/Ngón tay/NGÓN_TAY_BÙI_MẬU_VĂN_ (3).pkl,23,Ngón tay,Ngón tay,"[""Ngón tay""]",signer_404,23_NGÓN_TAY_BÙI_MẬU_VĂN_ (3),,True,7419568,train
cosign_23_02964,cosign_23_02964,Ngón tay/NGÓN_TAY_BÙI_MẬU_VĂN_ (4).mp4,pose_format/Ngón tay/NGÓN_TAY_BÙI_MẬU_VĂN_ (4).pkl,23,Ngón tay,Ngón tay,"[""Ngón tay""]",signer_404,23_NGÓN_TAY_BÙI_MẬU_VĂN_ (4),,True,7259225,train
cosign_23_02965,cosign_23_02965,Ngón tay/NGÓN_TAY_BÙI_MẬU_VĂN_ (5).mp4,pose_format/Ngón tay/NGÓN_TAY_BÙI_MẬU_VĂN_ (5).pkl,23,Ngón tay,Ngón tay,"[""Ngón tay""]",signer_404,23_NGÓN_TAY_BÙI_MẬU_VĂN_ (5),,True,6904821,train
cosign_23_02966,cosign_23_02966,Ngón tay/NGÓN_TAY_LÊ_QUANG_MẠNH_ (1).mp4,pose_format/Ngón tay/NGÓN_TAY_LÊ_QUANG_MẠNH_ (1).pkl,23,Ngón tay,Ngón tay,"[""Ngón tay""]",signer_405,23_NGÓN_TAY_LÊ_QUANG_MẠNH_ (1),,True,5719870,train
cosign_23_02967,cosign_23_02967,Ngón tay/NGÓN_TAY_LÊ_QUANG_MẠNH_ (2).mp4,pose_format/Ngón tay/NGÓN_TAY_LÊ_QUANG_MẠNH_ (2).pkl,23,Ngón tay,Ngón tay,"[""Ngón tay""]",signer_405,23_NGÓN_TAY_LÊ_QUANG_MẠNH_ (2),,True,6832574,train
cosign_23_02968,cosign_23_02968,Ngón tay/NGÓN_TAY_LÊ_QUANG_MẠNH_ (3).mp4,pose_format/Ngón tay/NGÓN_TAY_LÊ_QUANG_MẠNH_ (3).pkl,23,Ngón tay,Ngón tay,"[""Ngón tay""]",signer_405,23_NGÓN_TAY_LÊ_QUANG_MẠNH_ (3),,True,6646122,train
cosign_23_02969,cosign_23_02969,Ngón tay/NGÓN_TAY_LÊ_QUANG_MẠNH_ (4).mp4,pose_format/Ngón tay/NGÓN_TAY_LÊ_QUANG_MẠNH_ (4).pkl,23,Ngón tay,Ngón tay,"[""Ngón tay""]",signer_405,23_NGÓN_TAY_LÊ_QUANG_MẠNH_ (4),,True,6345799,train
cosign_23_02970,cosign_23_02970,Ngón tay/NGÓN_TAY_LÊ_QUANG_MẠNH_ (5).mp4,pose_format/Ngón tay/NGÓN_TAY_LÊ_QUANG_MẠNH_ (5).pkl,23,Ngón tay,Ngón tay,"[""Ngón tay""]",signer_405,23_NGÓN_TAY_LÊ_QUANG_MẠNH_ (5),,True,6853513,train
cosign_23_02971,cosign_23_02971,Ngón tay/NGÓN_TAY_LẠI_QUANG_VINH_ (1).MOV,pose_format/Ngón tay/NGÓN_TAY_LẠI_QUANG_VINH_ (1).pkl,23,Ngón tay,Ngón tay,"[""Ngón tay""]",signer_406,23_NGÓN_TAY_LẠI_QUANG_VINH_ (1),,True,2983846,train
cosign_23_02972,cosign_23_02972,Ngón tay/NGÓN_TAY_LẠI_QUANG_VINH_ (2).MOV,pose_format/Ngón tay/NGÓN_TAY_LẠI_QUANG_VINH_ (2).pkl,23,Ngón tay,Ngón tay,"[""Ngón tay""]",signer_406,23_NGÓN_TAY_LẠI_QUANG_VINH_ (2),,True,2775623,train
cosign_23_02973,cosign_23_02973,Ngón tay/NGÓN_TAY_LẠI_QUANG_VINH_ (3).MOV,pose_format/Ngón tay/NGÓN_TAY_LẠI_QUANG_VINH_ (3).pkl,23,Ngón tay,Ngón tay,"[""Ngón tay""]",signer_406,23_NGÓN_TAY_LẠI_QUANG_VINH_ (3),,True,2658232,train
cosign_23_02974,cosign_23_02974,Ngón tay/NGÓN_TAY_LẠI_QUANG_VINH_ (4).MOV,pose_format/Ngón tay/NGÓN_TAY_LẠI_QUANG_VINH_ (4).pkl,23,Ngón tay,Ngón tay,"[""Ngón tay""]",signer_406,23_NGÓN_TAY_LẠI_QUANG_VINH_ (4),,True,2584533,train
cosign_23_02975,cosign_23_02975,Ngón tay/NGÓN_TAY_LẠI_QUANG_VINH_ (5).MOV,pose_format/Ngón tay/NGÓN_TAY_LẠI_QUANG_VINH_ (5).pkl,23,Ngón tay,Ngón tay,"[""Ngón tay""]",signer_406,23_NGÓN_TAY_LẠI_QUANG_VINH_ (5),,True,2563290,train
cosign_23_02976,cosign_23_02976,Ngón tay/NGÓN_TAY_LẠI_QUANG_VINH_(1).mp4,pose_format/Ngón tay/NGÓN_TAY_LẠI_QUANG_VINH_(1).pkl,23,Ngón tay,Ngón tay,"[""Ngón tay""]",signer_406,23_NGÓN_TAY_LẠI_QUANG_VINH_(1),,True,1030437,train
cosign_23_02977,cosign_23_02977,Ngón tay/NGÓN_TAY_LẠI_QUANG_VINH_(2).mp4,pose_format/Ngón tay/NGÓN_TAY_LẠI_QUANG_VINH_(2).pkl,23,Ngón tay,Ngón tay,"[""Ngón tay""]",signer_406,23_NGÓN_TAY_LẠI_QUANG_VINH_(2),,True,954225,train
cosign_23_02978,cosign_23_02978,Ngón tay/NGÓN_TAY_LẠI_QUANG_VINH_(3).mp4,pose_format/Ngón tay/NGÓN_TAY_LẠI_QUANG_VINH_(3).pkl,23,Ngón tay,Ngón tay,"[""Ngón tay""]",signer_406,23_NGÓN_TAY_LẠI_QUANG_VINH_(3),,True,911512,train
cosign_23_02979,cosign_23_02979,Ngón tay/NGÓN_TAY_LẠI_QUANG_VINH_(4).mp4,pose_format/Ngón tay/NGÓN_TAY_LẠI_QUANG_VINH_(4).pkl,23,Ngón tay,Ngón tay,"[""Ngón tay""]",signer_406,23_NGÓN_TAY_LẠI_QUANG_VINH_(4),,True,910437,train
cosign_23_02980,cosign_23_02980,Ngón tay/NGÓN_TAY_LẠI_QUANG_VINH_(5).mp4,pose_format/Ngón tay/NGÓN_TAY_LẠI_QUANG_VINH_(5).pkl,23,Ngón tay,Ngón tay,"[""Ngón tay""]",signer_406,23_NGÓN_TAY_LẠI_QUANG_VINH_(5),,True,908226,train
cosign_23_02981,cosign_23_02981,Ngón tay/NGÓN_TAY_MAI_HOÀNG_XUÂN_ (1).mp4,pose_format/Ngón tay/NGÓN_TAY_MAI_HOÀNG_XUÂN_ (1).pkl,23,Ngón tay,Ngón tay,"[""Ngón tay""]",signer_407,23_NGÓN_TAY_MAI_HOÀNG_XUÂN_ (1),,True,7078153,train
cosign_23_02982,cosign_23_02982,Ngón tay/NGÓN_TAY_MAI_HOÀNG_XUÂN_ (2).mp4,pose_format/Ngón tay/NGÓN_TAY_MAI_HOÀNG_XUÂN_ (2).pkl,23,Ngón tay,Ngón tay,"[""Ngón tay""]",signer_407,23_NGÓN_TAY_MAI_HOÀNG_XUÂN_ (2),,True,7384078,train
cosign_23_02983,cosign_23_02983,Ngón tay/NGÓN_TAY_MAI_HOÀNG_XUÂN_ (3).mp4,pose_format/Ngón tay/NGÓN_TAY_MAI_HOÀNG_XUÂN_ (3).pkl,23,Ngón tay,Ngón tay,"[""Ngón tay""]",signer_407,23_NGÓN_TAY_MAI_HOÀNG_XUÂN_ (3),,True,8395212,train
cosign_23_02984,cosign_23_02984,Ngón tay/NGÓN_TAY_MAI_HOÀNG_XUÂN_ (4).mp4,pose_format/Ngón tay/NGÓN_TAY_MAI_HOÀNG_XUÂN_ (4).pkl,23,Ngón tay,Ngón tay,"[""Ngón tay""]",signer_407,23_NGÓN_TAY_MAI_HOÀNG_XUÂN_ (4),,True,8283751,train
cosign_23_02985,cosign_23_02985,Ngón tay/NGÓN_TAY_MAI_HOÀNG_XUÂN_ (5).mp4,pose_format/Ngón tay/NGÓN_TAY_MAI_HOÀNG_XUÂN_ (5).pkl,23,Ngón tay,Ngón tay,"[""Ngón tay""]",signer_407,23_NGÓN_TAY_MAI_HOÀNG_XUÂN_ (5),,True,7654385,train
cosign_23_02986,cosign_23_02986,Ngón tay/NGÓN_TAY_NGUYỄN_HOÀNG_ĐIỆP_ (1).mp4,pose_format/Ngón tay/NGÓN_TAY_NGUYỄN_HOÀNG_ĐIỆP_ (1).pkl,23,Ngón tay,Ngón tay,"[""Ngón tay""]",signer_408,23_NGÓN_TAY_NGUYỄN_HOÀNG_ĐIỆP_ (1),,True,6452345,train
cosign_23_02987,cosign_23_02987,Ngón tay/NGÓN_TAY_NGUYỄN_HOÀNG_ĐIỆP_ (2).mp4,pose_format/Ngón tay/NGÓN_TAY_NGUYỄN_HOÀNG_ĐIỆP_ (2).pkl,23,Ngón tay,Ngón tay,"[""Ngón tay""]",signer_408,23_NGÓN_TAY_NGUYỄN_HOÀNG_ĐIỆP_ (2),,True,7040996,train
cosign_23_02988,cosign_23_02988,Ngón tay/NGÓN_TAY_NGUYỄN_HOÀNG_ĐIỆP_ (3).mp4,pose_format/Ngón tay/NGÓN_TAY_NGUYỄN_HOÀNG_ĐIỆP_ (3).pkl,23,Ngón tay,Ngón tay,"[""Ngón tay""]",signer_408,23_NGÓN_TAY_NGUYỄN_HOÀNG_ĐIỆP_ (3),,True,7380917,train
cosign_23_02989,cosign_23_02989,Ngón tay/NGÓN_TAY_NGUYỄN_HOÀNG_ĐIỆP_ (4).mp4,pose_format/Ngón tay/NGÓN_TAY_NGUYỄN_HOÀNG_ĐIỆP_ (4).pkl,23,Ngón tay,Ngón tay,"[""Ngón tay""]",signer_408,23_NGÓN_TAY_NGUYỄN_HOÀNG_ĐIỆP_ (4),,True,6984860,train
cosign_23_02990,cosign_23_02990,Ngón tay/NGÓN_TAY_NGUYỄN_HOÀNG_ĐIỆP_ (5).mp4,pose_format/Ngón tay/NGÓN_TAY_NGUYỄN_HOÀNG_ĐIỆP_ (5).pkl,23,Ngón tay,Ngón tay,"[""Ngón tay""]",signer_408,23_NGÓN_TAY_NGUYỄN_HOÀNG_ĐIỆP_ (5),,True,7267829,train
cosign_23_02991,cosign_23_02991,Ngón tay/NGÓN_TAY_NGUYỄN_PHƯƠNG_ANH_ (1).mp4,pose_format/Ngón tay/NGÓN_TAY_NGUYỄN_PHƯƠNG_ANH_ (1).pkl,23,Ngón tay,Ngón tay,"[""Ngón tay""]",signer_409,23_NGÓN_TAY_NGUYỄN_PHƯƠNG_ANH_ (1),,True,6616542,train
cosign_23_02992,cosign_23_02992,Ngón tay/NGÓN_TAY_NGUYỄN_PHƯƠNG_ANH_ (2).mp4,pose_format/Ngón tay/NGÓN_TAY_NGUYỄN_PHƯƠNG_ANH_ (2).pkl,23,Ngón tay,Ngón tay,"[""Ngón tay""]",signer_409,23_NGÓN_TAY_NGUYỄN_PHƯƠNG_ANH_ (2),,True,7174164,train
cosign_23_02993,cosign_23_02993,Ngón tay/NGÓN_TAY_NGUYỄN_PHƯƠNG_ANH_ (3).mp4,pose_format/Ngón tay/NGÓN_TAY_NGUYỄN_PHƯƠNG_ANH_ (3).pkl,23,Ngón tay,Ngón tay,"[""Ngón tay""]",signer_409,23_NGÓN_TAY_NGUYỄN_PHƯƠNG_ANH_ (3),,True,7807180,train
cosign_23_02994,cosign_23_02994,Ngón tay/NGÓN_TAY_NGUYỄN_PHƯƠNG_ANH_ (4).mp4,pose_format/Ngón tay/NGÓN_TAY_NGUYỄN_PHƯƠNG_ANH_ (4).pkl,23,Ngón tay,Ngón tay,"[""Ngón tay""]",signer_409,23_NGÓN_TAY_NGUYỄN_PHƯƠNG_ANH_ (4),,True,7707212,train
cosign_23_02995,cosign_23_02995,Ngón tay/NGÓN_TAY_NGUYỄN_PHƯƠNG_ANH_ (5).mp4,pose_format/Ngón tay/NGÓN_TAY_NGUYỄN_PHƯƠNG_ANH_ (5).pkl,23,Ngón tay,Ngón tay,"[""Ngón tay""]",signer_409,23_NGÓN_TAY_NGUYỄN_PHƯƠNG_ANH_ (5),,True,7907808,train
cosign_23_02996,cosign_23_02996,Ngón tay/NGÓN_TAY_NGUYỄN_VIẾT_QUANG_ (1).mp4,pose_format/Ngón tay/NGÓN_TAY_NGUYỄN_VIẾT_QUANG_ (1).pkl,23,Ngón tay,Ngón tay,"[""Ngón tay""]",signer_410,23_NGÓN_TAY_NGUYỄN_VIẾT_QUANG_ (1),,True,6793658,train
cosign_23_02997,cosign_23_02997,Ngón tay/NGÓN_TAY_NGUYỄN_VIẾT_QUANG_ (2).mp4,pose_format/Ngón tay/NGÓN_TAY_NGUYỄN_VIẾT_QUANG_ (2).pkl,23,Ngón tay,Ngón tay,"[""Ngón tay""]",signer_410,23_NGÓN_TAY_NGUYỄN_VIẾT_QUANG_ (2),,True,8039204,train
cosign_23_02998,cosign_23_02998,Ngón tay/NGÓN_TAY_NGUYỄN_VIẾT_QUANG_ (3).mp4,pose_format/Ngón tay/NGÓN_TAY_NGUYỄN_VIẾT_QUANG_ (3).pkl,23,Ngón tay,Ngón tay,"[""Ngón tay""]",signer_410,23_NGÓN_TAY_NGUYỄN_VIẾT_QUANG_ (3),,True,7543777,train
cosign_23_02999,cosign_23_02999,Ngón tay/NGÓN_TAY_NGUYỄN_VIẾT_QUANG_ (4).mp4,pose_format/Ngón tay/NGÓN_TAY_NGUYỄN_VIẾT_QUANG_ (4).pkl,23,Ngón tay,Ngón tay,"[""Ngón tay""]",signer_410,23_NGÓN_TAY_NGUYỄN_VIẾT_QUANG_ (4),,True,7278376,train
cosign_23_03000,cosign_23_03000,Ngón tay/NGÓN_TAY_NGUYỄN_VIẾT_QUANG_ (5).mp4,pose_format/Ngón tay/NGÓN_TAY_NGUYỄN_VIẾT_QUANG_ (5).pkl,23,Ngón tay,Ngón tay,"[""Ngón tay""]",signer_410,23_NGÓN_TAY_NGUYỄN_VIẾT_QUANG_ (5),,True,7276988,train
cosign_23_03001,cosign_23_03001,Ngón tay/NGÓN_TAY_NGÔ_TUẤN_ANH_ (1).mp4,pose_format/Ngón tay/NGÓN_TAY_NGÔ_TUẤN_ANH_ (1).pkl,23,Ngón tay,Ngón tay,"[""Ngón tay""]",signer_411,23_NGÓN_TAY_NGÔ_TUẤN_ANH_ (1),,True,7460755,train
cosign_23_03002,cosign_23_03002,Ngón tay/NGÓN_TAY_NGÔ_TUẤN_ANH_ (2).mp4,pose_format/Ngón tay/NGÓN_TAY_NGÔ_TUẤN_ANH_ (2).pkl,23,Ngón tay,Ngón tay,"[""Ngón tay""]",signer_411,23_NGÓN_TAY_NGÔ_TUẤN_ANH_ (2),,True,7019047,train
cosign_23_03003,cosign_23_03003,Ngón tay/NGÓN_TAY_NGÔ_TUẤN_ANH_ (3).mp4,pose_format/Ngón tay/NGÓN_TAY_NGÔ_TUẤN_ANH_ (3).pkl,23,Ngón tay,Ngón tay,"[""Ngón tay""]",signer_411,23_NGÓN_TAY_NGÔ_TUẤN_ANH_ (3),,True,7144254,train
cosign_23_03004,cosign_23_03004,Ngón tay/NGÓN_TAY_NGÔ_TUẤN_ANH_ (4).mp4,pose_format/Ngón tay/NGÓN_TAY_NGÔ_TUẤN_ANH_ (4).pkl,23,Ngón tay,Ngón tay,"[""Ngón tay""]",signer_411,23_NGÓN_TAY_NGÔ_TUẤN_ANH_ (4),,True,7382302,train
cosign_23_03005,cosign_23_03005,Ngón tay/NGÓN_TAY_NGÔ_TUẤN_ANH_ (5).mp4,pose_format/Ngón tay/NGÓN_TAY_NGÔ_TUẤN_ANH_ (5).pkl,23,Ngón tay,Ngón tay,"[""Ngón tay""]",signer_411,23_NGÓN_TAY_NGÔ_TUẤN_ANH_ (5),,True,7101400,train
cosign_23_03006,cosign_23_03006,Ngón tay/NGÓN_TAY_PHẠM_ĐÌNH_HẢI_(1).mp4,pose_format/Ngón tay/NGÓN_TAY_PHẠM_ĐÌNH_HẢI_(1).pkl,23,Ngón tay,Ngón tay,"[""Ngón tay""]",signer_412,23_NGÓN_TAY_PHẠM_ĐÌNH_HẢI_(1),,True,13356913,train
cosign_23_03007,cosign_23_03007,Ngón tay/NGÓN_TAY_PHẠM_ĐÌNH_HẢI_(2).mp4,pose_format/Ngón tay/NGÓN_TAY_PHẠM_ĐÌNH_HẢI_(2).pkl,23,Ngón tay,Ngón tay,"[""Ngón tay""]",signer_412,23_NGÓN_TAY_PHẠM_ĐÌNH_HẢI_(2),,True,13497786,train
cosign_23_03008,cosign_23_03008,Ngón tay/NGÓN_TAY_PHẠM_ĐÌNH_HẢI_(3).mp4,pose_format/Ngón tay/NGÓN_TAY_PHẠM_ĐÌNH_HẢI_(3).pkl,23,Ngón tay,Ngón tay,"[""Ngón tay""]",signer_412,23_NGÓN_TAY_PHẠM_ĐÌNH_HẢI_(3),,True,12726734,train
cosign_23_03009,cosign_23_03009,Ngón tay/NGÓN_TAY_PHẠM_ĐÌNH_HẢI_(4).mp4,pose_format/Ngón tay/NGÓN_TAY_PHẠM_ĐÌNH_HẢI_(4).pkl,23,Ngón tay,Ngón tay,"[""Ngón tay""]",signer_412,23_NGÓN_TAY_PHẠM_ĐÌNH_HẢI_(4),,True,14360790,train
cosign_23_03010,cosign_23_03010,Ngón tay/NGÓN_TAY_PHẠM_ĐÌNH_HẢI_(5).mp4,pose_format/Ngón tay/NGÓN_TAY_PHẠM_ĐÌNH_HẢI_(5).pkl,23,Ngón tay,Ngón tay,"[""Ngón tay""]",signer_412,23_NGÓN_TAY_PHẠM_ĐÌNH_HẢI_(5),,True,15315859,train
cosign_23_03011,cosign_23_03011,Ngón tay/NGÓN_TAY_TRƯƠNG_NGỌC_DIỄM_ (1).mp4,pose_format/Ngón tay/NGÓN_TAY_TRƯƠNG_NGỌC_DIỄM_ (1).pkl,23,Ngón tay,Ngón tay,"[""Ngón tay""]",signer_413,23_NGÓN_TAY_TRƯƠNG_NGỌC_DIỄM_ (1),,True,10455527,train
cosign_23_03012,cosign_23_03012,Ngón tay/NGÓN_TAY_TRƯƠNG_NGỌC_DIỄM_ (2).mp4,pose_format/Ngón tay/NGÓN_TAY_TRƯƠNG_NGỌC_DIỄM_ (2).pkl,23,Ngón tay,Ngón tay,"[""Ngón tay""]",signer_413,23_NGÓN_TAY_TRƯƠNG_NGỌC_DIỄM_ (2),,True,9199772,train
cosign_23_03013,cosign_23_03013,Ngón tay/NGÓN_TAY_TRƯƠNG_NGỌC_DIỄM_ (3).mp4,pose_format/Ngón tay/NGÓN_TAY_TRƯƠNG_NGỌC_DIỄM_ (3).pkl,23,Ngón tay,Ngón tay,"[""Ngón tay""]",signer_413,23_NGÓN_TAY_TRƯƠNG_NGỌC_DIỄM_ (3),,True,9652561,train
cosign_23_03014,cosign_23_03014,Ngón tay/NGÓN_TAY_TRƯƠNG_NGỌC_DIỄM_ (4).mp4,pose_format/Ngón tay/NGÓN_TAY_TRƯƠNG_NGỌC_DIỄM_ (4).pkl,23,Ngón tay,Ngón tay,"[""Ngón tay""]",signer_413,23_NGÓN_TAY_TRƯƠNG_NGỌC_DIỄM_ (4),,True,10114696,train
cosign_23_03015,cosign_23_03015,Ngón tay/NGÓN_TAY_TRƯƠNG_NGỌC_DIỄM_ (5).mp4,pose_format/Ngón tay/NGÓN_TAY_TRƯƠNG_NGỌC_DIỄM_ (5).pkl,23,Ngón tay,Ngón tay,"[""Ngón tay""]",signer_413,23_NGÓN_TAY_TRƯƠNG_NGỌC_DIỄM_ (5),,True,9213117,train
cosign_23_03016,cosign_23_03016,Ngón tay/NGÓN_TAY_TRẦN_TUẤN_MINH_ (1).mp4,pose_format/Ngón tay/NGÓN_TAY_TRẦN_TUẤN_MINH_ (1).pkl,23,Ngón tay,Ngón tay,"[""Ngón tay""]",signer_414,23_NGÓN_TAY_TRẦN_TUẤN_MINH_ (1),,True,7396635,train
cosign_23_03017,cosign_23_03017,Ngón tay/NGÓN_TAY_TRẦN_TUẤN_MINH_ (2).mp4,pose_format/Ngón tay/NGÓN_TAY_TRẦN_TUẤN_MINH_ (2).pkl,23,Ngón tay,Ngón tay,"[""Ngón tay""]",signer_414,23_NGÓN_TAY_TRẦN_TUẤN_MINH_ (2),,True,8436870,train
cosign_23_03018,cosign_23_03018,Ngón tay/NGÓN_TAY_TRẦN_TUẤN_MINH_ (3).mp4,pose_format/Ngón tay/NGÓN_TAY_TRẦN_TUẤN_MINH_ (3).pkl,23,Ngón tay,Ngón tay,"[""Ngón tay""]",signer_414,23_NGÓN_TAY_TRẦN_TUẤN_MINH_ (3),,True,8683764,train
cosign_23_03019,cosign_23_03019,Ngón tay/NGÓN_TAY_TRẦN_TUẤN_MINH_ (4).mp4,pose_format/Ngón tay/NGÓN_TAY_TRẦN_TUẤN_MINH_ (4).pkl,23,Ngón tay,Ngón tay,"[""Ngón tay""]",signer_414,23_NGÓN_TAY_TRẦN_TUẤN_MINH_ (4),,True,9809261,train
cosign_23_03020,cosign_23_03020,Ngón tay/NGÓN_TAY_TRẦN_TUẤN_MINH_ (5).mp4,pose_format/Ngón tay/NGÓN_TAY_TRẦN_TUẤN_MINH_ (5).pkl,23,Ngón tay,Ngón tay,"[""Ngón tay""]",signer_414,23_NGÓN_TAY_TRẦN_TUẤN_MINH_ (5),,True,8953487,train
cosign_23_03021,cosign_23_03021,Ngón tay/NGÓN_TAY_TRẦN_ĐỨC_QUÂN_ (1).mp4,pose_format/Ngón tay/NGÓN_TAY_TRẦN_ĐỨC_QUÂN_ (1).pkl,23,Ngón tay,Ngón tay,"[""Ngón tay""]",signer_415,23_NGÓN_TAY_TRẦN_ĐỨC_QUÂN_ (1),,True,7626709,train
cosign_23_03022,cosign_23_03022,Ngón tay/NGÓN_TAY_TRẦN_ĐỨC_QUÂN_ (2).mp4,pose_format/Ngón tay/NGÓN_TAY_TRẦN_ĐỨC_QUÂN_ (2).pkl,23,Ngón tay,Ngón tay,"[""Ngón tay""]",signer_415,23_NGÓN_TAY_TRẦN_ĐỨC_QUÂN_ (2),,True,8353286,train
cosign_23_03023,cosign_23_03023,Ngón tay/NGÓN_TAY_TRẦN_ĐỨC_QUÂN_ (3).mp4,pose_format/Ngón tay/NGÓN_TAY_TRẦN_ĐỨC_QUÂN_ (3).pkl,23,Ngón tay,Ngón tay,"[""Ngón tay""]",signer_415,23_NGÓN_TAY_TRẦN_ĐỨC_QUÂN_ (3),,True,8149600,train
cosign_23_03024,cosign_23_03024,Ngón tay/NGÓN_TAY_TRẦN_ĐỨC_QUÂN_ (4).mp4,pose_format/Ngón tay/NGÓN_TAY_TRẦN_ĐỨC_QUÂN_ (4).pkl,23,Ngón tay,Ngón tay,"[""Ngón tay""]",signer_415,23_NGÓN_TAY_TRẦN_ĐỨC_QUÂN_ (4),,True,7673545,train
cosign_23_03025,cosign_23_03025,Ngón tay/NGÓN_TAY_TRẦN_ĐỨC_QUÂN_ (5).mp4,pose_format/Ngón tay/NGÓN_TAY_TRẦN_ĐỨC_QUÂN_ (5).pkl,23,Ngón tay,Ngón tay,"[""Ngón tay""]",signer_415,23_NGÓN_TAY_TRẦN_ĐỨC_QUÂN_ (5),,True,7373364,train
cosign_23_03026,cosign_23_03026,Ngón tay/NGÓN_TAY_TẠ_THỊ_PHƯƠNG_LINH_ (1).mp4,pose_format/Ngón tay/NGÓN_TAY_TẠ_THỊ_PHƯƠNG_LINH_ (1).pkl,23,Ngón tay,Ngón tay,"[""Ngón tay""]",signer_416,23_NGÓN_TAY_TẠ_THỊ_PHƯƠNG_LINH_ (1),,True,4593501,train
cosign_23_03027,cosign_23_03027,Ngón tay/NGÓN_TAY_TẠ_THỊ_PHƯƠNG_LINH_ (2).mp4,pose_format/Ngón tay/NGÓN_TAY_TẠ_THỊ_PHƯƠNG_LINH_ (2).pkl,23,Ngón tay,Ngón tay,"[""Ngón tay""]",signer_416,23_NGÓN_TAY_TẠ_THỊ_PHƯƠNG_LINH_ (2),,True,5090605,train
cosign_23_03028,cosign_23_03028,Ngón tay/NGÓN_TAY_TẠ_THỊ_PHƯƠNG_LINH_ (3).mp4,pose_format/Ngón tay/NGÓN_TAY_TẠ_THỊ_PHƯƠNG_LINH_ (3).pkl,23,Ngón tay,Ngón tay,"[""Ngón tay""]",signer_416,23_NGÓN_TAY_TẠ_THỊ_PHƯƠNG_LINH_ (3),,True,4636442,train
cosign_23_03029,cosign_23_03029,Ngón tay/NGÓN_TAY_TẠ_THỊ_PHƯƠNG_LINH_ (4).mp4,pose_format/Ngón tay/NGÓN_TAY_TẠ_THỊ_PHƯƠNG_LINH_ (4).pkl,23,Ngón tay,Ngón tay,"[""Ngón tay""]",signer_416,23_NGÓN_TAY_TẠ_THỊ_PHƯƠNG_LINH_ (4),,True,4513330,train
cosign_23_03030,cosign_23_03030,Ngón tay/NGÓN_TAY_TẠ_THỊ_PHƯƠNG_LINH_ (5).mp4,pose_format/Ngón tay/NGÓN_TAY_TẠ_THỊ_PHƯƠNG_LINH_ (5).pkl,23,Ngón tay,Ngón tay,"[""Ngón tay""]",signer_416,23_NGÓN_TAY_TẠ_THỊ_PHƯƠNG_LINH_ (5),,True,5100190,train
cosign_23_03031,cosign_23_03031,Ngón tay/NGÓN_TAY_VŨ_HUY_DU_ (1).mp4,pose_format/Ngón tay/NGÓN_TAY_VŨ_HUY_DU_ (1).pkl,23,Ngón tay,Ngón tay,"[""Ngón tay""]",signer_417,23_NGÓN_TAY_VŨ_HUY_DU_ (1),,True,8671967,train
cosign_23_03032,cosign_23_03032,Ngón tay/NGÓN_TAY_VŨ_HUY_DU_ (2).mp4,pose_format/Ngón tay/NGÓN_TAY_VŨ_HUY_DU_ (2).pkl,23,Ngón tay,Ngón tay,"[""Ngón tay""]",signer_417,23_NGÓN_TAY_VŨ_HUY_DU_ (2),,True,7962597,train
cosign_23_03033,cosign_23_03033,Ngón tay/NGÓN_TAY_VŨ_HUY_DU_ (3).mp4,pose_format/Ngón tay/NGÓN_TAY_VŨ_HUY_DU_ (3).pkl,23,Ngón tay,Ngón tay,"[""Ngón tay""]",signer_417,23_NGÓN_TAY_VŨ_HUY_DU_ (3),,True,7925692,train
cosign_23_03034,cosign_23_03034,Ngón tay/NGÓN_TAY_VŨ_HUY_DU_ (4).mp4,pose_format/Ngón tay/NGÓN_TAY_VŨ_HUY_DU_ (4).pkl,23,Ngón tay,Ngón tay,"[""Ngón tay""]",signer_417,23_NGÓN_TAY_VŨ_HUY_DU_ (4),,True,7770530,train
cosign_23_03035,cosign_23_03035,Ngón tay/NGÓN_TAY_VŨ_HUY_DU_ (5).mp4,pose_format/Ngón tay/NGÓN_TAY_VŨ_HUY_DU_ (5).pkl,23,Ngón tay,Ngón tay,"[""Ngón tay""]",signer_417,23_NGÓN_TAY_VŨ_HUY_DU_ (5),,True,7584979,train
cosign_23_03036,cosign_23_03036,Ngón tay/NGÓN_TAY_VŨ_KẾT_ĐỒNG_1.mp4,pose_format/Ngón tay/NGÓN_TAY_VŨ_KẾT_ĐỒNG_1.pkl,23,Ngón tay,Ngón tay,"[""Ngón tay""]",signer_418,23_NGÓN_TAY_VŨ_KẾT_ĐỒNG_1,,True,8247519,train
cosign_23_03037,cosign_23_03037,Ngón tay/NGÓN_TAY_VŨ_KẾT_ĐỒNG_2.mp4,pose_format/Ngón tay/NGÓN_TAY_VŨ_KẾT_ĐỒNG_2.pkl,23,Ngón tay,Ngón tay,"[""Ngón tay""]",signer_418,23_NGÓN_TAY_VŨ_KẾT_ĐỒNG_2,,True,8799481,train
cosign_23_03038,cosign_23_03038,Ngón tay/NGÓN_TAY_VŨ_KẾT_ĐỒNG_3.mp4,pose_format/Ngón tay/NGÓN_TAY_VŨ_KẾT_ĐỒNG_3.pkl,23,Ngón tay,Ngón tay,"[""Ngón tay""]",signer_418,23_NGÓN_TAY_VŨ_KẾT_ĐỒNG_3,,True,8604723,train
cosign_23_03039,cosign_23_03039,Ngón tay/NGÓN_TAY_VŨ_KẾT_ĐỒNG_4.mp4,pose_format/Ngón tay/NGÓN_TAY_VŨ_KẾT_ĐỒNG_4.pkl,23,Ngón tay,Ngón tay,"[""Ngón tay""]",signer_418,23_NGÓN_TAY_VŨ_KẾT_ĐỒNG_4,,True,9056549,train
cosign_23_03040,cosign_23_03040,Ngón tay/NGÓN_TAY_VŨ_KẾT_ĐỒNG_5.mp4,pose_format/Ngón tay/NGÓN_TAY_VŨ_KẾT_ĐỒNG_5.pkl,23,Ngón tay,Ngón tay,"[""Ngón tay""]",signer_418,23_NGÓN_TAY_VŨ_KẾT_ĐỒNG_5,,True,7663056,train
cosign_23_03041,cosign_23_03041,Ngón tay/Nguyễn Gia Bảo_10_ngón tay_1692751759.3186352_0_cut.avi,pose_format/Ngón tay/Nguyễn Gia Bảo_10_ngón tay_1692751759.3186352_0_cut.pkl,23,Ngón tay,Ngón tay,"[""Ngón tay""]",signer_021,23_Nguyễn Gia Bảo_10_ngón tay_1692751759.3186352_0,,True,1210638,train
cosign_23_03042,cosign_23_03042,Ngón tay/Nguyễn Gia Bảo_10_ngón tay_1692751759.3186352_0_frames_35.avi,pose_format/Ngón tay/Nguyễn Gia Bảo_10_ngón tay_1692751759.3186352_0_frames_35.pkl,23,Ngón tay,Ngón tay,"[""Ngón tay""]",signer_021,23_Nguyễn Gia Bảo_10_ngón tay_1692751759.3186352_0,23_Nguyễn Gia Bảo_10_ngón tay_1692751759.3186352_0,False,1450732,train
cosign_23_03043,cosign_23_03043,Ngón tay/Nguyễn Gia Bảo_10_ngón tay_1692751759.3186352_0_frames_40.avi,pose_format/Ngón tay/Nguyễn Gia Bảo_10_ngón tay_1692751759.3186352_0_frames_40.pkl,23,Ngón tay,Ngón tay,"[""Ngón tay""]",signer_021,23_Nguyễn Gia Bảo_10_ngón tay_1692751759.3186352_0,23_Nguyễn Gia Bảo_10_ngón tay_1692751759.3186352_0,False,1450732,train
cosign_23_03044,cosign_23_03044,Ngón tay/Nguyễn Thị Huyền_35_ngón tay_1692860397.026475_0_cut.avi,pose_format/Ngón tay/Nguyễn Thị Huyền_35_ngón tay_1692860397.026475_0_cut.pkl,23,Ngón tay,Ngón tay,"[""Ngón tay""]",signer_022,23_Nguyễn Thị Huyền_35_ngón tay_1692860397.026475_0,,True,1028954,train
cosign_23_03045,cosign_23_03045,Ngón tay/Nguyễn Thị Huyền_35_ngón tay_1692860397.026475_0_frames_35.avi,pose_format/Ngón tay/Nguyễn Thị Huyền_35_ngón tay_1692860397.026475_0_frames_35.pkl,23,Ngón tay,Ngón tay,"[""Ngón tay""]",signer_022,23_Nguyễn Thị Huyền_35_ngón tay_1692860397.026475_0,23_Nguyễn Thị Huyền_35_ngón tay_1692860397.026475_0,False,1220008,train
cosign_23_03046,cosign_23_03046,Ngón tay/Nguyễn Thị Huyền_35_ngón tay_1692860397.026475_0_frames_40.avi,pose_format/Ngón tay/Nguyễn Thị Huyền_35_ngón tay_1692860397.026475_0_frames_40.pkl,23,Ngón tay,Ngón tay,"[""Ngón tay""]",signer_022,23_Nguyễn Thị Huyền_35_ngón tay_1692860397.026475_0,23_Nguyễn Thị Huyền_35_ngón tay_1692860397.026475_0,False,1220008,train
cosign_23_03047,cosign_23_03047,Ngón tay/Nguyễn Thị Hồng_32_Ngón tay_1692937929.5039835_0_cut.avi,pose_format/Ngón tay/Nguyễn Thị Hồng_32_Ngón tay_1692937929.5039835_0_cut.pkl,23,Ngón tay,Ngón tay,"[""Ngón tay""]",signer_023,23_Nguyễn Thị Hồng_32_Ngón tay_1692937929.5039835_0,,True,651680,train
cosign_23_03048,cosign_23_03048,Ngón tay/Nguyễn Thị Hồng_32_Ngón tay_1692937929.5039835_0_frames_35.avi,pose_format/Ngón tay/Nguyễn Thị Hồng_32_Ngón tay_1692937929.5039835_0_frames_35.pkl,23,Ngón tay,Ngón tay,"[""Ngón tay""]",signer_023,23_Nguyễn Thị Hồng_32_Ngón tay_1692937929.5039835_0,23_Nguyễn Thị Hồng_32_Ngón tay_1692937929.5039835_0,False,813554,train
cosign_23_03049,cosign_23_03049,Ngón tay/Nguyễn Thị Hồng_32_Ngón tay_1692937929.5039835_0_frames_40.avi,pose_format/Ngón tay/Nguyễn Thị Hồng_32_Ngón tay_1692937929.5039835_0_frames_40.pkl,23,Ngón tay,Ngón tay,"[""Ngón tay""]",signer_023,23_Nguyễn Thị Hồng_32_Ngón tay_1692937929.5039835_0,23_Nguyễn Thị Hồng_32_Ngón tay_1692937929.5039835_0,False,813554,train
cosign_23_03050,cosign_23_03050,Ngón tay/Nguyễn Thị Mai Anh_39_ngón tay_1693022899.477508_0_cut.avi,pose_format/Ngón tay/Nguyễn Thị Mai Anh_39_ngón tay_1693022899.477508_0_cut.pkl,23,Ngón tay,Ngón tay,"[""Ngón tay""]",signer_024,23_Nguyễn Thị Mai Anh_39_ngón tay_1693022899.477508_0,,True,950164,train
cosign_23_03051,cosign_23_03051,Ngón tay/Nguyễn Thị Mai Anh_39_ngón tay_1693022899.477508_0_frames_35.avi,pose_format/Ngón tay/Nguyễn Thị Mai Anh_39_ngón tay_1693022899.477508_0_frames_35.pkl,23,Ngón tay,Ngón tay,"[""Ngón tay""]",signer_024,23_Nguyễn Thị Mai Anh_39_ngón tay_1693022899.477508_0,23_Nguyễn Thị Mai Anh_39_ngón tay_1693022899.477508_0,False,1183980,train
cosign_23_03052,cosign_23_03052,Ngón tay/Nguyễn Thị Mai Anh_39_ngón tay_1693022899.477508_0_frames_40.avi,pose_format/Ngón tay/Nguyễn Thị Mai Anh_39_ngón tay_1693022899.477508_0_frames_40.pkl,23,Ngón tay,Ngón tay,"[""Ngón tay""]",signer_024,23_Nguyễn Thị Mai Anh_39_ngón tay_1693022899.477508_0,23_Nguyễn Thị Mai Anh_39_ngón tay_1693022899.477508_0,False,1183980,train
cosign_23_03053,cosign_23_03053,Ngón tay/Nguyễn Thị Thu Trang_38_Ngón tay_1692782861.030581_0_cut.avi,pose_format/Ngón tay/Nguyễn Thị Thu Trang_38_Ngón tay_1692782861.030581_0_cut.pkl,23,Ngón tay,Ngón tay,"[""Ngón tay""]",signer_025,23_Nguyễn Thị Thu Trang_38_Ngón tay_1692782861.030581_0,,True,1157298,train
cosign_23_03054,cosign_23_03054,Ngón tay/Nguyễn Thị Thu Trang_38_Ngón tay_1692782861.030581_0_frames_35.avi,pose_format/Ngón tay/Nguyễn Thị Thu Trang_38_Ngón tay_1692782861.030581_0_frames_35.pkl,23,Ngón tay,Ngón tay,"[""Ngón tay""]",signer_025,23_Nguyễn Thị Thu Trang_38_Ngón tay_1692782861.030581_0,23_Nguyễn Thị Thu Trang_38_Ngón tay_1692782861.030581_0,False,1500624,train
cosign_23_03055,cosign_23_03055,Ngón tay/Nguyễn Thị Thu Trang_38_Ngón tay_1692782861.030581_0_frames_40.avi,pose_format/Ngón tay/Nguyễn Thị Thu Trang_38_Ngón tay_1692782861.030581_0_frames_40.pkl,23,Ngón tay,Ngón tay,"[""Ngón tay""]",signer_025,23_Nguyễn Thị Thu Trang_38_Ngón tay_1692782861.030581_0,23_Nguyễn Thị Thu Trang_38_Ngón tay_1692782861.030581_0,False,1500624,train
cosign_23_03056,cosign_23_03056,Ngón tay/Ngón tay .mp4,pose_format/Ngón tay/Ngón tay .pkl,23,Ngón tay,Ngón tay,"[""Ngón tay""]",signer_419,23_Ngón tay,,True,10736791,dev
cosign_23_03057,cosign_23_03057,Ngón tay/Ngón tay  (2).mp4,pose_format/Ngón tay/Ngón tay  (2).pkl,23,Ngón tay,Ngón tay,"[""Ngón tay""]",signer_419,23_Ngón tay  (2),,True,10639227,dev
cosign_23_03058,cosign_23_03058,Ngón tay/Ngón tay  (3).mp4,pose_format/Ngón tay/Ngón tay  (3).pkl,23,Ngón tay,Ngón tay,"[""Ngón tay""]",signer_419,23_Ngón tay  (3),,True,12469486,dev
cosign_23_03059,cosign_23_03059,Ngón tay/Ngón tay  (4).mp4,pose_format/Ngón tay/Ngón tay  (4).pkl,23,Ngón tay,Ngón tay,"[""Ngón tay""]",signer_419,23_Ngón tay  (4),,True,11847897,dev
cosign_23_03060,cosign_23_03060,Ngón tay/Ngón tay  (5).mp4,pose_format/Ngón tay/Ngón tay  (5).pkl,23,Ngón tay,Ngón tay,"[""Ngón tay""]",signer_419,23_Ngón tay  (5),,True,10389010,dev
cosign_23_03061,cosign_23_03061,Ngón tay/Phạm Thị Mai Hương_32_Ngón tay_1692610874.79432_0_cut.avi,pose_format/Ngón tay/Phạm Thị Mai Hương_32_Ngón tay_1692610874.79432_0_cut.pkl,23,Ngón tay,Ngón tay,"[""Ngón tay""]",signer_066,23_Phạm Thị Mai Hương_32_Ngón tay_1692610874.79432_0,,True,1169454,train
cosign_23_03062,cosign_23_03062,Ngón tay/Phạm Thị Mai Hương_32_Ngón tay_1692610874.79432_0_frames_35.avi,pose_format/Ngón tay/Phạm Thị Mai Hương_32_Ngón tay_1692610874.79432_0_frames_35.pkl,23,Ngón tay,Ngón tay,"[""Ngón tay""]",signer_066,23_Phạm Thị Mai Hương_32_Ngón tay_1692610874.79432_0,23_Phạm Thị Mai Hương_32_Ngón tay_1692610874.79432_0,False,1373356,train
cosign_23_03063,cosign_23_03063,Ngón tay/Phạm Thị Mai Hương_32_Ngón tay_1692610874.79432_0_frames_40.avi,pose_format/Ngón tay/Phạm Thị Mai Hương_32_Ngón tay_1692610874.79432_0_frames_40.pkl,23,Ngón tay,Ngón tay,"[""Ngón tay""]",signer_066,23_Phạm Thị Mai Hương_32_Ngón tay_1692610874.79432_0,23_Phạm Thị Mai Hương_32_Ngón tay_1692610874.79432_0,False,1373356,train
cosign_23_03064,cosign_23_03064,Ngón tay/Trần Thị Vân Anh_39_ngón_tay_1692933156.1828973_0_cut.avi,pose_format/Ngón tay/Trần Thị Vân Anh_39_ngón_tay_1692933156.1828973_0_cut.pkl,23,Ngón tay,Ngón tay,"[""Ngón tay""]",signer_026,23_Trần Thị Vân Anh_39_ngón_tay_1692933156.1828973_0,,True,1002012,train
cosign_23_03065,cosign_23_03065,Ngón tay/Trần Thị Vân Anh_39_ngón_tay_1692933156.1828973_0_frames_35.avi,pose_format/Ngón tay/Trần Thị Vân Anh_39_ngón_tay_1692933156.1828973_0_frames_35.pkl,23,Ngón tay,Ngón tay,"[""Ngón tay""]",signer_026,23_Trần Thị Vân Anh_39_ngón_tay_1692933156.1828973_0,23_Trần Thị Vân Anh_39_ngón_tay_1692933156.1828973_0,False,1201934,train
cosign_23_03066,cosign_23_03066,Ngón tay/Trần Thị Vân Anh_39_ngón_tay_1692933156.1828973_0_frames_40.avi,pose_format/Ngón tay/Trần Thị Vân Anh_39_ngón_tay_1692933156.1828973_0_frames_40.pkl,23,Ngón tay,Ngón tay,"[""Ngón tay""]",signer_026,23_Trần Thị Vân Anh_39_ngón_tay_1692933156.1828973_0,23_Trần Thị Vân Anh_39_ngón_tay_1692933156.1828973_0,False,1201934,train
cosign_23_03067,cosign_23_03067,Ngón tay/Trần Xuân Ngọc_41_ngón tay_1692780384.3792777_0_cut.avi,pose_format/Ngón tay/Trần Xuân Ngọc_41_ngón tay_1692780384.3792777_0_cut.pkl,23,Ngón tay,Ngón tay,"[""Ngón tay""]",signer_027,23_Trần Xuân Ngọc_41_ngón tay_1692780384.3792777_0,,True,869214,train
cosign_23_03068,cosign_23_03068,Ngón tay/Trần Xuân Ngọc_41_ngón tay_1692780384.3792777_0_frames_35.avi,pose_format/Ngón tay/Trần Xuân Ngọc_41_ngón tay_1692780384.3792777_0_frames_35.pkl,23,Ngón tay,Ngón tay,"[""Ngón tay""]",signer_027,23_Trần Xuân Ngọc_41_ngón tay_1692780384.3792777_0,23_Trần Xuân Ngọc_41_ngón tay_1692780384.3792777_0,False,1091978,train
cosign_23_03069,cosign_23_03069,Ngón tay/Trần Xuân Ngọc_41_ngón tay_1692780384.3792777_0_frames_40.avi,pose_format/Ngón tay/Trần Xuân Ngọc_41_ngón tay_1692780384.3792777_0_frames_40.pkl,23,Ngón tay,Ngón tay,"[""Ngón tay""]",signer_027,23_Trần Xuân Ngọc_41_ngón tay_1692780384.3792777_0,23_Trần Xuân Ngọc_41_ngón tay_1692780384.3792777_0,False,1091978,train
cosign_23_03070,cosign_23_03070,Ngón tay/Vũ Thị Thu Phương_37_ngón tay_1692862218.5599208_0_cut.avi,pose_format/Ngón tay/Vũ Thị Thu Phương_37_ngón tay_1692862218.5599208_0_cut.pkl,23,Ngón tay,Ngón tay,"[""Ngón tay""]",signer_028,23_Vũ Thị Thu Phương_37_ngón tay_1692862218.5599208_0,,True,888774,train
cosign_23_03071,cosign_23_03071,Ngón tay/Vũ Thị Thu Phương_37_ngón tay_1692862218.5599208_0_frames_35.avi,pose_format/Ngón tay/Vũ Thị Thu Phương_37_ngón tay_1692862218.5599208_0_frames_35.pkl,23,Ngón tay,Ngón tay,"[""Ngón tay""]",signer_028,23_Vũ Thị Thu Phương_37_ngón tay_1692862218.5599208_0,23_Vũ Thị Thu Phương_37_ngón tay_1692862218.5599208_0,False,1179006,train
cosign_23_03072,cosign_23_03072,Ngón tay/Vũ Thị Thu Phương_37_ngón tay_1692862218.5599208_0_frames_40.avi,pose_format/Ngón tay/Vũ Thị Thu Phương_37_ngón tay_1692862218.5599208_0_frames_40.pkl,23,Ngón tay,Ngón tay,"[""Ngón tay""]",signer_028,23_Vũ Thị Thu Phương_37_ngón tay_1692862218.5599208_0,23_Vũ Thị Thu Phương_37_ngón tay_1692862218.5599208_0,False,1179006,train
cosign_23_03073,cosign_23_03073,Ngón tay/Đoàn Thị Thu Thủy_40_ngón tay_1692948991.5950613_0_cut.avi,pose_format/Ngón tay/Đoàn Thị Thu Thủy_40_ngón tay_1692948991.5950613_0_cut.pkl,23,Ngón tay,Ngón tay,"[""Ngón tay""]",signer_029,23_Đoàn Thị Thu Thủy_40_ngón tay_1692948991.5950613_0,,True,1117260,train
cosign_23_03074,cosign_23_03074,Ngón tay/Đoàn Thị Thu Thủy_40_ngón tay_1692948991.5950613_0_frames_35.avi,pose_format/Ngón tay/Đoàn Thị Thu Thủy_40_ngón tay_1692948991.5950613_0_frames_35.pkl,23,Ngón tay,Ngón tay,"[""Ngón tay""]",signer_029,23_Đoàn Thị Thu Thủy_40_ngón tay_1692948991.5950613_0,23_Đoàn Thị Thu Thủy_40_ngón tay_1692948991.5950613_0,False,1365834,train
cosign_23_03075,cosign_23_03075,Ngón tay/Đoàn Thị Thu Thủy_40_ngón tay_1692948991.5950613_0_frames_40.avi,pose_format/Ngón tay/Đoàn Thị Thu Thủy_40_ngón tay_1692948991.5950613_0_frames_40.pkl,23,Ngón tay,Ngón tay,"[""Ngón tay""]",signer_029,23_Đoàn Thị Thu Thủy_40_ngón tay_1692948991.5950613_0,23_Đoàn Thị Thu Thủy_40_ngón tay_1692948991.5950613_0,False,1365834,train
cosign_23_03076,cosign_23_03076,Ngón tay/Đặng Thị Kiên_37_ngón tay_1693016716.1708424_0_cut.avi,pose_format/Ngón tay/Đặng Thị Kiên_37_ngón tay_1693016716.1708424_0_cut.pkl,23,Ngón tay,Ngón tay,"[""Ngón tay""]",signer_030,23_Đặng Thị Kiên_37_ngón tay_1693016716.1708424_0,,True,1175302,train
cosign_23_03077,cosign_23_03077,Ngón tay/Đặng Thị Kiên_37_ngón tay_1693016716.1708424_0_frames_35.avi,pose_format/Ngón tay/Đặng Thị Kiên_37_ngón tay_1693016716.1708424_0_frames_35.pkl,23,Ngón tay,Ngón tay,"[""Ngón tay""]",signer_030,23_Đặng Thị Kiên_37_ngón tay_1693016716.1708424_0,23_Đặng Thị Kiên_37_ngón tay_1693016716.1708424_0,False,1565964,train
cosign_23_03078,cosign_23_03078,Ngón tay/Đặng Thị Kiên_37_ngón tay_1693016716.1708424_0_frames_40.avi,pose_format/Ngón tay/Đặng Thị Kiên_37_ngón tay_1693016716.1708424_0_frames_40.pkl,23,Ngón tay,Ngón tay,"[""Ngón tay""]",signer_030,23_Đặng Thị Kiên_37_ngón tay_1693016716.1708424_0,23_Đặng Thị Kiên_37_ngón tay_1693016716.1708424_0,False,1565964,train
cosign_23_03079,cosign_23_03079,Ngón tay/Đỗ Thị Vấn_41_ngón tay_1692777506.7295218_0_cut.avi,pose_format/Ngón tay/Đỗ Thị Vấn_41_ngón tay_1692777506.7295218_0_cut.pkl,23,Ngón tay,Ngón tay,"[""Ngón tay""]",signer_031,23_Đỗ Thị Vấn_41_ngón tay_1692777506.7295218_0,,True,1376888,train
cosign_23_03080,cosign_23_03080,Ngón tay/Đỗ Thị Vấn_41_ngón tay_1692777506.7295218_0_frames_35.avi,pose_format/Ngón tay/Đỗ Thị Vấn_41_ngón tay_1692777506.7295218_0_frames_35.pkl,23,Ngón tay,Ngón tay,"[""Ngón tay""]",signer_031,23_Đỗ Thị Vấn_41_ngón tay_1692777506.7295218_0,23_Đỗ Thị Vấn_41_ngón tay_1692777506.7295218_0,False,1827710,train
cosign_23_03081,cosign_23_03081,Ngón tay/Đỗ Thị Vấn_41_ngón tay_1692777506.7295218_0_frames_40.avi,pose_format/Ngón tay/Đỗ Thị Vấn_41_ngón tay_1692777506.7295218_0_frames_40.pkl,23,Ngón tay,Ngón tay,"[""Ngón tay""]",signer_031,23_Đỗ Thị Vấn_41_ngón tay_1692777506.7295218_0,23_Đỗ Thị Vấn_41_ngón tay_1692777506.7295218_0,False,1827710,train
cosign_24_03082,cosign_24_03082,Nhà/DANG THI KIEN_37_NHÀ_1693192134.5929039_0_cut.avi,pose_format/Nhà/DANG THI KIEN_37_NHÀ_1693192134.5929039_0_cut.pkl,24,Nhà,Nhà,"[""Nhà""]",signer_084,24_DANG THI KIEN_37_NHÀ_1693192134.5929039_0,,True,820864,train
cosign_24_03083,cosign_24_03083,Nhà/DANG THI KIEN_37_NHÀ_1693192134.5929039_0_frames_35.avi,pose_format/Nhà/DANG THI KIEN_37_NHÀ_1693192134.5929039_0_frames_35.pkl,24,Nhà,Nhà,"[""Nhà""]",signer_084,24_DANG THI KIEN_37_NHÀ_1693192134.5929039_0,24_DANG THI KIEN_37_NHÀ_1693192134.5929039_0,False,965248,train
cosign_24_03084,cosign_24_03084,Nhà/DANG THI KIEN_37_NHÀ_1693192134.5929039_0_frames_40.avi,pose_format/Nhà/DANG THI KIEN_37_NHÀ_1693192134.5929039_0_frames_40.pkl,24,Nhà,Nhà,"[""Nhà""]",signer_084,24_DANG THI KIEN_37_NHÀ_1693192134.5929039_0,24_DANG THI KIEN_37_NHÀ_1693192134.5929039_0,False,965248,train
cosign_24_03085,cosign_24_03085,Nhà/Lê Phương Thảo _12_Nhà_1692754838.694577_0_cut.avi,pose_format/Nhà/Lê Phương Thảo _12_Nhà_1692754838.694577_0_cut.pkl,24,Nhà,Nhà,"[""Nhà""]",signer_019,24_Lê Phương Thảo _12_Nhà_1692754838.694577_0,,True,683514,train
cosign_24_03086,cosign_24_03086,Nhà/Lê Phương Thảo _12_Nhà_1692754838.694577_0_frames_35.avi,pose_format/Nhà/Lê Phương Thảo _12_Nhà_1692754838.694577_0_frames_35.pkl,24,Nhà,Nhà,"[""Nhà""]",signer_019,24_Lê Phương Thảo _12_Nhà_1692754838.694577_0,24_Lê Phương Thảo _12_Nhà_1692754838.694577_0,False,864210,train
cosign_24_03087,cosign_24_03087,Nhà/Lê Phương Thảo _12_Nhà_1692754838.694577_0_frames_40.avi,pose_format/Nhà/Lê Phương Thảo _12_Nhà_1692754838.694577_0_frames_40.pkl,24,Nhà,Nhà,"[""Nhà""]",signer_019,24_Lê Phương Thảo _12_Nhà_1692754838.694577_0,24_Lê Phương Thảo _12_Nhà_1692754838.694577_0,False,864210,train
cosign_24_03088,cosign_24_03088,Nhà/Lê Thanh Như_12_Nhà_1692754878.4910989_0_cut.avi,pose_format/Nhà/Lê Thanh Như_12_Nhà_1692754878.4910989_0_cut.pkl,24,Nhà,Nhà,"[""Nhà""]",signer_020,24_Lê Thanh Như_12_Nhà_1692754878.4910989_0,,True,987510,train
cosign_24_03089,cosign_24_03089,Nhà/Lê Thanh Như_12_Nhà_1692754878.4910989_0_frames_35.avi,pose_format/Nhà/Lê Thanh Như_12_Nhà_1692754878.4910989_0_frames_35.pkl,24,Nhà,Nhà,"[""Nhà""]",signer_020,24_Lê Thanh Như_12_Nhà_1692754878.4910989_0,24_Lê Thanh Như_12_Nhà_1692754878.4910989_0,False,1255390,train
cosign_24_03090,cosign_24_03090,Nhà/Lê Thanh Như_12_Nhà_1692754878.4910989_0_frames_40.avi,pose_format/Nhà/Lê Thanh Như_12_Nhà_1692754878.4910989_0_frames_40.pkl,24,Nhà,Nhà,"[""Nhà""]",signer_020,24_Lê Thanh Như_12_Nhà_1692754878.4910989_0,24_Lê Thanh Như_12_Nhà_1692754878.4910989_0,False,1255390,train
cosign_24_03091,cosign_24_03091,Nhà/NHÀ_BÙI_MAI_CHI_ (1).mp4,pose_format/Nhà/NHÀ_BÙI_MAI_CHI_ (1).pkl,24,Nhà,Nhà,"[""Nhà""]",signer_420,24_NHÀ_BÙI_MAI_CHI_ (1),,True,6500399,dev
cosign_24_03092,cosign_24_03092,Nhà/NHÀ_BÙI_MAI_CHI_ (2).mp4,pose_format/Nhà/NHÀ_BÙI_MAI_CHI_ (2).pkl,24,Nhà,Nhà,"[""Nhà""]",signer_420,24_NHÀ_BÙI_MAI_CHI_ (2),,True,7736572,dev
cosign_24_03093,cosign_24_03093,Nhà/NHÀ_BÙI_MAI_CHI_ (3).mp4,pose_format/Nhà/NHÀ_BÙI_MAI_CHI_ (3).pkl,24,Nhà,Nhà,"[""Nhà""]",signer_420,24_NHÀ_BÙI_MAI_CHI_ (3),,True,7527426,dev
cosign_24_03094,cosign_24_03094,Nhà/NHÀ_BÙI_MAI_CHI_ (4).mp4,pose_format/Nhà/NHÀ_BÙI_MAI_CHI_ (4).pkl,24,Nhà,Nhà,"[""Nhà""]",signer_420,24_NHÀ_BÙI_MAI_CHI_ (4),,True,7257345,dev
cosign_24_03095,cosign_24_03095,Nhà/NHÀ_BÙI_MAI_CHI_ (5).mp4,pose_format/Nhà/NHÀ_BÙI_MAI_CHI_ (5).pkl,24,Nhà,Nhà,"[""Nhà""]",signer_420,24_NHÀ_BÙI_MAI_CHI_ (5),,True,7401091,dev
cosign_24_03096,cosign_24_03096,Nhà/NHÀ_BÙI_MẬU_VĂN_ (1).mp4,pose_format/Nhà/NHÀ_BÙI_MẬU_VĂN_ (1).pkl,24,Nhà,Nhà,"[""Nhà""]",signer_421,24_NHÀ_BÙI_MẬU_VĂN_ (1),,True,6379052,dev
cosign_24_03097,cosign_24_03097,Nhà/NHÀ_BÙI_MẬU_VĂN_ (2).mp4,pose_format/Nhà/NHÀ_BÙI_MẬU_VĂN_ (2).pkl,24,Nhà,Nhà,"[""Nhà""]",signer_421,24_NHÀ_BÙI_MẬU_VĂN_ (2),,True,6104308,dev
cosign_24_03098,cosign_24_03098,Nhà/NHÀ_BÙI_MẬU_VĂN_ (3).mp4,pose_format/Nhà/NHÀ_BÙI_MẬU_VĂN_ (3).pkl,24,Nhà,Nhà,"[""Nhà""]",signer_421,24_NHÀ_BÙI_MẬU_VĂN_ (3),,True,5621933,dev
cosign_24_03099,cosign_24_03099,Nhà/NHÀ_BÙI_MẬU_VĂN_ (4).mp4,pose_format/Nhà/NHÀ_BÙI_MẬU_VĂN_ (4).pkl,24,Nhà,Nhà,"[""Nhà""]",signer_421,24_NHÀ_BÙI_MẬU_VĂN_ (4),,True,5086569,dev
cosign_24_03100,cosign_24_03100,Nhà/NHÀ_BÙI_MẬU_VĂN_ (5).mp4,pose_format/Nhà/NHÀ_BÙI_MẬU_VĂN_ (5).pkl,24,Nhà,Nhà,"[""Nhà""]",signer_421,24_NHÀ_BÙI_MẬU_VĂN_ (5),,True,5297259,dev
cosign_24_03101,cosign_24_03101,Nhà/NHÀ_LÊ_QUANG_MẠNH_ (1).mp4,pose_format/Nhà/NHÀ_LÊ_QUANG_MẠNH_ (1).pkl,24,Nhà,Nhà,"[""Nhà""]",signer_422,24_NHÀ_LÊ_QUANG_MẠNH_ (1),,True,5819738,dev
cosign_24_03102,cosign_24_03102,Nhà/NHÀ_LÊ_QUANG_MẠNH_ (2).mp4,pose_format/Nhà/NHÀ_LÊ_QUANG_MẠNH_ (2).pkl,24,Nhà,Nhà,"[""Nhà""]",signer_422,24_NHÀ_LÊ_QUANG_MẠNH_ (2),,True,5332362,dev
cosign_24_03103,cosign_24_03103,Nhà/NHÀ_LÊ_QUANG_MẠNH_ (3).mp4,pose_format/Nhà/NHÀ_LÊ_QUANG_MẠNH_ (3).pkl,24,Nhà,Nhà,"[""Nhà""]",signer_422,24_NHÀ_LÊ_QUANG_MẠNH_ (3),,True,4882908,dev
cosign_24_03104,cosign_24_03104,Nhà/NHÀ_LÊ_QUANG_MẠNH_ (4).mp4,pose_format/Nhà/NHÀ_LÊ_QUANG_MẠNH_ (4).pkl,24,Nhà,Nhà,"[""Nhà""]",signer_422,24_NHÀ_LÊ_QUANG_MẠNH_ (4),,True,5249968,dev
cosign_24_03105,cosign_24_03105,Nhà/NHÀ_LÊ_QUANG_MẠNH_ (5).mp4,pose_format/Nhà/NHÀ_LÊ_QUANG_MẠNH_ (5).pkl,24,Nhà,Nhà,"[""Nhà""]",signer_422,24_NHÀ_LÊ_QUANG_MẠNH_ (5),,True,4962036,dev
cosign_24_03106,cosign_24_03106,Nhà/NHÀ_LẠI_QUANG_VINH_ (1).MOV,pose_format/Nhà/NHÀ_LẠI_QUANG_VINH_ (1).pkl,24,Nhà,Nhà,"[""Nhà""]",signer_423,24_NHÀ_LẠI_QUANG_VINH_ (1),,True,1880010,dev
cosign_24_03107,cosign_24_03107,Nhà/NHÀ_LẠI_QUANG_VINH_ (2).MOV,pose_format/Nhà/NHÀ_LẠI_QUANG_VINH_ (2).pkl,24,Nhà,Nhà,"[""Nhà""]",signer_423,24_NHÀ_LẠI_QUANG_VINH_ (2),,True,2093386,dev
cosign_24_03108,cosign_24_03108,Nhà/NHÀ_LẠI_QUANG_VINH_ (3).MOV,pose_format/Nhà/NHÀ_LẠI_QUANG_VINH_ (3).pkl,24,Nhà,Nhà,"[""Nhà""]",signer_423,24_NHÀ_LẠI_QUANG_VINH_ (3),,True,2305992,dev
cosign_24_03109,cosign_24_03109,Nhà/NHÀ_LẠI_QUANG_VINH_ (4).MOV,pose_format/Nhà/NHÀ_LẠI_QUANG_VINH_ (4).pkl,24,Nhà,Nhà,"[""Nhà""]",signer_423,24_NHÀ_LẠI_QUANG_VINH_ (4),,True,2589644,dev
cosign_24_03110,cosign_24_03110,Nhà/NHÀ_LẠI_QUANG_VINH_ (5).MOV,pose_format/Nhà/NHÀ_LẠI_QUANG_VINH_ (5).pkl,24,Nhà,Nhà,"[""Nhà""]",signer_423,24_NHÀ_LẠI_QUANG_VINH_ (5),,True,2344594,dev
cosign_24_03111,cosign_24_03111,Nhà/NHÀ_LẠI_QUANG_VINH_(1).mp4,pose_format/Nhà/NHÀ_LẠI_QUANG_VINH_(1).pkl,24,Nhà,Nhà,"[""Nhà""]",signer_423,24_NHÀ_LẠI_QUANG_VINH_(1),,True,694143,dev
cosign_24_03112,cosign_24_03112,Nhà/NHÀ_LẠI_QUANG_VINH_(2).mp4,pose_format/Nhà/NHÀ_LẠI_QUANG_VINH_(2).pkl,24,Nhà,Nhà,"[""Nhà""]",signer_423,24_NHÀ_LẠI_QUANG_VINH_(2),,True,733459,dev
cosign_24_03113,cosign_24_03113,Nhà/NHÀ_LẠI_QUANG_VINH_(3).mp4,pose_format/Nhà/NHÀ_LẠI_QUANG_VINH_(3).pkl,24,Nhà,Nhà,"[""Nhà""]",signer_423,24_NHÀ_LẠI_QUANG_VINH_(3),,True,796111,dev
cosign_24_03114,cosign_24_03114,Nhà/NHÀ_LẠI_QUANG_VINH_(4).mp4,pose_format/Nhà/NHÀ_LẠI_QUANG_VINH_(4).pkl,24,Nhà,Nhà,"[""Nhà""]",signer_423,24_NHÀ_LẠI_QUANG_VINH_(4),,True,859950,dev
cosign_24_03115,cosign_24_03115,Nhà/NHÀ_LẠI_QUANG_VINH_(5).mp4,pose_format/Nhà/NHÀ_LẠI_QUANG_VINH_(5).pkl,24,Nhà,Nhà,"[""Nhà""]",signer_423,24_NHÀ_LẠI_QUANG_VINH_(5),,True,792429,dev
cosign_24_03116,cosign_24_03116,Nhà/NHÀ_MAI_HOÀNG_XUÂN_ (1).mp4,pose_format/Nhà/NHÀ_MAI_HOÀNG_XUÂN_ (1).pkl,24,Nhà,Nhà,"[""Nhà""]",signer_424,24_NHÀ_MAI_HOÀNG_XUÂN_ (1),,True,4648493,dev
cosign_24_03117,cosign_24_03117,Nhà/NHÀ_MAI_HOÀNG_XUÂN_ (2).mp4,pose_format/Nhà/NHÀ_MAI_HOÀNG_XUÂN_ (2).pkl,24,Nhà,Nhà,"[""Nhà""]",signer_424,24_NHÀ_MAI_HOÀNG_XUÂN_ (2),,True,5167758,dev
cosign_24_03118,cosign_24_03118,Nhà/NHÀ_MAI_HOÀNG_XUÂN_ (3).mp4,pose_format/Nhà/NHÀ_MAI_HOÀNG_XUÂN_ (3).pkl,24,Nhà,Nhà,"[""Nhà""]",signer_424,24_NHÀ_MAI_HOÀNG_XUÂN_ (3),,True,5493080,dev
cosign_24_03119,cosign_24_03119,Nhà/NHÀ_MAI_HOÀNG_XUÂN_ (4).mp4,pose_format/Nhà/NHÀ_MAI_HOÀNG_XUÂN_ (4).pkl,24,Nhà,Nhà,"[""Nhà""]",signer_424,24_NHÀ_MAI_HOÀNG_XUÂN_ (4),,True,6051455,dev
cosign_24_03120,cosign_24_03120,Nhà/NHÀ_MAI_HOÀNG_XUÂN_ (5).mp4,pose_format/Nhà/NHÀ_MAI_HOÀNG_XUÂN_ (5).pkl,24,Nhà,Nhà,"[""Nhà""]",signer_424,24_NHÀ_MAI_HOÀNG_XUÂN_ (5),,True,6145422,dev
cosign_24_03121,cosign_24_03121,Nhà/NHÀ_NGUYỄN_HOÀNG_ĐIỆP_ (1).mp4,pose_format/Nhà/NHÀ_NGUYỄN_HOÀNG_ĐIỆP_ (1).pkl,24,Nhà,Nhà,"[""Nhà""]",signer_425,24_NHÀ_NGUYỄN_HOÀNG_ĐIỆP_ (1),,True,6914352,dev
cosign_24_03122,cosign_24_03122,Nhà/NHÀ_NGUYỄN_HOÀNG_ĐIỆP_ (2).mp4,pose_format/Nhà/NHÀ_NGUYỄN_HOÀNG_ĐIỆP_ (2).pkl,24,Nhà,Nhà,"[""Nhà""]",signer_425,24_NHÀ_NGUYỄN_HOÀNG_ĐIỆP_ (2),,True,5431666,dev
cosign_24_03123,cosign_24_03123,Nhà/NHÀ_NGUYỄN_HOÀNG_ĐIỆP_ (3).mp4,pose_format/Nhà/NHÀ_NGUYỄN_HOÀNG_ĐIỆP_ (3).pkl,24,Nhà,Nhà,"[""Nhà""]",signer_425,24_NHÀ_NGUYỄN_HOÀNG_ĐIỆP_ (3),,True,4961860,dev
cosign_24_03124,cosign_24_03124,Nhà/NHÀ_NGUYỄN_HOÀNG_ĐIỆP_ (4).mp4,pose_format/Nhà/NHÀ_NGUYỄN_HOÀNG_ĐIỆP_ (4).pkl,24,Nhà,Nhà,"[""Nhà""]",signer_425,24_NHÀ_NGUYỄN_HOÀNG_ĐIỆP_ (4),,True,5497466,dev
cosign_24_03125,cosign_24_03125,Nhà/NHÀ_NGUYỄN_HOÀNG_ĐIỆP_ (5).mp4,pose_format/Nhà/NHÀ_NGUYỄN_HOÀNG_ĐIỆP_ (5).pkl,24,Nhà,Nhà,"[""Nhà""]",signer_425,24_NHÀ_NGUYỄN_HOÀNG_ĐIỆP_ (5),,True,5656792,dev
cosign_24_03126,cosign_24_03126,Nhà/NHÀ_NGUYỄN_PHƯƠNG_ANH_ (1).mp4,pose_format/Nhà/NHÀ_NGUYỄN_PHƯƠNG_ANH_ (1).pkl,24,Nhà,Nhà,"[""Nhà""]",signer_426,24_NHÀ_NGUYỄN_PHƯƠNG_ANH_ (1),,True,5684357,dev
cosign_24_03127,cosign_24_03127,Nhà/NHÀ_NGUYỄN_PHƯƠNG_ANH_ (2).mp4,pose_format/Nhà/NHÀ_NGUYỄN_PHƯƠNG_ANH_ (2).pkl,24,Nhà,Nhà,"[""Nhà""]",signer_426,24_NHÀ_NGUYỄN_PHƯƠNG_ANH_ (2),,True,5821989,dev
cosign_24_03128,cosign_24_03128,Nhà/NHÀ_NGUYỄN_PHƯƠNG_ANH_ (3).mp4,pose_format/Nhà/NHÀ_NGUYỄN_PHƯƠNG_ANH_ (3).pkl,24,Nhà,Nhà,"[""Nhà""]",signer_426,24_NHÀ_NGUYỄN_PHƯƠNG_ANH_ (3),,True,6243625,dev
cosign_24_03129,cosign_24_03129,Nhà/NHÀ_NGUYỄN_PHƯƠNG_ANH_ (4).mp4,pose_format/Nhà/NHÀ_NGUYỄN_PHƯƠNG_ANH_ (4).pkl,24,Nhà,Nhà,"[""Nhà""]",signer_426,24_NHÀ_NGUYỄN_PHƯƠNG_ANH_ (4),,True,6093848,dev
cosign_24_03130,cosign_24_03130,Nhà/NHÀ_NGUYỄN_PHƯƠNG_ANH_ (5).mp4,pose_format/Nhà/NHÀ_NGUYỄN_PHƯƠNG_ANH_ (5).pkl,24,Nhà,Nhà,"[""Nhà""]",signer_426,24_NHÀ_NGUYỄN_PHƯƠNG_ANH_ (5),,True,6282882,dev
cosign_24_03131,cosign_24_03131,Nhà/NHÀ_NGUYỄN_VIẾT_QUANG_ (1).mp4,pose_format/Nhà/NHÀ_NGUYỄN_VIẾT_QUANG_ (1).pkl,24,Nhà,Nhà,"[""Nhà""]",signer_427,24_NHÀ_NGUYỄN_VIẾT_QUANG_ (1),,True,5054853,dev
cosign_24_03132,cosign_24_03132,Nhà/NHÀ_NGUYỄN_VIẾT_QUANG_ (2).mp4,pose_format/Nhà/NHÀ_NGUYỄN_VIẾT_QUANG_ (2).pkl,24,Nhà,Nhà,"[""Nhà""]",signer_427,24_NHÀ_NGUYỄN_VIẾT_QUANG_ (2),,True,5125590,dev
cosign_24_03133,cosign_24_03133,Nhà/NHÀ_NGUYỄN_VIẾT_QUANG_ (3).mp4,pose_format/Nhà/NHÀ_NGUYỄN_VIẾT_QUANG_ (3).pkl,24,Nhà,Nhà,"[""Nhà""]",signer_427,24_NHÀ_NGUYỄN_VIẾT_QUANG_ (3),,True,4639293,dev
cosign_24_03134,cosign_24_03134,Nhà/NHÀ_NGUYỄN_VIẾT_QUANG_ (4).mp4,pose_format/Nhà/NHÀ_NGUYỄN_VIẾT_QUANG_ (4).pkl,24,Nhà,Nhà,"[""Nhà""]",signer_427,24_NHÀ_NGUYỄN_VIẾT_QUANG_ (4),,True,5767266,dev
cosign_24_03135,cosign_24_03135,Nhà/NHÀ_NGUYỄN_VIẾT_QUANG_ (5).mp4,pose_format/Nhà/NHÀ_NGUYỄN_VIẾT_QUANG_ (5).pkl,24,Nhà,Nhà,"[""Nhà""]",signer_427,24_NHÀ_NGUYỄN_VIẾT_QUANG_ (5),,True,5569696,dev
cosign_24_03136,cosign_24_03136,Nhà/NHÀ_NGÔ_TUẤN_ANH_ (1).mp4,pose_format/Nhà/NHÀ_NGÔ_TUẤN_ANH_ (1).pkl,24,Nhà,Nhà,"[""Nhà""]",signer_428,24_NHÀ_NGÔ_TUẤN_ANH_ (1),,True,5591820,dev
cosign_24_03137,cosign_24_03137,Nhà/NHÀ_NGÔ_TUẤN_ANH_ (2).mp4,pose_format/Nhà/NHÀ_NGÔ_TUẤN_ANH_ (2).pkl,24,Nhà,Nhà,"[""Nhà""]",signer_428,24_NHÀ_NGÔ_TUẤN_ANH_ (2),,True,5910217,dev
cosign_24_03138,cosign_24_03138,Nhà/NHÀ_NGÔ_TUẤN_ANH_ (3).mp4,pose_format/Nhà/NHÀ_NGÔ_TUẤN_ANH_ (3).pkl,24,Nhà,Nhà,"[""Nhà""]",signer_428,24_NHÀ_NGÔ_TUẤN_ANH_ (3),,True,6205308,dev
cosign_24_03139,cosign_24_03139,Nhà/NHÀ_NGÔ_TUẤN_ANH_ (4).mp4,pose_format/Nhà/NHÀ_NGÔ_TUẤN_ANH_ (4).pkl,24,Nhà,Nhà,"[""Nhà""]",signer_428,24_NHÀ_NGÔ_TUẤN_ANH_ (4),,True,6320389,dev
cosign_24_03140,cosign_24_03140,Nhà/NHÀ_NGÔ_TUẤN_ANH_ (5).mp4,pose_format/Nhà/NHÀ_NGÔ_TUẤN_ANH_ (5).pkl,24,Nhà,Nhà,"[""Nhà""]",signer_428,24_NHÀ_NGÔ_TUẤN_ANH_ (5),,True,6098967,dev
cosign_24_03141,cosign_24_03141,Nhà/NHÀ_PHẠM_ĐÌNH_HẢI_(1).mp4,pose_format/Nhà/NHÀ_PHẠM_ĐÌNH_HẢI_(1).pkl,24,Nhà,Nhà,"[""Nhà""]",signer_429,24_NHÀ_PHẠM_ĐÌNH_HẢI_(1),,True,11384532,dev
cosign_24_03142,cosign_24_03142,Nhà/NHÀ_PHẠM_ĐÌNH_HẢI_(2).mp4,pose_format/Nhà/NHÀ_PHẠM_ĐÌNH_HẢI_(2).pkl,24,Nhà,Nhà,"[""Nhà""]",signer_429,24_NHÀ_PHẠM_ĐÌNH_HẢI_(2),,True,10944594,dev
cosign_24_03143,cosign_24_03143,Nhà/NHÀ_PHẠM_ĐÌNH_HẢI_(3).mp4,pose_format/Nhà/NHÀ_PHẠM_ĐÌNH_HẢI_(3).pkl,24,Nhà,Nhà,"[""Nhà""]",signer_429,24_NHÀ_PHẠM_ĐÌNH_HẢI_(3),,True,11781339,dev
cosign_24_03144,cosign_24_03144,Nhà/NHÀ_PHẠM_ĐÌNH_HẢI_(4).mp4,pose_format/Nhà/NHÀ_PHẠM_ĐÌNH_HẢI_(4).pkl,24,Nhà,Nhà,"[""Nhà""]",signer_429,24_NHÀ_PHẠM_ĐÌNH_HẢI_(4),,True,10973792,dev
cosign_24_03145,cosign_24_03145,Nhà/NHÀ_PHẠM_ĐÌNH_HẢI_(5).mp4,pose_format/Nhà/NHÀ_PHẠM_ĐÌNH_HẢI_(5).pkl,24,Nhà,Nhà,"[""Nhà""]",signer_429,24_NHÀ_PHẠM_ĐÌNH_HẢI_(5),,True,12731215,dev
cosign_24_03146,cosign_24_03146,Nhà/NHÀ_TRƯƠNG_NGỌC_DIỄM_ (1).mp4,pose_format/Nhà/NHÀ_TRƯƠNG_NGỌC_DIỄM_ (1).pkl,24,Nhà,Nhà,"[""Nhà""]",signer_430,24_NHÀ_TRƯƠNG_NGỌC_DIỄM_ (1),,True,6197497,dev
cosign_24_03147,cosign_24_03147,Nhà/NHÀ_TRƯƠNG_NGỌC_DIỄM_ (2).mp4,pose_format/Nhà/NHÀ_TRƯƠNG_NGỌC_DIỄM_ (2).pkl,24,Nhà,Nhà,"[""Nhà""]",signer_430,24_NHÀ_TRƯƠNG_NGỌC_DIỄM_ (2),,True,6557168,dev
cosign_24_03148,cosign_24_03148,Nhà/NHÀ_TRƯƠNG_NGỌC_DIỄM_ (3).mp4,pose_format/Nhà/NHÀ_TRƯƠNG_NGỌC_DIỄM_ (3).pkl,24,Nhà,Nhà,"[""Nhà""]",signer_430,24_NHÀ_TRƯƠNG_NGỌC_DIỄM_ (3),,True,6318120,dev
cosign_24_03149,cosign_24_03149,Nhà/NHÀ_TRƯƠNG_NGỌC_DIỄM_ (4).mp4,pose_format/Nhà/NHÀ_TRƯƠNG_NGỌC_DIỄM_ (4).pkl,24,Nhà,Nhà,"[""Nhà""]",signer_430,24_NHÀ_TRƯƠNG_NGỌC_DIỄM_ (4),,True,6090706,dev
cosign_24_03150,cosign_24_03150,Nhà/NHÀ_TRƯƠNG_NGỌC_DIỄM_ (5).mp4,pose_format/Nhà/NHÀ_TRƯƠNG_NGỌC_DIỄM_ (5).pkl,24,Nhà,Nhà,"[""Nhà""]",signer_430,24_NHÀ_TRƯƠNG_NGỌC_DIỄM_ (5),,True,5608237,dev
cosign_24_03151,cosign_24_03151,Nhà/NHÀ_TRẦN_TUẤN_MINH_ (1).mp4,pose_format/Nhà/NHÀ_TRẦN_TUẤN_MINH_ (1).pkl,24,Nhà,Nhà,"[""Nhà""]",signer_431,24_NHÀ_TRẦN_TUẤN_MINH_ (1),,True,5813023,dev
cosign_24_03152,cosign_24_03152,Nhà/NHÀ_TRẦN_TUẤN_MINH_ (2).mp4,pose_format/Nhà/NHÀ_TRẦN_TUẤN_MINH_ (2).pkl,24,Nhà,Nhà,"[""Nhà""]",signer_431,24_NHÀ_TRẦN_TUẤN_MINH_ (2),,True,6757221,dev
cosign_24_03153,cosign_24_03153,Nhà/NHÀ_TRẦN_TUẤN_MINH_ (3).mp4,pose_format/Nhà/NHÀ_TRẦN_TUẤN_MINH_ (3).pkl,24,Nhà,Nhà,"[""Nhà""]",signer_431,24_NHÀ_TRẦN_TUẤN_MINH_ (3),,True,6499755,dev
cosign_24_03154,cosign_24_03154,Nhà/NHÀ_TRẦN_TUẤN_MINH_ (4).mp4,pose_format/Nhà/NHÀ_TRẦN_TUẤN_MINH_ (4).pkl,24,Nhà,Nhà,"[""Nhà""]",signer_431,24_NHÀ_TRẦN_TUẤN_MINH_ (4),,True,7216530,dev
cosign_24_03155,cosign_24_03155,Nhà/NHÀ_TRẦN_TUẤN_MINH_ (5).mp4,pose_format/Nhà/NHÀ_TRẦN_TUẤN_MINH_ (5).pkl,24,Nhà,Nhà,"[""Nhà""]",signer_431,24_NHÀ_TRẦN_TUẤN_MINH_ (5),,True,6869498,dev
cosign_24_03156,cosign_24_03156,Nhà/NHÀ_TRẦN_ĐỨC_QUÂN_ (1).mp4,pose_format/Nhà/NHÀ_TRẦN_ĐỨC_QUÂN_ (1).pkl,24,Nhà,Nhà,"[""Nhà""]",signer_432,24_NHÀ_TRẦN_ĐỨC_QUÂN_ (1),,True,5861425,dev
cosign_24_03157,cosign_24_03157,Nhà/NHÀ_TRẦN_ĐỨC_QUÂN_ (2).mp4,pose_format/Nhà/NHÀ_TRẦN_ĐỨC_QUÂN_ (2).pkl,24,Nhà,Nhà,"[""Nhà""]",signer_432,24_NHÀ_TRẦN_ĐỨC_QUÂN_ (2),,True,6644821,dev
cosign_24_03158,cosign_24_03158,Nhà/NHÀ_TRẦN_ĐỨC_QUÂN_ (3).mp4,pose_format/Nhà/NHÀ_TRẦN_ĐỨC_QUÂN_ (3).pkl,24,Nhà,Nhà,"[""Nhà""]",signer_432,24_NHÀ_TRẦN_ĐỨC_QUÂN_ (3),,True,6024707,dev
cosign_24_03159,cosign_24_03159,Nhà/NHÀ_TRẦN_ĐỨC_QUÂN_ (4).mp4,pose_format/Nhà/NHÀ_TRẦN_ĐỨC_QUÂN_ (4).pkl,24,Nhà,Nhà,"[""Nhà""]",signer_432,24_NHÀ_TRẦN_ĐỨC_QUÂN_ (4),,True,5984484,dev
cosign_24_03160,cosign_24_03160,Nhà/NHÀ_TRẦN_ĐỨC_QUÂN_ (5).mp4,pose_format/Nhà/NHÀ_TRẦN_ĐỨC_QUÂN_ (5).pkl,24,Nhà,Nhà,"[""Nhà""]",signer_432,24_NHÀ_TRẦN_ĐỨC_QUÂN_ (5),,True,6511509,dev
cosign_24_03161,cosign_24_03161,Nhà/NHÀ_TẠ_THỊ_PHƯƠNG_LINH_ (1).mp4,pose_format/Nhà/NHÀ_TẠ_THỊ_PHƯƠNG_LINH_ (1).pkl,24,Nhà,Nhà,"[""Nhà""]",signer_433,24_NHÀ_TẠ_THỊ_PHƯƠNG_LINH_ (1),,True,3473036,dev
cosign_24_03162,cosign_24_03162,Nhà/NHÀ_TẠ_THỊ_PHƯƠNG_LINH_ (2).mp4,pose_format/Nhà/NHÀ_TẠ_THỊ_PHƯƠNG_LINH_ (2).pkl,24,Nhà,Nhà,"[""Nhà""]",signer_433,24_NHÀ_TẠ_THỊ_PHƯƠNG_LINH_ (2),,True,3435571,dev
cosign_24_03163,cosign_24_03163,Nhà/NHÀ_TẠ_THỊ_PHƯƠNG_LINH_ (3).mp4,pose_format/Nhà/NHÀ_TẠ_THỊ_PHƯƠNG_LINH_ (3).pkl,24,Nhà,Nhà,"[""Nhà""]",signer_433,24_NHÀ_TẠ_THỊ_PHƯƠNG_LINH_ (3),,True,3885056,dev
cosign_24_03164,cosign_24_03164,Nhà/NHÀ_TẠ_THỊ_PHƯƠNG_LINH_ (4).mp4,pose_format/Nhà/NHÀ_TẠ_THỊ_PHƯƠNG_LINH_ (4).pkl,24,Nhà,Nhà,"[""Nhà""]",signer_433,24_NHÀ_TẠ_THỊ_PHƯƠNG_LINH_ (4),,True,3606182,dev
cosign_24_03165,cosign_24_03165,Nhà/NHÀ_TẠ_THỊ_PHƯƠNG_LINH_ (5).mp4,pose_format/Nhà/NHÀ_TẠ_THỊ_PHƯƠNG_LINH_ (5).pkl,24,Nhà,Nhà,"[""Nhà""]",signer_433,24_NHÀ_TẠ_THỊ_PHƯƠNG_LINH_ (5),,True,3780320,dev
cosign_24_03166,cosign_24_03166,Nhà/NHÀ_VŨ_HUY_DU_ (1).mp4,pose_format/Nhà/NHÀ_VŨ_HUY_DU_ (1).pkl,24,Nhà,Nhà,"[""Nhà""]",signer_434,24_NHÀ_VŨ_HUY_DU_ (1),,True,5111744,dev
cosign_24_03167,cosign_24_03167,Nhà/NHÀ_VŨ_HUY_DU_ (2).mp4,pose_format/Nhà/NHÀ_VŨ_HUY_DU_ (2).pkl,24,Nhà,Nhà,"[""Nhà""]",signer_434,24_NHÀ_VŨ_HUY_DU_ (2),,True,5597110,dev
cosign_24_03168,cosign_24_03168,Nhà/NHÀ_VŨ_HUY_DU_ (3).mp4,pose_format/Nhà/NHÀ_VŨ_HUY_DU_ (3).pkl,24,Nhà,Nhà,"[""Nhà""]",signer_434,24_NHÀ_VŨ_HUY_DU_ (3),,True,5923588,dev
cosign_24_03169,cosign_24_03169,Nhà/NHÀ_VŨ_HUY_DU_ (4).mp4,pose_format/Nhà/NHÀ_VŨ_HUY_DU_ (4).pkl,24,Nhà,Nhà,"[""Nhà""]",signer_434,24_NHÀ_VŨ_HUY_DU_ (4),,True,5685067,dev
cosign_24_03170,cosign_24_03170,Nhà/NHÀ_VŨ_HUY_DU_ (5).mp4,pose_format/Nhà/NHÀ_VŨ_HUY_DU_ (5).pkl,24,Nhà,Nhà,"[""Nhà""]",signer_434,24_NHÀ_VŨ_HUY_DU_ (5),,True,6059672,dev
cosign_24_03171,cosign_24_03171,Nhà/NHÀ_VŨ_KẾT_ĐỒNG_1.mp4,pose_format/Nhà/NHÀ_VŨ_KẾT_ĐỒNG_1.pkl,24,Nhà,Nhà,"[""Nhà""]",signer_435,24_NHÀ_VŨ_KẾT_ĐỒNG_1,,True,5951746,dev
cosign_24_03172,cosign_24_03172,Nhà/NHÀ_VŨ_KẾT_ĐỒNG_2.mp4,pose_format/Nhà/NHÀ_VŨ_KẾT_ĐỒNG_2.pkl,24,Nhà,Nhà,"[""Nhà""]",signer_435,24_NHÀ_VŨ_KẾT_ĐỒNG_2,,True,5952467,dev
cosign_24_03173,cosign_24_03173,Nhà/NHÀ_VŨ_KẾT_ĐỒNG_3.mp4,pose_format/Nhà/NHÀ_VŨ_KẾT_ĐỒNG_3.pkl,24,Nhà,Nhà,"[""Nhà""]",signer_435,24_NHÀ_VŨ_KẾT_ĐỒNG_3,,True,6349372,dev
cosign_24_03174,cosign_24_03174,Nhà/NHÀ_VŨ_KẾT_ĐỒNG_4.mp4,pose_format/Nhà/NHÀ_VŨ_KẾT_ĐỒNG_4.pkl,24,Nhà,Nhà,"[""Nhà""]",signer_435,24_NHÀ_VŨ_KẾT_ĐỒNG_4,,True,6570930,dev
cosign_24_03175,cosign_24_03175,Nhà/NHÀ_VŨ_KẾT_ĐỒNG_5.mp4,pose_format/Nhà/NHÀ_VŨ_KẾT_ĐỒNG_5.pkl,24,Nhà,Nhà,"[""Nhà""]",signer_435,24_NHÀ_VŨ_KẾT_ĐỒNG_5,,True,5989808,dev
cosign_24_03176,cosign_24_03176,Nhà/Nguyễn Thị Huyền_35_nhà_1692862577.11269_0_cut.avi,pose_format/Nhà/Nguyễn Thị Huyền_35_nhà_1692862577.11269_0_cut.pkl,24,Nhà,Nhà,"[""Nhà""]",signer_022,24_Nguyễn Thị Huyền_35_nhà_1692862577.11269_0,,True,1671316,train
cosign_24_03177,cosign_24_03177,Nhà/Nguyễn Thị Huyền_35_nhà_1692862577.11269_0_frames_35.avi,pose_format/Nhà/Nguyễn Thị Huyền_35_nhà_1692862577.11269_0_frames_35.pkl,24,Nhà,Nhà,"[""Nhà""]",signer_022,24_Nguyễn Thị Huyền_35_nhà_1692862577.11269_0,24_Nguyễn Thị Huyền_35_nhà_1692862577.11269_0,False,2164418,train
cosign_24_03178,cosign_24_03178,Nhà/Nguyễn Thị Huyền_35_nhà_1692862577.11269_0_frames_40.avi,pose_format/Nhà/Nguyễn Thị Huyền_35_nhà_1692862577.11269_0_frames_40.pkl,24,Nhà,Nhà,"[""Nhà""]",signer_022,24_Nguyễn Thị Huyền_35_nhà_1692862577.11269_0,24_Nguyễn Thị Huyền_35_nhà_1692862577.11269_0,False,2164418,train
cosign_24_03179,cosign_24_03179,Nhà/Nguyễn Thị Hồng_32_Nhà_1692947209.1694338_0_cut.avi,pose_format/Nhà/Nguyễn Thị Hồng_32_Nhà_1692947209.1694338_0_cut.pkl,24,Nhà,Nhà,"[""Nhà""]",signer_023,24_Nguyễn Thị Hồng_32_Nhà_1692947209.1694338_0,,True,781338,train
cosign_24_03180,cosign_24_03180,Nhà/Nguyễn Thị Hồng_32_Nhà_1692947209.1694338_0_frames_35.avi,pose_format/Nhà/Nguyễn Thị Hồng_32_Nhà_1692947209.1694338_0_frames_35.pkl,24,Nhà,Nhà,"[""Nhà""]",signer_023,24_Nguyễn Thị Hồng_32_Nhà_1692947209.1694338_0,24_Nguyễn Thị Hồng_32_Nhà_1692947209.1694338_0,False,985980,train
cosign_24_03181,cosign_24_03181,Nhà/Nguyễn Thị Hồng_32_Nhà_1692947209.1694338_0_frames_40.avi,pose_format/Nhà/Nguyễn Thị Hồng_32_Nhà_1692947209.1694338_0_frames_40.pkl,24,Nhà,Nhà,"[""Nhà""]",signer_023,24_Nguyễn Thị Hồng_32_Nhà_1692947209.1694338_0,24_Nguyễn Thị Hồng_32_Nhà_1692947209.1694338_0,False,985980,train
cosign_24_03182,cosign_24_03182,Nhà/Nguyễn Thị Mai Anh_39_nhà_1693190544.6462648_0_cut.avi,pose_format/Nhà/Nguyễn Thị Mai Anh_39_nhà_1693190544.6462648_0_cut.pkl,24,Nhà,Nhà,"[""Nhà""]",signer_024,24_Nguyễn Thị Mai Anh_39_nhà_1693190544.6462648_0,,True,764984,train
cosign_24_03183,cosign_24_03183,Nhà/Nguyễn Thị Mai Anh_39_nhà_1693190544.6462648_0_frames_35.avi,pose_format/Nhà/Nguyễn Thị Mai Anh_39_nhà_1693190544.6462648_0_frames_35.pkl,24,Nhà,Nhà,"[""Nhà""]",signer_024,24_Nguyễn Thị Mai Anh_39_nhà_1693190544.6462648_0,24_Nguyễn Thị Mai Anh_39_nhà_1693190544.6462648_0,False,931066,train
cosign_24_03184,cosign_24_03184,Nhà/Nguyễn Thị Mai Anh_39_nhà_1693190544.6462648_0_frames_40.avi,pose_format/Nhà/Nguyễn Thị Mai Anh_39_nhà_1693190544.6462648_0_frames_40.pkl,24,Nhà,Nhà,"[""Nhà""]",signer_024,24_Nguyễn Thị Mai Anh_39_nhà_1693190544.6462648_0,24_Nguyễn Thị Mai Anh_39_nhà_1693190544.6462648_0,False,931066,train
cosign_24_03185,cosign_24_03185,Nhà/Nguyễn Thị Thu Trang_38_Nhà_1692843158.1475065_0_cut.avi,pose_format/Nhà/Nguyễn Thị Thu Trang_38_Nhà_1692843158.1475065_0_cut.pkl,24,Nhà,Nhà,"[""Nhà""]",signer_025,24_Nguyễn Thị Thu Trang_38_Nhà_1692843158.1475065_0,,True,1131982,train
cosign_24_03186,cosign_24_03186,Nhà/Nguyễn Thị Thu Trang_38_Nhà_1692843158.1475065_0_frames_35.avi,pose_format/Nhà/Nguyễn Thị Thu Trang_38_Nhà_1692843158.1475065_0_frames_35.pkl,24,Nhà,Nhà,"[""Nhà""]",signer_025,24_Nguyễn Thị Thu Trang_38_Nhà_1692843158.1475065_0,24_Nguyễn Thị Thu Trang_38_Nhà_1692843158.1475065_0,False,1506356,train
cosign_24_03187,cosign_24_03187,Nhà/Nguyễn Thị Thu Trang_38_Nhà_1692843158.1475065_0_frames_40.avi,pose_format/Nhà/Nguyễn Thị Thu Trang_38_Nhà_1692843158.1475065_0_frames_40.pkl,24,Nhà,Nhà,"[""Nhà""]",signer_025,24_Nguyễn Thị Thu Trang_38_Nhà_1692843158.1475065_0,24_Nguyễn Thị Thu Trang_38_Nhà_1692843158.1475065_0,False,1506356,train
cosign_24_03188,cosign_24_03188,Nhà/Nhà_MVT.mp4,pose_format/Nhà/Nhà_MVT.pkl,24,Nhà,Nhà,"[""Nhà""]",signer_436,24_Nhà_MVT,,True,9055372,dev
cosign_24_03189,cosign_24_03189,Nhà/Nhà_MVT (2).mp4,pose_format/Nhà/Nhà_MVT (2).pkl,24,Nhà,Nhà,"[""Nhà""]",signer_436,24_Nhà_MVT (2),,True,8943999,dev
cosign_24_03190,cosign_24_03190,Nhà/Nhà_MVT (3).mp4,pose_format/Nhà/Nhà_MVT (3).pkl,24,Nhà,Nhà,"[""Nhà""]",signer_436,24_Nhà_MVT (3),,True,10134215,dev
cosign_24_03191,cosign_24_03191,Nhà/Nhà_MVT (4).mp4,pose_format/Nhà/Nhà_MVT (4).pkl,24,Nhà,Nhà,"[""Nhà""]",signer_436,24_Nhà_MVT (4),,True,9278644,dev
cosign_24_03192,cosign_24_03192,Nhà/Phạm Thị Mai Hương _32_Nhà_1692776318.4201012_0_cut.avi,pose_format/Nhà/Phạm Thị Mai Hương _32_Nhà_1692776318.4201012_0_cut.pkl,24,Nhà,Nhà,"[""Nhà""]",signer_066,24_Phạm Thị Mai Hương _32_Nhà_1692776318.4201012_0,,True,733506,train
cosign_24_03193,cosign_24_03193,Nhà/Phạm Thị Mai Hương _32_Nhà_1692776318.4201012_0_frames_35.avi,pose_format/Nhà/Phạm Thị Mai Hương _32_Nhà_1692776318.4201012_0_frames_35.pkl,24,Nhà,Nhà,"[""Nhà""]",signer_066,24_Phạm Thị Mai Hương _32_Nhà_1692776318.4201012_0,24_Phạm Thị Mai Hương _32_Nhà_1692776318.4201012_0,False,957798,train
cosign_24_03194,cosign_24_03194,Nhà/Phạm Thị Mai Hương _32_Nhà_1692776318.4201012_0_frames_40.avi,pose_format/Nhà/Phạm Thị Mai Hương _32_Nhà_1692776318.4201012_0_frames_40.pkl,24,Nhà,Nhà,"[""Nhà""]",signer_066,24_Phạm Thị Mai Hương _32_Nhà_1692776318.4201012_0,24_Phạm Thị Mai Hương _32_Nhà_1692776318.4201012_0,False,957798,train
cosign_24_03195,cosign_24_03195,Nhà/Trần Thị Vân Anh_39_nhà_1692948946.3976693_0_cut.avi,pose_format/Nhà/Trần Thị Vân Anh_39_nhà_1692948946.3976693_0_cut.pkl,24,Nhà,Nhà,"[""Nhà""]",signer_026,24_Trần Thị Vân Anh_39_nhà_1692948946.3976693_0,,True,833554,train
cosign_24_03196,cosign_24_03196,Nhà/Trần Thị Vân Anh_39_nhà_1692948946.3976693_0_frames_35.avi,pose_format/Nhà/Trần Thị Vân Anh_39_nhà_1692948946.3976693_0_frames_35.pkl,24,Nhà,Nhà,"[""Nhà""]",signer_026,24_Trần Thị Vân Anh_39_nhà_1692948946.3976693_0,24_Trần Thị Vân Anh_39_nhà_1692948946.3976693_0,False,998154,train
cosign_24_03197,cosign_24_03197,Nhà/Trần Thị Vân Anh_39_nhà_1692948946.3976693_0_frames_40.avi,pose_format/Nhà/Trần Thị Vân Anh_39_nhà_1692948946.3976693_0_frames_40.pkl,24,Nhà,Nhà,"[""Nhà""]",signer_026,24_Trần Thị Vân Anh_39_nhà_1692948946.3976693_0,24_Trần Thị Vân Anh_39_nhà_1692948946.3976693_0,False,998154,train
cosign_24_03198,cosign_24_03198,Nhà/Trần Xuân Ngọc_41_nhà_1692866708.889916_0_cut.avi,pose_format/Nhà/Trần Xuân Ngọc_41_nhà_1692866708.889916_0_cut.pkl,24,Nhà,Nhà,"[""Nhà""]",signer_027,24_Trần Xuân Ngọc_41_nhà_1692866708.889916_0,,True,1079088,train
cosign_24_03199,cosign_24_03199,Nhà/Trần Xuân Ngọc_41_nhà_1692866708.889916_0_frames_35.avi,pose_format/Nhà/Trần Xuân Ngọc_41_nhà_1692866708.889916_0_frames_35.pkl,24,Nhà,Nhà,"[""Nhà""]",signer_027,24_Trần Xuân Ngọc_41_nhà_1692866708.889916_0,24_Trần Xuân Ngọc_41_nhà_1692866708.889916_0,False,1433318,train
cosign_24_03200,cosign_24_03200,Nhà/Trần Xuân Ngọc_41_nhà_1692866708.889916_0_frames_40.avi,pose_format/Nhà/Trần Xuân Ngọc_41_nhà_1692866708.889916_0_frames_40.pkl,24,Nhà,Nhà,"[""Nhà""]",signer_027,24_Trần Xuân Ngọc_41_nhà_1692866708.889916_0,24_Trần Xuân Ngọc_41_nhà_1692866708.889916_0,False,1433318,train
cosign_24_03201,cosign_24_03201,Nhà/Vũ Thị Thu Phương_37_nhà_1692864897.3900683_0_cut.avi,pose_format/Nhà/Vũ Thị Thu Phương_37_nhà_1692864897.3900683_0_cut.pkl,24,Nhà,Nhà,"[""Nhà""]",signer_028,24_Vũ Thị Thu Phương_37_nhà_1692864897.3900683_0,,True,992574,train
cosign_24_03202,cosign_24_03202,Nhà/Vũ Thị Thu Phương_37_nhà_1692864897.3900683_0_frames_35.avi,pose_format/Nhà/Vũ Thị Thu Phương_37_nhà_1692864897.3900683_0_frames_35.pkl,24,Nhà,Nhà,"[""Nhà""]",signer_028,24_Vũ Thị Thu Phương_37_nhà_1692864897.3900683_0,24_Vũ Thị Thu Phương_37_nhà_1692864897.3900683_0,False,1220980,train
cosign_24_03203,cosign_24_03203,Nhà/Vũ Thị Thu Phương_37_nhà_1692864897.3900683_0_frames_40.avi,pose_format/Nhà/Vũ Thị Thu Phương_37_nhà_1692864897.3900683_0_frames_40.pkl,24,Nhà,Nhà,"[""Nhà""]",signer_028,24_Vũ Thị Thu Phương_37_nhà_1692864897.3900683_0,24_Vũ Thị Thu Phương_37_nhà_1692864897.3900683_0,False,1220980,train
cosign_24_03204,cosign_24_03204,Nhà/Đoàn Thị Thu Thủy_40_nhà_1692953212.1114368_0_cut.avi,pose_format/Nhà/Đoàn Thị Thu Thủy_40_nhà_1692953212.1114368_0_cut.pkl,24,Nhà,Nhà,"[""Nhà""]",signer_029,24_Đoàn Thị Thu Thủy_40_nhà_1692953212.1114368_0,,True,1222308,train
cosign_24_03205,cosign_24_03205,Nhà/Đoàn Thị Thu Thủy_40_nhà_1692953212.1114368_0_frames_35.avi,pose_format/Nhà/Đoàn Thị Thu Thủy_40_nhà_1692953212.1114368_0_frames_35.pkl,24,Nhà,Nhà,"[""Nhà""]",signer_029,24_Đoàn Thị Thu Thủy_40_nhà_1692953212.1114368_0,24_Đoàn Thị Thu Thủy_40_nhà_1692953212.1114368_0,False,1504702,train
cosign_24_03206,cosign_24_03206,Nhà/Đoàn Thị Thu Thủy_40_nhà_1692953212.1114368_0_frames_40.avi,pose_format/Nhà/Đoàn Thị Thu Thủy_40_nhà_1692953212.1114368_0_frames_40.pkl,24,Nhà,Nhà,"[""Nhà""]",signer_029,24_Đoàn Thị Thu Thủy_40_nhà_1692953212.1114368_0,24_Đoàn Thị Thu Thủy_40_nhà_1692953212.1114368_0,False,1504702,train
cosign_24_03207,cosign_24_03207,Nhà/Đỗ Thị Vấn_41_nhà_1692779271.12227_0_cut.avi,pose_format/Nhà/Đỗ Thị Vấn_41_nhà_1692779271.12227_0_cut.pkl,24,Nhà,Nhà,"[""Nhà""]",signer_031,24_Đỗ Thị Vấn_41_nhà_1692779271.12227_0,,True,1349262,train
cosign_24_03208,cosign_24_03208,Nhà/Đỗ Thị Vấn_41_nhà_1692779271.12227_0_frames_35.avi,pose_format/Nhà/Đỗ Thị Vấn_41_nhà_1692779271.12227_0_frames_35.pkl,24,Nhà,Nhà,"[""Nhà""]",signer_031,24_Đỗ Thị Vấn_41_nhà_1692779271.12227_0,24_Đỗ Thị Vấn_41_nhà_1692779271.12227_0,False,1779666,train
cosign_24_03209,cosign_24_03209,Nhà/Đỗ Thị Vấn_41_nhà_1692779271.12227_0_frames_40.avi,pose_format/Nhà/Đỗ Thị Vấn_41_nhà_1692779271.12227_0_frames_40.pkl,24,Nhà,Nhà,"[""Nhà""]",signer_031,24_Đỗ Thị Vấn_41_nhà_1692779271.12227_0,24_Đỗ Thị Vấn_41_nhà_1692779271.12227_0,False,1779666,train
cosign_25_03210,cosign_25_03210,Nhìn/Lê Thanh Như_12_Nhìn_1692689792.7974272_0_cut.avi,pose_format/Nhìn/Lê Thanh Như_12_Nhìn_1692689792.7974272_0_cut.pkl,25,Nhìn,Nhìn,"[""Nhìn""]",signer_020,25_Lê Thanh Như_12_Nhìn_1692689792.7974272_0,,True,1039324,train
cosign_25_03211,cosign_25_03211,Nhìn/Lê Thanh Như_12_Nhìn_1692689792.7974272_0_frames_35.avi,pose_format/Nhìn/Lê Thanh Như_12_Nhìn_1692689792.7974272_0_frames_35.pkl,25,Nhìn,Nhìn,"[""Nhìn""]",signer_020,25_Lê Thanh Như_12_Nhìn_1692689792.7974272_0,25_Lê Thanh Như_12_Nhìn_1692689792.7974272_0,False,1289284,train
cosign_25_03212,cosign_25_03212,Nhìn/Lê Thanh Như_12_Nhìn_1692689792.7974272_0_frames_40.avi,pose_format/Nhìn/Lê Thanh Như_12_Nhìn_1692689792.7974272_0_frames_40.pkl,25,Nhìn,Nhìn,"[""Nhìn""]",signer_020,25_Lê Thanh Như_12_Nhìn_1692689792.7974272_0,25_Lê Thanh Như_12_Nhìn_1692689792.7974272_0,False,1289284,train
cosign_25_03213,cosign_25_03213,Nhìn/NHÌN_BÙI_MAI_CHI_ (1).mp4,pose_format/Nhìn/NHÌN_BÙI_MAI_CHI_ (1).pkl,25,Nhìn,Nhìn,"[""Nhìn""]",signer_437,25_NHÌN_BÙI_MAI_CHI_ (1),,True,7279253,dev
cosign_25_03214,cosign_25_03214,Nhìn/NHÌN_BÙI_MAI_CHI_ (2).mp4,pose_format/Nhìn/NHÌN_BÙI_MAI_CHI_ (2).pkl,25,Nhìn,Nhìn,"[""Nhìn""]",signer_437,25_NHÌN_BÙI_MAI_CHI_ (2),,True,8210171,dev
cosign_25_03215,cosign_25_03215,Nhìn/NHÌN_BÙI_MAI_CHI_ (3).mp4,pose_format/Nhìn/NHÌN_BÙI_MAI_CHI_ (3).pkl,25,Nhìn,Nhìn,"[""Nhìn""]",signer_437,25_NHÌN_BÙI_MAI_CHI_ (3),,True,7933834,dev
cosign_25_03216,cosign_25_03216,Nhìn/NHÌN_BÙI_MAI_CHI_ (4).mp4,pose_format/Nhìn/NHÌN_BÙI_MAI_CHI_ (4).pkl,25,Nhìn,Nhìn,"[""Nhìn""]",signer_437,25_NHÌN_BÙI_MAI_CHI_ (4),,True,8010305,dev
cosign_25_03217,cosign_25_03217,Nhìn/NHÌN_BÙI_MAI_CHI_ (5).mp4,pose_format/Nhìn/NHÌN_BÙI_MAI_CHI_ (5).pkl,25,Nhìn,Nhìn,"[""Nhìn""]",signer_437,25_NHÌN_BÙI_MAI_CHI_ (5),,True,7670447,dev
cosign_25_03218,cosign_25_03218,Nhìn/NHÌN_BÙI_MẬU_VĂN_ (1).mp4,pose_format/Nhìn/NHÌN_BÙI_MẬU_VĂN_ (1).pkl,25,Nhìn,Nhìn,"[""Nhìn""]",signer_438,25_NHÌN_BÙI_MẬU_VĂN_ (1),,True,5643232,dev
cosign_25_03219,cosign_25_03219,Nhìn/NHÌN_BÙI_MẬU_VĂN_ (2).mp4,pose_format/Nhìn/NHÌN_BÙI_MẬU_VĂN_ (2).pkl,25,Nhìn,Nhìn,"[""Nhìn""]",signer_438,25_NHÌN_BÙI_MẬU_VĂN_ (2),,True,5312704,dev
cosign_25_03220,cosign_25_03220,Nhìn/NHÌN_BÙI_MẬU_VĂN_ (3).mp4,pose_format/Nhìn/NHÌN_BÙI_MẬU_VĂN_ (3).pkl,25,Nhìn,Nhìn,"[""Nhìn""]",signer_438,25_NHÌN_BÙI_MẬU_VĂN_ (3),,True,5521667,dev
cosign_25_03221,cosign_25_03221,Nhìn/NHÌN_BÙI_MẬU_VĂN_ (4).mp4,pose_format/Nhìn/NHÌN_BÙI_MẬU_VĂN_ (4).pkl,25,Nhìn,Nhìn,"[""Nhìn""]",signer_438,25_NHÌN_BÙI_MẬU_VĂN_ (4),,True,5194330,dev
cosign_25_03222,cosign_25_03222,Nhìn/NHÌN_BÙI_MẬU_VĂN_ (5).mp4,pose_format/Nhìn/NHÌN_BÙI_MẬU_VĂN_ (5).pkl,25,Nhìn,Nhìn,"[""Nhìn""]",signer_438,25_NHÌN_BÙI_MẬU_VĂN_ (5),,True,5377926,dev
cosign_25_03223,cosign_25_03223,Nhìn/NHÌN_LÊ_QUANG_MẠNH_ (1).mp4,pose_format/Nhìn/NHÌN_LÊ_QUANG_MẠNH_ (1).pkl,25,Nhìn,Nhìn,"[""Nhìn""]",signer_439,25_NHÌN_LÊ_QUANG_MẠNH_ (1),,True,6077570,dev
cosign_25_03224,cosign_25_03224,Nhìn/NHÌN_LÊ_QUANG_MẠNH_ (2).mp4,pose_format/Nhìn/NHÌN_LÊ_QUANG_MẠNH_ (2).pkl,25,Nhìn,Nhìn,"[""Nhìn""]",signer_439,25_NHÌN_LÊ_QUANG_MẠNH_ (2),,True,6084761,dev
cosign_25_03225,cosign_25_03225,Nhìn/NHÌN_LÊ_QUANG_MẠNH_ (3).mp4,pose_format/Nhìn/NHÌN_LÊ_QUANG_MẠNH_ (3).pkl,25,Nhìn,Nhìn,"[""Nhìn""]",signer_439,25_NHÌN_LÊ_QUANG_MẠNH_ (3),,True,5772781,dev
cosign_25_03226,cosign_25_03226,Nhìn/NHÌN_LÊ_QUANG_MẠNH_ (4).mp4,pose_format/Nhìn/NHÌN_LÊ_QUANG_MẠNH_ (4).pkl,25,Nhìn,Nhìn,"[""Nhìn""]",signer_439,25_NHÌN_LÊ_QUANG_MẠNH_ (4),,True,5812303,dev
cosign_25_03227,cosign_25_03227,Nhìn/NHÌN_LÊ_QUANG_MẠNH_ (5).mp4,pose_format/Nhìn/NHÌN_LÊ_QUANG_MẠNH_ (5).pkl,25,Nhìn,Nhìn,"[""Nhìn""]",signer_439,25_NHÌN_LÊ_QUANG_MẠNH_ (5),,True,5710227,dev
cosign_25_03228,cosign_25_03228,Nhìn/NHÌN_LẠI_QUANG_VINH_ (1).MOV,pose_format/Nhìn/NHÌN_LẠI_QUANG_VINH_ (1).pkl,25,Nhìn,Nhìn,"[""Nhìn""]",signer_440,25_NHÌN_LẠI_QUANG_VINH_ (1),,True,2005314,dev
cosign_25_03229,cosign_25_03229,Nhìn/NHÌN_LẠI_QUANG_VINH_ (2).MOV,pose_format/Nhìn/NHÌN_LẠI_QUANG_VINH_ (2).pkl,25,Nhìn,Nhìn,"[""Nhìn""]",signer_440,25_NHÌN_LẠI_QUANG_VINH_ (2),,True,1913329,dev
cosign_25_03230,cosign_25_03230,Nhìn/NHÌN_LẠI_QUANG_VINH_ (3).MOV,pose_format/Nhìn/NHÌN_LẠI_QUANG_VINH_ (3).pkl,25,Nhìn,Nhìn,"[""Nhìn""]",signer_440,25_NHÌN_LẠI_QUANG_VINH_ (3),,True,2321525,dev
cosign_25_03231,cosign_25_03231,Nhìn/NHÌN_LẠI_QUANG_VINH_ (4).MOV,pose_format/Nhìn/NHÌN_LẠI_QUANG_VINH_ (4).pkl,25,Nhìn,Nhìn,"[""Nhìn""]",signer_440,25_NHÌN_LẠI_QUANG_VINH_ (4),,True,1993120,dev
cosign_25_03232,cosign_25_03232,Nhìn/NHÌN_LẠI_QUANG_VINH_ (5).MOV,pose_format/Nhìn/NHÌN_LẠI_QUANG_VINH_ (5).pkl,25,Nhìn,Nhìn,"[""Nhìn""]",signer_440,25_NHÌN_LẠI_QUANG_VINH_ (5),,True,2222184,dev
cosign_25_03233,cosign_25_03233,Nhìn/NHÌN_LẠI_QUANG_VINH_(1).mp4,pose_format/Nhìn/NHÌN_LẠI_QUANG_VINH_(1).pkl,25,Nhìn,Nhìn,"[""Nhìn""]",signer_440,25_NHÌN_LẠI_QUANG_VINH_(1),,True,672217,dev
cosign_25_03234,cosign_25_03234,Nhìn/NHÌN_LẠI_QUANG_VINH_(2).mp4,pose_format/Nhìn/NHÌN_LẠI_QUANG_VINH_(2).pkl,25,Nhìn,Nhìn,"[""Nhìn""]",signer_440,25_NHÌN_LẠI_QUANG_VINH_(2),,True,642581,dev
cosign_25_03235,cosign_25_03235,Nhìn/NHÌN_LẠI_QUANG_VINH_(3).mp4,pose_format/Nhìn/NHÌN_LẠI_QUANG_VINH_(3).pkl,25,Nhìn,Nhìn,"[""Nhìn""]",signer_440,25_NHÌN_LẠI_QUANG_VINH_(3),,True,745076,dev
cosign_25_03236,cosign_25_03236,Nhìn/NHÌN_LẠI_QUANG_VINH_(4).mp4,pose_format/Nhìn/NHÌN_LẠI_QUANG_VINH_(4).pkl,25,Nhìn,Nhìn,"[""Nhìn""]",signer_440,25_NHÌN_LẠI_QUANG_VINH_(4),,True,673779,dev
cosign_25_03237,cosign_25_03237,Nhìn/NHÌN_LẠI_QUANG_VINH_(5).mp4,pose_format/Nhìn/NHÌN_LẠI_QUANG_VINH_(5).pkl,25,Nhìn,Nhìn,"[""Nhìn""]",signer_440,25_NHÌN_LẠI_QUANG_VINH_(5),,True,722298,dev
cosign_25_03238,cosign_25_03238,Nhìn/NHÌN_MAI_HOÀNG_XUÂN_ (1).mp4,pose_format/Nhìn/NHÌN_MAI_HOÀNG_XUÂN_ (1).pkl,25,Nhìn,Nhìn,"[""Nhìn""]",signer_441,25_NHÌN_MAI_HOÀNG_XUÂN_ (1),,True,5376014,dev
cosign_25_03239,cosign_25_03239,Nhìn/NHÌN_MAI_HOÀNG_XUÂN_ (2).mp4,pose_format/Nhìn/NHÌN_MAI_HOÀNG_XUÂN_ (2).pkl,25,Nhìn,Nhìn,"[""Nhìn""]",signer_441,25_NHÌN_MAI_HOÀNG_XUÂN_ (2),,True,5469280,dev
cosign_25_03240,cosign_25_03240,Nhìn/NHÌN_MAI_HOÀNG_XUÂN_ (3).mp4,pose_format/Nhìn/NHÌN_MAI_HOÀNG_XUÂN_ (3).pkl,25,Nhìn,Nhìn,"[""Nhìn""]",signer_441,25_NHÌN_MAI_HOÀNG_XUÂN_ (3),,True,5527823,dev
cosign_25_03241,cosign_25_03241,Nhìn/NHÌN_MAI_HOÀNG_XUÂN_ (4).mp4,pose_format/Nhìn/NHÌN_MAI_HOÀNG_XUÂN_ (4).pkl,25,Nhìn,Nhìn,"[""Nhìn""]",signer_441,25_NHÌN_MAI_HOÀNG_XUÂN_ (4),,True,5626502,dev
cosign_25_03242,cosign_25_03242,Nhìn/NHÌN_MAI_HOÀNG_XUÂN_ (5).mp4,pose_format/Nhìn/NHÌN_MAI_HOÀNG_XUÂN_ (5).pkl,25,Nhìn,Nhìn,"[""Nhìn""]",signer_441,25_NHÌN_MAI_HOÀNG_XUÂN_ (5),,True,4889936,dev
cosign_25_03243,cosign_25_03243,Nhìn/NHÌN_NGUYỄN_HOÀNG_ĐIỆP_ (1).mp4,pose_format/Nhìn/NHÌN_NGUYỄN_HOÀNG_ĐIỆP_ (1).pkl,25,Nhìn,Nhìn,"[""Nhìn""]",signer_442,25_NHÌN_NGUYỄN_HOÀNG_ĐIỆP_ (1),,True,6351037,dev
cosign_25_03244,cosign_25_03244,Nhìn/NHÌN_NGUYỄN_HOÀNG_ĐIỆP_ (2).mp4,pose_format/Nhìn/NHÌN_NGUYỄN_HOÀNG_ĐIỆP_ (2).pkl,25,Nhìn,Nhìn,"[""Nhìn""]",signer_442,25_NHÌN_NGUYỄN_HOÀNG_ĐIỆP_ (2),,True,5831691,dev
cosign_25_03245,cosign_25_03245,Nhìn/NHÌN_NGUYỄN_HOÀNG_ĐIỆP_ (3).mp4,pose_format/Nhìn/NHÌN_NGUYỄN_HOÀNG_ĐIỆP_ (3).pkl,25,Nhìn,Nhìn,"[""Nhìn""]",signer_442,25_NHÌN_NGUYỄN_HOÀNG_ĐIỆP_ (3),,True,5372349,dev
cosign_25_03246,cosign_25_03246,Nhìn/NHÌN_NGUYỄN_HOÀNG_ĐIỆP_ (4).mp4,pose_format/Nhìn/NHÌN_NGUYỄN_HOÀNG_ĐIỆP_ (4).pkl,25,Nhìn,Nhìn,"[""Nhìn""]",signer_442,25_NHÌN_NGUYỄN_HOÀNG_ĐIỆP_ (4),,True,5843133,dev
cosign_25_03247,cosign_25_03247,Nhìn/NHÌN_NGUYỄN_HOÀNG_ĐIỆP_ (5).mp4,pose_format/Nhìn/NHÌN_NGUYỄN_HOÀNG_ĐIỆP_ (5).pkl,25,Nhìn,Nhìn,"[""Nhìn""]",signer_442,25_NHÌN_NGUYỄN_HOÀNG_ĐIỆP_ (5),,True,6119913,dev
cosign_25_03248,cosign_25_03248,Nhìn/NHÌN_NGUYỄN_PHƯƠNG_ANH_ (1).mp4,pose_format/Nhìn/NHÌN_NGUYỄN_PHƯƠNG_ANH_ (1).pkl,25,Nhìn,Nhìn,"[""Nhìn""]",signer_443,25_NHÌN_NGUYỄN_PHƯƠNG_ANH_ (1),,True,4923519,dev
cosign_25_03249,cosign_25_03249,Nhìn/NHÌN_NGUYỄN_PHƯƠNG_ANH_ (2).mp4,pose_format/Nhìn/NHÌN_NGUYỄN_PHƯƠNG_ANH_ (2).pkl,25,Nhìn,Nhìn,"[""Nhìn""]",signer_443,25_NHÌN_NGUYỄN_PHƯƠNG_ANH_ (2),,True,5627707,dev
cosign_25_03250,cosign_25_03250,Nhìn/NHÌN_NGUYỄN_PHƯƠNG_ANH_ (3).mp4,pose_format/Nhìn/NHÌN_NGUYỄN_PHƯƠNG_ANH_ (3).pkl,25,Nhìn,Nhìn,"[""Nhìn""]",signer_443,25_NHÌN_NGUYỄN_PHƯƠNG_ANH_ (3),,True,5097229,dev
cosign_25_03251,cosign_25_03251,Nhìn/NHÌN_NGUYỄN_PHƯƠNG_ANH_ (4).mp4,pose_format/Nhìn/NHÌN_NGUYỄN_PHƯƠNG_ANH_ (4).pkl,25,Nhìn,Nhìn,"[""Nhìn""]",signer_443,25_NHÌN_NGUYỄN_PHƯƠNG_ANH_ (4),,True,5021258,dev
cosign_25_03252,cosign_25_03252,Nhìn/NHÌN_NGUYỄN_PHƯƠNG_ANH_ (5).mp4,pose_format/Nhìn/NHÌN_NGUYỄN_PHƯƠNG_ANH_ (5).pkl,25,Nhìn,Nhìn,"[""Nhìn""]",signer_443,25_NHÌN_NGUYỄN_PHƯƠNG_ANH_ (5),,True,4973523,dev
cosign_25_03253,cosign_25_03253,Nhìn/NHÌN_NGUYỄN_VIẾT_QUANG_ (1).mp4,pose_format/Nhìn/NHÌN_NGUYỄN_VIẾT_QUANG_ (1).pkl,25,Nhìn,Nhìn,"[""Nhìn""]",signer_444,25_NHÌN_NGUYỄN_VIẾT_QUANG_ (1),,True,5659524,dev
cosign_25_03254,cosign_25_03254,Nhìn/NHÌN_NGUYỄN_VIẾT_QUANG_ (2).mp4,pose_format/Nhìn/NHÌN_NGUYỄN_VIẾT_QUANG_ (2).pkl,25,Nhìn,Nhìn,"[""Nhìn""]",signer_444,25_NHÌN_NGUYỄN_VIẾT_QUANG_ (2),,True,5554198,dev
cosign_25_03255,cosign_25_03255,Nhìn/NHÌN_NGUYỄN_VIẾT_QUANG_ (3).mp4,pose_format/Nhìn/NHÌN_NGUYỄN_VIẾT_QUANG_ (3).pkl,25,Nhìn,Nhìn,"[""Nhìn""]",signer_444,25_NHÌN_NGUYỄN_VIẾT_QUANG_ (3),,True,5717679,dev
cosign_25_03256,cosign_25_03256,Nhìn/NHÌN_NGUYỄN_VIẾT_QUANG_ (4).mp4,pose_format/Nhìn/NHÌN_NGUYỄN_VIẾT_QUANG_ (4).pkl,25,Nhìn,Nhìn,"[""Nhìn""]",signer_444,25_NHÌN_NGUYỄN_VIẾT_QUANG_ (4),,True,5769217,dev
cosign_25_03257,cosign_25_03257,Nhìn/NHÌN_NGUYỄN_VIẾT_QUANG_ (5).mp4,pose_format/Nhìn/NHÌN_NGUYỄN_VIẾT_QUANG_ (5).pkl,25,Nhìn,Nhìn,"[""Nhìn""]",signer_444,25_NHÌN_NGUYỄN_VIẾT_QUANG_ (5),,True,5631071,dev
cosign_25_03258,cosign_25_03258,Nhìn/NHÌN_NGÔ_TUẤN_ANH_ (1).mp4,pose_format/Nhìn/NHÌN_NGÔ_TUẤN_ANH_ (1).pkl,25,Nhìn,Nhìn,"[""Nhìn""]",signer_445,25_NHÌN_NGÔ_TUẤN_ANH_ (1),,True,6232196,dev
cosign_25_03259,cosign_25_03259,Nhìn/NHÌN_NGÔ_TUẤN_ANH_ (2).mp4,pose_format/Nhìn/NHÌN_NGÔ_TUẤN_ANH_ (2).pkl,25,Nhìn,Nhìn,"[""Nhìn""]",signer_445,25_NHÌN_NGÔ_TUẤN_ANH_ (2),,True,6370304,dev
cosign_25_03260,cosign_25_03260,Nhìn/NHÌN_NGÔ_TUẤN_ANH_ (3).mp4,pose_format/Nhìn/NHÌN_NGÔ_TUẤN_ANH_ (3).pkl,25,Nhìn,Nhìn,"[""Nhìn""]",signer_445,25_NHÌN_NGÔ_TUẤN_ANH_ (3),,True,6288783,dev
cosign_25_03261,cosign_25_03261,Nhìn/NHÌN_NGÔ_TUẤN_ANH_ (4).mp4,pose_format/Nhìn/NHÌN_NGÔ_TUẤN_ANH_ (4).pkl,25,Nhìn,Nhìn,"[""Nhìn""]",signer_445,25_NHÌN_NGÔ_TUẤN_ANH_ (4),,True,6393960,dev
cosign_25_03262,cosign_25_03262,Nhìn/NHÌN_NGÔ_TUẤN_ANH_ (5).mp4,pose_format/Nhìn/NHÌN_NGÔ_TUẤN_ANH_ (5).pkl,25,Nhìn,Nhìn,"[""Nhìn""]",signer_445,25_NHÌN_NGÔ_TUẤN_ANH_ (5),,True,6317901,dev
cosign_25_03263,cosign_25_03263,Nhìn/NHÌN_PHẠM_ĐÌNH_HẢI_(1).mp4,pose_format/Nhìn/NHÌN_PHẠM_ĐÌNH_HẢI_(1).pkl,25,Nhìn,Nhìn,"[""Nhìn""]",signer_446,25_NHÌN_PHẠM_ĐÌNH_HẢI_(1),,True,10428684,dev
cosign_25_03264,cosign_25_03264,Nhìn/NHÌN_PHẠM_ĐÌNH_HẢI_(2).mp4,pose_format/Nhìn/NHÌN_PHẠM_ĐÌNH_HẢI_(2).pkl,25,Nhìn,Nhìn,"[""Nhìn""]",signer_446,25_NHÌN_PHẠM_ĐÌNH_HẢI_(2),,True,12431006,dev
cosign_25_03265,cosign_25_03265,Nhìn/NHÌN_PHẠM_ĐÌNH_HẢI_(3).mp4,pose_format/Nhìn/NHÌN_PHẠM_ĐÌNH_HẢI_(3).pkl,25,Nhìn,Nhìn,"[""Nhìn""]",signer_446,25_NHÌN_PHẠM_ĐÌNH_HẢI_(3),,True,11927710,dev
cosign_25_03266,cosign_25_03266,Nhìn/NHÌN_PHẠM_ĐÌNH_HẢI_(4).mp4,pose_format/Nhìn/NHÌN_PHẠM_ĐÌNH_HẢI_(4).pkl,25,Nhìn,Nhìn,"[""Nhìn""]",signer_446,25_NHÌN_PHẠM_ĐÌNH_HẢI_(4),,True,12324142,dev
cosign_25_03267,cosign_25_03267,Nhìn/NHÌN_PHẠM_ĐÌNH_HẢI_(5).mp4,pose_format/Nhìn/NHÌN_PHẠM_ĐÌNH_HẢI_(5).pkl,25,Nhìn,Nhìn,"[""Nhìn""]",signer_446,25_NHÌN_PHẠM_ĐÌNH_HẢI_(5),,True,11421294,dev
cosign_25_03268,cosign_25_03268,Nhìn/NHÌN_TRƯƠNG_NGỌC_DIỄM_ (1).mp4,pose_format/Nhìn/NHÌN_TRƯƠNG_NGỌC_DIỄM_ (1).pkl,25,Nhìn,Nhìn,"[""Nhìn""]",signer_447,25_NHÌN_TRƯƠNG_NGỌC_DIỄM_ (1),,True,5865608,dev
cosign_25_03269,cosign_25_03269,Nhìn/NHÌN_TRƯƠNG_NGỌC_DIỄM_ (2).mp4,pose_format/Nhìn/NHÌN_TRƯƠNG_NGỌC_DIỄM_ (2).pkl,25,Nhìn,Nhìn,"[""Nhìn""]",signer_447,25_NHÌN_TRƯƠNG_NGỌC_DIỄM_ (2),,True,6907610,dev
cosign_25_03270,cosign_25_03270,Nhìn/NHÌN_TRƯƠNG_NGỌC_DIỄM_ (3).mp4,pose_format/Nhìn/NHÌN_TRƯƠNG_NGỌC_DIỄM_ (3).pkl,25,Nhìn,Nhìn,"[""Nhìn""]",signer_447,25_NHÌN_TRƯƠNG_NGỌC_DIỄM_ (3),,True,6395802,dev
cosign_25_03271,cosign_25_03271,Nhìn/NHÌN_TRƯƠNG_NGỌC_DIỄM_ (4).mp4,pose_format/Nhìn/NHÌN_TRƯƠNG_NGỌC_DIỄM_ (4).pkl,25,Nhìn,Nhìn,"[""Nhìn""]",signer_447,25_NHÌN_TRƯƠNG_NGỌC_DIỄM_ (4),,True,5462642,dev
cosign_25_03272,cosign_25_03272,Nhìn/NHÌN_TRƯƠNG_NGỌC_DIỄM_ (5).mp4,pose_format/Nhìn/NHÌN_TRƯƠNG_NGỌC_DIỄM_ (5).pkl,25,Nhìn,Nhìn,"[""Nhìn""]",signer_447,25_NHÌN_TRƯƠNG_NGỌC_DIỄM_ (5),,True,6190108,dev
cosign_25_03273,cosign_25_03273,Nhìn/NHÌN_TRẦN_TUẤN_MINH_ (1).mp4,pose_format/Nhìn/NHÌN_TRẦN_TUẤN_MINH_ (1).pkl,25,Nhìn,Nhìn,"[""Nhìn""]",signer_448,25_NHÌN_TRẦN_TUẤN_MINH_ (1),,True,7407043,dev
cosign_25_03274,cosign_25_03274,Nhìn/NHÌN_TRẦN_TUẤN_MINH_ (2).mp4,pose_format/Nhìn/NHÌN_TRẦN_TUẤN_MINH_ (2).pkl,25,Nhìn,Nhìn,"[""Nhìn""]",signer_448,25_NHÌN_TRẦN_TUẤN_MINH_ (2),,True,5686792,dev
cosign_25_03275,cosign_25_03275,Nhìn/NHÌN_TRẦN_TUẤN_MINH_ (3).mp4,pose_format/Nhìn/NHÌN_TRẦN_TUẤN_MINH_ (3).pkl,25,Nhìn,Nhìn,"[""Nhìn""]",signer_448,25_NHÌN_TRẦN_TUẤN_MINH_ (3),,True,7288012,dev
cosign_25_03276,cosign_25_03276,Nhìn/NHÌN_TRẦN_TUẤN_MINH_ (4).mp4,pose_format/Nhìn/NHÌN_TRẦN_TUẤN_MINH_ (4).pkl,25,Nhìn,Nhìn,"[""Nhìn""]",signer_448,25_NHÌN_TRẦN_TUẤN_MINH_ (4),,True,6901255,dev
cosign_25_03277,cosign_25_03277,Nhìn/NHÌN_TRẦN_TUẤN_MINH_ (5).mp4,pose_format/Nhìn/NHÌN_TRẦN_TUẤN_MINH_ (5).pkl,25,Nhìn,Nhìn,"[""Nhìn""]",signer_448,25_NHÌN_TRẦN_TUẤN_MINH_ (5),,True,7074730,dev
cosign_25_03278,cosign_25_03278,Nhìn/NHÌN_TRẦN_ĐỨC_QUÂN_ (1).mp4,pose_format/Nhìn/NHÌN_TRẦN_ĐỨC_QUÂN_ (1).pkl,25,Nhìn,Nhìn,"[""Nhìn""]",signer_449,25_NHÌN_TRẦN_ĐỨC_QUÂN_ (1),,True,6471905,dev
cosign_25_03279,cosign_25_03279,Nhìn/NHÌN_TRẦN_ĐỨC_QUÂN_ (2).mp4,pose_format/Nhìn/NHÌN_TRẦN_ĐỨC_QUÂN_ (2).pkl,25,Nhìn,Nhìn,"[""Nhìn""]",signer_449,25_NHÌN_TRẦN_ĐỨC_QUÂN_ (2),,True,5959527,dev
cosign_25_03280,cosign_25_03280,Nhìn/NHÌN_TRẦN_ĐỨC_QUÂN_ (3).mp4,pose_format/Nhìn/NHÌN_TRẦN_ĐỨC_QUÂN_ (3).pkl,25,Nhìn,Nhìn,"[""Nhìn""]",signer_449,25_NHÌN_TRẦN_ĐỨC_QUÂN_ (3),,True,6757880,dev
cosign_25_03281,cosign_25_03281,Nhìn/NHÌN_TRẦN_ĐỨC_QUÂN_ (4).mp4,pose_format/Nhìn/NHÌN_TRẦN_ĐỨC_QUÂN_ (4).pkl,25,Nhìn,Nhìn,"[""Nhìn""]",signer_449,25_NHÌN_TRẦN_ĐỨC_QUÂN_ (4),,True,7618017,dev
cosign_25_03282,cosign_25_03282,Nhìn/NHÌN_TRẦN_ĐỨC_QUÂN_ (5).mp4,pose_format/Nhìn/NHÌN_TRẦN_ĐỨC_QUÂN_ (5).pkl,25,Nhìn,Nhìn,"[""Nhìn""]",signer_449,25_NHÌN_TRẦN_ĐỨC_QUÂN_ (5),,True,6992978,dev
cosign_25_03283,cosign_25_03283,Nhìn/NHÌN_TẠ_THỊ_PHƯƠNG_LINH_ (1).mp4,pose_format/Nhìn/NHÌN_TẠ_THỊ_PHƯƠNG_LINH_ (1).pkl,25,Nhìn,Nhìn,"[""Nhìn""]",signer_450,25_NHÌN_TẠ_THỊ_PHƯƠNG_LINH_ (1),,True,3567978,dev
cosign_25_03284,cosign_25_03284,Nhìn/NHÌN_TẠ_THỊ_PHƯƠNG_LINH_ (2).mp4,pose_format/Nhìn/NHÌN_TẠ_THỊ_PHƯƠNG_LINH_ (2).pkl,25,Nhìn,Nhìn,"[""Nhìn""]",signer_450,25_NHÌN_TẠ_THỊ_PHƯƠNG_LINH_ (2),,True,3968364,dev
cosign_25_03285,cosign_25_03285,Nhìn/NHÌN_TẠ_THỊ_PHƯƠNG_LINH_ (3).mp4,pose_format/Nhìn/NHÌN_TẠ_THỊ_PHƯƠNG_LINH_ (3).pkl,25,Nhìn,Nhìn,"[""Nhìn""]",signer_450,25_NHÌN_TẠ_THỊ_PHƯƠNG_LINH_ (3),,True,3763379,dev
cosign_25_03286,cosign_25_03286,Nhìn/NHÌN_TẠ_THỊ_PHƯƠNG_LINH_ (4).mp4,pose_format/Nhìn/NHÌN_TẠ_THỊ_PHƯƠNG_LINH_ (4).pkl,25,Nhìn,Nhìn,"[""Nhìn""]",signer_450,25_NHÌN_TẠ_THỊ_PHƯƠNG_LINH_ (4),,True,3767035,dev
cosign_25_03287,cosign_25_03287,Nhìn/NHÌN_TẠ_THỊ_PHƯƠNG_LINH_ (5).mp4,pose_format/Nhìn/NHÌN_TẠ_THỊ_PHƯƠNG_LINH_ (5).pkl,25,Nhìn,Nhìn,"[""Nhìn""]",signer_450,25_NHÌN_TẠ_THỊ_PHƯƠNG_LINH_ (5),,True,3745110,dev
cosign_25_03288,cosign_25_03288,Nhìn/NHÌN_VŨ_HUY_DU_ (1).mp4,pose_format/Nhìn/NHÌN_VŨ_HUY_DU_ (1).pkl,25,Nhìn,Nhìn,"[""Nhìn""]",signer_451,25_NHÌN_VŨ_HUY_DU_ (1),,True,5604464,dev
cosign_25_03289,cosign_25_03289,Nhìn/NHÌN_VŨ_HUY_DU_ (2).mp4,pose_format/Nhìn/NHÌN_VŨ_HUY_DU_ (2).pkl,25,Nhìn,Nhìn,"[""Nhìn""]",signer_451,25_NHÌN_VŨ_HUY_DU_ (2),,True,5420599,dev
cosign_25_03290,cosign_25_03290,Nhìn/NHÌN_VŨ_HUY_DU_ (3).mp4,pose_format/Nhìn/NHÌN_VŨ_HUY_DU_ (3).pkl,25,Nhìn,Nhìn,"[""Nhìn""]",signer_451,25_NHÌN_VŨ_HUY_DU_ (3),,True,5894907,dev
cosign_25_03291,cosign_25_03291,Nhìn/NHÌN_VŨ_HUY_DU_ (4).mp4,pose_format/Nhìn/NHÌN_VŨ_HUY_DU_ (4).pkl,25,Nhìn,Nhìn,"[""Nhìn""]",signer_451,25_NHÌN_VŨ_HUY_DU_ (4),,True,6323303,dev
cosign_25_03292,cosign_25_03292,Nhìn/NHÌN_VŨ_HUY_DU_ (5).mp4,pose_format/Nhìn/NHÌN_VŨ_HUY_DU_ (5).pkl,25,Nhìn,Nhìn,"[""Nhìn""]",signer_451,25_NHÌN_VŨ_HUY_DU_ (5),,True,5322644,dev
cosign_25_03293,cosign_25_03293,Nhìn/NHÌN_VŨ_KẾT_ĐỒNG_1.mp4,pose_format/Nhìn/NHÌN_VŨ_KẾT_ĐỒNG_1.pkl,25,Nhìn,Nhìn,"[""Nhìn""]",signer_452,25_NHÌN_VŨ_KẾT_ĐỒNG_1,,True,8566382,dev
cosign_25_03294,cosign_25_03294,Nhìn/NHÌN_VŨ_KẾT_ĐỒNG_2.mp4,pose_format/Nhìn/NHÌN_VŨ_KẾT_ĐỒNG_2.pkl,25,Nhìn,Nhìn,"[""Nhìn""]",signer_452,25_NHÌN_VŨ_KẾT_ĐỒNG_2,,True,8406515,dev
cosign_25_03295,cosign_25_03295,Nhìn/NHÌN_VŨ_KẾT_ĐỒNG_3.mp4,pose_format/Nhìn/NHÌN_VŨ_KẾT_ĐỒNG_3.pkl,25,Nhìn,Nhìn,"[""Nhìn""]",signer_452,25_NHÌN_VŨ_KẾT_ĐỒNG_3,,True,8733264,dev
cosign_25_03296,cosign_25_03296,Nhìn/NHÌN_VŨ_KẾT_ĐỒNG_4.mp4,pose_format/Nhìn/NHÌN_VŨ_KẾT_ĐỒNG_4.pkl,25,Nhìn,Nhìn,"[""Nhìn""]",signer_452,25_NHÌN_VŨ_KẾT_ĐỒNG_4,,True,8504493,dev
cosign_25_03297,cosign_25_03297,Nhìn/NHÌN_VŨ_KẾT_ĐỒNG_5.mp4,pose_format/Nhìn/NHÌN_VŨ_KẾT_ĐỒNG_5.pkl,25,Nhìn,Nhìn,"[""Nhìn""]",signer_452,25_NHÌN_VŨ_KẾT_ĐỒNG_5,,True,5915975,dev
cosign_25_03298,cosign_25_03298,Nhìn/Nguyễn Gia Bảo_10_nhìn_1692689720.2760005_0_cut.avi,pose_format/Nhìn/Nguyễn Gia Bảo_10_nhìn_1692689720.2760005_0_cut.pkl,25,Nhìn,Nhìn,"[""Nhìn""]",signer_021,25_Nguyễn Gia Bảo_10_nhìn_1692689720.2760005_0,,True,781488,train
cosign_25_03299,cosign_25_03299,Nhìn/Nguyễn Gia Bảo_10_nhìn_1692689720.2760005_0_frames_35.avi,pose_format/Nhìn/Nguyễn Gia Bảo_10_nhìn_1692689720.2760005_0_frames_35.pkl,25,Nhìn,Nhìn,"[""Nhìn""]",signer_021,25_Nguyễn Gia Bảo_10_nhìn_1692689720.2760005_0,25_Nguyễn Gia Bảo_10_nhìn_1692689720.2760005_0,False,945268,train
cosign_25_03300,cosign_25_03300,Nhìn/Nguyễn Gia Bảo_10_nhìn_1692689720.2760005_0_frames_40.avi,pose_format/Nhìn/Nguyễn Gia Bảo_10_nhìn_1692689720.2760005_0_frames_40.pkl,25,Nhìn,Nhìn,"[""Nhìn""]",signer_021,25_Nguyễn Gia Bảo_10_nhìn_1692689720.2760005_0,25_Nguyễn Gia Bảo_10_nhìn_1692689720.2760005_0,False,945268,train
cosign_25_03301,cosign_25_03301,Nhìn/Nguyễn Phương Thảo_12_Nhìn_1692689483.5757124_0_cut.avi,pose_format/Nhìn/Nguyễn Phương Thảo_12_Nhìn_1692689483.5757124_0_cut.pkl,25,Nhìn,Nhìn,"[""Nhìn""]",signer_245,25_Nguyễn Phương Thảo_12_Nhìn_1692689483.5757124_0,,True,794166,train
cosign_25_03302,cosign_25_03302,Nhìn/Nguyễn Phương Thảo_12_Nhìn_1692689483.5757124_0_frames_35.avi,pose_format/Nhìn/Nguyễn Phương Thảo_12_Nhìn_1692689483.5757124_0_frames_35.pkl,25,Nhìn,Nhìn,"[""Nhìn""]",signer_245,25_Nguyễn Phương Thảo_12_Nhìn_1692689483.5757124_0,25_Nguyễn Phương Thảo_12_Nhìn_1692689483.5757124_0,False,939618,train
cosign_25_03303,cosign_25_03303,Nhìn/Nguyễn Phương Thảo_12_Nhìn_1692689483.5757124_0_frames_40.avi,pose_format/Nhìn/Nguyễn Phương Thảo_12_Nhìn_1692689483.5757124_0_frames_40.pkl,25,Nhìn,Nhìn,"[""Nhìn""]",signer_245,25_Nguyễn Phương Thảo_12_Nhìn_1692689483.5757124_0,25_Nguyễn Phương Thảo_12_Nhìn_1692689483.5757124_0,False,939618,train
cosign_25_03304,cosign_25_03304,Nhìn/Nguyễn Thị Huyền_35_nhìn_1692839798.6815534_0_cut.avi,pose_format/Nhìn/Nguyễn Thị Huyền_35_nhìn_1692839798.6815534_0_cut.pkl,25,Nhìn,Nhìn,"[""Nhìn""]",signer_022,25_Nguyễn Thị Huyền_35_nhìn_1692839798.6815534_0,,True,1149316,train
cosign_25_03305,cosign_25_03305,Nhìn/Nguyễn Thị Huyền_35_nhìn_1692839798.6815534_0_frames_35.avi,pose_format/Nhìn/Nguyễn Thị Huyền_35_nhìn_1692839798.6815534_0_frames_35.pkl,25,Nhìn,Nhìn,"[""Nhìn""]",signer_022,25_Nguyễn Thị Huyền_35_nhìn_1692839798.6815534_0,25_Nguyễn Thị Huyền_35_nhìn_1692839798.6815534_0,False,1430486,train
cosign_25_03306,cosign_25_03306,Nhìn/Nguyễn Thị Huyền_35_nhìn_1692839798.6815534_0_frames_40.avi,pose_format/Nhìn/Nguyễn Thị Huyền_35_nhìn_1692839798.6815534_0_frames_40.pkl,25,Nhìn,Nhìn,"[""Nhìn""]",signer_022,25_Nguyễn Thị Huyền_35_nhìn_1692839798.6815534_0,25_Nguyễn Thị Huyền_35_nhìn_1692839798.6815534_0,False,1430486,train
cosign_25_03307,cosign_25_03307,Nhìn/Nguyễn Thị Hồng_32_Nhìn_1692933030.2530396_0_cut.avi,pose_format/Nhìn/Nguyễn Thị Hồng_32_Nhìn_1692933030.2530396_0_cut.pkl,25,Nhìn,Nhìn,"[""Nhìn""]",signer_023,25_Nguyễn Thị Hồng_32_Nhìn_1692933030.2530396_0,,True,815734,train
cosign_25_03308,cosign_25_03308,Nhìn/Nguyễn Thị Hồng_32_Nhìn_1692933030.2530396_0_frames_35.avi,pose_format/Nhìn/Nguyễn Thị Hồng_32_Nhìn_1692933030.2530396_0_frames_35.pkl,25,Nhìn,Nhìn,"[""Nhìn""]",signer_023,25_Nguyễn Thị Hồng_32_Nhìn_1692933030.2530396_0,25_Nguyễn Thị Hồng_32_Nhìn_1692933030.2530396_0,False,983498,train
cosign_25_03309,cosign_25_03309,Nhìn/Nguyễn Thị Hồng_32_Nhìn_1692933030.2530396_0_frames_40.avi,pose_format/Nhìn/Nguyễn Thị Hồng_32_Nhìn_1692933030.2530396_0_frames_40.pkl,25,Nhìn,Nhìn,"[""Nhìn""]",signer_023,25_Nguyễn Thị Hồng_32_Nhìn_1692933030.2530396_0,25_Nguyễn Thị Hồng_32_Nhìn_1692933030.2530396_0,False,983498,train
cosign_25_03310,cosign_25_03310,Nhìn/Nguyễn Thị Mai Anh_39_nhìn_1693016507.6229413_0_cut.avi,pose_format/Nhìn/Nguyễn Thị Mai Anh_39_nhìn_1693016507.6229413_0_cut.pkl,25,Nhìn,Nhìn,"[""Nhìn""]",signer_024,25_Nguyễn Thị Mai Anh_39_nhìn_1693016507.6229413_0,,True,996308,train
cosign_25_03311,cosign_25_03311,Nhìn/Nguyễn Thị Mai Anh_39_nhìn_1693016507.6229413_0_frames_35.avi,pose_format/Nhìn/Nguyễn Thị Mai Anh_39_nhìn_1693016507.6229413_0_frames_35.pkl,25,Nhìn,Nhìn,"[""Nhìn""]",signer_024,25_Nguyễn Thị Mai Anh_39_nhìn_1693016507.6229413_0,25_Nguyễn Thị Mai Anh_39_nhìn_1693016507.6229413_0,False,1304280,train
cosign_25_03312,cosign_25_03312,Nhìn/Nguyễn Thị Mai Anh_39_nhìn_1693016507.6229413_0_frames_40.avi,pose_format/Nhìn/Nguyễn Thị Mai Anh_39_nhìn_1693016507.6229413_0_frames_40.pkl,25,Nhìn,Nhìn,"[""Nhìn""]",signer_024,25_Nguyễn Thị Mai Anh_39_nhìn_1693016507.6229413_0,25_Nguyễn Thị Mai Anh_39_nhìn_1693016507.6229413_0,False,1304280,train
cosign_25_03313,cosign_25_03313,Nhìn/Nguyễn Thị Thu Trang_38_Nhìn_1692776031.462676_0_cut.avi,pose_format/Nhìn/Nguyễn Thị Thu Trang_38_Nhìn_1692776031.462676_0_cut.pkl,25,Nhìn,Nhìn,"[""Nhìn""]",signer_025,25_Nguyễn Thị Thu Trang_38_Nhìn_1692776031.462676_0,,True,683218,train
cosign_25_03314,cosign_25_03314,Nhìn/Nguyễn Thị Thu Trang_38_Nhìn_1692776031.462676_0_frames_35.avi,pose_format/Nhìn/Nguyễn Thị Thu Trang_38_Nhìn_1692776031.462676_0_frames_35.pkl,25,Nhìn,Nhìn,"[""Nhìn""]",signer_025,25_Nguyễn Thị Thu Trang_38_Nhìn_1692776031.462676_0,25_Nguyễn Thị Thu Trang_38_Nhìn_1692776031.462676_0,False,828678,train
cosign_25_03315,cosign_25_03315,Nhìn/Nguyễn Thị Thu Trang_38_Nhìn_1692776031.462676_0_frames_40.avi,pose_format/Nhìn/Nguyễn Thị Thu Trang_38_Nhìn_1692776031.462676_0_frames_40.pkl,25,Nhìn,Nhìn,"[""Nhìn""]",signer_025,25_Nguyễn Thị Thu Trang_38_Nhìn_1692776031.462676_0,25_Nguyễn Thị Thu Trang_38_Nhìn_1692776031.462676_0,False,828678,train
cosign_25_03316,cosign_25_03316,Nhìn/Nhìn_MVT.mp4,pose_format/Nhìn/Nhìn_MVT.pkl,25,Nhìn,Nhìn,"[""Nhìn""]",signer_453,25_Nhìn_MVT,,True,8800204,dev
cosign_25_03317,cosign_25_03317,Nhìn/Nhìn_MVT (2).mp4,pose_format/Nhìn/Nhìn_MVT (2).pkl,25,Nhìn,Nhìn,"[""Nhìn""]",signer_453,25_Nhìn_MVT (2),,True,7965305,dev
cosign_25_03318,cosign_25_03318,Nhìn/Nhìn_MVT (3).mp4,pose_format/Nhìn/Nhìn_MVT (3).pkl,25,Nhìn,Nhìn,"[""Nhìn""]",signer_453,25_Nhìn_MVT (3),,True,10899056,dev
cosign_25_03319,cosign_25_03319,Nhìn/Nhìn_MVT (4).mp4,pose_format/Nhìn/Nhìn_MVT (4).pkl,25,Nhìn,Nhìn,"[""Nhìn""]",signer_453,25_Nhìn_MVT (4),,True,9440692,dev
cosign_25_03320,cosign_25_03320,Nhìn/Nhìn_MVT (5).mp4,pose_format/Nhìn/Nhìn_MVT (5).pkl,25,Nhìn,Nhìn,"[""Nhìn""]",signer_453,25_Nhìn_MVT (5),,True,9290836,dev
cosign_25_03321,cosign_25_03321,Nhìn/Phạm Thị Mai Hương_32_Nhìn_1692590565.9226663_0_cut.avi,pose_format/Nhìn/Phạm Thị Mai Hương_32_Nhìn_1692590565.9226663_0_cut.pkl,25,Nhìn,Nhìn,"[""Nhìn""]",signer_066,25_Phạm Thị Mai Hương_32_Nhìn_1692590565.9226663_0,,True,972426,train
cosign_25_03322,cosign_25_03322,Nhìn/Phạm Thị Mai Hương_32_Nhìn_1692590565.9226663_0_frames_35.avi,pose_format/Nhìn/Phạm Thị Mai Hương_32_Nhìn_1692590565.9226663_0_frames_35.pkl,25,Nhìn,Nhìn,"[""Nhìn""]",signer_066,25_Phạm Thị Mai Hương_32_Nhìn_1692590565.9226663_0,25_Phạm Thị Mai Hương_32_Nhìn_1692590565.9226663_0,False,1164804,train
cosign_25_03323,cosign_25_03323,Nhìn/Phạm Thị Mai Hương_32_Nhìn_1692590565.9226663_0_frames_40.avi,pose_format/Nhìn/Phạm Thị Mai Hương_32_Nhìn_1692590565.9226663_0_frames_40.pkl,25,Nhìn,Nhìn,"[""Nhìn""]",signer_066,25_Phạm Thị Mai Hương_32_Nhìn_1692590565.9226663_0,25_Phạm Thị Mai Hương_32_Nhìn_1692590565.9226663_0,False,1164804,train
cosign_25_03324,cosign_25_03324,Nhìn/Trần Xuân Ngọc_41_nhìn _1692693801.4498606_0_cut.avi,pose_format/Nhìn/Trần Xuân Ngọc_41_nhìn _1692693801.4498606_0_cut.pkl,25,Nhìn,Nhìn,"[""Nhìn""]",signer_027,25_Trần Xuân Ngọc_41_nhìn _1692693801.4498606_0,,True,1400738,train
cosign_25_03325,cosign_25_03325,Nhìn/Trần Xuân Ngọc_41_nhìn _1692693801.4498606_0_frames_35.avi,pose_format/Nhìn/Trần Xuân Ngọc_41_nhìn _1692693801.4498606_0_frames_35.pkl,25,Nhìn,Nhìn,"[""Nhìn""]",signer_027,25_Trần Xuân Ngọc_41_nhìn _1692693801.4498606_0,25_Trần Xuân Ngọc_41_nhìn _1692693801.4498606_0,False,1697294,train
cosign_25_03326,cosign_25_03326,Nhìn/Trần Xuân Ngọc_41_nhìn _1692693801.4498606_0_frames_40.avi,pose_format/Nhìn/Trần Xuân Ngọc_41_nhìn _1692693801.4498606_0_frames_40.pkl,25,Nhìn,Nhìn,"[""Nhìn""]",signer_027,25_Trần Xuân Ngọc_41_nhìn _1692693801.4498606_0,25_Trần Xuân Ngọc_41_nhìn _1692693801.4498606_0,False,1697294,train
cosign_25_03327,cosign_25_03327,Nhìn/Vũ Thị Thu Phương_37_nhìn_1692842546.465121_0_cut.avi,pose_format/Nhìn/Vũ Thị Thu Phương_37_nhìn_1692842546.465121_0_cut.pkl,25,Nhìn,Nhìn,"[""Nhìn""]",signer_028,25_Vũ Thị Thu Phương_37_nhìn_1692842546.465121_0,,True,865278,train
cosign_25_03328,cosign_25_03328,Nhìn/Vũ Thị Thu Phương_37_nhìn_1692842546.465121_0_frames_35.avi,pose_format/Nhìn/Vũ Thị Thu Phương_37_nhìn_1692842546.465121_0_frames_35.pkl,25,Nhìn,Nhìn,"[""Nhìn""]",signer_028,25_Vũ Thị Thu Phương_37_nhìn_1692842546.465121_0,25_Vũ Thị Thu Phương_37_nhìn_1692842546.465121_0,False,1060832,train
cosign_25_03329,cosign_25_03329,Nhìn/Vũ Thị Thu Phương_37_nhìn_1692842546.465121_0_frames_40.avi,pose_format/Nhìn/Vũ Thị Thu Phương_37_nhìn_1692842546.465121_0_frames_40.pkl,25,Nhìn,Nhìn,"[""Nhìn""]",signer_028,25_Vũ Thị Thu Phương_37_nhìn_1692842546.465121_0,25_Vũ Thị Thu Phương_37_nhìn_1692842546.465121_0,False,1060832,train
cosign_25_03330,cosign_25_03330,Nhìn/Đặng Thị Kiên_37_nhìn_1692970995.3031003_0_cut.avi,pose_format/Nhìn/Đặng Thị Kiên_37_nhìn_1692970995.3031003_0_cut.pkl,25,Nhìn,Nhìn,"[""Nhìn""]",signer_030,25_Đặng Thị Kiên_37_nhìn_1692970995.3031003_0,,True,1106052,train
cosign_25_03331,cosign_25_03331,Nhìn/Đặng Thị Kiên_37_nhìn_1692970995.3031003_0_frames_35.avi,pose_format/Nhìn/Đặng Thị Kiên_37_nhìn_1692970995.3031003_0_frames_35.pkl,25,Nhìn,Nhìn,"[""Nhìn""]",signer_030,25_Đặng Thị Kiên_37_nhìn_1692970995.3031003_0,25_Đặng Thị Kiên_37_nhìn_1692970995.3031003_0,False,1297870,train
cosign_25_03332,cosign_25_03332,Nhìn/Đặng Thị Kiên_37_nhìn_1692970995.3031003_0_frames_40.avi,pose_format/Nhìn/Đặng Thị Kiên_37_nhìn_1692970995.3031003_0_frames_40.pkl,25,Nhìn,Nhìn,"[""Nhìn""]",signer_030,25_Đặng Thị Kiên_37_nhìn_1692970995.3031003_0,25_Đặng Thị Kiên_37_nhìn_1692970995.3031003_0,False,1297870,train
cosign_25_03333,cosign_25_03333,Nhìn/Đỗ Thị Vấn_41_nhìn_1692772815.032995_0_cut.avi,pose_format/Nhìn/Đỗ Thị Vấn_41_nhìn_1692772815.032995_0_cut.pkl,25,Nhìn,Nhìn,"[""Nhìn""]",signer_031,25_Đỗ Thị Vấn_41_nhìn_1692772815.032995_0,,True,1501526,train
cosign_25_03334,cosign_25_03334,Nhìn/Đỗ Thị Vấn_41_nhìn_1692772815.032995_0_frames_35.avi,pose_format/Nhìn/Đỗ Thị Vấn_41_nhìn_1692772815.032995_0_frames_35.pkl,25,Nhìn,Nhìn,"[""Nhìn""]",signer_031,25_Đỗ Thị Vấn_41_nhìn_1692772815.032995_0,25_Đỗ Thị Vấn_41_nhìn_1692772815.032995_0,False,1952840,train
cosign_25_03335,cosign_25_03335,Nhìn/Đỗ Thị Vấn_41_nhìn_1692772815.032995_0_frames_40.avi,pose_format/Nhìn/Đỗ Thị Vấn_41_nhìn_1692772815.032995_0_frames_40.pkl,25,Nhìn,Nhìn,"[""Nhìn""]",signer_031,25_Đỗ Thị Vấn_41_nhìn_1692772815.032995_0,25_Đỗ Thị Vấn_41_nhìn_1692772815.032995_0,False,1952840,train
cosign_26_03336,cosign_26_03336,Nhầm/DANG THI KIEN_37_NHẦM_1693194127.2034872_0_cut.avi,pose_format/Nhầm/DANG THI KIEN_37_NHẦM_1693194127.2034872_0_cut.pkl,26,Nhầm,Nhầm,"[""Nhầm""]",signer_084,26_DANG THI KIEN_37_NHẦM_1693194127.2034872_0,,True,818504,train
cosign_26_03337,cosign_26_03337,Nhầm/DANG THI KIEN_37_NHẦM_1693194127.2034872_0_frames_35.avi,pose_format/Nhầm/DANG THI KIEN_37_NHẦM_1693194127.2034872_0_frames_35.pkl,26,Nhầm,Nhầm,"[""Nhầm""]",signer_084,26_DANG THI KIEN_37_NHẦM_1693194127.2034872_0,26_DANG THI KIEN_37_NHẦM_1693194127.2034872_0,False,1061486,train
cosign_26_03338,cosign_26_03338,Nhầm/DANG THI KIEN_37_NHẦM_1693194127.2034872_0_frames_40.avi,pose_format/Nhầm/DANG THI KIEN_37_NHẦM_1693194127.2034872_0_frames_40.pkl,26,Nhầm,Nhầm,"[""Nhầm""]",signer_084,26_DANG THI KIEN_37_NHẦM_1693194127.2034872_0,26_DANG THI KIEN_37_NHẦM_1693194127.2034872_0,False,1061486,train
cosign_26_03339,cosign_26_03339,Nhầm/Lê Phương Thảo _12_Nhầm_1692757818.4939244_0_cut.avi,pose_format/Nhầm/Lê Phương Thảo _12_Nhầm_1692757818.4939244_0_cut.pkl,26,Nhầm,Nhầm,"[""Nhầm""]",signer_019,26_Lê Phương Thảo _12_Nhầm_1692757818.4939244_0,,True,714284,train
cosign_26_03340,cosign_26_03340,Nhầm/Lê Phương Thảo _12_Nhầm_1692757818.4939244_0_frames_35.avi,pose_format/Nhầm/Lê Phương Thảo _12_Nhầm_1692757818.4939244_0_frames_35.pkl,26,Nhầm,Nhầm,"[""Nhầm""]",signer_019,26_Lê Phương Thảo _12_Nhầm_1692757818.4939244_0,26_Lê Phương Thảo _12_Nhầm_1692757818.4939244_0,False,910578,train
cosign_26_03341,cosign_26_03341,Nhầm/Lê Phương Thảo _12_Nhầm_1692757818.4939244_0_frames_40.avi,pose_format/Nhầm/Lê Phương Thảo _12_Nhầm_1692757818.4939244_0_frames_40.pkl,26,Nhầm,Nhầm,"[""Nhầm""]",signer_019,26_Lê Phương Thảo _12_Nhầm_1692757818.4939244_0,26_Lê Phương Thảo _12_Nhầm_1692757818.4939244_0,False,910578,train
cosign_26_03342,cosign_26_03342,Nhầm/Lê Thanh Như_12_Nhầm _1692756933.8338966_0_cut.avi,pose_format/Nhầm/Lê Thanh Như_12_Nhầm _1692756933.8338966_0_cut.pkl,26,Nhầm,Nhầm,"[""Nhầm""]",signer_020,26_Lê Thanh Như_12_Nhầm _1692756933.8338966_0,,True,958648,train
cosign_26_03343,cosign_26_03343,Nhầm/Lê Thanh Như_12_Nhầm _1692756933.8338966_0_frames_35.avi,pose_format/Nhầm/Lê Thanh Như_12_Nhầm _1692756933.8338966_0_frames_35.pkl,26,Nhầm,Nhầm,"[""Nhầm""]",signer_020,26_Lê Thanh Như_12_Nhầm _1692756933.8338966_0,26_Lê Thanh Như_12_Nhầm _1692756933.8338966_0,False,1204150,train
cosign_26_03344,cosign_26_03344,Nhầm/Lê Thanh Như_12_Nhầm _1692756933.8338966_0_frames_40.avi,pose_format/Nhầm/Lê Thanh Như_12_Nhầm _1692756933.8338966_0_frames_40.pkl,26,Nhầm,Nhầm,"[""Nhầm""]",signer_020,26_Lê Thanh Như_12_Nhầm _1692756933.8338966_0,26_Lê Thanh Như_12_Nhầm _1692756933.8338966_0,False,1204150,train
cosign_26_03345,cosign_26_03345,Nhầm/NHẦM_BÙI_MAI_CHI_ (1).mp4,pose_format/Nhầm/NHẦM_BÙI_MAI_CHI_ (1).pkl,26,Nhầm,Nhầm,"[""Nhầm""]",signer_454,26_NHẦM_BÙI_MAI_CHI_ (1),,True,7486200,dev
cosign_26_03346,cosign_26_03346,Nhầm/NHẦM_BÙI_MAI_CHI_ (2).mp4,pose_format/Nhầm/NHẦM_BÙI_MAI_CHI_ (2).pkl,26,Nhầm,Nhầm,"[""Nhầm""]",signer_454,26_NHẦM_BÙI_MAI_CHI_ (2),,True,8373764,dev
cosign_26_03347,cosign_26_03347,Nhầm/NHẦM_BÙI_MAI_CHI_ (3).mp4,pose_format/Nhầm/NHẦM_BÙI_MAI_CHI_ (3).pkl,26,Nhầm,Nhầm,"[""Nhầm""]",signer_454,26_NHẦM_BÙI_MAI_CHI_ (3),,True,8338287,dev
cosign_26_03348,cosign_26_03348,Nhầm/NHẦM_BÙI_MAI_CHI_ (4).mp4,pose_format/Nhầm/NHẦM_BÙI_MAI_CHI_ (4).pkl,26,Nhầm,Nhầm,"[""Nhầm""]",signer_454,26_NHẦM_BÙI_MAI_CHI_ (4),,True,8107665,dev
cosign_26_03349,cosign_26_03349,Nhầm/NHẦM_BÙI_MAI_CHI_ (5).mp4,pose_format/Nhầm/NHẦM_BÙI_MAI_CHI_ (5).pkl,26,Nhầm,Nhầm,"[""Nhầm""]",signer_454,26_NHẦM_BÙI_MAI_CHI_ (5),,True,7499203,dev
cosign_26_03350,cosign_26_03350,Nhầm/NHẦM_BÙI_MẬU_VĂN_ (1).mp4,pose_format/Nhầm/NHẦM_BÙI_MẬU_VĂN_ (1).pkl,26,Nhầm,Nhầm,"[""Nhầm""]",signer_455,26_NHẦM_BÙI_MẬU_VĂN_ (1),,True,6440493,dev
cosign_26_03351,cosign_26_03351,Nhầm/NHẦM_BÙI_MẬU_VĂN_ (2).mp4,pose_format/Nhầm/NHẦM_BÙI_MẬU_VĂN_ (2).pkl,26,Nhầm,Nhầm,"[""Nhầm""]",signer_455,26_NHẦM_BÙI_MẬU_VĂN_ (2),,True,6785683,dev
cosign_26_03352,cosign_26_03352,Nhầm/NHẦM_BÙI_MẬU_VĂN_ (3).mp4,pose_format/Nhầm/NHẦM_BÙI_MẬU_VĂN_ (3).pkl,26,Nhầm,Nhầm,"[""Nhầm""]",signer_455,26_NHẦM_BÙI_MẬU_VĂN_ (3),,True,6725339,dev
cosign_26_03353,cosign_26_03353,Nhầm/NHẦM_BÙI_MẬU_VĂN_ (4).mp4,pose_format/Nhầm/NHẦM_BÙI_MẬU_VĂN_ (4).pkl,26,Nhầm,Nhầm,"[""Nhầm""]",signer_455,26_NHẦM_BÙI_MẬU_VĂN_ (4),,True,7569304,dev
cosign_26_03354,cosign_26_03354,Nhầm/NHẦM_BÙI_MẬU_VĂN_ (5).mp4,pose_format/Nhầm/NHẦM_BÙI_MẬU_VĂN_ (5).pkl,26,Nhầm,Nhầm,"[""Nhầm""]",signer_455,26_NHẦM_BÙI_MẬU_VĂN_ (5),,True,6148959,dev
cosign_26_03355,cosign_26_03355,Nhầm/NHẦM_LÊ_QUANG_MẠNH_ (1).mp4,pose_format/Nhầm/NHẦM_LÊ_QUANG_MẠNH_ (1).pkl,26,Nhầm,Nhầm,"[""Nhầm""]",signer_456,26_NHẦM_LÊ_QUANG_MẠNH_ (1),,True,6093135,dev
cosign_26_03356,cosign_26_03356,Nhầm/NHẦM_LÊ_QUANG_MẠNH_ (2).mp4,pose_format/Nhầm/NHẦM_LÊ_QUANG_MẠNH_ (2).pkl,26,Nhầm,Nhầm,"[""Nhầm""]",signer_456,26_NHẦM_LÊ_QUANG_MẠNH_ (2),,True,5973281,dev
cosign_26_03357,cosign_26_03357,Nhầm/NHẦM_LÊ_QUANG_MẠNH_ (3).mp4,pose_format/Nhầm/NHẦM_LÊ_QUANG_MẠNH_ (3).pkl,26,Nhầm,Nhầm,"[""Nhầm""]",signer_456,26_NHẦM_LÊ_QUANG_MẠNH_ (3),,True,5671699,dev
cosign_26_03358,cosign_26_03358,Nhầm/NHẦM_LÊ_QUANG_MẠNH_ (4).mp4,pose_format/Nhầm/NHẦM_LÊ_QUANG_MẠNH_ (4).pkl,26,Nhầm,Nhầm,"[""Nhầm""]",signer_456,26_NHẦM_LÊ_QUANG_MẠNH_ (4),,True,5861284,dev
cosign_26_03359,cosign_26_03359,Nhầm/NHẦM_LÊ_QUANG_MẠNH_ (5).mp4,pose_format/Nhầm/NHẦM_LÊ_QUANG_MẠNH_ (5).pkl,26,Nhầm,Nhầm,"[""Nhầm""]",signer_456,26_NHẦM_LÊ_QUANG_MẠNH_ (5),,True,7081357,dev
cosign_26_03360,cosign_26_03360,Nhầm/NHẦM_LẠI_QUANG_VINH_ (1).MOV,pose_format/Nhầm/NHẦM_LẠI_QUANG_VINH_ (1).pkl,26,Nhầm,Nhầm,"[""Nhầm""]",signer_457,26_NHẦM_LẠI_QUANG_VINH_ (1),,True,2066830,dev
cosign_26_03361,cosign_26_03361,Nhầm/NHẦM_LẠI_QUANG_VINH_ (2).MOV,pose_format/Nhầm/NHẦM_LẠI_QUANG_VINH_ (2).pkl,26,Nhầm,Nhầm,"[""Nhầm""]",signer_457,26_NHẦM_LẠI_QUANG_VINH_ (2),,True,2486148,dev
cosign_26_03362,cosign_26_03362,Nhầm/NHẦM_LẠI_QUANG_VINH_ (3).MOV,pose_format/Nhầm/NHẦM_LẠI_QUANG_VINH_ (3).pkl,26,Nhầm,Nhầm,"[""Nhầm""]",signer_457,26_NHẦM_LẠI_QUANG_VINH_ (3),,True,2643906,dev
cosign_26_03363,cosign_26_03363,Nhầm/NHẦM_LẠI_QUANG_VINH_ (4).MOV,pose_format/Nhầm/NHẦM_LẠI_QUANG_VINH_ (4).pkl,26,Nhầm,Nhầm,"[""Nhầm""]",signer_457,26_NHẦM_LẠI_QUANG_VINH_ (4),,True,2531545,dev
cosign_26_03364,cosign_26_03364,Nhầm/NHẦM_LẠI_QUANG_VINH_ (5).MOV,pose_format/Nhầm/NHẦM_LẠI_QUANG_VINH_ (5).pkl,26,Nhầm,Nhầm,"[""Nhầm""]",signer_457,26_NHẦM_LẠI_QUANG_VINH_ (5),,True,2897940,dev
cosign_26_03365,cosign_26_03365,Nhầm/NHẦM_LẠI_QUANG_VINH_(1).mp4,pose_format/Nhầm/NHẦM_LẠI_QUANG_VINH_(1).pkl,26,Nhầm,Nhầm,"[""Nhầm""]",signer_457,26_NHẦM_LẠI_QUANG_VINH_(1),,True,702236,dev
cosign_26_03366,cosign_26_03366,Nhầm/NHẦM_LẠI_QUANG_VINH_(2).mp4,pose_format/Nhầm/NHẦM_LẠI_QUANG_VINH_(2).pkl,26,Nhầm,Nhầm,"[""Nhầm""]",signer_457,26_NHẦM_LẠI_QUANG_VINH_(2),,True,804335,dev
cosign_26_03367,cosign_26_03367,Nhầm/NHẦM_LẠI_QUANG_VINH_(3).mp4,pose_format/Nhầm/NHẦM_LẠI_QUANG_VINH_(3).pkl,26,Nhầm,Nhầm,"[""Nhầm""]",signer_457,26_NHẦM_LẠI_QUANG_VINH_(3),,True,826871,dev
cosign_26_03368,cosign_26_03368,Nhầm/NHẦM_LẠI_QUANG_VINH_(4).mp4,pose_format/Nhầm/NHẦM_LẠI_QUANG_VINH_(4).pkl,26,Nhầm,Nhầm,"[""Nhầm""]",signer_457,26_NHẦM_LẠI_QUANG_VINH_(4),,True,801478,dev
cosign_26_03369,cosign_26_03369,Nhầm/NHẦM_LẠI_QUANG_VINH_(5).mp4,pose_format/Nhầm/NHẦM_LẠI_QUANG_VINH_(5).pkl,26,Nhầm,Nhầm,"[""Nhầm""]",signer_457,26_NHẦM_LẠI_QUANG_VINH_(5),,True,898650,dev
cosign_26_03370,cosign_26_03370,Nhầm/NHẦM_MAI_HOÀNG_XUÂN_ (1).mp4,pose_format/Nhầm/NHẦM_MAI_HOÀNG_XUÂN_ (1).pkl,26,Nhầm,Nhầm,"[""Nhầm""]",signer_458,26_NHẦM_MAI_HOÀNG_XUÂN_ (1),,True,5815238,dev
cosign_26_03371,cosign_26_03371,Nhầm/NHẦM_MAI_HOÀNG_XUÂN_ (2).mp4,pose_format/Nhầm/NHẦM_MAI_HOÀNG_XUÂN_ (2).pkl,26,Nhầm,Nhầm,"[""Nhầm""]",signer_458,26_NHẦM_MAI_HOÀNG_XUÂN_ (2),,True,6675111,dev
cosign_26_03372,cosign_26_03372,Nhầm/NHẦM_MAI_HOÀNG_XUÂN_ (3).mp4,pose_format/Nhầm/NHẦM_MAI_HOÀNG_XUÂN_ (3).pkl,26,Nhầm,Nhầm,"[""Nhầm""]",signer_458,26_NHẦM_MAI_HOÀNG_XUÂN_ (3),,True,5929894,dev
cosign_26_03373,cosign_26_03373,Nhầm/NHẦM_MAI_HOÀNG_XUÂN_ (4).mp4,pose_format/Nhầm/NHẦM_MAI_HOÀNG_XUÂN_ (4).pkl,26,Nhầm,Nhầm,"[""Nhầm""]",signer_458,26_NHẦM_MAI_HOÀNG_XUÂN_ (4),,True,6242418,dev
cosign_26_03374,cosign_26_03374,Nhầm/NHẦM_MAI_HOÀNG_XUÂN_ (5).mp4,pose_format/Nhầm/NHẦM_MAI_HOÀNG_XUÂN_ (5).pkl,26,Nhầm,Nhầm,"[""Nhầm""]",signer_458,26_NHẦM_MAI_HOÀNG_XUÂN_ (5),,True,5851980,dev
cosign_26_03375,cosign_26_03375,Nhầm/NHẦM_NGUYỄN_HOÀNG_ĐIỆP_ (1).mp4,pose_format/Nhầm/NHẦM_NGUYỄN_HOÀNG_ĐIỆP_ (1).pkl,26,Nhầm,Nhầm,"[""Nhầm""]",signer_459,26_NHẦM_NGUYỄN_HOÀNG_ĐIỆP_ (1),,True,6100960,dev
cosign_26_03376,cosign_26_03376,Nhầm/NHẦM_NGUYỄN_HOÀNG_ĐIỆP_ (2).mp4,pose_format/Nhầm/NHẦM_NGUYỄN_HOÀNG_ĐIỆP_ (2).pkl,26,Nhầm,Nhầm,"[""Nhầm""]",signer_459,26_NHẦM_NGUYỄN_HOÀNG_ĐIỆP_ (2),,True,7233974,dev
cosign_26_03377,cosign_26_03377,Nhầm/NHẦM_NGUYỄN_HOÀNG_ĐIỆP_ (3).mp4,pose_format/Nhầm/NHẦM_NGUYỄN_HOÀNG_ĐIỆP_ (3).pkl,26,Nhầm,Nhầm,"[""Nhầm""]",signer_459,26_NHẦM_NGUYỄN_HOÀNG_ĐIỆP_ (3),,True,6864967,dev
cosign_26_03378,cosign_26_03378,Nhầm/NHẦM_NGUYỄN_HOÀNG_ĐIỆP_ (4).mp4,pose_format/Nhầm/NHẦM_NGUYỄN_HOÀNG_ĐIỆP_ (4).pkl,26,Nhầm,Nhầm,"[""Nhầm""]",signer_459,26_NHẦM_NGUYỄN_HOÀNG_ĐIỆP_ (4),,True,7148117,dev
cosign_26_03379,cosign_26_03379,Nhầm/NHẦM_NGUYỄN_HOÀNG_ĐIỆP_ (5).mp4,pose_format/Nhầm/NHẦM_NGUYỄN_HOÀNG_ĐIỆP_ (5).pkl,26,Nhầm,Nhầm,"[""Nhầm""]",signer_459,26_NHẦM_NGUYỄN_HOÀNG_ĐIỆP_ (5),,True,7436391,dev
cosign_26_03380,cosign_26_03380,Nhầm/NHẦM_NGUYỄN_PHƯƠNG_ANH_ (1).mp4,pose_format/Nhầm/NHẦM_NGUYỄN_PHƯƠNG_ANH_ (1).pkl,26,Nhầm,Nhầm,"[""Nhầm""]",signer_460,26_NHẦM_NGUYỄN_PHƯƠNG_ANH_ (1),,True,5111482,dev
cosign_26_03381,cosign_26_03381,Nhầm/NHẦM_NGUYỄN_PHƯƠNG_ANH_ (2).mp4,pose_format/Nhầm/NHẦM_NGUYỄN_PHƯƠNG_ANH_ (2).pkl,26,Nhầm,Nhầm,"[""Nhầm""]",signer_460,26_NHẦM_NGUYỄN_PHƯƠNG_ANH_ (2),,True,5723817,dev
cosign_26_03382,cosign_26_03382,Nhầm/NHẦM_NGUYỄN_PHƯƠNG_ANH_ (3).mp4,pose_format/Nhầm/NHẦM_NGUYỄN_PHƯƠNG_ANH_ (3).pkl,26,Nhầm,Nhầm,"[""Nhầm""]",signer_460,26_NHẦM_NGUYỄN_PHƯƠNG_ANH_ (3),,True,5679168,dev
cosign_26_03383,cosign_26_03383,Nhầm/NHẦM_NGUYỄN_PHƯƠNG_ANH_ (4).mp4,pose_format/Nhầm/NHẦM_NGUYỄN_PHƯƠNG_ANH_ (4).pkl,26,Nhầm,Nhầm,"[""Nhầm""]",signer_460,26_NHẦM_NGUYỄN_PHƯƠNG_ANH_ (4),,True,5659704,dev
cosign_26_03384,cosign_26_03384,Nhầm/NHẦM_NGUYỄN_PHƯƠNG_ANH_ (5).mp4,pose_format/Nhầm/NHẦM_NGUYỄN_PHƯƠNG_ANH_ (5).pkl,26,Nhầm,Nhầm,"[""Nhầm""]",signer_460,26_NHẦM_NGUYỄN_PHƯƠNG_ANH_ (5),,True,5469264,dev
cosign_26_03385,cosign_26_03385,Nhầm/NHẦM_NGUYỄN_VIẾT_QUANG_ (1).mp4,pose_format/Nhầm/NHẦM_NGUYỄN_VIẾT_QUANG_ (1).pkl,26,Nhầm,Nhầm,"[""Nhầm""]",signer_461,26_NHẦM_NGUYỄN_VIẾT_QUANG_ (1),,True,6251918,dev
cosign_26_03386,cosign_26_03386,Nhầm/NHẦM_NGUYỄN_VIẾT_QUANG_ (2).mp4,pose_format/Nhầm/NHẦM_NGUYỄN_VIẾT_QUANG_ (2).pkl,26,Nhầm,Nhầm,"[""Nhầm""]",signer_461,26_NHẦM_NGUYỄN_VIẾT_QUANG_ (2),,True,5624087,dev
cosign_26_03387,cosign_26_03387,Nhầm/NHẦM_NGUYỄN_VIẾT_QUANG_ (3).mp4,pose_format/Nhầm/NHẦM_NGUYỄN_VIẾT_QUANG_ (3).pkl,26,Nhầm,Nhầm,"[""Nhầm""]",signer_461,26_NHẦM_NGUYỄN_VIẾT_QUANG_ (3),,True,6276409,dev
cosign_26_03388,cosign_26_03388,Nhầm/NHẦM_NGUYỄN_VIẾT_QUANG_ (4).mp4,pose_format/Nhầm/NHẦM_NGUYỄN_VIẾT_QUANG_ (4).pkl,26,Nhầm,Nhầm,"[""Nhầm""]",signer_461,26_NHẦM_NGUYỄN_VIẾT_QUANG_ (4),,True,5931925,dev
cosign_26_03389,cosign_26_03389,Nhầm/NHẦM_NGUYỄN_VIẾT_QUANG_ (5).mp4,pose_format/Nhầm/NHẦM_NGUYỄN_VIẾT_QUANG_ (5).pkl,26,Nhầm,Nhầm,"[""Nhầm""]",signer_461,26_NHẦM_NGUYỄN_VIẾT_QUANG_ (5),,True,5859897,dev
cosign_26_03390,cosign_26_03390,Nhầm/NHẦM_NGÔ_TUẤN_ANH_ (1).mp4,pose_format/Nhầm/NHẦM_NGÔ_TUẤN_ANH_ (1).pkl,26,Nhầm,Nhầm,"[""Nhầm""]",signer_462,26_NHẦM_NGÔ_TUẤN_ANH_ (1),,True,6948298,dev
cosign_26_03391,cosign_26_03391,Nhầm/NHẦM_NGÔ_TUẤN_ANH_ (2).mp4,pose_format/Nhầm/NHẦM_NGÔ_TUẤN_ANH_ (2).pkl,26,Nhầm,Nhầm,"[""Nhầm""]",signer_462,26_NHẦM_NGÔ_TUẤN_ANH_ (2),,True,7176848,dev
cosign_26_03392,cosign_26_03392,Nhầm/NHẦM_NGÔ_TUẤN_ANH_ (3).mp4,pose_format/Nhầm/NHẦM_NGÔ_TUẤN_ANH_ (3).pkl,26,Nhầm,Nhầm,"[""Nhầm""]",signer_462,26_NHẦM_NGÔ_TUẤN_ANH_ (3),,True,7580129,dev
cosign_26_03393,cosign_26_03393,Nhầm/NHẦM_NGÔ_TUẤN_ANH_ (4).mp4,pose_format/Nhầm/NHẦM_NGÔ_TUẤN_ANH_ (4).pkl,26,Nhầm,Nhầm,"[""Nhầm""]",signer_462,26_NHẦM_NGÔ_TUẤN_ANH_ (4),,True,7160210,dev
cosign_26_03394,cosign_26_03394,Nhầm/NHẦM_NGÔ_TUẤN_ANH_ (5).mp4,pose_format/Nhầm/NHẦM_NGÔ_TUẤN_ANH_ (5).pkl,26,Nhầm,Nhầm,"[""Nhầm""]",signer_462,26_NHẦM_NGÔ_TUẤN_ANH_ (5),,True,7140381,dev
cosign_26_03395,cosign_26_03395,Nhầm/NHẦM_PHẠM_ĐÌNH_HẢI_(1).mp4,pose_format/Nhầm/NHẦM_PHẠM_ĐÌNH_HẢI_(1).pkl,26,Nhầm,Nhầm,"[""Nhầm""]",signer_463,26_NHẦM_PHẠM_ĐÌNH_HẢI_(1),,True,12889120,dev
cosign_26_03396,cosign_26_03396,Nhầm/NHẦM_PHẠM_ĐÌNH_HẢI_(2).mp4,pose_format/Nhầm/NHẦM_PHẠM_ĐÌNH_HẢI_(2).pkl,26,Nhầm,Nhầm,"[""Nhầm""]",signer_463,26_NHẦM_PHẠM_ĐÌNH_HẢI_(2),,True,12901132,dev
cosign_26_03397,cosign_26_03397,Nhầm/NHẦM_PHẠM_ĐÌNH_HẢI_(3).mp4,pose_format/Nhầm/NHẦM_PHẠM_ĐÌNH_HẢI_(3).pkl,26,Nhầm,Nhầm,"[""Nhầm""]",signer_463,26_NHẦM_PHẠM_ĐÌNH_HẢI_(3),,True,13070577,dev
cosign_26_03398,cosign_26_03398,Nhầm/NHẦM_PHẠM_ĐÌNH_HẢI_(4).mp4,pose_format/Nhầm/NHẦM_PHẠM_ĐÌNH_HẢI_(4).pkl,26,Nhầm,Nhầm,"[""Nhầm""]",signer_463,26_NHẦM_PHẠM_ĐÌNH_HẢI_(4),,True,13868502,dev
cosign_26_03399,cosign_26_03399,Nhầm/NHẦM_PHẠM_ĐÌNH_HẢI_(5).mp4,pose_format/Nhầm/NHẦM_PHẠM_ĐÌNH_HẢI_(5).pkl,26,Nhầm,Nhầm,"[""Nhầm""]",signer_463,26_NHẦM_PHẠM_ĐÌNH_HẢI_(5),,True,14063878,dev
cosign_26_03400,cosign_26_03400,Nhầm/NHẦM_TRƯƠNG_NGỌC_DIỄM_ (1).mp4,pose_format/Nhầm/NHẦM_TRƯƠNG_NGỌC_DIỄM_ (1).pkl,26,Nhầm,Nhầm,"[""Nhầm""]",signer_464,26_NHẦM_TRƯƠNG_NGỌC_DIỄM_ (1),,True,9503937,dev
cosign_26_03401,cosign_26_03401,Nhầm/NHẦM_TRƯƠNG_NGỌC_DIỄM_ (2).mp4,pose_format/Nhầm/NHẦM_TRƯƠNG_NGỌC_DIỄM_ (2).pkl,26,Nhầm,Nhầm,"[""Nhầm""]",signer_464,26_NHẦM_TRƯƠNG_NGỌC_DIỄM_ (2),,True,8130503,dev
cosign_26_03402,cosign_26_03402,Nhầm/NHẦM_TRƯƠNG_NGỌC_DIỄM_ (3).mp4,pose_format/Nhầm/NHẦM_TRƯƠNG_NGỌC_DIỄM_ (3).pkl,26,Nhầm,Nhầm,"[""Nhầm""]",signer_464,26_NHẦM_TRƯƠNG_NGỌC_DIỄM_ (3),,True,8966355,dev
cosign_26_03403,cosign_26_03403,Nhầm/NHẦM_TRƯƠNG_NGỌC_DIỄM_ (4).mp4,pose_format/Nhầm/NHẦM_TRƯƠNG_NGỌC_DIỄM_ (4).pkl,26,Nhầm,Nhầm,"[""Nhầm""]",signer_464,26_NHẦM_TRƯƠNG_NGỌC_DIỄM_ (4),,True,8097260,dev
cosign_26_03404,cosign_26_03404,Nhầm/NHẦM_TRƯƠNG_NGỌC_DIỄM_ (5).mp4,pose_format/Nhầm/NHẦM_TRƯƠNG_NGỌC_DIỄM_ (5).pkl,26,Nhầm,Nhầm,"[""Nhầm""]",signer_464,26_NHẦM_TRƯƠNG_NGỌC_DIỄM_ (5),,True,9250600,dev
cosign_26_03405,cosign_26_03405,Nhầm/NHẦM_TRẦN_TUẤN_MINH_ (1).mp4,pose_format/Nhầm/NHẦM_TRẦN_TUẤN_MINH_ (1).pkl,26,Nhầm,Nhầm,"[""Nhầm""]",signer_465,26_NHẦM_TRẦN_TUẤN_MINH_ (1),,True,5805972,dev
cosign_26_03406,cosign_26_03406,Nhầm/NHẦM_TRẦN_TUẤN_MINH_ (2).mp4,pose_format/Nhầm/NHẦM_TRẦN_TUẤN_MINH_ (2).pkl,26,Nhầm,Nhầm,"[""Nhầm""]",signer_465,26_NHẦM_TRẦN_TUẤN_MINH_ (2),,True,6226295,dev
cosign_26_03407,cosign_26_03407,Nhầm/NHẦM_TRẦN_TUẤN_MINH_ (3).mp4,pose_format/Nhầm/NHẦM_TRẦN_TUẤN_MINH_ (3).pkl,26,Nhầm,Nhầm,"[""Nhầm""]",signer_465,26_NHẦM_TRẦN_TUẤN_MINH_ (3),,True,5974869,dev
cosign_26_03408,cosign_26_03408,Nhầm/NHẦM_TRẦN_TUẤN_MINH_ (4).mp4,pose_format/Nhầm/NHẦM_TRẦN_TUẤN_MINH_ (4).pkl,26,Nhầm,Nhầm,"[""Nhầm""]",signer_465,26_NHẦM_TRẦN_TUẤN_MINH_ (4),,True,5884775,dev
cosign_26_03409,cosign_26_03409,Nhầm/NHẦM_TRẦN_TUẤN_MINH_ (5).mp4,pose_format/Nhầm/NHẦM_TRẦN_TUẤN_MINH_ (5).pkl,26,Nhầm,Nhầm,"[""Nhầm""]",signer_465,26_NHẦM_TRẦN_TUẤN_MINH_ (5),,True,6279655,dev
cosign_26_03410,cosign_26_03410,Nhầm/NHẦM_TRẦN_ĐỨC_QUÂN_ (1).mp4,pose_format/Nhầm/NHẦM_TRẦN_ĐỨC_QUÂN_ (1).pkl,26,Nhầm,Nhầm,"[""Nhầm""]",signer_466,26_NHẦM_TRẦN_ĐỨC_QUÂN_ (1),,True,6487964,dev
cosign_26_03411,cosign_26_03411,Nhầm/NHẦM_TRẦN_ĐỨC_QUÂN_ (2).mp4,pose_format/Nhầm/NHẦM_TRẦN_ĐỨC_QUÂN_ (2).pkl,26,Nhầm,Nhầm,"[""Nhầm""]",signer_466,26_NHẦM_TRẦN_ĐỨC_QUÂN_ (2),,True,6424294,dev
cosign_26_03412,cosign_26_03412,Nhầm/NHẦM_TRẦN_ĐỨC_QUÂN_ (3).mp4,pose_format/Nhầm/NHẦM_TRẦN_ĐỨC_QUÂN_ (3).pkl,26,Nhầm,Nhầm,"[""Nhầm""]",signer_466,26_NHẦM_TRẦN_ĐỨC_QUÂN_ (3),,True,7066029,dev
cosign_26_03413,cosign_26_03413,Nhầm/NHẦM_TRẦN_ĐỨC_QUÂN_ (4).mp4,pose_format/Nhầm/NHẦM_TRẦN_ĐỨC_QUÂN_ (4).pkl,26,Nhầm,Nhầm,"[""Nhầm""]",signer_466,26_NHẦM_TRẦN_ĐỨC_QUÂN_ (4),,True,6964018,dev
cosign_26_03414,cosign_26_03414,Nhầm/NHẦM_TRẦN_ĐỨC_QUÂN_ (5).mp4,pose_format/Nhầm/NHẦM_TRẦN_ĐỨC_QUÂN_ (5).pkl,26,Nhầm,Nhầm,"[""Nhầm""]",signer_466,26_NHẦM_TRẦN_ĐỨC_QUÂN_ (5),,True,7283231,dev
cosign_26_03415,cosign_26_03415,Nhầm/NHẦM_TẠ_THỊ_PHƯƠNG_LINH_ (1).mp4,pose_format/Nhầm/NHẦM_TẠ_THỊ_PHƯƠNG_LINH_ (1).pkl,26,Nhầm,Nhầm,"[""Nhầm""]",signer_467,26_NHẦM_TẠ_THỊ_PHƯƠNG_LINH_ (1),,True,4067410,dev
cosign_26_03416,cosign_26_03416,Nhầm/NHẦM_TẠ_THỊ_PHƯƠNG_LINH_ (2).mp4,pose_format/Nhầm/NHẦM_TẠ_THỊ_PHƯƠNG_LINH_ (2).pkl,26,Nhầm,Nhầm,"[""Nhầm""]",signer_467,26_NHẦM_TẠ_THỊ_PHƯƠNG_LINH_ (2),,True,4268288,dev
cosign_26_03417,cosign_26_03417,Nhầm/NHẦM_TẠ_THỊ_PHƯƠNG_LINH_ (3).mp4,pose_format/Nhầm/NHẦM_TẠ_THỊ_PHƯƠNG_LINH_ (3).pkl,26,Nhầm,Nhầm,"[""Nhầm""]",signer_467,26_NHẦM_TẠ_THỊ_PHƯƠNG_LINH_ (3),,True,4133581,dev
cosign_26_03418,cosign_26_03418,Nhầm/NHẦM_TẠ_THỊ_PHƯƠNG_LINH_ (4).mp4,pose_format/Nhầm/NHẦM_TẠ_THỊ_PHƯƠNG_LINH_ (4).pkl,26,Nhầm,Nhầm,"[""Nhầm""]",signer_467,26_NHẦM_TẠ_THỊ_PHƯƠNG_LINH_ (4),,True,4137360,dev
cosign_26_03419,cosign_26_03419,Nhầm/NHẦM_TẠ_THỊ_PHƯƠNG_LINH_ (5).mp4,pose_format/Nhầm/NHẦM_TẠ_THỊ_PHƯƠNG_LINH_ (5).pkl,26,Nhầm,Nhầm,"[""Nhầm""]",signer_467,26_NHẦM_TẠ_THỊ_PHƯƠNG_LINH_ (5),,True,4150889,dev
cosign_26_03420,cosign_26_03420,Nhầm/NHẦM_VŨ_HUY_DU_ (1).mp4,pose_format/Nhầm/NHẦM_VŨ_HUY_DU_ (1).pkl,26,Nhầm,Nhầm,"[""Nhầm""]",signer_468,26_NHẦM_VŨ_HUY_DU_ (1),,True,6890201,dev
cosign_26_03421,cosign_26_03421,Nhầm/NHẦM_VŨ_HUY_DU_ (2).mp4,pose_format/Nhầm/NHẦM_VŨ_HUY_DU_ (2).pkl,26,Nhầm,Nhầm,"[""Nhầm""]",signer_468,26_NHẦM_VŨ_HUY_DU_ (2),,True,6786217,dev
cosign_26_03422,cosign_26_03422,Nhầm/NHẦM_VŨ_HUY_DU_ (3).mp4,pose_format/Nhầm/NHẦM_VŨ_HUY_DU_ (3).pkl,26,Nhầm,Nhầm,"[""Nhầm""]",signer_468,26_NHẦM_VŨ_HUY_DU_ (3),,True,6762707,dev
cosign_26_03423,cosign_26_03423,Nhầm/NHẦM_VŨ_HUY_DU_ (4).mp4,pose_format/Nhầm/NHẦM_VŨ_HUY_DU_ (4).pkl,26,Nhầm,Nhầm,"[""Nhầm""]",signer_468,26_NHẦM_VŨ_HUY_DU_ (4),,True,7182367,dev
cosign_26_03424,cosign_26_03424,Nhầm/NHẦM_VŨ_HUY_DU_ (5).mp4,pose_format/Nhầm/NHẦM_VŨ_HUY_DU_ (5).pkl,26,Nhầm,Nhầm,"[""Nhầm""]",signer_468,26_NHẦM_VŨ_HUY_DU_ (5),,True,6962760,dev
cosign_26_03425,cosign_26_03425,Nhầm/NHẦM_VŨ_KẾT_ĐỒNG_1.mp4,pose_format/Nhầm/NHẦM_VŨ_KẾT_ĐỒNG_1.pkl,26,Nhầm,Nhầm,"[""Nhầm""]",signer_469,26_NHẦM_VŨ_KẾT_ĐỒNG_1,,True,7259448,dev
cosign_26_03426,cosign_26_03426,Nhầm/NHẦM_VŨ_KẾT_ĐỒNG_2.mp4,pose_format/Nhầm/NHẦM_VŨ_KẾT_ĐỒNG_2.pkl,26,Nhầm,Nhầm,"[""Nhầm""]",signer_469,26_NHẦM_VŨ_KẾT_ĐỒNG_2,,True,6790886,dev
cosign_26_03427,cosign_26_03427,Nhầm/NHẦM_VŨ_KẾT_ĐỒNG_3.mp4,pose_format/Nhầm/NHẦM_VŨ_KẾT_ĐỒNG_3.pkl,26,Nhầm,Nhầm,"[""Nhầm""]",signer_469,26_NHẦM_VŨ_KẾT_ĐỒNG_3,,True,7210162,dev
cosign_26_03428,cosign_26_03428,Nhầm/NHẦM_VŨ_KẾT_ĐỒNG_4.mp4,pose_format/Nhầm/NHẦM_VŨ_KẾT_ĐỒNG_4.pkl,26,Nhầm,Nhầm,"[""Nhầm""]",signer_469,26_NHẦM_VŨ_KẾT_ĐỒNG_4,,True,7247863,dev
cosign_26_03429,cosign_26_03429,Nhầm/NHẦM_VŨ_KẾT_ĐỒNG_5.mp4,pose_format/Nhầm/NHẦM_VŨ_KẾT_ĐỒNG_5.pkl,26,Nhầm,Nhầm,"[""Nhầm""]",signer_469,26_NHẦM_VŨ_KẾT_ĐỒNG_5,,True,5613805,dev
cosign_26_03430,cosign_26_03430,Nhầm/Nguyễn Gia Bảo_10_nhầm_1692757565.026915_0_cut.avi,pose_format/Nhầm/Nguyễn Gia Bảo_10_nhầm_1692757565.026915_0_cut.pkl,26,Nhầm,Nhầm,"[""Nhầm""]",signer_021,26_Nguyễn Gia Bảo_10_nhầm_1692757565.026915_0,,True,1687156,train
cosign_26_03431,cosign_26_03431,Nhầm/Nguyễn Gia Bảo_10_nhầm_1692757565.026915_0_frames_35.avi,pose_format/Nhầm/Nguyễn Gia Bảo_10_nhầm_1692757565.026915_0_frames_35.pkl,26,Nhầm,Nhầm,"[""Nhầm""]",signer_021,26_Nguyễn Gia Bảo_10_nhầm_1692757565.026915_0,26_Nguyễn Gia Bảo_10_nhầm_1692757565.026915_0,False,2035416,train
cosign_26_03432,cosign_26_03432,Nhầm/Nguyễn Gia Bảo_10_nhầm_1692757565.026915_0_frames_40.avi,pose_format/Nhầm/Nguyễn Gia Bảo_10_nhầm_1692757565.026915_0_frames_40.pkl,26,Nhầm,Nhầm,"[""Nhầm""]",signer_021,26_Nguyễn Gia Bảo_10_nhầm_1692757565.026915_0,26_Nguyễn Gia Bảo_10_nhầm_1692757565.026915_0,False,2035416,train
cosign_26_03433,cosign_26_03433,Nhầm/Nguyễn Thị Huyền_35_nhầm_1692866071.1993878_0_cut.avi,pose_format/Nhầm/Nguyễn Thị Huyền_35_nhầm_1692866071.1993878_0_cut.pkl,26,Nhầm,Nhầm,"[""Nhầm""]",signer_022,26_Nguyễn Thị Huyền_35_nhầm_1692866071.1993878_0,,True,1216636,train
cosign_26_03434,cosign_26_03434,Nhầm/Nguyễn Thị Huyền_35_nhầm_1692866071.1993878_0_frames_35.avi,pose_format/Nhầm/Nguyễn Thị Huyền_35_nhầm_1692866071.1993878_0_frames_35.pkl,26,Nhầm,Nhầm,"[""Nhầm""]",signer_022,26_Nguyễn Thị Huyền_35_nhầm_1692866071.1993878_0,26_Nguyễn Thị Huyền_35_nhầm_1692866071.1993878_0,False,1506506,train
cosign_26_03435,cosign_26_03435,Nhầm/Nguyễn Thị Huyền_35_nhầm_1692866071.1993878_0_frames_40.avi,pose_format/Nhầm/Nguyễn Thị Huyền_35_nhầm_1692866071.1993878_0_frames_40.pkl,26,Nhầm,Nhầm,"[""Nhầm""]",signer_022,26_Nguyễn Thị Huyền_35_nhầm_1692866071.1993878_0,26_Nguyễn Thị Huyền_35_nhầm_1692866071.1993878_0,False,1506506,train
cosign_26_03436,cosign_26_03436,Nhầm/Nguyễn Thị Hồng_32_Nhầm_1692949617.8551118_0_cut.avi,pose_format/Nhầm/Nguyễn Thị Hồng_32_Nhầm_1692949617.8551118_0_cut.pkl,26,Nhầm,Nhầm,"[""Nhầm""]",signer_023,26_Nguyễn Thị Hồng_32_Nhầm_1692949617.8551118_0,,True,823652,train
cosign_26_03437,cosign_26_03437,Nhầm/Nguyễn Thị Hồng_32_Nhầm_1692949617.8551118_0_frames_35.avi,pose_format/Nhầm/Nguyễn Thị Hồng_32_Nhầm_1692949617.8551118_0_frames_35.pkl,26,Nhầm,Nhầm,"[""Nhầm""]",signer_023,26_Nguyễn Thị Hồng_32_Nhầm_1692949617.8551118_0,26_Nguyễn Thị Hồng_32_Nhầm_1692949617.8551118_0,False,974904,train
cosign_26_03438,cosign_26_03438,Nhầm/Nguyễn Thị Hồng_32_Nhầm_1692949617.8551118_0_frames_40.avi,pose_format/Nhầm/Nguyễn Thị Hồng_32_Nhầm_1692949617.8551118_0_frames_40.pkl,26,Nhầm,Nhầm,"[""Nhầm""]",signer_023,26_Nguyễn Thị Hồng_32_Nhầm_1692949617.8551118_0,26_Nguyễn Thị Hồng_32_Nhầm_1692949617.8551118_0,False,974904,train
cosign_26_03439,cosign_26_03439,Nhầm/Nguyễn Thị Mai Anh_39_nhầm_1693193731.331209_0_cut.avi,pose_format/Nhầm/Nguyễn Thị Mai Anh_39_nhầm_1693193731.331209_0_cut.pkl,26,Nhầm,Nhầm,"[""Nhầm""]",signer_024,26_Nguyễn Thị Mai Anh_39_nhầm_1693193731.331209_0,,True,846826,train
cosign_26_03440,cosign_26_03440,Nhầm/Nguyễn Thị Mai Anh_39_nhầm_1693193731.331209_0_frames_35.avi,pose_format/Nhầm/Nguyễn Thị Mai Anh_39_nhầm_1693193731.331209_0_frames_35.pkl,26,Nhầm,Nhầm,"[""Nhầm""]",signer_024,26_Nguyễn Thị Mai Anh_39_nhầm_1693193731.331209_0,26_Nguyễn Thị Mai Anh_39_nhầm_1693193731.331209_0,False,1099776,train
cosign_26_03441,cosign_26_03441,Nhầm/Nguyễn Thị Mai Anh_39_nhầm_1693193731.331209_0_frames_40.avi,pose_format/Nhầm/Nguyễn Thị Mai Anh_39_nhầm_1693193731.331209_0_frames_40.pkl,26,Nhầm,Nhầm,"[""Nhầm""]",signer_024,26_Nguyễn Thị Mai Anh_39_nhầm_1693193731.331209_0,26_Nguyễn Thị Mai Anh_39_nhầm_1693193731.331209_0,False,1099776,train
cosign_26_03442,cosign_26_03442,Nhầm/Nguyễn Thị Thu Trang_38_Nhầm_1692861559.0522752_0_cut.avi,pose_format/Nhầm/Nguyễn Thị Thu Trang_38_Nhầm_1692861559.0522752_0_cut.pkl,26,Nhầm,Nhầm,"[""Nhầm""]",signer_025,26_Nguyễn Thị Thu Trang_38_Nhầm_1692861559.0522752_0,,True,1269240,train
cosign_26_03443,cosign_26_03443,Nhầm/Nguyễn Thị Thu Trang_38_Nhầm_1692861559.0522752_0_frames_35.avi,pose_format/Nhầm/Nguyễn Thị Thu Trang_38_Nhầm_1692861559.0522752_0_frames_35.pkl,26,Nhầm,Nhầm,"[""Nhầm""]",signer_025,26_Nguyễn Thị Thu Trang_38_Nhầm_1692861559.0522752_0,26_Nguyễn Thị Thu Trang_38_Nhầm_1692861559.0522752_0,False,1720574,train
cosign_26_03444,cosign_26_03444,Nhầm/Nguyễn Thị Thu Trang_38_Nhầm_1692861559.0522752_0_frames_40.avi,pose_format/Nhầm/Nguyễn Thị Thu Trang_38_Nhầm_1692861559.0522752_0_frames_40.pkl,26,Nhầm,Nhầm,"[""Nhầm""]",signer_025,26_Nguyễn Thị Thu Trang_38_Nhầm_1692861559.0522752_0,26_Nguyễn Thị Thu Trang_38_Nhầm_1692861559.0522752_0,False,1720574,train
cosign_26_03445,cosign_26_03445,Nhầm/Nhầm_MVT.mp4,pose_format/Nhầm/Nhầm_MVT.pkl,26,Nhầm,Nhầm,"[""Nhầm""]",signer_470,26_Nhầm_MVT,,True,8896792,dev
cosign_26_03446,cosign_26_03446,Nhầm/Nhầm_MVT (2).mp4,pose_format/Nhầm/Nhầm_MVT (2).pkl,26,Nhầm,Nhầm,"[""Nhầm""]",signer_470,26_Nhầm_MVT (2),,True,8436099,dev
cosign_26_03447,cosign_26_03447,Nhầm/Nhầm_MVT (3).mp4,pose_format/Nhầm/Nhầm_MVT (3).pkl,26,Nhầm,Nhầm,"[""Nhầm""]",signer_470,26_Nhầm_MVT (3),,True,11369159,dev
cosign_26_03448,cosign_26_03448,Nhầm/Nhầm_MVT (4).mp4,pose_format/Nhầm/Nhầm_MVT (4).pkl,26,Nhầm,Nhầm,"[""Nhầm""]",signer_470,26_Nhầm_MVT (4),,True,8320820,dev
cosign_26_03449,cosign_26_03449,Nhầm/Nhầm_MVT (5).mp4,pose_format/Nhầm/Nhầm_MVT (5).pkl,26,Nhầm,Nhầm,"[""Nhầm""]",signer_470,26_Nhầm_MVT (5),,True,8824042,dev
cosign_26_03450,cosign_26_03450,Nhầm/Phạm Thị Mai Hương _32_Nhầm_1692779554.572241_0_cut.avi,pose_format/Nhầm/Phạm Thị Mai Hương _32_Nhầm_1692779554.572241_0_cut.pkl,26,Nhầm,Nhầm,"[""Nhầm""]",signer_066,26_Phạm Thị Mai Hương _32_Nhầm_1692779554.572241_0,,True,870852,train
cosign_26_03451,cosign_26_03451,Nhầm/Phạm Thị Mai Hương _32_Nhầm_1692779554.572241_0_frames_35.avi,pose_format/Nhầm/Phạm Thị Mai Hương _32_Nhầm_1692779554.572241_0_frames_35.pkl,26,Nhầm,Nhầm,"[""Nhầm""]",signer_066,26_Phạm Thị Mai Hương _32_Nhầm_1692779554.572241_0,26_Phạm Thị Mai Hương _32_Nhầm_1692779554.572241_0,False,1105202,train
cosign_26_03452,cosign_26_03452,Nhầm/Phạm Thị Mai Hương _32_Nhầm_1692779554.572241_0_frames_40.avi,pose_format/Nhầm/Phạm Thị Mai Hương _32_Nhầm_1692779554.572241_0_frames_40.pkl,26,Nhầm,Nhầm,"[""Nhầm""]",signer_066,26_Phạm Thị Mai Hương _32_Nhầm_1692779554.572241_0,26_Phạm Thị Mai Hương _32_Nhầm_1692779554.572241_0,False,1105202,train
cosign_26_03453,cosign_26_03453,Nhầm/Trần Thị Vân Anh_39_nhầm_1692952328.3022838_0_cut.avi,pose_format/Nhầm/Trần Thị Vân Anh_39_nhầm_1692952328.3022838_0_cut.pkl,26,Nhầm,Nhầm,"[""Nhầm""]",signer_026,26_Trần Thị Vân Anh_39_nhầm_1692952328.3022838_0,,True,890610,train
cosign_26_03454,cosign_26_03454,Nhầm/Trần Thị Vân Anh_39_nhầm_1692952328.3022838_0_frames_35.avi,pose_format/Nhầm/Trần Thị Vân Anh_39_nhầm_1692952328.3022838_0_frames_35.pkl,26,Nhầm,Nhầm,"[""Nhầm""]",signer_026,26_Trần Thị Vân Anh_39_nhầm_1692952328.3022838_0,26_Trần Thị Vân Anh_39_nhầm_1692952328.3022838_0,False,1161922,train
cosign_26_03455,cosign_26_03455,Nhầm/Trần Thị Vân Anh_39_nhầm_1692952328.3022838_0_frames_40.avi,pose_format/Nhầm/Trần Thị Vân Anh_39_nhầm_1692952328.3022838_0_frames_40.pkl,26,Nhầm,Nhầm,"[""Nhầm""]",signer_026,26_Trần Thị Vân Anh_39_nhầm_1692952328.3022838_0,26_Trần Thị Vân Anh_39_nhầm_1692952328.3022838_0,False,1161922,train
cosign_26_03456,cosign_26_03456,Nhầm/Trần Xuân Ngọc_41_Nhầm_1692928848.142587_0_cut.avi,pose_format/Nhầm/Trần Xuân Ngọc_41_Nhầm_1692928848.142587_0_cut.pkl,26,Nhầm,Nhầm,"[""Nhầm""]",signer_027,26_Trần Xuân Ngọc_41_Nhầm_1692928848.142587_0,,True,1721840,train
cosign_26_03457,cosign_26_03457,Nhầm/Trần Xuân Ngọc_41_Nhầm_1692928848.142587_0_frames_35.avi,pose_format/Nhầm/Trần Xuân Ngọc_41_Nhầm_1692928848.142587_0_frames_35.pkl,26,Nhầm,Nhầm,"[""Nhầm""]",signer_027,26_Trần Xuân Ngọc_41_Nhầm_1692928848.142587_0,26_Trần Xuân Ngọc_41_Nhầm_1692928848.142587_0,False,2175792,train
cosign_26_03458,cosign_26_03458,Nhầm/Trần Xuân Ngọc_41_Nhầm_1692928848.142587_0_frames_40.avi,pose_format/Nhầm/Trần Xuân Ngọc_41_Nhầm_1692928848.142587_0_frames_40.pkl,26,Nhầm,Nhầm,"[""Nhầm""]",signer_027,26_Trần Xuân Ngọc_41_Nhầm_1692928848.142587_0,26_Trần Xuân Ngọc_41_Nhầm_1692928848.142587_0,False,2175792,train
cosign_26_03459,cosign_26_03459,Nhầm/Vũ Thị Thu Phương_37_nhầm_1692867477.2956636_0_cut.avi,pose_format/Nhầm/Vũ Thị Thu Phương_37_nhầm_1692867477.2956636_0_cut.pkl,26,Nhầm,Nhầm,"[""Nhầm""]",signer_028,26_Vũ Thị Thu Phương_37_nhầm_1692867477.2956636_0,,True,1076154,train
cosign_26_03460,cosign_26_03460,Nhầm/Vũ Thị Thu Phương_37_nhầm_1692867477.2956636_0_frames_35.avi,pose_format/Nhầm/Vũ Thị Thu Phương_37_nhầm_1692867477.2956636_0_frames_35.pkl,26,Nhầm,Nhầm,"[""Nhầm""]",signer_028,26_Vũ Thị Thu Phương_37_nhầm_1692867477.2956636_0,26_Vũ Thị Thu Phương_37_nhầm_1692867477.2956636_0,False,1257236,train
cosign_26_03461,cosign_26_03461,Nhầm/Vũ Thị Thu Phương_37_nhầm_1692867477.2956636_0_frames_40.avi,pose_format/Nhầm/Vũ Thị Thu Phương_37_nhầm_1692867477.2956636_0_frames_40.pkl,26,Nhầm,Nhầm,"[""Nhầm""]",signer_028,26_Vũ Thị Thu Phương_37_nhầm_1692867477.2956636_0,26_Vũ Thị Thu Phương_37_nhầm_1692867477.2956636_0,False,1257236,train
cosign_26_03462,cosign_26_03462,Nhầm/Đoàn Thị Thu Thủy_40_nhầm_1692955426.1761448_0_cut.avi,pose_format/Nhầm/Đoàn Thị Thu Thủy_40_nhầm_1692955426.1761448_0_cut.pkl,26,Nhầm,Nhầm,"[""Nhầm""]",signer_029,26_Đoàn Thị Thu Thủy_40_nhầm_1692955426.1761448_0,,True,1560464,train
cosign_26_03463,cosign_26_03463,Nhầm/Đoàn Thị Thu Thủy_40_nhầm_1692955426.1761448_0_frames_35.avi,pose_format/Nhầm/Đoàn Thị Thu Thủy_40_nhầm_1692955426.1761448_0_frames_35.pkl,26,Nhầm,Nhầm,"[""Nhầm""]",signer_029,26_Đoàn Thị Thu Thủy_40_nhầm_1692955426.1761448_0,26_Đoàn Thị Thu Thủy_40_nhầm_1692955426.1761448_0,False,1864994,train
cosign_26_03464,cosign_26_03464,Nhầm/Đoàn Thị Thu Thủy_40_nhầm_1692955426.1761448_0_frames_40.avi,pose_format/Nhầm/Đoàn Thị Thu Thủy_40_nhầm_1692955426.1761448_0_frames_40.pkl,26,Nhầm,Nhầm,"[""Nhầm""]",signer_029,26_Đoàn Thị Thu Thủy_40_nhầm_1692955426.1761448_0,26_Đoàn Thị Thu Thủy_40_nhầm_1692955426.1761448_0,False,1864994,train
cosign_26_03465,cosign_26_03465,Nhầm/Đỗ Thị Vấn_41_nhầm_1692780680.4294982_0_cut.avi,pose_format/Nhầm/Đỗ Thị Vấn_41_nhầm_1692780680.4294982_0_cut.pkl,26,Nhầm,Nhầm,"[""Nhầm""]",signer_031,26_Đỗ Thị Vấn_41_nhầm_1692780680.4294982_0,,True,1525050,train
cosign_26_03466,cosign_26_03466,Nhầm/Đỗ Thị Vấn_41_nhầm_1692780680.4294982_0_frames_35.avi,pose_format/Nhầm/Đỗ Thị Vấn_41_nhầm_1692780680.4294982_0_frames_35.pkl,26,Nhầm,Nhầm,"[""Nhầm""]",signer_031,26_Đỗ Thị Vấn_41_nhầm_1692780680.4294982_0,26_Đỗ Thị Vấn_41_nhầm_1692780680.4294982_0,False,2028920,train
cosign_26_03467,cosign_26_03467,Nhầm/Đỗ Thị Vấn_41_nhầm_1692780680.4294982_0_frames_40.avi,pose_format/Nhầm/Đỗ Thị Vấn_41_nhầm_1692780680.4294982_0_frames_40.pkl,26,Nhầm,Nhầm,"[""Nhầm""]",signer_031,26_Đỗ Thị Vấn_41_nhầm_1692780680.4294982_0,26_Đỗ Thị Vấn_41_nhầm_1692780680.4294982_0,False,2028920,train
cosign_27_03468,cosign_27_03468,Nói/DANG THI KIEN_37_NÓI_1693192837.7788374_0_cut.avi,pose_format/Nói/DANG THI KIEN_37_NÓI_1693192837.7788374_0_cut.pkl,27,Nói,Nói,"[""Nói""]",signer_084,27_DANG THI KIEN_37_NÓI_1693192837.7788374_0,,True,800088,train
cosign_27_03469,cosign_27_03469,Nói/DANG THI KIEN_37_NÓI_1693192837.7788374_0_frames_35.avi,pose_format/Nói/DANG THI KIEN_37_NÓI_1693192837.7788374_0_frames_35.pkl,27,Nói,Nói,"[""Nói""]",signer_084,27_DANG THI KIEN_37_NÓI_1693192837.7788374_0,27_DANG THI KIEN_37_NÓI_1693192837.7788374_0,False,944168,train
cosign_27_03470,cosign_27_03470,Nói/DANG THI KIEN_37_NÓI_1693192837.7788374_0_frames_40.avi,pose_format/Nói/DANG THI KIEN_37_NÓI_1693192837.7788374_0_frames_40.pkl,27,Nói,Nói,"[""Nói""]",signer_084,27_DANG THI KIEN_37_NÓI_1693192837.7788374_0,27_DANG THI KIEN_37_NÓI_1693192837.7788374_0,False,944168,train
cosign_27_03471,cosign_27_03471,Nói/Lê Phương Thảo _12_Nói_1692755628.4700916_0_cut.avi,pose_format/Nói/Lê Phương Thảo _12_Nói_1692755628.4700916_0_cut.pkl,27,Nói,Nói,"[""Nói""]",signer_019,27_Lê Phương Thảo _12_Nói_1692755628.4700916_0,,True,736646,train
cosign_27_03472,cosign_27_03472,Nói/Lê Phương Thảo _12_Nói_1692755628.4700916_0_frames_35.avi,pose_format/Nói/Lê Phương Thảo _12_Nói_1692755628.4700916_0_frames_35.pkl,27,Nói,Nói,"[""Nói""]",signer_019,27_Lê Phương Thảo _12_Nói_1692755628.4700916_0,27_Lê Phương Thảo _12_Nói_1692755628.4700916_0,False,845750,train
cosign_27_03473,cosign_27_03473,Nói/Lê Phương Thảo _12_Nói_1692755628.4700916_0_frames_40.avi,pose_format/Nói/Lê Phương Thảo _12_Nói_1692755628.4700916_0_frames_40.pkl,27,Nói,Nói,"[""Nói""]",signer_019,27_Lê Phương Thảo _12_Nói_1692755628.4700916_0,27_Lê Phương Thảo _12_Nói_1692755628.4700916_0,False,845750,train
cosign_27_03474,cosign_27_03474,Nói/Lê Thanh Như_12_Nói _1692755614.3662634_0_cut.avi,pose_format/Nói/Lê Thanh Như_12_Nói _1692755614.3662634_0_cut.pkl,27,Nói,Nói,"[""Nói""]",signer_020,27_Lê Thanh Như_12_Nói _1692755614.3662634_0,,True,1044342,train
cosign_27_03475,cosign_27_03475,Nói/Lê Thanh Như_12_Nói _1692755614.3662634_0_frames_35.avi,pose_format/Nói/Lê Thanh Như_12_Nói _1692755614.3662634_0_frames_35.pkl,27,Nói,Nói,"[""Nói""]",signer_020,27_Lê Thanh Như_12_Nói _1692755614.3662634_0,27_Lê Thanh Như_12_Nói _1692755614.3662634_0,False,1272866,train
cosign_27_03476,cosign_27_03476,Nói/Lê Thanh Như_12_Nói _1692755614.3662634_0_frames_40.avi,pose_format/Nói/Lê Thanh Như_12_Nói _1692755614.3662634_0_frames_40.pkl,27,Nói,Nói,"[""Nói""]",signer_020,27_Lê Thanh Như_12_Nói _1692755614.3662634_0,27_Lê Thanh Như_12_Nói _1692755614.3662634_0,False,1272866,train
cosign_27_03477,cosign_27_03477,Nói/Nguyễn Thị Huyền_35_nói_1692863185.1533298_0_cut.avi,pose_format/Nói/Nguyễn Thị Huyền_35_nói_1692863185.1533298_0_cut.pkl,27,Nói,Nói,"[""Nói""]",signer_022,27_Nguyễn Thị Huyền_35_nói_1692863185.1533298_0,,True,1077948,train
cosign_27_03478,cosign_27_03478,Nói/Nguyễn Thị Huyền_35_nói_1692863185.1533298_0_frames_35.avi,pose_format/Nói/Nguyễn Thị Huyền_35_nói_1692863185.1533298_0_frames_35.pkl,27,Nói,Nói,"[""Nói""]",signer_022,27_Nguyễn Thị Huyền_35_nói_1692863185.1533298_0,27_Nguyễn Thị Huyền_35_nói_1692863185.1533298_0,False,1385444,train
cosign_27_03479,cosign_27_03479,Nói/Nguyễn Thị Huyền_35_nói_1692863185.1533298_0_frames_40.avi,pose_format/Nói/Nguyễn Thị Huyền_35_nói_1692863185.1533298_0_frames_40.pkl,27,Nói,Nói,"[""Nói""]",signer_022,27_Nguyễn Thị Huyền_35_nói_1692863185.1533298_0,27_Nguyễn Thị Huyền_35_nói_1692863185.1533298_0,False,1385444,train
cosign_27_03480,cosign_27_03480,Nói/Nguyễn Thị Hồng_32_Nói_1692947951.2837632_0_cut.avi,pose_format/Nói/Nguyễn Thị Hồng_32_Nói_1692947951.2837632_0_cut.pkl,27,Nói,Nói,"[""Nói""]",signer_023,27_Nguyễn Thị Hồng_32_Nói_1692947951.2837632_0,,True,828132,train
cosign_27_03481,cosign_27_03481,Nói/Nguyễn Thị Hồng_32_Nói_1692947951.2837632_0_frames_35.avi,pose_format/Nói/Nguyễn Thị Hồng_32_Nói_1692947951.2837632_0_frames_35.pkl,27,Nói,Nói,"[""Nói""]",signer_023,27_Nguyễn Thị Hồng_32_Nói_1692947951.2837632_0,27_Nguyễn Thị Hồng_32_Nói_1692947951.2837632_0,False,957308,train
cosign_27_03482,cosign_27_03482,Nói/Nguyễn Thị Hồng_32_Nói_1692947951.2837632_0_frames_40.avi,pose_format/Nói/Nguyễn Thị Hồng_32_Nói_1692947951.2837632_0_frames_40.pkl,27,Nói,Nói,"[""Nói""]",signer_023,27_Nguyễn Thị Hồng_32_Nói_1692947951.2837632_0,27_Nguyễn Thị Hồng_32_Nói_1692947951.2837632_0,False,957308,train
cosign_27_03483,cosign_27_03483,Nói/Nguyễn Thị Mai Anh_39_nói_1693191498.1929126_0_cut.avi,pose_format/Nói/Nguyễn Thị Mai Anh_39_nói_1693191498.1929126_0_cut.pkl,27,Nói,Nói,"[""Nói""]",signer_024,27_Nguyễn Thị Mai Anh_39_nói_1693191498.1929126_0,,True,818216,train
cosign_27_03484,cosign_27_03484,Nói/Nguyễn Thị Mai Anh_39_nói_1693191498.1929126_0_frames_35.avi,pose_format/Nói/Nguyễn Thị Mai Anh_39_nói_1693191498.1929126_0_frames_35.pkl,27,Nói,Nói,"[""Nói""]",signer_024,27_Nguyễn Thị Mai Anh_39_nói_1693191498.1929126_0,27_Nguyễn Thị Mai Anh_39_nói_1693191498.1929126_0,False,1073464,train
cosign_27_03485,cosign_27_03485,Nói/Nguyễn Thị Mai Anh_39_nói_1693191498.1929126_0_frames_40.avi,pose_format/Nói/Nguyễn Thị Mai Anh_39_nói_1693191498.1929126_0_frames_40.pkl,27,Nói,Nói,"[""Nói""]",signer_024,27_Nguyễn Thị Mai Anh_39_nói_1693191498.1929126_0,27_Nguyễn Thị Mai Anh_39_nói_1693191498.1929126_0,False,1073464,train
cosign_27_03486,cosign_27_03486,Nói/Nguyễn Thị Thu Trang_38_Nói_1692859846.464334_0_cut.avi,pose_format/Nói/Nguyễn Thị Thu Trang_38_Nói_1692859846.464334_0_cut.pkl,27,Nói,Nói,"[""Nói""]",signer_025,27_Nguyễn Thị Thu Trang_38_Nói_1692859846.464334_0,,True,1038278,train
cosign_27_03487,cosign_27_03487,Nói/Nguyễn Thị Thu Trang_38_Nói_1692859846.464334_0_frames_35.avi,pose_format/Nói/Nguyễn Thị Thu Trang_38_Nói_1692859846.464334_0_frames_35.pkl,27,Nói,Nói,"[""Nói""]",signer_025,27_Nguyễn Thị Thu Trang_38_Nói_1692859846.464334_0,27_Nguyễn Thị Thu Trang_38_Nói_1692859846.464334_0,False,1241766,train
cosign_27_03488,cosign_27_03488,Nói/Nguyễn Thị Thu Trang_38_Nói_1692859846.464334_0_frames_40.avi,pose_format/Nói/Nguyễn Thị Thu Trang_38_Nói_1692859846.464334_0_frames_40.pkl,27,Nói,Nói,"[""Nói""]",signer_025,27_Nguyễn Thị Thu Trang_38_Nói_1692859846.464334_0,27_Nguyễn Thị Thu Trang_38_Nói_1692859846.464334_0,False,1241766,train
cosign_27_03489,cosign_27_03489,Nói/NÓI_BÙI_MAI_CHI_ (1).mp4,pose_format/Nói/NÓI_BÙI_MAI_CHI_ (1).pkl,27,Nói,Nói,"[""Nói""]",signer_471,27_NÓI_BÙI_MAI_CHI_ (1),,True,7319575,test
cosign_27_03490,cosign_27_03490,Nói/NÓI_BÙI_MAI_CHI_ (2).mp4,pose_format/Nói/NÓI_BÙI_MAI_CHI_ (2).pkl,27,Nói,Nói,"[""Nói""]",signer_471,27_NÓI_BÙI_MAI_CHI_ (2),,True,6744168,test
cosign_27_03491,cosign_27_03491,Nói/NÓI_BÙI_MAI_CHI_ (3).mp4,pose_format/Nói/NÓI_BÙI_MAI_CHI_ (3).pkl,27,Nói,Nói,"[""Nói""]",signer_471,27_NÓI_BÙI_MAI_CHI_ (3),,True,7923557,test
cosign_27_03492,cosign_27_03492,Nói/NÓI_BÙI_MAI_CHI_ (4).mp4,pose_format/Nói/NÓI_BÙI_MAI_CHI_ (4).pkl,27,Nói,Nói,"[""Nói""]",signer_471,27_NÓI_BÙI_MAI_CHI_ (4),,True,7459504,test
cosign_27_03493,cosign_27_03493,Nói/NÓI_BÙI_MAI_CHI_ (5).mp4,pose_format/Nói/NÓI_BÙI_MAI_CHI_ (5).pkl,27,Nói,Nói,"[""Nói""]",signer_471,27_NÓI_BÙI_MAI_CHI_ (5),,True,7604928,test
cosign_27_03494,cosign_27_03494,Nói/NÓI_BÙI_MẬU_VĂN_ (1).mp4,pose_format/Nói/NÓI_BÙI_MẬU_VĂN_ (1).pkl,27,Nói,Nói,"[""Nói""]",signer_472,27_NÓI_BÙI_MẬU_VĂN_ (1),,True,5711213,test
cosign_27_03495,cosign_27_03495,Nói/NÓI_BÙI_MẬU_VĂN_ (2).mp4,pose_format/Nói/NÓI_BÙI_MẬU_VĂN_ (2).pkl,27,Nói,Nói,"[""Nói""]",signer_472,27_NÓI_BÙI_MẬU_VĂN_ (2),,True,5853225,test
cosign_27_03496,cosign_27_03496,Nói/NÓI_BÙI_MẬU_VĂN_ (3).mp4,pose_format/Nói/NÓI_BÙI_MẬU_VĂN_ (3).pkl,27,Nói,Nói,"[""Nói""]",signer_472,27_NÓI_BÙI_MẬU_VĂN_ (3),,True,5912498,test
cosign_27_03497,cosign_27_03497,Nói/NÓI_BÙI_MẬU_VĂN_ (4).mp4,pose_format/Nói/NÓI_BÙI_MẬU_VĂN_ (4).pkl,27,Nói,Nói,"[""Nói""]",signer_472,27_NÓI_BÙI_MẬU_VĂN_ (4),,True,5761152,test
cosign_27_03498,cosign_27_03498,Nói/NÓI_BÙI_MẬU_VĂN_ (5).mp4,pose_format/Nói/NÓI_BÙI_MẬU_VĂN_ (5).pkl,27,Nói,Nói,"[""Nói""]",signer_472,27_NÓI_BÙI_MẬU_VĂN_ (5),,True,5801677,test
cosign_27_03499,cosign_27_03499,Nói/NÓI_LÊ_QUANG_MẠNH_ (1).mp4,pose_format/Nói/NÓI_LÊ_QUANG_MẠNH_ (1).pkl,27,Nói,Nói,"[""Nói""]",signer_473,27_NÓI_LÊ_QUANG_MẠNH_ (1),,True,4730309,test
cosign_27_03500,cosign_27_03500,Nói/NÓI_LÊ_QUANG_MẠNH_ (2).mp4,pose_format/Nói/NÓI_LÊ_QUANG_MẠNH_ (2).pkl,27,Nói,Nói,"[""Nói""]",signer_473,27_NÓI_LÊ_QUANG_MẠNH_ (2),,True,5121076,test
cosign_27_03501,cosign_27_03501,Nói/NÓI_LÊ_QUANG_MẠNH_ (3).mp4,pose_format/Nói/NÓI_LÊ_QUANG_MẠNH_ (3).pkl,27,Nói,Nói,"[""Nói""]",signer_473,27_NÓI_LÊ_QUANG_MẠNH_ (3),,True,5394408,test
cosign_27_03502,cosign_27_03502,Nói/NÓI_LÊ_QUANG_MẠNH_ (4).mp4,pose_format/Nói/NÓI_LÊ_QUANG_MẠNH_ (4).pkl,27,Nói,Nói,"[""Nói""]",signer_473,27_NÓI_LÊ_QUANG_MẠNH_ (4),,True,4930530,test
cosign_27_03503,cosign_27_03503,Nói/NÓI_LÊ_QUANG_MẠNH_ (5).mp4,pose_format/Nói/NÓI_LÊ_QUANG_MẠNH_ (5).pkl,27,Nói,Nói,"[""Nói""]",signer_473,27_NÓI_LÊ_QUANG_MẠNH_ (5),,True,5261577,test
cosign_27_03504,cosign_27_03504,Nói/NÓI_LẠI_QUANG_VINH_ (1).MOV,pose_format/Nói/NÓI_LẠI_QUANG_VINH_ (1).pkl,27,Nói,Nói,"[""Nói""]",signer_474,27_NÓI_LẠI_QUANG_VINH_ (1),,True,2139572,test
cosign_27_03505,cosign_27_03505,Nói/NÓI_LẠI_QUANG_VINH_ (2).MOV,pose_format/Nói/NÓI_LẠI_QUANG_VINH_ (2).pkl,27,Nói,Nói,"[""Nói""]",signer_474,27_NÓI_LẠI_QUANG_VINH_ (2),,True,2244866,test
cosign_27_03506,cosign_27_03506,Nói/NÓI_LẠI_QUANG_VINH_ (3).MOV,pose_format/Nói/NÓI_LẠI_QUANG_VINH_ (3).pkl,27,Nói,Nói,"[""Nói""]",signer_474,27_NÓI_LẠI_QUANG_VINH_ (3),,True,2576496,test
cosign_27_03507,cosign_27_03507,Nói/NÓI_LẠI_QUANG_VINH_ (4).MOV,pose_format/Nói/NÓI_LẠI_QUANG_VINH_ (4).pkl,27,Nói,Nói,"[""Nói""]",signer_474,27_NÓI_LẠI_QUANG_VINH_ (4),,True,2543108,test
cosign_27_03508,cosign_27_03508,Nói/NÓI_LẠI_QUANG_VINH_ (5).MOV,pose_format/Nói/NÓI_LẠI_QUANG_VINH_ (5).pkl,27,Nói,Nói,"[""Nói""]",signer_474,27_NÓI_LẠI_QUANG_VINH_ (5),,True,2740076,test
cosign_27_03509,cosign_27_03509,Nói/NÓI_LẠI_QUANG_VINH_(1).mp4,pose_format/Nói/NÓI_LẠI_QUANG_VINH_(1).pkl,27,Nói,Nói,"[""Nói""]",signer_474,27_NÓI_LẠI_QUANG_VINH_(1),,True,716823,test
cosign_27_03510,cosign_27_03510,Nói/NÓI_LẠI_QUANG_VINH_(2).mp4,pose_format/Nói/NÓI_LẠI_QUANG_VINH_(2).pkl,27,Nói,Nói,"[""Nói""]",signer_474,27_NÓI_LẠI_QUANG_VINH_(2),,True,744388,test
cosign_27_03511,cosign_27_03511,Nói/NÓI_LẠI_QUANG_VINH_(3).mp4,pose_format/Nói/NÓI_LẠI_QUANG_VINH_(3).pkl,27,Nói,Nói,"[""Nói""]",signer_474,27_NÓI_LẠI_QUANG_VINH_(3),,True,802798,test
cosign_27_03512,cosign_27_03512,Nói/NÓI_LẠI_QUANG_VINH_(4).mp4,pose_format/Nói/NÓI_LẠI_QUANG_VINH_(4).pkl,27,Nói,Nói,"[""Nói""]",signer_474,27_NÓI_LẠI_QUANG_VINH_(4),,True,807132,test
cosign_27_03513,cosign_27_03513,Nói/NÓI_LẠI_QUANG_VINH_(5).mp4,pose_format/Nói/NÓI_LẠI_QUANG_VINH_(5).pkl,27,Nói,Nói,"[""Nói""]",signer_474,27_NÓI_LẠI_QUANG_VINH_(5),,True,848636,test
cosign_27_03514,cosign_27_03514,Nói/NÓI_MAI_HOÀNG_XUÂN_ (1).mp4,pose_format/Nói/NÓI_MAI_HOÀNG_XUÂN_ (1).pkl,27,Nói,Nói,"[""Nói""]",signer_475,27_NÓI_MAI_HOÀNG_XUÂN_ (1),,True,5874018,test
cosign_27_03515,cosign_27_03515,Nói/NÓI_MAI_HOÀNG_XUÂN_ (2).mp4,pose_format/Nói/NÓI_MAI_HOÀNG_XUÂN_ (2).pkl,27,Nói,Nói,"[""Nói""]",signer_475,27_NÓI_MAI_HOÀNG_XUÂN_ (2),,True,6163602,test
cosign_27_03516,cosign_27_03516,Nói/NÓI_MAI_HOÀNG_XUÂN_ (3).mp4,pose_format/Nói/NÓI_MAI_HOÀNG_XUÂN_ (3).pkl,27,Nói,Nói,"[""Nói""]",signer_475,27_NÓI_MAI_HOÀNG_XUÂN_ (3),,True,5924436,test
cosign_27_03517,cosign_27_03517,Nói/NÓI_MAI_HOÀNG_XUÂN_ (4).mp4,pose_format/Nói/NÓI_MAI_HOÀNG_XUÂN_ (4).pkl,27,Nói,Nói,"[""Nói""]",signer_475,27_NÓI_MAI_HOÀNG_XUÂN_ (4),,True,6088258,test
cosign_27_03518,cosign_27_03518,Nói/NÓI_MAI_HOÀNG_XUÂN_ (5).mp4,pose_format/Nói/NÓI_MAI_HOÀNG_XUÂN_ (5).pkl,27,Nói,Nói,"[""Nói""]",signer_475,27_NÓI_MAI_HOÀNG_XUÂN_ (5),,True,5796419,test
cosign_27_03519,cosign_27_03519,Nói/NÓI_NGUYỄN_HOÀNG_ĐIỆP_ (1).mp4,pose_format/Nói/NÓI_NGUYỄN_HOÀNG_ĐIỆP_ (1).pkl,27,Nói,Nói,"[""Nói""]",signer_476,27_NÓI_NGUYỄN_HOÀNG_ĐIỆP_ (1),,True,5295199,test
cosign_27_03520,cosign_27_03520,Nói/NÓI_NGUYỄN_HOÀNG_ĐIỆP_ (2).mp4,pose_format/Nói/NÓI_NGUYỄN_HOÀNG_ĐIỆP_ (2).pkl,27,Nói,Nói,"[""Nói""]",signer_476,27_NÓI_NGUYỄN_HOÀNG_ĐIỆP_ (2),,True,5971627,test
cosign_27_03521,cosign_27_03521,Nói/NÓI_NGUYỄN_HOÀNG_ĐIỆP_ (3).mp4,pose_format/Nói/NÓI_NGUYỄN_HOÀNG_ĐIỆP_ (3).pkl,27,Nói,Nói,"[""Nói""]",signer_476,27_NÓI_NGUYỄN_HOÀNG_ĐIỆP_ (3),,True,5327736,test
cosign_27_03522,cosign_27_03522,Nói/NÓI_NGUYỄN_HOÀNG_ĐIỆP_ (4).mp4,pose_format/Nói/NÓI_NGUYỄN_HOÀNG_ĐIỆP_ (4).pkl,27,Nói,Nói,"[""Nói""]",signer_476,27_NÓI_NGUYỄN_HOÀNG_ĐIỆP_ (4),,True,5913655,test
cosign_27_03523,cosign_27_03523,Nói/NÓI_NGUYỄN_HOÀNG_ĐIỆP_ (5).mp4,pose_format/Nói/NÓI_NGUYỄN_HOÀNG_ĐIỆP_ (5).pkl,27,Nói,Nói,"[""Nói""]",signer_476,27_NÓI_NGUYỄN_HOÀNG_ĐIỆP_ (5),,True,5792290,test
cosign_27_03524,cosign_27_03524,Nói/NÓI_NGUYỄN_PHƯƠNG_ANH_ (1).mp4,pose_format/Nói/NÓI_NGUYỄN_PHƯƠNG_ANH_ (1).pkl,27,Nói,Nói,"[""Nói""]",signer_477,27_NÓI_NGUYỄN_PHƯƠNG_ANH_ (1),,True,5116815,test
cosign_27_03525,cosign_27_03525,Nói/NÓI_NGUYỄN_PHƯƠNG_ANH_ (2).mp4,pose_format/Nói/NÓI_NGUYỄN_PHƯƠNG_ANH_ (2).pkl,27,Nói,Nói,"[""Nói""]",signer_477,27_NÓI_NGUYỄN_PHƯƠNG_ANH_ (2),,True,4533893,test
cosign_27_03526,cosign_27_03526,Nói/NÓI_NGUYỄN_PHƯƠNG_ANH_ (3).mp4,pose_format/Nói/NÓI_NGUYỄN_PHƯƠNG_ANH_ (3).pkl,27,Nói,Nói,"[""Nói""]",signer_477,27_NÓI_NGUYỄN_PHƯƠNG_ANH_ (3),,True,4128684,test
cosign_27_03527,cosign_27_03527,Nói/NÓI_NGUYỄN_PHƯƠNG_ANH_ (4).mp4,pose_format/Nói/NÓI_NGUYỄN_PHƯƠNG_ANH_ (4).pkl,27,Nói,Nói,"[""Nói""]",signer_477,27_NÓI_NGUYỄN_PHƯƠNG_ANH_ (4),,True,4871360,test
cosign_27_03528,cosign_27_03528,Nói/NÓI_NGUYỄN_PHƯƠNG_ANH_ (5).mp4,pose_format/Nói/NÓI_NGUYỄN_PHƯƠNG_ANH_ (5).pkl,27,Nói,Nói,"[""Nói""]",signer_477,27_NÓI_NGUYỄN_PHƯƠNG_ANH_ (5),,True,4349090,test
cosign_27_03529,cosign_27_03529,Nói/NÓI_NGUYỄN_VIẾT_QUANG_ (1).mp4,pose_format/Nói/NÓI_NGUYỄN_VIẾT_QUANG_ (1).pkl,27,Nói,Nói,"[""Nói""]",signer_478,27_NÓI_NGUYỄN_VIẾT_QUANG_ (1),,True,5191427,test
cosign_27_03530,cosign_27_03530,Nói/NÓI_NGUYỄN_VIẾT_QUANG_ (2).mp4,pose_format/Nói/NÓI_NGUYỄN_VIẾT_QUANG_ (2).pkl,27,Nói,Nói,"[""Nói""]",signer_478,27_NÓI_NGUYỄN_VIẾT_QUANG_ (2),,True,5430496,test
cosign_27_03531,cosign_27_03531,Nói/NÓI_NGUYỄN_VIẾT_QUANG_ (3).mp4,pose_format/Nói/NÓI_NGUYỄN_VIẾT_QUANG_ (3).pkl,27,Nói,Nói,"[""Nói""]",signer_478,27_NÓI_NGUYỄN_VIẾT_QUANG_ (3),,True,5499178,test
cosign_27_03532,cosign_27_03532,Nói/NÓI_NGUYỄN_VIẾT_QUANG_ (4).mp4,pose_format/Nói/NÓI_NGUYỄN_VIẾT_QUANG_ (4).pkl,27,Nói,Nói,"[""Nói""]",signer_478,27_NÓI_NGUYỄN_VIẾT_QUANG_ (4),,True,6117422,test
cosign_27_03533,cosign_27_03533,Nói/NÓI_NGUYỄN_VIẾT_QUANG_ (5).mp4,pose_format/Nói/NÓI_NGUYỄN_VIẾT_QUANG_ (5).pkl,27,Nói,Nói,"[""Nói""]",signer_478,27_NÓI_NGUYỄN_VIẾT_QUANG_ (5),,True,5543447,test
cosign_27_03534,cosign_27_03534,Nói/NÓI_NGÔ_TUẤN_ANH_ (1).mp4,pose_format/Nói/NÓI_NGÔ_TUẤN_ANH_ (1).pkl,27,Nói,Nói,"[""Nói""]",signer_479,27_NÓI_NGÔ_TUẤN_ANH_ (1),,True,6565908,test
cosign_27_03535,cosign_27_03535,Nói/NÓI_NGÔ_TUẤN_ANH_ (2).mp4,pose_format/Nói/NÓI_NGÔ_TUẤN_ANH_ (2).pkl,27,Nói,Nói,"[""Nói""]",signer_479,27_NÓI_NGÔ_TUẤN_ANH_ (2),,True,7374917,test
cosign_27_03536,cosign_27_03536,Nói/NÓI_NGÔ_TUẤN_ANH_ (3).mp4,pose_format/Nói/NÓI_NGÔ_TUẤN_ANH_ (3).pkl,27,Nói,Nói,"[""Nói""]",signer_479,27_NÓI_NGÔ_TUẤN_ANH_ (3),,True,6843052,test
cosign_27_03537,cosign_27_03537,Nói/NÓI_NGÔ_TUẤN_ANH_ (4).mp4,pose_format/Nói/NÓI_NGÔ_TUẤN_ANH_ (4).pkl,27,Nói,Nói,"[""Nói""]",signer_479,27_NÓI_NGÔ_TUẤN_ANH_ (4),,True,6490160,test
cosign_27_03538,cosign_27_03538,Nói/NÓI_NGÔ_TUẤN_ANH_ (5).mp4,pose_format/Nói/NÓI_NGÔ_TUẤN_ANH_ (5).pkl,27,Nói,Nói,"[""Nói""]",signer_479,27_NÓI_NGÔ_TUẤN_ANH_ (5),,True,7319458,test
cosign_27_03539,cosign_27_03539,Nói/NÓI_PHẠM_ĐÌNH_HẢI_(1).mp4,pose_format/Nói/NÓI_PHẠM_ĐÌNH_HẢI_(1).pkl,27,Nói,Nói,"[""Nói""]",signer_480,27_NÓI_PHẠM_ĐÌNH_HẢI_(1),,True,10590083,test
cosign_27_03540,cosign_27_03540,Nói/NÓI_PHẠM_ĐÌNH_HẢI_(2).mp4,pose_format/Nói/NÓI_PHẠM_ĐÌNH_HẢI_(2).pkl,27,Nói,Nói,"[""Nói""]",signer_480,27_NÓI_PHẠM_ĐÌNH_HẢI_(2),,True,14387987,test
cosign_27_03541,cosign_27_03541,Nói/NÓI_PHẠM_ĐÌNH_HẢI_(3).mp4,pose_format/Nói/NÓI_PHẠM_ĐÌNH_HẢI_(3).pkl,27,Nói,Nói,"[""Nói""]",signer_480,27_NÓI_PHẠM_ĐÌNH_HẢI_(3),,True,13482993,test
cosign_27_03542,cosign_27_03542,Nói/NÓI_PHẠM_ĐÌNH_HẢI_(4).mp4,pose_format/Nói/NÓI_PHẠM_ĐÌNH_HẢI_(4).pkl,27,Nói,Nói,"[""Nói""]",signer_480,27_NÓI_PHẠM_ĐÌNH_HẢI_(4),,True,12376788,test
cosign_27_03543,cosign_27_03543,Nói/NÓI_PHẠM_ĐÌNH_HẢI_(5).mp4,pose_format/Nói/NÓI_PHẠM_ĐÌNH_HẢI_(5).pkl,27,Nói,Nói,"[""Nói""]",signer_480,27_NÓI_PHẠM_ĐÌNH_HẢI_(5),,True,11890048,test
cosign_27_03544,cosign_27_03544,Nói/NÓI_TRƯƠNG_NGỌC_DIỄM_ (1).mp4,pose_format/Nói/NÓI_TRƯƠNG_NGỌC_DIỄM_ (1).pkl,27,Nói,Nói,"[""Nói""]",signer_481,27_NÓI_TRƯƠNG_NGỌC_DIỄM_ (1),,True,5928458,test
cosign_27_03545,cosign_27_03545,Nói/NÓI_TRƯƠNG_NGỌC_DIỄM_ (2).mp4,pose_format/Nói/NÓI_TRƯƠNG_NGỌC_DIỄM_ (2).pkl,27,Nói,Nói,"[""Nói""]",signer_481,27_NÓI_TRƯƠNG_NGỌC_DIỄM_ (2),,True,6202949,test
cosign_27_03546,cosign_27_03546,Nói/NÓI_TRƯƠNG_NGỌC_DIỄM_ (3).mp4,pose_format/Nói/NÓI_TRƯƠNG_NGỌC_DIỄM_ (3).pkl,27,Nói,Nói,"[""Nói""]",signer_481,27_NÓI_TRƯƠNG_NGỌC_DIỄM_ (3),,True,6337008,test
cosign_27_03547,cosign_27_03547,Nói/NÓI_TRƯƠNG_NGỌC_DIỄM_ (4).mp4,pose_format/Nói/NÓI_TRƯƠNG_NGỌC_DIỄM_ (4).pkl,27,Nói,Nói,"[""Nói""]",signer_481,27_NÓI_TRƯƠNG_NGỌC_DIỄM_ (4),,True,5797755,test
cosign_27_03548,cosign_27_03548,Nói/NÓI_TRƯƠNG_NGỌC_DIỄM_ (5).mp4,pose_format/Nói/NÓI_TRƯƠNG_NGỌC_DIỄM_ (5).pkl,27,Nói,Nói,"[""Nói""]",signer_481,27_NÓI_TRƯƠNG_NGỌC_DIỄM_ (5),,True,5587171,test
cosign_27_03549,cosign_27_03549,Nói/NÓI_TRẦN_TUẤN_MINH_ (1).mp4,pose_format/Nói/NÓI_TRẦN_TUẤN_MINH_ (1).pkl,27,Nói,Nói,"[""Nói""]",signer_482,27_NÓI_TRẦN_TUẤN_MINH_ (1),,True,6818655,test
cosign_27_03550,cosign_27_03550,Nói/NÓI_TRẦN_TUẤN_MINH_ (2).mp4,pose_format/Nói/NÓI_TRẦN_TUẤN_MINH_ (2).pkl,27,Nói,Nói,"[""Nói""]",signer_482,27_NÓI_TRẦN_TUẤN_MINH_ (2),,True,6301008,test
cosign_27_03551,cosign_27_03551,Nói/NÓI_TRẦN_TUẤN_MINH_ (3).mp4,pose_format/Nói/NÓI_TRẦN_TUẤN_MINH_ (3).pkl,27,Nói,Nói,"[""Nói""]",signer_482,27_NÓI_TRẦN_TUẤN_MINH_ (3),,True,7886413,test
cosign_27_03552,cosign_27_03552,Nói/NÓI_TRẦN_TUẤN_MINH_ (4).mp4,pose_format/Nói/NÓI_TRẦN_TUẤN_MINH_ (4).pkl,27,Nói,Nói,"[""Nói""]",signer_482,27_NÓI_TRẦN_TUẤN_MINH_ (4),,True,6716788,test
cosign_27_03553,cosign_27_03553,Nói/NÓI_TRẦN_TUẤN_MINH_ (5).mp4,pose_format/Nói/NÓI_TRẦN_TUẤN_MINH_ (5).pkl,27,Nói,Nói,"[""Nói""]",signer_482,27_NÓI_TRẦN_TUẤN_MINH_ (5),,True,6661996,test
cosign_27_03554,cosign_27_03554,Nói/NÓI_TRẦN_ĐỨC_QUÂN_ (1).mp4,pose_format/Nói/NÓI_TRẦN_ĐỨC_QUÂN_ (1).pkl,27,Nói,Nói,"[""Nói""]",signer_483,27_NÓI_TRẦN_ĐỨC_QUÂN_ (1),,True,5654454,test
cosign_27_03555,cosign_27_03555,Nói/NÓI_TRẦN_ĐỨC_QUÂN_ (2).mp4,pose_format/Nói/NÓI_TRẦN_ĐỨC_QUÂN_ (2).pkl,27,Nói,Nói,"[""Nói""]",signer_483,27_NÓI_TRẦN_ĐỨC_QUÂN_ (2),,True,5182257,test
cosign_27_03556,cosign_27_03556,Nói/NÓI_TRẦN_ĐỨC_QUÂN_ (3).mp4,pose_format/Nói/NÓI_TRẦN_ĐỨC_QUÂN_ (3).pkl,27,Nói,Nói,"[""Nói""]",signer_483,27_NÓI_TRẦN_ĐỨC_QUÂN_ (3),,True,5991336,test
cosign_27_03557,cosign_27_03557,Nói/NÓI_TRẦN_ĐỨC_QUÂN_ (4).mp4,pose_format/Nói/NÓI_TRẦN_ĐỨC_QUÂN_ (4).pkl,27,Nói,Nói,"[""Nói""]",signer_483,27_NÓI_TRẦN_ĐỨC_QUÂN_ (4),,True,5804943,test
cosign_27_03558,cosign_27_03558,Nói/NÓI_TRẦN_ĐỨC_QUÂN_ (5).mp4,pose_format/Nói/NÓI_TRẦN_ĐỨC_QUÂN_ (5).pkl,27,Nói,Nói,"[""Nói""]",signer_483,27_NÓI_TRẦN_ĐỨC_QUÂN_ (5),,True,5561295,test
cosign_27_03559,cosign_27_03559,Nói/NÓI_TẠ_THỊ_PHƯƠNG_LINH_ (1).mp4,pose_format/Nói/NÓI_TẠ_THỊ_PHƯƠNG_LINH_ (1).pkl,27,Nói,Nói,"[""Nói""]",signer_484,27_NÓI_TẠ_THỊ_PHƯƠNG_LINH_ (1),,True,2884199,test
cosign_27_03560,cosign_27_03560,Nói/NÓI_TẠ_THỊ_PHƯƠNG_LINH_ (2).mp4,pose_format/Nói/NÓI_TẠ_THỊ_PHƯƠNG_LINH_ (2).pkl,27,Nói,Nói,"[""Nói""]",signer_484,27_NÓI_TẠ_THỊ_PHƯƠNG_LINH_ (2),,True,3498078,test
cosign_27_03561,cosign_27_03561,Nói/NÓI_TẠ_THỊ_PHƯƠNG_LINH_ (3).mp4,pose_format/Nói/NÓI_TẠ_THỊ_PHƯƠNG_LINH_ (3).pkl,27,Nói,Nói,"[""Nói""]",signer_484,27_NÓI_TẠ_THỊ_PHƯƠNG_LINH_ (3),,True,3834072,test
cosign_27_03562,cosign_27_03562,Nói/NÓI_TẠ_THỊ_PHƯƠNG_LINH_ (4).mp4,pose_format/Nói/NÓI_TẠ_THỊ_PHƯƠNG_LINH_ (4).pkl,27,Nói,Nói,"[""Nói""]",signer_484,27_NÓI_TẠ_THỊ_PHƯƠNG_LINH_ (4),,True,3863448,test
cosign_27_03563,cosign_27_03563,Nói/NÓI_TẠ_THỊ_PHƯƠNG_LINH_ (5).mp4,pose_format/Nói/NÓI_TẠ_THỊ_PHƯƠNG_LINH_ (5).pkl,27,Nói,Nói,"[""Nói""]",signer_484,27_NÓI_TẠ_THỊ_PHƯƠNG_LINH_ (5),,True,3930257,test
cosign_27_03564,cosign_27_03564,Nói/NÓI_VŨ_HUY_DU_ (1).mp4,pose_format/Nói/NÓI_VŨ_HUY_DU_ (1).pkl,27,Nói,Nói,"[""Nói""]",signer_485,27_NÓI_VŨ_HUY_DU_ (1),,True,6257465,test
cosign_27_03565,cosign_27_03565,Nói/NÓI_VŨ_HUY_DU_ (2).mp4,pose_format/Nói/NÓI_VŨ_HUY_DU_ (2).pkl,27,Nói,Nói,"[""Nói""]",signer_485,27_NÓI_VŨ_HUY_DU_ (2),,True,5768763,test
cosign_27_03566,cosign_27_03566,Nói/NÓI_VŨ_HUY_DU_ (3).mp4,pose_format/Nói/NÓI_VŨ_HUY_DU_ (3).pkl,27,Nói,Nói,"[""Nói""]",signer_485,27_NÓI_VŨ_HUY_DU_ (3),,True,6103552,test
cosign_27_03567,cosign_27_03567,Nói/NÓI_VŨ_HUY_DU_ (4).mp4,pose_format/Nói/NÓI_VŨ_HUY_DU_ (4).pkl,27,Nói,Nói,"[""Nói""]",signer_485,27_NÓI_VŨ_HUY_DU_ (4),,True,5501292,test
cosign_27_03568,cosign_27_03568,Nói/NÓI_VŨ_HUY_DU_ (5).mp4,pose_format/Nói/NÓI_VŨ_HUY_DU_ (5).pkl,27,Nói,Nói,"[""Nói""]",signer_485,27_NÓI_VŨ_HUY_DU_ (5),,True,5018350,test
cosign_27_03569,cosign_27_03569,Nói/NÓI_VŨ_KẾT_ĐỒNG_1.mp4,pose_format/Nói/NÓI_VŨ_KẾT_ĐỒNG_1.pkl,27,Nói,Nói,"[""Nói""]",signer_486,27_NÓI_VŨ_KẾT_ĐỒNG_1,,True,6334292,test
cosign_27_03570,cosign_27_03570,Nói/NÓI_VŨ_KẾT_ĐỒNG_2.mp4,pose_format/Nói/NÓI_VŨ_KẾT_ĐỒNG_2.pkl,27,Nói,Nói,"[""Nói""]",signer_486,27_NÓI_VŨ_KẾT_ĐỒNG_2,,True,6552797,test
cosign_27_03571,cosign_27_03571,Nói/NÓI_VŨ_KẾT_ĐỒNG_3.mp4,pose_format/Nói/NÓI_VŨ_KẾT_ĐỒNG_3.pkl,27,Nói,Nói,"[""Nói""]",signer_486,27_NÓI_VŨ_KẾT_ĐỒNG_3,,True,6850158,test
cosign_27_03572,cosign_27_03572,Nói/NÓI_VŨ_KẾT_ĐỒNG_4.mp4,pose_format/Nói/NÓI_VŨ_KẾT_ĐỒNG_4.pkl,27,Nói,Nói,"[""Nói""]",signer_486,27_NÓI_VŨ_KẾT_ĐỒNG_4,,True,6255416,test
cosign_27_03573,cosign_27_03573,Nói/NÓI_VŨ_KẾT_ĐỒNG_5.mp4,pose_format/Nói/NÓI_VŨ_KẾT_ĐỒNG_5.pkl,27,Nói,Nói,"[""Nói""]",signer_486,27_NÓI_VŨ_KẾT_ĐỒNG_5,,True,7032582,test
cosign_27_03574,cosign_27_03574,Nói/Nói _MVT.mp4,pose_format/Nói/Nói _MVT.pkl,27,Nói,Nói,"[""Nói""]",signer_487,27_Nói _MVT,,True,8502887,test
cosign_27_03575,cosign_27_03575,Nói/Nói _MVT (2).mp4,pose_format/Nói/Nói _MVT (2).pkl,27,Nói,Nói,"[""Nói""]",signer_487,27_Nói _MVT (2),,True,7910212,test
cosign_27_03576,cosign_27_03576,Nói/Nói _MVT (3).mp4,pose_format/Nói/Nói _MVT (3).pkl,27,Nói,Nói,"[""Nói""]",signer_487,27_Nói _MVT (3),,True,8471767,test
cosign_27_03577,cosign_27_03577,Nói/Nói _MVT (4).mp4,pose_format/Nói/Nói _MVT (4).pkl,27,Nói,Nói,"[""Nói""]",signer_487,27_Nói _MVT (4),,True,8830917,test
cosign_27_03578,cosign_27_03578,Nói/Nói _MVT (5).mp4,pose_format/Nói/Nói _MVT (5).pkl,27,Nói,Nói,"[""Nói""]",signer_487,27_Nói _MVT (5),,True,8815152,test
cosign_27_03579,cosign_27_03579,Nói/Phạm Thị Mai Hương _32_Nói_1692777410.2988744_0_cut.avi,pose_format/Nói/Phạm Thị Mai Hương _32_Nói_1692777410.2988744_0_cut.pkl,27,Nói,Nói,"[""Nói""]",signer_066,27_Phạm Thị Mai Hương _32_Nói_1692777410.2988744_0,,True,782916,train
cosign_27_03580,cosign_27_03580,Nói/Phạm Thị Mai Hương _32_Nói_1692777410.2988744_0_frames_35.avi,pose_format/Nói/Phạm Thị Mai Hương _32_Nói_1692777410.2988744_0_frames_35.pkl,27,Nói,Nói,"[""Nói""]",signer_066,27_Phạm Thị Mai Hương _32_Nói_1692777410.2988744_0,27_Phạm Thị Mai Hương _32_Nói_1692777410.2988744_0,False,1007398,train
cosign_27_03581,cosign_27_03581,Nói/Phạm Thị Mai Hương _32_Nói_1692777410.2988744_0_frames_40.avi,pose_format/Nói/Phạm Thị Mai Hương _32_Nói_1692777410.2988744_0_frames_40.pkl,27,Nói,Nói,"[""Nói""]",signer_066,27_Phạm Thị Mai Hương _32_Nói_1692777410.2988744_0,27_Phạm Thị Mai Hương _32_Nói_1692777410.2988744_0,False,1007398,train
cosign_27_03582,cosign_27_03582,Nói/Trần Thị Vân Anh_39_nói_1692950075.9712942_0_cut.avi,pose_format/Nói/Trần Thị Vân Anh_39_nói_1692950075.9712942_0_cut.pkl,27,Nói,Nói,"[""Nói""]",signer_026,27_Trần Thị Vân Anh_39_nói_1692950075.9712942_0,,True,766890,train
cosign_27_03583,cosign_27_03583,Nói/Trần Thị Vân Anh_39_nói_1692950075.9712942_0_frames_35.avi,pose_format/Nói/Trần Thị Vân Anh_39_nói_1692950075.9712942_0_frames_35.pkl,27,Nói,Nói,"[""Nói""]",signer_026,27_Trần Thị Vân Anh_39_nói_1692950075.9712942_0,27_Trần Thị Vân Anh_39_nói_1692950075.9712942_0,False,916672,train
cosign_27_03584,cosign_27_03584,Nói/Trần Thị Vân Anh_39_nói_1692950075.9712942_0_frames_40.avi,pose_format/Nói/Trần Thị Vân Anh_39_nói_1692950075.9712942_0_frames_40.pkl,27,Nói,Nói,"[""Nói""]",signer_026,27_Trần Thị Vân Anh_39_nói_1692950075.9712942_0,27_Trần Thị Vân Anh_39_nói_1692950075.9712942_0,False,916672,train
cosign_27_03585,cosign_27_03585,Nói/Trần Xuân Ngọc_41_nói_1692867517.6253896_0_cut.avi,pose_format/Nói/Trần Xuân Ngọc_41_nói_1692867517.6253896_0_cut.pkl,27,Nói,Nói,"[""Nói""]",signer_027,27_Trần Xuân Ngọc_41_nói_1692867517.6253896_0,,True,1205378,train
cosign_27_03586,cosign_27_03586,Nói/Trần Xuân Ngọc_41_nói_1692867517.6253896_0_frames_35.avi,pose_format/Nói/Trần Xuân Ngọc_41_nói_1692867517.6253896_0_frames_35.pkl,27,Nói,Nói,"[""Nói""]",signer_027,27_Trần Xuân Ngọc_41_nói_1692867517.6253896_0,27_Trần Xuân Ngọc_41_nói_1692867517.6253896_0,False,1599718,train
cosign_27_03587,cosign_27_03587,Nói/Trần Xuân Ngọc_41_nói_1692867517.6253896_0_frames_40.avi,pose_format/Nói/Trần Xuân Ngọc_41_nói_1692867517.6253896_0_frames_40.pkl,27,Nói,Nói,"[""Nói""]",signer_027,27_Trần Xuân Ngọc_41_nói_1692867517.6253896_0,27_Trần Xuân Ngọc_41_nói_1692867517.6253896_0,False,1599718,train
cosign_27_03588,cosign_27_03588,Nói/Vũ Thị Thu Phương_37_nói_1692866842.07632_0_cut.avi,pose_format/Nói/Vũ Thị Thu Phương_37_nói_1692866842.07632_0_cut.pkl,27,Nói,Nói,"[""Nói""]",signer_028,27_Vũ Thị Thu Phương_37_nói_1692866842.07632_0,,True,944300,train
cosign_27_03589,cosign_27_03589,Nói/Vũ Thị Thu Phương_37_nói_1692866842.07632_0_frames_35.avi,pose_format/Nói/Vũ Thị Thu Phương_37_nói_1692866842.07632_0_frames_35.pkl,27,Nói,Nói,"[""Nói""]",signer_028,27_Vũ Thị Thu Phương_37_nói_1692866842.07632_0,27_Vũ Thị Thu Phương_37_nói_1692866842.07632_0,False,1205142,train
cosign_27_03590,cosign_27_03590,Nói/Vũ Thị Thu Phương_37_nói_1692866842.07632_0_frames_40.avi,pose_format/Nói/Vũ Thị Thu Phương_37_nói_1692866842.07632_0_frames_40.pkl,27,Nói,Nói,"[""Nói""]",signer_028,27_Vũ Thị Thu Phương_37_nói_1692866842.07632_0,27_Vũ Thị Thu Phương_37_nói_1692866842.07632_0,False,1205142,train
cosign_27_03591,cosign_27_03591,Nói/Đoàn Thị Thu Thủy_40_nói_1692954187.7121334_0_cut.avi,pose_format/Nói/Đoàn Thị Thu Thủy_40_nói_1692954187.7121334_0_cut.pkl,27,Nói,Nói,"[""Nói""]",signer_029,27_Đoàn Thị Thu Thủy_40_nói_1692954187.7121334_0,,True,1395992,train
cosign_27_03592,cosign_27_03592,Nói/Đoàn Thị Thu Thủy_40_nói_1692954187.7121334_0_frames_35.avi,pose_format/Nói/Đoàn Thị Thu Thủy_40_nói_1692954187.7121334_0_frames_35.pkl,27,Nói,Nói,"[""Nói""]",signer_029,27_Đoàn Thị Thu Thủy_40_nói_1692954187.7121334_0,27_Đoàn Thị Thu Thủy_40_nói_1692954187.7121334_0,False,1748366,train
cosign_27_03593,cosign_27_03593,Nói/Đoàn Thị Thu Thủy_40_nói_1692954187.7121334_0_frames_40.avi,pose_format/Nói/Đoàn Thị Thu Thủy_40_nói_1692954187.7121334_0_frames_40.pkl,27,Nói,Nói,"[""Nói""]",signer_029,27_Đoàn Thị Thu Thủy_40_nói_1692954187.7121334_0,27_Đoàn Thị Thu Thủy_40_nói_1692954187.7121334_0,False,1748366,train
cosign_27_03594,cosign_27_03594,Nói/Đỗ Thị Vấn_41_nói_1692779608.3086364_0_cut.avi,pose_format/Nói/Đỗ Thị Vấn_41_nói_1692779608.3086364_0_cut.pkl,27,Nói,Nói,"[""Nói""]",signer_031,27_Đỗ Thị Vấn_41_nói_1692779608.3086364_0,,True,1336240,train
cosign_27_03595,cosign_27_03595,Nói/Đỗ Thị Vấn_41_nói_1692779608.3086364_0_frames_35.avi,pose_format/Nói/Đỗ Thị Vấn_41_nói_1692779608.3086364_0_frames_35.pkl,27,Nói,Nói,"[""Nói""]",signer_031,27_Đỗ Thị Vấn_41_nói_1692779608.3086364_0,27_Đỗ Thị Vấn_41_nói_1692779608.3086364_0,False,1687494,train
cosign_27_03596,cosign_27_03596,Nói/Đỗ Thị Vấn_41_nói_1692779608.3086364_0_frames_40.avi,pose_format/Nói/Đỗ Thị Vấn_41_nói_1692779608.3086364_0_frames_40.pkl,27,Nói,Nói,"[""Nói""]",signer_031,27_Đỗ Thị Vấn_41_nói_1692779608.3086364_0,27_Đỗ Thị Vấn_41_nói_1692779608.3086364_0,False,1687494,train
cosign_28_03597,cosign_28_03597,Nặng/DANG THI KIEN_37_NẶNG_1693194848.313084_0_cut.avi,pose_format/Nặng/DANG THI KIEN_37_NẶNG_1693194848.313084_0_cut.pkl,28,Nặng,Nặng,"[""Nặng""]",signer_084,28_DANG THI KIEN_37_NẶNG_1693194848.313084_0,,True,800244,train
cosign_28_03598,cosign_28_03598,Nặng/DANG THI KIEN_37_NẶNG_1693194848.313084_0_frames_35.avi,pose_format/Nặng/DANG THI KIEN_37_NẶNG_1693194848.313084_0_frames_35.pkl,28,Nặng,Nặng,"[""Nặng""]",signer_084,28_DANG THI KIEN_37_NẶNG_1693194848.313084_0,28_DANG THI KIEN_37_NẶNG_1693194848.313084_0,False,1042836,train
cosign_28_03599,cosign_28_03599,Nặng/DANG THI KIEN_37_NẶNG_1693194848.313084_0_frames_40.avi,pose_format/Nặng/DANG THI KIEN_37_NẶNG_1693194848.313084_0_frames_40.pkl,28,Nặng,Nặng,"[""Nặng""]",signer_084,28_DANG THI KIEN_37_NẶNG_1693194848.313084_0,28_DANG THI KIEN_37_NẶNG_1693194848.313084_0,False,1042836,train
cosign_28_03600,cosign_28_03600,Nặng/Lê Phương Thảo _12_Nặng_1692758076.5299327_0_cut.avi,pose_format/Nặng/Lê Phương Thảo _12_Nặng_1692758076.5299327_0_cut.pkl,28,Nặng,Nặng,"[""Nặng""]",signer_019,28_Lê Phương Thảo _12_Nặng_1692758076.5299327_0,,True,757800,train
cosign_28_03601,cosign_28_03601,Nặng/Lê Phương Thảo _12_Nặng_1692758076.5299327_0_frames_35.avi,pose_format/Nặng/Lê Phương Thảo _12_Nặng_1692758076.5299327_0_frames_35.pkl,28,Nặng,Nặng,"[""Nặng""]",signer_019,28_Lê Phương Thảo _12_Nặng_1692758076.5299327_0,28_Lê Phương Thảo _12_Nặng_1692758076.5299327_0,False,903536,train
cosign_28_03602,cosign_28_03602,Nặng/Lê Phương Thảo _12_Nặng_1692758076.5299327_0_frames_40.avi,pose_format/Nặng/Lê Phương Thảo _12_Nặng_1692758076.5299327_0_frames_40.pkl,28,Nặng,Nặng,"[""Nặng""]",signer_019,28_Lê Phương Thảo _12_Nặng_1692758076.5299327_0,28_Lê Phương Thảo _12_Nặng_1692758076.5299327_0,False,903536,train
cosign_28_03603,cosign_28_03603,Nặng/Lê Thanh Như_12_Nặng_1692759210.0022662_0_cut.avi,pose_format/Nặng/Lê Thanh Như_12_Nặng_1692759210.0022662_0_cut.pkl,28,Nặng,Nặng,"[""Nặng""]",signer_020,28_Lê Thanh Như_12_Nặng_1692759210.0022662_0,,True,1019262,train
cosign_28_03604,cosign_28_03604,Nặng/Lê Thanh Như_12_Nặng_1692759210.0022662_0_frames_35.avi,pose_format/Nặng/Lê Thanh Như_12_Nặng_1692759210.0022662_0_frames_35.pkl,28,Nặng,Nặng,"[""Nặng""]",signer_020,28_Lê Thanh Như_12_Nặng_1692759210.0022662_0,28_Lê Thanh Như_12_Nặng_1692759210.0022662_0,False,1258896,train
cosign_28_03605,cosign_28_03605,Nặng/Lê Thanh Như_12_Nặng_1692759210.0022662_0_frames_40.avi,pose_format/Nặng/Lê Thanh Như_12_Nặng_1692759210.0022662_0_frames_40.pkl,28,Nặng,Nặng,"[""Nặng""]",signer_020,28_Lê Thanh Như_12_Nặng_1692759210.0022662_0,28_Lê Thanh Như_12_Nặng_1692759210.0022662_0,False,1258896,train
cosign_28_03606,cosign_28_03606,Nặng/Nguyễn Gia Bảo_10_nặng_1692757813.5042696_0_cut.avi,pose_format/Nặng/Nguyễn Gia Bảo_10_nặng_1692757813.5042696_0_cut.pkl,28,Nặng,Nặng,"[""Nặng""]",signer_021,28_Nguyễn Gia Bảo_10_nặng_1692757813.5042696_0,,True,1621252,train
cosign_28_03607,cosign_28_03607,Nặng/Nguyễn Gia Bảo_10_nặng_1692757813.5042696_0_frames_35.avi,pose_format/Nặng/Nguyễn Gia Bảo_10_nặng_1692757813.5042696_0_frames_35.pkl,28,Nặng,Nặng,"[""Nặng""]",signer_021,28_Nguyễn Gia Bảo_10_nặng_1692757813.5042696_0,28_Nguyễn Gia Bảo_10_nặng_1692757813.5042696_0,False,2055916,train
cosign_28_03608,cosign_28_03608,Nặng/Nguyễn Gia Bảo_10_nặng_1692757813.5042696_0_frames_40.avi,pose_format/Nặng/Nguyễn Gia Bảo_10_nặng_1692757813.5042696_0_frames_40.pkl,28,Nặng,Nặng,"[""Nặng""]",signer_021,28_Nguyễn Gia Bảo_10_nặng_1692757813.5042696_0,28_Nguyễn Gia Bảo_10_nặng_1692757813.5042696_0,False,2055916,train
cosign_28_03609,cosign_28_03609,Nặng/Nguyễn Thị Huyền_35_nặng_1692866274.4058695_0_cut.avi,pose_format/Nặng/Nguyễn Thị Huyền_35_nặng_1692866274.4058695_0_cut.pkl,28,Nặng,Nặng,"[""Nặng""]",signer_022,28_Nguyễn Thị Huyền_35_nặng_1692866274.4058695_0,,True,1433518,train
cosign_28_03610,cosign_28_03610,Nặng/Nguyễn Thị Huyền_35_nặng_1692866274.4058695_0_frames_35.avi,pose_format/Nặng/Nguyễn Thị Huyền_35_nặng_1692866274.4058695_0_frames_35.pkl,28,Nặng,Nặng,"[""Nặng""]",signer_022,28_Nguyễn Thị Huyền_35_nặng_1692866274.4058695_0,28_Nguyễn Thị Huyền_35_nặng_1692866274.4058695_0,False,1686082,train
cosign_28_03611,cosign_28_03611,Nặng/Nguyễn Thị Huyền_35_nặng_1692866274.4058695_0_frames_40.avi,pose_format/Nặng/Nguyễn Thị Huyền_35_nặng_1692866274.4058695_0_frames_40.pkl,28,Nặng,Nặng,"[""Nặng""]",signer_022,28_Nguyễn Thị Huyền_35_nặng_1692866274.4058695_0,28_Nguyễn Thị Huyền_35_nặng_1692866274.4058695_0,False,1686082,train
cosign_28_03612,cosign_28_03612,Nặng/Nguyễn Thị Hồng_32_Nặng_1692949970.5024445_0_cut.avi,pose_format/Nặng/Nguyễn Thị Hồng_32_Nặng_1692949970.5024445_0_cut.pkl,28,Nặng,Nặng,"[""Nặng""]",signer_023,28_Nguyễn Thị Hồng_32_Nặng_1692949970.5024445_0,,True,843186,train
cosign_28_03613,cosign_28_03613,Nặng/Nguyễn Thị Hồng_32_Nặng_1692949970.5024445_0_frames_35.avi,pose_format/Nặng/Nguyễn Thị Hồng_32_Nặng_1692949970.5024445_0_frames_35.pkl,28,Nặng,Nặng,"[""Nặng""]",signer_023,28_Nguyễn Thị Hồng_32_Nặng_1692949970.5024445_0,28_Nguyễn Thị Hồng_32_Nặng_1692949970.5024445_0,False,996308,train
cosign_28_03614,cosign_28_03614,Nặng/Nguyễn Thị Hồng_32_Nặng_1692949970.5024445_0_frames_40.avi,pose_format/Nặng/Nguyễn Thị Hồng_32_Nặng_1692949970.5024445_0_frames_40.pkl,28,Nặng,Nặng,"[""Nặng""]",signer_023,28_Nguyễn Thị Hồng_32_Nặng_1692949970.5024445_0,28_Nguyễn Thị Hồng_32_Nặng_1692949970.5024445_0,False,996308,train
cosign_28_03615,cosign_28_03615,Nặng/Nguyễn Thị Mai Anh_39_nặng_1693194864.2057338_0_cut.avi,pose_format/Nặng/Nguyễn Thị Mai Anh_39_nặng_1693194864.2057338_0_cut.pkl,28,Nặng,Nặng,"[""Nặng""]",signer_024,28_Nguyễn Thị Mai Anh_39_nặng_1693194864.2057338_0,,True,775604,train
cosign_28_03616,cosign_28_03616,Nặng/Nguyễn Thị Mai Anh_39_nặng_1693194864.2057338_0_frames_35.avi,pose_format/Nặng/Nguyễn Thị Mai Anh_39_nặng_1693194864.2057338_0_frames_35.pkl,28,Nặng,Nặng,"[""Nặng""]",signer_024,28_Nguyễn Thị Mai Anh_39_nặng_1693194864.2057338_0,28_Nguyễn Thị Mai Anh_39_nặng_1693194864.2057338_0,False,1019964,train
cosign_28_03617,cosign_28_03617,Nặng/Nguyễn Thị Mai Anh_39_nặng_1693194864.2057338_0_frames_40.avi,pose_format/Nặng/Nguyễn Thị Mai Anh_39_nặng_1693194864.2057338_0_frames_40.pkl,28,Nặng,Nặng,"[""Nặng""]",signer_024,28_Nguyễn Thị Mai Anh_39_nặng_1693194864.2057338_0,28_Nguyễn Thị Mai Anh_39_nặng_1693194864.2057338_0,False,1019964,train
cosign_28_03618,cosign_28_03618,Nặng/Nguyễn Thị Thu Trang_38_Nặng_1692864798.5804994_0_cut.avi,pose_format/Nặng/Nguyễn Thị Thu Trang_38_Nặng_1692864798.5804994_0_cut.pkl,28,Nặng,Nặng,"[""Nặng""]",signer_025,28_Nguyễn Thị Thu Trang_38_Nặng_1692864798.5804994_0,,True,1154660,train
cosign_28_03619,cosign_28_03619,Nặng/Nguyễn Thị Thu Trang_38_Nặng_1692864798.5804994_0_frames_35.avi,pose_format/Nặng/Nguyễn Thị Thu Trang_38_Nặng_1692864798.5804994_0_frames_35.pkl,28,Nặng,Nặng,"[""Nặng""]",signer_025,28_Nguyễn Thị Thu Trang_38_Nặng_1692864798.5804994_0,28_Nguyễn Thị Thu Trang_38_Nặng_1692864798.5804994_0,False,1506992,train
cosign_28_03620,cosign_28_03620,Nặng/Nguyễn Thị Thu Trang_38_Nặng_1692864798.5804994_0_frames_40.avi,pose_format/Nặng/Nguyễn Thị Thu Trang_38_Nặng_1692864798.5804994_0_frames_40.pkl,28,Nặng,Nặng,"[""Nặng""]",signer_025,28_Nguyễn Thị Thu Trang_38_Nặng_1692864798.5804994_0,28_Nguyễn Thị Thu Trang_38_Nặng_1692864798.5804994_0,False,1506992,train
cosign_28_03621,cosign_28_03621,Nặng/NẶNG_BÙI_MAI_CHI_ (1).mp4,pose_format/Nặng/NẶNG_BÙI_MAI_CHI_ (1).pkl,28,Nặng,Nặng,"[""Nặng""]",signer_488,28_NẶNG_BÙI_MAI_CHI_ (1),,True,6363499,test
cosign_28_03622,cosign_28_03622,Nặng/NẶNG_BÙI_MAI_CHI_ (2).mp4,pose_format/Nặng/NẶNG_BÙI_MAI_CHI_ (2).pkl,28,Nặng,Nặng,"[""Nặng""]",signer_488,28_NẶNG_BÙI_MAI_CHI_ (2),,True,6372367,test
cosign_28_03623,cosign_28_03623,Nặng/NẶNG_BÙI_MAI_CHI_ (3).mp4,pose_format/Nặng/NẶNG_BÙI_MAI_CHI_ (3).pkl,28,Nặng,Nặng,"[""Nặng""]",signer_488,28_NẶNG_BÙI_MAI_CHI_ (3),,True,6660841,test
cosign_28_03624,cosign_28_03624,Nặng/NẶNG_BÙI_MAI_CHI_ (4).mp4,pose_format/Nặng/NẶNG_BÙI_MAI_CHI_ (4).pkl,28,Nặng,Nặng,"[""Nặng""]",signer_488,28_NẶNG_BÙI_MAI_CHI_ (4),,True,6974315,test
cosign_28_03625,cosign_28_03625,Nặng/NẶNG_BÙI_MAI_CHI_ (5).mp4,pose_format/Nặng/NẶNG_BÙI_MAI_CHI_ (5).pkl,28,Nặng,Nặng,"[""Nặng""]",signer_488,28_NẶNG_BÙI_MAI_CHI_ (5),,True,7004960,test
cosign_28_03626,cosign_28_03626,Nặng/NẶNG_BÙI_MẬU_VĂN_ (1).mp4,pose_format/Nặng/NẶNG_BÙI_MẬU_VĂN_ (1).pkl,28,Nặng,Nặng,"[""Nặng""]",signer_489,28_NẶNG_BÙI_MẬU_VĂN_ (1),,True,6233835,test
cosign_28_03627,cosign_28_03627,Nặng/NẶNG_BÙI_MẬU_VĂN_ (2).mp4,pose_format/Nặng/NẶNG_BÙI_MẬU_VĂN_ (2).pkl,28,Nặng,Nặng,"[""Nặng""]",signer_489,28_NẶNG_BÙI_MẬU_VĂN_ (2),,True,6534587,test
cosign_28_03628,cosign_28_03628,Nặng/NẶNG_BÙI_MẬU_VĂN_ (3).mp4,pose_format/Nặng/NẶNG_BÙI_MẬU_VĂN_ (3).pkl,28,Nặng,Nặng,"[""Nặng""]",signer_489,28_NẶNG_BÙI_MẬU_VĂN_ (3),,True,5941251,test
cosign_28_03629,cosign_28_03629,Nặng/NẶNG_BÙI_MẬU_VĂN_ (4).mp4,pose_format/Nặng/NẶNG_BÙI_MẬU_VĂN_ (4).pkl,28,Nặng,Nặng,"[""Nặng""]",signer_489,28_NẶNG_BÙI_MẬU_VĂN_ (4),,True,5626566,test
cosign_28_03630,cosign_28_03630,Nặng/NẶNG_BÙI_MẬU_VĂN_ (5).mp4,pose_format/Nặng/NẶNG_BÙI_MẬU_VĂN_ (5).pkl,28,Nặng,Nặng,"[""Nặng""]",signer_489,28_NẶNG_BÙI_MẬU_VĂN_ (5),,True,5669625,test
cosign_28_03631,cosign_28_03631,Nặng/NẶNG_LÊ_QUANG_MẠNH_ (1).mp4,pose_format/Nặng/NẶNG_LÊ_QUANG_MẠNH_ (1).pkl,28,Nặng,Nặng,"[""Nặng""]",signer_490,28_NẶNG_LÊ_QUANG_MẠNH_ (1),,True,4687316,test
cosign_28_03632,cosign_28_03632,Nặng/NẶNG_LÊ_QUANG_MẠNH_ (2).mp4,pose_format/Nặng/NẶNG_LÊ_QUANG_MẠNH_ (2).pkl,28,Nặng,Nặng,"[""Nặng""]",signer_490,28_NẶNG_LÊ_QUANG_MẠNH_ (2),,True,5099965,test
cosign_28_03633,cosign_28_03633,Nặng/NẶNG_LÊ_QUANG_MẠNH_ (3).mp4,pose_format/Nặng/NẶNG_LÊ_QUANG_MẠNH_ (3).pkl,28,Nặng,Nặng,"[""Nặng""]",signer_490,28_NẶNG_LÊ_QUANG_MẠNH_ (3),,True,4794001,test
cosign_28_03634,cosign_28_03634,Nặng/NẶNG_LÊ_QUANG_MẠNH_ (4).mp4,pose_format/Nặng/NẶNG_LÊ_QUANG_MẠNH_ (4).pkl,28,Nặng,Nặng,"[""Nặng""]",signer_490,28_NẶNG_LÊ_QUANG_MẠNH_ (4),,True,4674892,test
cosign_28_03635,cosign_28_03635,Nặng/NẶNG_LÊ_QUANG_MẠNH_ (5).mp4,pose_format/Nặng/NẶNG_LÊ_QUANG_MẠNH_ (5).pkl,28,Nặng,Nặng,"[""Nặng""]",signer_490,28_NẶNG_LÊ_QUANG_MẠNH_ (5),,True,4383864,test
cosign_28_03636,cosign_28_03636,Nặng/NẶNG_LẠI_QUANG_VINH_ (1).MOV,pose_format/Nặng/NẶNG_LẠI_QUANG_VINH_ (1).pkl,28,Nặng,Nặng,"[""Nặng""]",signer_491,28_NẶNG_LẠI_QUANG_VINH_ (1),,True,2340945,test
cosign_28_03637,cosign_28_03637,Nặng/NẶNG_LẠI_QUANG_VINH_ (2).MOV,pose_format/Nặng/NẶNG_LẠI_QUANG_VINH_ (2).pkl,28,Nặng,Nặng,"[""Nặng""]",signer_491,28_NẶNG_LẠI_QUANG_VINH_ (2),,True,2364286,test
cosign_28_03638,cosign_28_03638,Nặng/NẶNG_LẠI_QUANG_VINH_ (3).MOV,pose_format/Nặng/NẶNG_LẠI_QUANG_VINH_ (3).pkl,28,Nặng,Nặng,"[""Nặng""]",signer_491,28_NẶNG_LẠI_QUANG_VINH_ (3),,True,2325711,test
cosign_28_03639,cosign_28_03639,Nặng/NẶNG_LẠI_QUANG_VINH_ (4).MOV,pose_format/Nặng/NẶNG_LẠI_QUANG_VINH_ (4).pkl,28,Nặng,Nặng,"[""Nặng""]",signer_491,28_NẶNG_LẠI_QUANG_VINH_ (4),,True,2204775,test
cosign_28_03640,cosign_28_03640,Nặng/NẶNG_LẠI_QUANG_VINH_ (5).MOV,pose_format/Nặng/NẶNG_LẠI_QUANG_VINH_ (5).pkl,28,Nặng,Nặng,"[""Nặng""]",signer_491,28_NẶNG_LẠI_QUANG_VINH_ (5),,True,2140008,test
cosign_28_03641,cosign_28_03641,Nặng/NẶNG_LẠI_QUANG_VINH_(1).mp4,pose_format/Nặng/NẶNG_LẠI_QUANG_VINH_(1).pkl,28,Nặng,Nặng,"[""Nặng""]",signer_491,28_NẶNG_LẠI_QUANG_VINH_(1),,True,877210,test
cosign_28_03642,cosign_28_03642,Nặng/NẶNG_LẠI_QUANG_VINH_(2).mp4,pose_format/Nặng/NẶNG_LẠI_QUANG_VINH_(2).pkl,28,Nặng,Nặng,"[""Nặng""]",signer_491,28_NẶNG_LẠI_QUANG_VINH_(2),,True,860884,test
cosign_28_03643,cosign_28_03643,Nặng/NẶNG_LẠI_QUANG_VINH_(3).mp4,pose_format/Nặng/NẶNG_LẠI_QUANG_VINH_(3).pkl,28,Nặng,Nặng,"[""Nặng""]",signer_491,28_NẶNG_LẠI_QUANG_VINH_(3),,True,874616,test
cosign_28_03644,cosign_28_03644,Nặng/NẶNG_LẠI_QUANG_VINH_(4).mp4,pose_format/Nặng/NẶNG_LẠI_QUANG_VINH_(4).pkl,28,Nặng,Nặng,"[""Nặng""]",signer_491,28_NẶNG_LẠI_QUANG_VINH_(4),,True,830813,test
cosign_28_03645,cosign_28_03645,Nặng/NẶNG_LẠI_QUANG_VINH_(5).mp4,pose_format/Nặng/NẶNG_LẠI_QUANG_VINH_(5).pkl,28,Nặng,Nặng,"[""Nặng""]",signer_491,28_NẶNG_LẠI_QUANG_VINH_(5),,True,815656,test
cosign_28_03646,cosign_28_03646,Nặng/NẶNG_MAI_HOÀNG_XUÂN_ (1).mp4,pose_format/Nặng/NẶNG_MAI_HOÀNG_XUÂN_ (1).pkl,28,Nặng,Nặng,"[""Nặng""]",signer_492,28_NẶNG_MAI_HOÀNG_XUÂN_ (1),,True,4884486,test
cosign_28_03647,cosign_28_03647,Nặng/NẶNG_MAI_HOÀNG_XUÂN_ (2).mp4,pose_format/Nặng/NẶNG_MAI_HOÀNG_XUÂN_ (2).pkl,28,Nặng,Nặng,"[""Nặng""]",signer_492,28_NẶNG_MAI_HOÀNG_XUÂN_ (2),,True,4770575,test
cosign_28_03648,cosign_28_03648,Nặng/NẶNG_MAI_HOÀNG_XUÂN_ (3).mp4,pose_format/Nặng/NẶNG_MAI_HOÀNG_XUÂN_ (3).pkl,28,Nặng,Nặng,"[""Nặng""]",signer_492,28_NẶNG_MAI_HOÀNG_XUÂN_ (3),,True,4535404,test
cosign_28_03649,cosign_28_03649,Nặng/NẶNG_MAI_HOÀNG_XUÂN_ (4).mp4,pose_format/Nặng/NẶNG_MAI_HOÀNG_XUÂN_ (4).pkl,28,Nặng,Nặng,"[""Nặng""]",signer_492,28_NẶNG_MAI_HOÀNG_XUÂN_ (4),,True,5496585,test
cosign_28_03650,cosign_28_03650,Nặng/NẶNG_MAI_HOÀNG_XUÂN_ (5).mp4,pose_format/Nặng/NẶNG_MAI_HOÀNG_XUÂN_ (5).pkl,28,Nặng,Nặng,"[""Nặng""]",signer_492,28_NẶNG_MAI_HOÀNG_XUÂN_ (5),,True,4642916,test
cosign_28_03651,cosign_28_03651,Nặng/NẶNG_NGUYỄN_HOÀNG_ĐIỆP_ (1).mp4,pose_format/Nặng/NẶNG_NGUYỄN_HOÀNG_ĐIỆP_ (1).pkl,28,Nặng,Nặng,"[""Nặng""]",signer_493,28_NẶNG_NGUYỄN_HOÀNG_ĐIỆP_ (1),,True,5882624,test
cosign_28_03652,cosign_28_03652,Nặng/NẶNG_NGUYỄN_HOÀNG_ĐIỆP_ (2).mp4,pose_format/Nặng/NẶNG_NGUYỄN_HOÀNG_ĐIỆP_ (2).pkl,28,Nặng,Nặng,"[""Nặng""]",signer_493,28_NẶNG_NGUYỄN_HOÀNG_ĐIỆP_ (2),,True,5400509,test
cosign_28_03653,cosign_28_03653,Nặng/NẶNG_NGUYỄN_HOÀNG_ĐIỆP_ (3).mp4,pose_format/Nặng/NẶNG_NGUYỄN_HOÀNG_ĐIỆP_ (3).pkl,28,Nặng,Nặng,"[""Nặng""]",signer_493,28_NẶNG_NGUYỄN_HOÀNG_ĐIỆP_ (3),,True,5138853,test
cosign_28_03654,cosign_28_03654,Nặng/NẶNG_NGUYỄN_HOÀNG_ĐIỆP_ (4).mp4,pose_format/Nặng/NẶNG_NGUYỄN_HOÀNG_ĐIỆP_ (4).pkl,28,Nặng,Nặng,"[""Nặng""]",signer_493,28_NẶNG_NGUYỄN_HOÀNG_ĐIỆP_ (4),,True,5920441,test
cosign_28_03655,cosign_28_03655,Nặng/NẶNG_NGUYỄN_HOÀNG_ĐIỆP_ (5).mp4,pose_format/Nặng/NẶNG_NGUYỄN_HOÀNG_ĐIỆP_ (5).pkl,28,Nặng,Nặng,"[""Nặng""]",signer_493,28_NẶNG_NGUYỄN_HOÀNG_ĐIỆP_ (5),,True,6363078,test
cosign_28_03656,cosign_28_03656,Nặng/NẶNG_NGUYỄN_PHƯƠNG_ANH_ (1).mp4,pose_format/Nặng/NẶNG_NGUYỄN_PHƯƠNG_ANH_ (1).pkl,28,Nặng,Nặng,"[""Nặng""]",signer_494,28_NẶNG_NGUYỄN_PHƯƠNG_ANH_ (1),,True,5217416,test
cosign_28_03657,cosign_28_03657,Nặng/NẶNG_NGUYỄN_PHƯƠNG_ANH_ (2).mp4,pose_format/Nặng/NẶNG_NGUYỄN_PHƯƠNG_ANH_ (2).pkl,28,Nặng,Nặng,"[""Nặng""]",signer_494,28_NẶNG_NGUYỄN_PHƯƠNG_ANH_ (2),,True,5465392,test
cosign_28_03658,cosign_28_03658,Nặng/NẶNG_NGUYỄN_PHƯƠNG_ANH_ (3).mp4,pose_format/Nặng/NẶNG_NGUYỄN_PHƯƠNG_ANH_ (3).pkl,28,Nặng,Nặng,"[""Nặng""]",signer_494,28_NẶNG_NGUYỄN_PHƯƠNG_ANH_ (3),,True,5258878,test
cosign_28_03659,cosign_28_03659,Nặng/NẶNG_NGUYỄN_PHƯƠNG_ANH_ (4).mp4,pose_format/Nặng/NẶNG_NGUYỄN_PHƯƠNG_ANH_ (4).pkl,28,Nặng,Nặng,"[""Nặng""]",signer_494,28_NẶNG_NGUYỄN_PHƯƠNG_ANH_ (4),,True,5696009,test
cosign_28_03660,cosign_28_03660,Nặng/NẶNG_NGUYỄN_PHƯƠNG_ANH_ (5).mp4,pose_format/Nặng/NẶNG_NGUYỄN_PHƯƠNG_ANH_ (5).pkl,28,Nặng,Nặng,"[""Nặng""]",signer_494,28_NẶNG_NGUYỄN_PHƯƠNG_ANH_ (5),,True,5473423,test
cosign_28_03661,cosign_28_03661,Nặng/NẶNG_NGUYỄN_VIẾT_QUANG_ (1).mp4,pose_format/Nặng/NẶNG_NGUYỄN_VIẾT_QUANG_ (1).pkl,28,Nặng,Nặng,"[""Nặng""]",signer_495,28_NẶNG_NGUYỄN_VIẾT_QUANG_ (1),,True,5314123,test
cosign_28_03662,cosign_28_03662,Nặng/NẶNG_NGUYỄN_VIẾT_QUANG_ (2).mp4,pose_format/Nặng/NẶNG_NGUYỄN_VIẾT_QUANG_ (2).pkl,28,Nặng,Nặng,"[""Nặng""]",signer_495,28_NẶNG_NGUYỄN_VIẾT_QUANG_ (2),,True,5229974,test
cosign_28_03663,cosign_28_03663,Nặng/NẶNG_NGUYỄN_VIẾT_QUANG_ (3).mp4,pose_format/Nặng/NẶNG_NGUYỄN_VIẾT_QUANG_ (3).pkl,28,Nặng,Nặng,"[""Nặng""]",signer_495,28_NẶNG_NGUYỄN_VIẾT_QUANG_ (3),,True,5723205,test
cosign_28_03664,cosign_28_03664,Nặng/NẶNG_NGUYỄN_VIẾT_QUANG_ (4).mp4,pose_format/Nặng/NẶNG_NGUYỄN_VIẾT_QUANG_ (4).pkl,28,Nặng,Nặng,"[""Nặng""]",signer_495,28_NẶNG_NGUYỄN_VIẾT_QUANG_ (4),,True,6028026,test
cosign_28_03665,cosign_28_03665,Nặng/NẶNG_NGUYỄN_VIẾT_QUANG_ (5).mp4,pose_format/Nặng/NẶNG_NGUYỄN_VIẾT_QUANG_ (5).pkl,28,Nặng,Nặng,"[""Nặng""]",signer_495,28_NẶNG_NGUYỄN_VIẾT_QUANG_ (5),,True,5353555,test
cosign_28_03666,cosign_28_03666,Nặng/NẶNG_NGÔ_TUẤN_ANH_ (1).mp4,pose_format/Nặng/NẶNG_NGÔ_TUẤN_ANH_ (1).pkl,28,Nặng,Nặng,"[""Nặng""]",signer_496,28_NẶNG_NGÔ_TUẤN_ANH_ (1),,True,6198134,test
cosign_28_03667,cosign_28_03667,Nặng/NẶNG_NGÔ_TUẤN_ANH_ (2).mp4,pose_format/Nặng/NẶNG_NGÔ_TUẤN_ANH_ (2).pkl,28,Nặng,Nặng,"[""Nặng""]",signer_496,28_NẶNG_NGÔ_TUẤN_ANH_ (2),,True,6704040,test
cosign_28_03668,cosign_28_03668,Nặng/NẶNG_NGÔ_TUẤN_ANH_ (3).mp4,pose_format/Nặng/NẶNG_NGÔ_TUẤN_ANH_ (3).pkl,28,Nặng,Nặng,"[""Nặng""]",signer_496,28_NẶNG_NGÔ_TUẤN_ANH_ (3),,True,5575290,test
cosign_28_03669,cosign_28_03669,Nặng/NẶNG_NGÔ_TUẤN_ANH_ (4).mp4,pose_format/Nặng/NẶNG_NGÔ_TUẤN_ANH_ (4).pkl,28,Nặng,Nặng,"[""Nặng""]",signer_496,28_NẶNG_NGÔ_TUẤN_ANH_ (4),,True,6295349,test
cosign_28_03670,cosign_28_03670,Nặng/NẶNG_NGÔ_TUẤN_ANH_ (5).mp4,pose_format/Nặng/NẶNG_NGÔ_TUẤN_ANH_ (5).pkl,28,Nặng,Nặng,"[""Nặng""]",signer_496,28_NẶNG_NGÔ_TUẤN_ANH_ (5),,True,5969043,test
cosign_28_03671,cosign_28_03671,Nặng/NẶNG_PHẠM_ĐÌNH_HẢI_(1).mp4,pose_format/Nặng/NẶNG_PHẠM_ĐÌNH_HẢI_(1).pkl,28,Nặng,Nặng,"[""Nặng""]",signer_497,28_NẶNG_PHẠM_ĐÌNH_HẢI_(1),,True,10443586,test
cosign_28_03672,cosign_28_03672,Nặng/NẶNG_PHẠM_ĐÌNH_HẢI_(2).mp4,pose_format/Nặng/NẶNG_PHẠM_ĐÌNH_HẢI_(2).pkl,28,Nặng,Nặng,"[""Nặng""]",signer_497,28_NẶNG_PHẠM_ĐÌNH_HẢI_(2),,True,11377793,test
cosign_28_03673,cosign_28_03673,Nặng/NẶNG_PHẠM_ĐÌNH_HẢI_(3).mp4,pose_format/Nặng/NẶNG_PHẠM_ĐÌNH_HẢI_(3).pkl,28,Nặng,Nặng,"[""Nặng""]",signer_497,28_NẶNG_PHẠM_ĐÌNH_HẢI_(3),,True,12081853,test
cosign_28_03674,cosign_28_03674,Nặng/NẶNG_PHẠM_ĐÌNH_HẢI_(4).mp4,pose_format/Nặng/NẶNG_PHẠM_ĐÌNH_HẢI_(4).pkl,28,Nặng,Nặng,"[""Nặng""]",signer_497,28_NẶNG_PHẠM_ĐÌNH_HẢI_(4),,True,10205239,test
cosign_28_03675,cosign_28_03675,Nặng/NẶNG_PHẠM_ĐÌNH_HẢI_(5).mp4,pose_format/Nặng/NẶNG_PHẠM_ĐÌNH_HẢI_(5).pkl,28,Nặng,Nặng,"[""Nặng""]",signer_497,28_NẶNG_PHẠM_ĐÌNH_HẢI_(5),,True,11708858,test
cosign_28_03676,cosign_28_03676,Nặng/NẶNG_TRƯƠNG_NGỌC_DIỄM_ (1).mp4,pose_format/Nặng/NẶNG_TRƯƠNG_NGỌC_DIỄM_ (1).pkl,28,Nặng,Nặng,"[""Nặng""]",signer_498,28_NẶNG_TRƯƠNG_NGỌC_DIỄM_ (1),,True,5828119,test
cosign_28_03677,cosign_28_03677,Nặng/NẶNG_TRƯƠNG_NGỌC_DIỄM_ (2).mp4,pose_format/Nặng/NẶNG_TRƯƠNG_NGỌC_DIỄM_ (2).pkl,28,Nặng,Nặng,"[""Nặng""]",signer_498,28_NẶNG_TRƯƠNG_NGỌC_DIỄM_ (2),,True,5554058,test
cosign_28_03678,cosign_28_03678,Nặng/NẶNG_TRƯƠNG_NGỌC_DIỄM_ (3).mp4,pose_format/Nặng/NẶNG_TRƯƠNG_NGỌC_DIỄM_ (3).pkl,28,Nặng,Nặng,"[""Nặng""]",signer_498,28_NẶNG_TRƯƠNG_NGỌC_DIỄM_ (3),,True,5795009,test
cosign_28_03679,cosign_28_03679,Nặng/NẶNG_TRƯƠNG_NGỌC_DIỄM_ (4).mp4,pose_format/Nặng/NẶNG_TRƯƠNG_NGỌC_DIỄM_ (4).pkl,28,Nặng,Nặng,"[""Nặng""]",signer_498,28_NẶNG_TRƯƠNG_NGỌC_DIỄM_ (4),,True,6023042,test
cosign_28_03680,cosign_28_03680,Nặng/NẶNG_TRƯƠNG_NGỌC_DIỄM_ (5).mp4,pose_format/Nặng/NẶNG_TRƯƠNG_NGỌC_DIỄM_ (5).pkl,28,Nặng,Nặng,"[""Nặng""]",signer_498,28_NẶNG_TRƯƠNG_NGỌC_DIỄM_ (5),,True,5557475,test
cosign_28_03681,cosign_28_03681,Nặng/NẶNG_TRẦN_TUẤN_MINH_ (1).mp4,pose_format/Nặng/NẶNG_TRẦN_TUẤN_MINH_ (1).pkl,28,Nặng,Nặng,"[""Nặng""]",signer_499,28_NẶNG_TRẦN_TUẤN_MINH_ (1),,True,6084273,test
cosign_28_03682,cosign_28_03682,Nặng/NẶNG_TRẦN_TUẤN_MINH_ (2).mp4,pose_format/Nặng/NẶNG_TRẦN_TUẤN_MINH_ (2).pkl,28,Nặng,Nặng,"[""Nặng""]",signer_499,28_NẶNG_TRẦN_TUẤN_MINH_ (2),,True,7033687,test
cosign_28_03683,cosign_28_03683,Nặng/NẶNG_TRẦN_TUẤN_MINH_ (3).mp4,pose_format/Nặng/NẶNG_TRẦN_TUẤN_MINH_ (3).pkl,28,Nặng,Nặng,"[""Nặng""]",signer_499,28_NẶNG_TRẦN_TUẤN_MINH_ (3),,True,6776742,test
cosign_28_03684,cosign_28_03684,Nặng/NẶNG_TRẦN_TUẤN_MINH_ (4).mp4,pose_format/Nặng/NẶNG_TRẦN_TUẤN_MINH_ (4).pkl,28,Nặng,Nặng,"[""Nặng""]",signer_499,28_NẶNG_TRẦN_TUẤN_MINH_ (4),,True,6929998,test
cosign_28_03685,cosign_28_03685,Nặng/NẶNG_TRẦN_TUẤN_MINH_ (5).mp4,pose_format/Nặng/NẶNG_TRẦN_TUẤN_MINH_ (5).pkl,28,Nặng,Nặng,"[""Nặng""]",signer_499,28_NẶNG_TRẦN_TUẤN_MINH_ (5),,True,6866361,test
cosign_28_03686,cosign_28_03686,Nặng/NẶNG_TRẦN_ĐỨC_QUÂN_ (1).mp4,pose_format/Nặng/NẶNG_TRẦN_ĐỨC_QUÂN_ (1).pkl,28,Nặng,Nặng,"[""Nặng""]",signer_500,28_NẶNG_TRẦN_ĐỨC_QUÂN_ (1),,True,6084498,test
cosign_28_03687,cosign_28_03687,Nặng/NẶNG_TRẦN_ĐỨC_QUÂN_ (2).mp4,pose_format/Nặng/NẶNG_TRẦN_ĐỨC_QUÂN_ (2).pkl,28,Nặng,Nặng,"[""Nặng""]",signer_500,28_NẶNG_TRẦN_ĐỨC_QUÂN_ (2),,True,5991922,test
cosign_28_03688,cosign_28_03688,Nặng/NẶNG_TRẦN_ĐỨC_QUÂN_ (3).mp4,pose_format/Nặng/NẶNG_TRẦN_ĐỨC_QUÂN_ (3).pkl,28,Nặng,Nặng,"[""Nặng""]",signer_500,28_NẶNG_TRẦN_ĐỨC_QUÂN_ (3),,True,6003494,test
cosign_28_03689,cosign_28_03689,Nặng/NẶNG_TRẦN_ĐỨC_QUÂN_ (4).mp4,pose_format/Nặng/NẶNG_TRẦN_ĐỨC_QUÂN_ (4).pkl,28,Nặng,Nặng,"[""Nặng""]",signer_500,28_NẶNG_TRẦN_ĐỨC_QUÂN_ (4),,True,6528056,test
cosign_28_03690,cosign_28_03690,Nặng/NẶNG_TRẦN_ĐỨC_QUÂN_ (5).mp4,pose_format/Nặng/NẶNG_TRẦN_ĐỨC_QUÂN_ (5).pkl,28,Nặng,Nặng,"[""Nặng""]",signer_500,28_NẶNG_TRẦN_ĐỨC_QUÂN_ (5),,True,5498571,test
cosign_28_03691,cosign_28_03691,Nặng/NẶNG_VŨ_HUY_DU_ (1).mp4,pose_format/Nặng/NẶNG_VŨ_HUY_DU_ (1).pkl,28,Nặng,Nặng,"[""Nặng""]",signer_501,28_NẶNG_VŨ_HUY_DU_ (1),,True,4828847,test
cosign_28_03692,cosign_28_03692,Nặng/NẶNG_VŨ_HUY_DU_ (2).mp4,pose_format/Nặng/NẶNG_VŨ_HUY_DU_ (2).pkl,28,Nặng,Nặng,"[""Nặng""]",signer_501,28_NẶNG_VŨ_HUY_DU_ (2),,True,6277648,test
cosign_28_03693,cosign_28_03693,Nặng/NẶNG_VŨ_HUY_DU_ (3).mp4,pose_format/Nặng/NẶNG_VŨ_HUY_DU_ (3).pkl,28,Nặng,Nặng,"[""Nặng""]",signer_501,28_NẶNG_VŨ_HUY_DU_ (3),,True,5182694,test
cosign_28_03694,cosign_28_03694,Nặng/NẶNG_VŨ_HUY_DU_ (4).mp4,pose_format/Nặng/NẶNG_VŨ_HUY_DU_ (4).pkl,28,Nặng,Nặng,"[""Nặng""]",signer_501,28_NẶNG_VŨ_HUY_DU_ (4),,True,5128405,test
cosign_28_03695,cosign_28_03695,Nặng/NẶNG_VŨ_HUY_DU_ (5).mp4,pose_format/Nặng/NẶNG_VŨ_HUY_DU_ (5).pkl,28,Nặng,Nặng,"[""Nặng""]",signer_501,28_NẶNG_VŨ_HUY_DU_ (5),,True,4836602,test
cosign_28_03696,cosign_28_03696,Nặng/NẶNG_VŨ_KẾT_ĐỒNG_(1).mp4,pose_format/Nặng/NẶNG_VŨ_KẾT_ĐỒNG_(1).pkl,28,Nặng,Nặng,"[""Nặng""]",signer_502,28_NẶNG_VŨ_KẾT_ĐỒNG_(1),,True,5745750,test
cosign_28_03697,cosign_28_03697,Nặng/NẶNG_VŨ_KẾT_ĐỒNG_(2).mp4,pose_format/Nặng/NẶNG_VŨ_KẾT_ĐỒNG_(2).pkl,28,Nặng,Nặng,"[""Nặng""]",signer_502,28_NẶNG_VŨ_KẾT_ĐỒNG_(2),,True,6231123,test
cosign_28_03698,cosign_28_03698,Nặng/NẶNG_VŨ_KẾT_ĐỒNG_(3).mp4,pose_format/Nặng/NẶNG_VŨ_KẾT_ĐỒNG_(3).pkl,28,Nặng,Nặng,"[""Nặng""]",signer_502,28_NẶNG_VŨ_KẾT_ĐỒNG_(3),,True,5712058,test
cosign_28_03699,cosign_28_03699,Nặng/NẶNG_VŨ_KẾT_ĐỒNG_(4).mp4,pose_format/Nặng/NẶNG_VŨ_KẾT_ĐỒNG_(4).pkl,28,Nặng,Nặng,"[""Nặng""]",signer_502,28_NẶNG_VŨ_KẾT_ĐỒNG_(4),,True,5880438,test
cosign_28_03700,cosign_28_03700,Nặng/NẶNG_VŨ_KẾT_ĐỒNG_(5).mp4,pose_format/Nặng/NẶNG_VŨ_KẾT_ĐỒNG_(5).pkl,28,Nặng,Nặng,"[""Nặng""]",signer_502,28_NẶNG_VŨ_KẾT_ĐỒNG_(5),,True,5656377,test
cosign_28_03701,cosign_28_03701,Nặng/Nặng_LQM.mp4,pose_format/Nặng/Nặng_LQM.pkl,28,Nặng,Nặng,"[""Nặng""]",signer_503,28_Nặng_LQM,,True,7562914,test
cosign_28_03702,cosign_28_03702,Nặng/Nặng_LQM (2).mp4,pose_format/Nặng/Nặng_LQM (2).pkl,28,Nặng,Nặng,"[""Nặng""]",signer_503,28_Nặng_LQM (2),,True,7805168,test
cosign_28_03703,cosign_28_03703,Nặng/Nặng_LQM (3).mp4,pose_format/Nặng/Nặng_LQM (3).pkl,28,Nặng,Nặng,"[""Nặng""]",signer_503,28_Nặng_LQM (3),,True,7669781,test
cosign_28_03704,cosign_28_03704,Nặng/Nặng_LQM (4).mp4,pose_format/Nặng/Nặng_LQM (4).pkl,28,Nặng,Nặng,"[""Nặng""]",signer_503,28_Nặng_LQM (4),,True,8046040,test
cosign_28_03705,cosign_28_03705,Nặng/Nặng_LQM (5).mp4,pose_format/Nặng/Nặng_LQM (5).pkl,28,Nặng,Nặng,"[""Nặng""]",signer_503,28_Nặng_LQM (5),,True,7479795,test
cosign_28_03706,cosign_28_03706,Nặng/Nặng_MVT.mp4,pose_format/Nặng/Nặng_MVT.pkl,28,Nặng,Nặng,"[""Nặng""]",signer_504,28_Nặng_MVT,,True,6421864,test
cosign_28_03707,cosign_28_03707,Nặng/Nặng_MVT (2).mp4,pose_format/Nặng/Nặng_MVT (2).pkl,28,Nặng,Nặng,"[""Nặng""]",signer_504,28_Nặng_MVT (2),,True,8260587,test
cosign_28_03708,cosign_28_03708,Nặng/Nặng_MVT (3).mp4,pose_format/Nặng/Nặng_MVT (3).pkl,28,Nặng,Nặng,"[""Nặng""]",signer_504,28_Nặng_MVT (3),,True,7768549,test
cosign_28_03709,cosign_28_03709,Nặng/Nặng_MVT (4).mp4,pose_format/Nặng/Nặng_MVT (4).pkl,28,Nặng,Nặng,"[""Nặng""]",signer_504,28_Nặng_MVT (4),,True,7162508,test
cosign_28_03710,cosign_28_03710,Nặng/Nặng_MVT (5).mp4,pose_format/Nặng/Nặng_MVT (5).pkl,28,Nặng,Nặng,"[""Nặng""]",signer_504,28_Nặng_MVT (5),,True,7777567,test
cosign_28_03711,cosign_28_03711,Nặng/Phạm Thị Mai Hương _32_Nặng_1692780632.3338807_0_cut.avi,pose_format/Nặng/Phạm Thị Mai Hương _32_Nặng_1692780632.3338807_0_cut.pkl,28,Nặng,Nặng,"[""Nặng""]",signer_066,28_Phạm Thị Mai Hương _32_Nặng_1692780632.3338807_0,,True,830512,train
cosign_28_03712,cosign_28_03712,Nặng/Phạm Thị Mai Hương _32_Nặng_1692780632.3338807_0_frames_35.avi,pose_format/Nặng/Phạm Thị Mai Hương _32_Nặng_1692780632.3338807_0_frames_35.pkl,28,Nặng,Nặng,"[""Nặng""]",signer_066,28_Phạm Thị Mai Hương _32_Nặng_1692780632.3338807_0,28_Phạm Thị Mai Hương _32_Nặng_1692780632.3338807_0,False,1103936,train
cosign_28_03713,cosign_28_03713,Nặng/Phạm Thị Mai Hương _32_Nặng_1692780632.3338807_0_frames_40.avi,pose_format/Nặng/Phạm Thị Mai Hương _32_Nặng_1692780632.3338807_0_frames_40.pkl,28,Nặng,Nặng,"[""Nặng""]",signer_066,28_Phạm Thị Mai Hương _32_Nặng_1692780632.3338807_0,28_Phạm Thị Mai Hương _32_Nặng_1692780632.3338807_0,False,1103936,train
cosign_28_03714,cosign_28_03714,Nặng/Trần Thị Vân Anh_39_nặng_1692952933.7425017_0_cut.avi,pose_format/Nặng/Trần Thị Vân Anh_39_nặng_1692952933.7425017_0_cut.pkl,28,Nặng,Nặng,"[""Nặng""]",signer_026,28_Trần Thị Vân Anh_39_nặng_1692952933.7425017_0,,True,902868,train
cosign_28_03715,cosign_28_03715,Nặng/Trần Thị Vân Anh_39_nặng_1692952933.7425017_0_frames_35.avi,pose_format/Nặng/Trần Thị Vân Anh_39_nặng_1692952933.7425017_0_frames_35.pkl,28,Nặng,Nặng,"[""Nặng""]",signer_026,28_Trần Thị Vân Anh_39_nặng_1692952933.7425017_0,28_Trần Thị Vân Anh_39_nặng_1692952933.7425017_0,False,1100950,train
cosign_28_03716,cosign_28_03716,Nặng/Trần Thị Vân Anh_39_nặng_1692952933.7425017_0_frames_40.avi,pose_format/Nặng/Trần Thị Vân Anh_39_nặng_1692952933.7425017_0_frames_40.pkl,28,Nặng,Nặng,"[""Nặng""]",signer_026,28_Trần Thị Vân Anh_39_nặng_1692952933.7425017_0,28_Trần Thị Vân Anh_39_nặng_1692952933.7425017_0,False,1100950,train
cosign_28_03717,cosign_28_03717,Nặng/Trần Xuân Ngọc_41_nặng_1692929448.5863142_0_cut.avi,pose_format/Nặng/Trần Xuân Ngọc_41_nặng_1692929448.5863142_0_cut.pkl,28,Nặng,Nặng,"[""Nặng""]",signer_027,28_Trần Xuân Ngọc_41_nặng_1692929448.5863142_0,,True,1424214,train
cosign_28_03718,cosign_28_03718,Nặng/Trần Xuân Ngọc_41_nặng_1692929448.5863142_0_frames_35.avi,pose_format/Nặng/Trần Xuân Ngọc_41_nặng_1692929448.5863142_0_frames_35.pkl,28,Nặng,Nặng,"[""Nặng""]",signer_027,28_Trần Xuân Ngọc_41_nặng_1692929448.5863142_0,28_Trần Xuân Ngọc_41_nặng_1692929448.5863142_0,False,1787044,train
cosign_28_03719,cosign_28_03719,Nặng/Trần Xuân Ngọc_41_nặng_1692929448.5863142_0_frames_40.avi,pose_format/Nặng/Trần Xuân Ngọc_41_nặng_1692929448.5863142_0_frames_40.pkl,28,Nặng,Nặng,"[""Nặng""]",signer_027,28_Trần Xuân Ngọc_41_nặng_1692929448.5863142_0,28_Trần Xuân Ngọc_41_nặng_1692929448.5863142_0,False,1787044,train
cosign_28_03720,cosign_28_03720,Nặng/Vũ Thị Thu Phương_37_nặng_1692867644.063492_0_cut.avi,pose_format/Nặng/Vũ Thị Thu Phương_37_nặng_1692867644.063492_0_cut.pkl,28,Nặng,Nặng,"[""Nặng""]",signer_028,28_Vũ Thị Thu Phương_37_nặng_1692867644.063492_0,,True,1112226,train
cosign_28_03721,cosign_28_03721,Nặng/Vũ Thị Thu Phương_37_nặng_1692867644.063492_0_frames_35.avi,pose_format/Nặng/Vũ Thị Thu Phương_37_nặng_1692867644.063492_0_frames_35.pkl,28,Nặng,Nặng,"[""Nặng""]",signer_028,28_Vũ Thị Thu Phương_37_nặng_1692867644.063492_0,28_Vũ Thị Thu Phương_37_nặng_1692867644.063492_0,False,1396154,train
cosign_28_03722,cosign_28_03722,Nặng/Vũ Thị Thu Phương_37_nặng_1692867644.063492_0_frames_40.avi,pose_format/Nặng/Vũ Thị Thu Phương_37_nặng_1692867644.063492_0_frames_40.pkl,28,Nặng,Nặng,"[""Nặng""]",signer_028,28_Vũ Thị Thu Phương_37_nặng_1692867644.063492_0,28_Vũ Thị Thu Phương_37_nặng_1692867644.063492_0,False,1396154,train
cosign_28_03723,cosign_28_03723,Nặng/Đoàn Thị Thu Thủy_40_nặng_1692955904.1621218_0_cut.avi,pose_format/Nặng/Đoàn Thị Thu Thủy_40_nặng_1692955904.1621218_0_cut.pkl,28,Nặng,Nặng,"[""Nặng""]",signer_029,28_Đoàn Thị Thu Thủy_40_nặng_1692955904.1621218_0,,True,1558640,train
cosign_28_03724,cosign_28_03724,Nặng/Đoàn Thị Thu Thủy_40_nặng_1692955904.1621218_0_frames_35.avi,pose_format/Nặng/Đoàn Thị Thu Thủy_40_nặng_1692955904.1621218_0_frames_35.pkl,28,Nặng,Nặng,"[""Nặng""]",signer_029,28_Đoàn Thị Thu Thủy_40_nặng_1692955904.1621218_0,28_Đoàn Thị Thu Thủy_40_nặng_1692955904.1621218_0,False,1935442,train
cosign_28_03725,cosign_28_03725,Nặng/Đoàn Thị Thu Thủy_40_nặng_1692955904.1621218_0_frames_40.avi,pose_format/Nặng/Đoàn Thị Thu Thủy_40_nặng_1692955904.1621218_0_frames_40.pkl,28,Nặng,Nặng,"[""Nặng""]",signer_029,28_Đoàn Thị Thu Thủy_40_nặng_1692955904.1621218_0,28_Đoàn Thị Thu Thủy_40_nặng_1692955904.1621218_0,False,1935442,train
cosign_28_03726,cosign_28_03726,Nặng/Đỗ Thị Vấn_41_nặng_1692780877.1756845_0_cut.avi,pose_format/Nặng/Đỗ Thị Vấn_41_nặng_1692780877.1756845_0_cut.pkl,28,Nặng,Nặng,"[""Nặng""]",signer_031,28_Đỗ Thị Vấn_41_nặng_1692780877.1756845_0,,True,1569772,train
cosign_28_03727,cosign_28_03727,Nặng/Đỗ Thị Vấn_41_nặng_1692780877.1756845_0_frames_35.avi,pose_format/Nặng/Đỗ Thị Vấn_41_nặng_1692780877.1756845_0_frames_35.pkl,28,Nặng,Nặng,"[""Nặng""]",signer_031,28_Đỗ Thị Vấn_41_nặng_1692780877.1756845_0,28_Đỗ Thị Vấn_41_nặng_1692780877.1756845_0,False,2039830,train
cosign_28_03728,cosign_28_03728,Nặng/Đỗ Thị Vấn_41_nặng_1692780877.1756845_0_frames_40.avi,pose_format/Nặng/Đỗ Thị Vấn_41_nặng_1692780877.1756845_0_frames_40.pkl,28,Nặng,Nặng,"[""Nặng""]",signer_031,28_Đỗ Thị Vấn_41_nặng_1692780877.1756845_0,28_Đỗ Thị Vấn_41_nặng_1692780877.1756845_0,False,2039830,train
cosign_29_03729,cosign_29_03729,Ăn/DANG THI KIEN_37_ĂN_1693193171.545603_0_cut.avi,pose_format/Ăn/DANG THI KIEN_37_ĂN_1693193171.545603_0_cut.pkl,29,Ăn,Ăn,"[""Ăn""]",signer_084,29_DANG THI KIEN_37_ĂN_1693193171.545603_0,,True,808458,train
cosign_29_03730,cosign_29_03730,Ăn/DANG THI KIEN_37_ĂN_1693193171.545603_0_frames_35.avi,pose_format/Ăn/DANG THI KIEN_37_ĂN_1693193171.545603_0_frames_35.pkl,29,Ăn,Ăn,"[""Ăn""]",signer_084,29_DANG THI KIEN_37_ĂN_1693193171.545603_0,29_DANG THI KIEN_37_ĂN_1693193171.545603_0,False,973754,train
cosign_29_03731,cosign_29_03731,Ăn/DANG THI KIEN_37_ĂN_1693193171.545603_0_frames_40.avi,pose_format/Ăn/DANG THI KIEN_37_ĂN_1693193171.545603_0_frames_40.pkl,29,Ăn,Ăn,"[""Ăn""]",signer_084,29_DANG THI KIEN_37_ĂN_1693193171.545603_0,29_DANG THI KIEN_37_ĂN_1693193171.545603_0,False,973754,train
cosign_29_03732,cosign_29_03732,Ăn/Lê Phương Thảo _12_Ăn_1692755899.5344682_0_cut.avi,pose_format/Ăn/Lê Phương Thảo _12_Ăn_1692755899.5344682_0_cut.pkl,29,Ăn,Ăn,"[""Ăn""]",signer_019,29_Lê Phương Thảo _12_Ăn_1692755899.5344682_0,,True,699624,train
cosign_29_03733,cosign_29_03733,Ăn/Lê Phương Thảo _12_Ăn_1692755899.5344682_0_frames_35.avi,pose_format/Ăn/Lê Phương Thảo _12_Ăn_1692755899.5344682_0_frames_35.pkl,29,Ăn,Ăn,"[""Ăn""]",signer_019,29_Lê Phương Thảo _12_Ăn_1692755899.5344682_0,29_Lê Phương Thảo _12_Ăn_1692755899.5344682_0,False,919370,train
cosign_29_03734,cosign_29_03734,Ăn/Lê Phương Thảo _12_Ăn_1692755899.5344682_0_frames_40.avi,pose_format/Ăn/Lê Phương Thảo _12_Ăn_1692755899.5344682_0_frames_40.pkl,29,Ăn,Ăn,"[""Ăn""]",signer_019,29_Lê Phương Thảo _12_Ăn_1692755899.5344682_0,29_Lê Phương Thảo _12_Ăn_1692755899.5344682_0,False,919370,train
cosign_29_03735,cosign_29_03735,Ăn/Lê Thanh Như_12_Ăn _1692755940.0542834_0_cut.avi,pose_format/Ăn/Lê Thanh Như_12_Ăn _1692755940.0542834_0_cut.pkl,29,Ăn,Ăn,"[""Ăn""]",signer_020,29_Lê Thanh Như_12_Ăn _1692755940.0542834_0,,True,985788,train
cosign_29_03736,cosign_29_03736,Ăn/Lê Thanh Như_12_Ăn _1692755940.0542834_0_frames_35.avi,pose_format/Ăn/Lê Thanh Như_12_Ăn _1692755940.0542834_0_frames_35.pkl,29,Ăn,Ăn,"[""Ăn""]",signer_020,29_Lê Thanh Như_12_Ăn _1692755940.0542834_0,29_Lê Thanh Như_12_Ăn _1692755940.0542834_0,False,1208576,train
cosign_29_03737,cosign_29_03737,Ăn/Lê Thanh Như_12_Ăn _1692755940.0542834_0_frames_40.avi,pose_format/Ăn/Lê Thanh Như_12_Ăn _1692755940.0542834_0_frames_40.pkl,29,Ăn,Ăn,"[""Ăn""]",signer_020,29_Lê Thanh Như_12_Ăn _1692755940.0542834_0,29_Lê Thanh Như_12_Ăn _1692755940.0542834_0,False,1208576,train
cosign_29_03738,cosign_29_03738,Ăn/Nguyễn Gia Bảo_10_ăn_1692757010.2868812_0_cut.avi,pose_format/Ăn/Nguyễn Gia Bảo_10_ăn_1692757010.2868812_0_cut.pkl,29,Ăn,Ăn,"[""Ăn""]",signer_021,29_Nguyễn Gia Bảo_10_ăn_1692757010.2868812_0,,True,1604110,train
cosign_29_03739,cosign_29_03739,Ăn/Nguyễn Gia Bảo_10_ăn_1692757010.2868812_0_frames_35.avi,pose_format/Ăn/Nguyễn Gia Bảo_10_ăn_1692757010.2868812_0_frames_35.pkl,29,Ăn,Ăn,"[""Ăn""]",signer_021,29_Nguyễn Gia Bảo_10_ăn_1692757010.2868812_0,29_Nguyễn Gia Bảo_10_ăn_1692757010.2868812_0,False,1977814,train
cosign_29_03740,cosign_29_03740,Ăn/Nguyễn Gia Bảo_10_ăn_1692757010.2868812_0_frames_40.avi,pose_format/Ăn/Nguyễn Gia Bảo_10_ăn_1692757010.2868812_0_frames_40.pkl,29,Ăn,Ăn,"[""Ăn""]",signer_021,29_Nguyễn Gia Bảo_10_ăn_1692757010.2868812_0,29_Nguyễn Gia Bảo_10_ăn_1692757010.2868812_0,False,1977814,train
cosign_29_03741,cosign_29_03741,Ăn/Nguyễn Thị Huyền_35_ăn_1692865596.5532515_0_cut.avi,pose_format/Ăn/Nguyễn Thị Huyền_35_ăn_1692865596.5532515_0_cut.pkl,29,Ăn,Ăn,"[""Ăn""]",signer_022,29_Nguyễn Thị Huyền_35_ăn_1692865596.5532515_0,,True,1013282,train
cosign_29_03742,cosign_29_03742,Ăn/Nguyễn Thị Huyền_35_ăn_1692865596.5532515_0_frames_35.avi,pose_format/Ăn/Nguyễn Thị Huyền_35_ăn_1692865596.5532515_0_frames_35.pkl,29,Ăn,Ăn,"[""Ăn""]",signer_022,29_Nguyễn Thị Huyền_35_ăn_1692865596.5532515_0,29_Nguyễn Thị Huyền_35_ăn_1692865596.5532515_0,False,1187080,train
cosign_29_03743,cosign_29_03743,Ăn/Nguyễn Thị Huyền_35_ăn_1692865596.5532515_0_frames_40.avi,pose_format/Ăn/Nguyễn Thị Huyền_35_ăn_1692865596.5532515_0_frames_40.pkl,29,Ăn,Ăn,"[""Ăn""]",signer_022,29_Nguyễn Thị Huyền_35_ăn_1692865596.5532515_0,29_Nguyễn Thị Huyền_35_ăn_1692865596.5532515_0,False,1187080,train
cosign_29_03744,cosign_29_03744,Ăn/Nguyễn Thị Hồng_32_Ăn_1692948404.8379653_0_cut.avi,pose_format/Ăn/Nguyễn Thị Hồng_32_Ăn_1692948404.8379653_0_cut.pkl,29,Ăn,Ăn,"[""Ăn""]",signer_023,29_Nguyễn Thị Hồng_32_Ăn_1692948404.8379653_0,,True,813372,train
cosign_29_03745,cosign_29_03745,Ăn/Nguyễn Thị Hồng_32_Ăn_1692948404.8379653_0_frames_35.avi,pose_format/Ăn/Nguyễn Thị Hồng_32_Ăn_1692948404.8379653_0_frames_35.pkl,29,Ăn,Ăn,"[""Ăn""]",signer_023,29_Nguyễn Thị Hồng_32_Ăn_1692948404.8379653_0,29_Nguyễn Thị Hồng_32_Ăn_1692948404.8379653_0,False,1005200,train
cosign_29_03746,cosign_29_03746,Ăn/Nguyễn Thị Hồng_32_Ăn_1692948404.8379653_0_frames_40.avi,pose_format/Ăn/Nguyễn Thị Hồng_32_Ăn_1692948404.8379653_0_frames_40.pkl,29,Ăn,Ăn,"[""Ăn""]",signer_023,29_Nguyễn Thị Hồng_32_Ăn_1692948404.8379653_0,29_Nguyễn Thị Hồng_32_Ăn_1692948404.8379653_0,False,1005200,train
cosign_29_03747,cosign_29_03747,Ăn/Nguyễn Thị Mai Anh_39_ăn_1693192892.334453_0_cut.avi,pose_format/Ăn/Nguyễn Thị Mai Anh_39_ăn_1693192892.334453_0_cut.pkl,29,Ăn,Ăn,"[""Ăn""]",signer_024,29_Nguyễn Thị Mai Anh_39_ăn_1693192892.334453_0,,True,817352,train
cosign_29_03748,cosign_29_03748,Ăn/Nguyễn Thị Mai Anh_39_ăn_1693192892.334453_0_frames_35.avi,pose_format/Ăn/Nguyễn Thị Mai Anh_39_ăn_1693192892.334453_0_frames_35.pkl,29,Ăn,Ăn,"[""Ăn""]",signer_024,29_Nguyễn Thị Mai Anh_39_ăn_1693192892.334453_0,29_Nguyễn Thị Mai Anh_39_ăn_1693192892.334453_0,False,1009468,train
cosign_29_03749,cosign_29_03749,Ăn/Nguyễn Thị Mai Anh_39_ăn_1693192892.334453_0_frames_40.avi,pose_format/Ăn/Nguyễn Thị Mai Anh_39_ăn_1693192892.334453_0_frames_40.pkl,29,Ăn,Ăn,"[""Ăn""]",signer_024,29_Nguyễn Thị Mai Anh_39_ăn_1693192892.334453_0,29_Nguyễn Thị Mai Anh_39_ăn_1693192892.334453_0,False,1009468,train
cosign_29_03750,cosign_29_03750,Ăn/Nguyễn Thị Thu Trang_38_ăn_1692860431.3248472_0_cut.avi,pose_format/Ăn/Nguyễn Thị Thu Trang_38_ăn_1692860431.3248472_0_cut.pkl,29,Ăn,Ăn,"[""Ăn""]",signer_025,29_Nguyễn Thị Thu Trang_38_ăn_1692860431.3248472_0,,True,1271990,train
cosign_29_03751,cosign_29_03751,Ăn/Nguyễn Thị Thu Trang_38_ăn_1692860431.3248472_0_frames_35.avi,pose_format/Ăn/Nguyễn Thị Thu Trang_38_ăn_1692860431.3248472_0_frames_35.pkl,29,Ăn,Ăn,"[""Ăn""]",signer_025,29_Nguyễn Thị Thu Trang_38_ăn_1692860431.3248472_0,29_Nguyễn Thị Thu Trang_38_ăn_1692860431.3248472_0,False,1626236,train
cosign_29_03752,cosign_29_03752,Ăn/Nguyễn Thị Thu Trang_38_ăn_1692860431.3248472_0_frames_40.avi,pose_format/Ăn/Nguyễn Thị Thu Trang_38_ăn_1692860431.3248472_0_frames_40.pkl,29,Ăn,Ăn,"[""Ăn""]",signer_025,29_Nguyễn Thị Thu Trang_38_ăn_1692860431.3248472_0,29_Nguyễn Thị Thu Trang_38_ăn_1692860431.3248472_0,False,1626236,train
cosign_29_03753,cosign_29_03753,Ăn/Phạm Thị Mai Hương _32_Ăn_1692777919.3573108_0_cut.avi,pose_format/Ăn/Phạm Thị Mai Hương _32_Ăn_1692777919.3573108_0_cut.pkl,29,Ăn,Ăn,"[""Ăn""]",signer_066,29_Phạm Thị Mai Hương _32_Ăn_1692777919.3573108_0,,True,800930,train
cosign_29_03754,cosign_29_03754,Ăn/Phạm Thị Mai Hương _32_Ăn_1692777919.3573108_0_frames_35.avi,pose_format/Ăn/Phạm Thị Mai Hương _32_Ăn_1692777919.3573108_0_frames_35.pkl,29,Ăn,Ăn,"[""Ăn""]",signer_066,29_Phạm Thị Mai Hương _32_Ăn_1692777919.3573108_0,29_Phạm Thị Mai Hương _32_Ăn_1692777919.3573108_0,False,1062484,train
cosign_29_03755,cosign_29_03755,Ăn/Phạm Thị Mai Hương _32_Ăn_1692777919.3573108_0_frames_40.avi,pose_format/Ăn/Phạm Thị Mai Hương _32_Ăn_1692777919.3573108_0_frames_40.pkl,29,Ăn,Ăn,"[""Ăn""]",signer_066,29_Phạm Thị Mai Hương _32_Ăn_1692777919.3573108_0,29_Phạm Thị Mai Hương _32_Ăn_1692777919.3573108_0,False,1062484,train
cosign_29_03756,cosign_29_03756,Ăn/Trần Thị Vân Anh_39_ăn_1692950654.364877_0_cut.avi,pose_format/Ăn/Trần Thị Vân Anh_39_ăn_1692950654.364877_0_cut.pkl,29,Ăn,Ăn,"[""Ăn""]",signer_026,29_Trần Thị Vân Anh_39_ăn_1692950654.364877_0,,True,776426,train
cosign_29_03757,cosign_29_03757,Ăn/Trần Thị Vân Anh_39_ăn_1692950654.364877_0_frames_35.avi,pose_format/Ăn/Trần Thị Vân Anh_39_ăn_1692950654.364877_0_frames_35.pkl,29,Ăn,Ăn,"[""Ăn""]",signer_026,29_Trần Thị Vân Anh_39_ăn_1692950654.364877_0,29_Trần Thị Vân Anh_39_ăn_1692950654.364877_0,False,1005796,train
cosign_29_03758,cosign_29_03758,Ăn/Trần Thị Vân Anh_39_ăn_1692950654.364877_0_frames_40.avi,pose_format/Ăn/Trần Thị Vân Anh_39_ăn_1692950654.364877_0_frames_40.pkl,29,Ăn,Ăn,"[""Ăn""]",signer_026,29_Trần Thị Vân Anh_39_ăn_1692950654.364877_0,29_Trần Thị Vân Anh_39_ăn_1692950654.364877_0,False,1005796,train
cosign_29_03759,cosign_29_03759,Ăn/Trần Xuân Ngọc_41_ăn_1692867782.000212_0_cut.avi,pose_format/Ăn/Trần Xuân Ngọc_41_ăn_1692867782.000212_0_cut.pkl,29,Ăn,Ăn,"[""Ăn""]",signer_027,29_Trần Xuân Ngọc_41_ăn_1692867782.000212_0,,True,1202410,train
cosign_29_03760,cosign_29_03760,Ăn/Trần Xuân Ngọc_41_ăn_1692867782.000212_0_frames_35.avi,pose_format/Ăn/Trần Xuân Ngọc_41_ăn_1692867782.000212_0_frames_35.pkl,29,Ăn,Ăn,"[""Ăn""]",signer_027,29_Trần Xuân Ngọc_41_ăn_1692867782.000212_0,29_Trần Xuân Ngọc_41_ăn_1692867782.000212_0,False,1483904,train
cosign_29_03761,cosign_29_03761,Ăn/Trần Xuân Ngọc_41_ăn_1692867782.000212_0_frames_40.avi,pose_format/Ăn/Trần Xuân Ngọc_41_ăn_1692867782.000212_0_frames_40.pkl,29,Ăn,Ăn,"[""Ăn""]",signer_027,29_Trần Xuân Ngọc_41_ăn_1692867782.000212_0,29_Trần Xuân Ngọc_41_ăn_1692867782.000212_0,False,1483904,train
cosign_29_03762,cosign_29_03762,Ăn/Vũ Thị Thu Phương_37_ăn_1692867014.1525364_0_cut.avi,pose_format/Ăn/Vũ Thị Thu Phương_37_ăn_1692867014.1525364_0_cut.pkl,29,Ăn,Ăn,"[""Ăn""]",signer_028,29_Vũ Thị Thu Phương_37_ăn_1692867014.1525364_0,,True,944148,train
cosign_29_03763,cosign_29_03763,Ăn/Vũ Thị Thu Phương_37_ăn_1692867014.1525364_0_frames_35.avi,pose_format/Ăn/Vũ Thị Thu Phương_37_ăn_1692867014.1525364_0_frames_35.pkl,29,Ăn,Ăn,"[""Ăn""]",signer_028,29_Vũ Thị Thu Phương_37_ăn_1692867014.1525364_0,29_Vũ Thị Thu Phương_37_ăn_1692867014.1525364_0,False,1235896,train
cosign_29_03764,cosign_29_03764,Ăn/Vũ Thị Thu Phương_37_ăn_1692867014.1525364_0_frames_40.avi,pose_format/Ăn/Vũ Thị Thu Phương_37_ăn_1692867014.1525364_0_frames_40.pkl,29,Ăn,Ăn,"[""Ăn""]",signer_028,29_Vũ Thị Thu Phương_37_ăn_1692867014.1525364_0,29_Vũ Thị Thu Phương_37_ăn_1692867014.1525364_0,False,1235896,train
cosign_29_03765,cosign_29_03765,Ăn/ĂN_BÙI_MAI_CHI_ (1).mp4,pose_format/Ăn/ĂN_BÙI_MAI_CHI_ (1).pkl,29,Ăn,Ăn,"[""Ăn""]",signer_505,29_ĂN_BÙI_MAI_CHI_ (1),,True,4168454,test
cosign_29_03766,cosign_29_03766,Ăn/ĂN_BÙI_MAI_CHI_ (2).mp4,pose_format/Ăn/ĂN_BÙI_MAI_CHI_ (2).pkl,29,Ăn,Ăn,"[""Ăn""]",signer_505,29_ĂN_BÙI_MAI_CHI_ (2),,True,4884124,test
cosign_29_03767,cosign_29_03767,Ăn/ĂN_BÙI_MAI_CHI_ (3).mp4,pose_format/Ăn/ĂN_BÙI_MAI_CHI_ (3).pkl,29,Ăn,Ăn,"[""Ăn""]",signer_505,29_ĂN_BÙI_MAI_CHI_ (3),,True,5468133,test
cosign_29_03768,cosign_29_03768,Ăn/ĂN_BÙI_MAI_CHI_ (4).mp4,pose_format/Ăn/ĂN_BÙI_MAI_CHI_ (4).pkl,29,Ăn,Ăn,"[""Ăn""]",signer_505,29_ĂN_BÙI_MAI_CHI_ (4),,True,5298187,test
cosign_29_03769,cosign_29_03769,Ăn/ĂN_BÙI_MAI_CHI_ (5).mp4,pose_format/Ăn/ĂN_BÙI_MAI_CHI_ (5).pkl,29,Ăn,Ăn,"[""Ăn""]",signer_505,29_ĂN_BÙI_MAI_CHI_ (5),,True,5588113,test
cosign_29_03770,cosign_29_03770,Ăn/ĂN_BÙI_MẬU_VĂN_ (1).mp4,pose_format/Ăn/ĂN_BÙI_MẬU_VĂN_ (1).pkl,29,Ăn,Ăn,"[""Ăn""]",signer_506,29_ĂN_BÙI_MẬU_VĂN_ (1),,True,5285493,test
cosign_29_03771,cosign_29_03771,Ăn/ĂN_BÙI_MẬU_VĂN_ (2).mp4,pose_format/Ăn/ĂN_BÙI_MẬU_VĂN_ (2).pkl,29,Ăn,Ăn,"[""Ăn""]",signer_506,29_ĂN_BÙI_MẬU_VĂN_ (2),,True,5172156,test
cosign_29_03772,cosign_29_03772,Ăn/ĂN_BÙI_MẬU_VĂN_ (3).mp4,pose_format/Ăn/ĂN_BÙI_MẬU_VĂN_ (3).pkl,29,Ăn,Ăn,"[""Ăn""]",signer_506,29_ĂN_BÙI_MẬU_VĂN_ (3),,True,5133447,test
cosign_29_03773,cosign_29_03773,Ăn/ĂN_BÙI_MẬU_VĂN_ (4).mp4,pose_format/Ăn/ĂN_BÙI_MẬU_VĂN_ (4).pkl,29,Ăn,Ăn,"[""Ăn""]",signer_506,29_ĂN_BÙI_MẬU_VĂN_ (4),,True,5844715,test
cosign_29_03774,cosign_29_03774,Ăn/ĂN_BÙI_MẬU_VĂN_ (5).mp4,pose_format/Ăn/ĂN_BÙI_MẬU_VĂN_ (5).pkl,29,Ăn,Ăn,"[""Ăn""]",signer_506,29_ĂN_BÙI_MẬU_VĂN_ (5),,True,5442610,test
cosign_29_03775,cosign_29_03775,Ăn/ĂN_LÊ_BÙI_QUỐC_HUY_1.mp4,pose_format/Ăn/ĂN_LÊ_BÙI_QUỐC_HUY_1.pkl,29,Ăn,Ăn,"[""Ăn""]",signer_507,29_ĂN_LÊ_BÙI_QUỐC_HUY_1,,True,7613617,test
cosign_29_03776,cosign_29_03776,Ăn/ĂN_LÊ_BÙI_QUỐC_HUY_2.mp4,pose_format/Ăn/ĂN_LÊ_BÙI_QUỐC_HUY_2.pkl,29,Ăn,Ăn,"[""Ăn""]",signer_507,29_ĂN_LÊ_BÙI_QUỐC_HUY_2,,True,6527171,test
cosign_29_03777,cosign_29_03777,Ăn/ĂN_LÊ_BÙI_QUỐC_HUY_3.mp4,pose_format/Ăn/ĂN_LÊ_BÙI_QUỐC_HUY_3.pkl,29,Ăn,Ăn,"[""Ăn""]",signer_507,29_ĂN_LÊ_BÙI_QUỐC_HUY_3,,True,7182421,test
cosign_29_03778,cosign_29_03778,Ăn/ĂN_LÊ_BÙI_QUỐC_HUY_4.mp4,pose_format/Ăn/ĂN_LÊ_BÙI_QUỐC_HUY_4.pkl,29,Ăn,Ăn,"[""Ăn""]",signer_507,29_ĂN_LÊ_BÙI_QUỐC_HUY_4,,True,8595168,test
cosign_29_03779,cosign_29_03779,Ăn/ĂN_LÊ_BÙI_QUỐC_HUY_5.mp4,pose_format/Ăn/ĂN_LÊ_BÙI_QUỐC_HUY_5.pkl,29,Ăn,Ăn,"[""Ăn""]",signer_507,29_ĂN_LÊ_BÙI_QUỐC_HUY_5,,True,7760113,test
cosign_29_03780,cosign_29_03780,Ăn/ĂN_LÊ_BÙI_QUỐC_HUY_6.mp4,pose_format/Ăn/ĂN_LÊ_BÙI_QUỐC_HUY_6.pkl,29,Ăn,Ăn,"[""Ăn""]",signer_507,29_ĂN_LÊ_BÙI_QUỐC_HUY_6,,True,7125130,test
cosign_29_03781,cosign_29_03781,Ăn/ĂN_LẠI_QUANG_VINH_(1).mp4,pose_format/Ăn/ĂN_LẠI_QUANG_VINH_(1).pkl,29,Ăn,Ăn,"[""Ăn""]",signer_508,29_ĂN_LẠI_QUANG_VINH_(1),,True,2159021,test
cosign_29_03782,cosign_29_03782,Ăn/ĂN_LẠI_QUANG_VINH_(2).mp4,pose_format/Ăn/ĂN_LẠI_QUANG_VINH_(2).pkl,29,Ăn,Ăn,"[""Ăn""]",signer_508,29_ĂN_LẠI_QUANG_VINH_(2),,True,2159021,test
cosign_29_03783,cosign_29_03783,Ăn/ĂN_LẠI_QUANG_VINH_(3).mp4,pose_format/Ăn/ĂN_LẠI_QUANG_VINH_(3).pkl,29,Ăn,Ăn,"[""Ăn""]",signer_508,29_ĂN_LẠI_QUANG_VINH_(3),,True,1672277,test
cosign_29_03784,cosign_29_03784,Ăn/ĂN_LẠI_QUANG_VINH_(4).mp4,pose_format/Ăn/ĂN_LẠI_QUANG_VINH_(4).pkl,29,Ăn,Ăn,"[""Ăn""]",signer_508,29_ĂN_LẠI_QUANG_VINH_(4),,True,2337961,test
cosign_29_03785,cosign_29_03785,Ăn/ĂN_LẠI_QUANG_VINH_(5).mp4,pose_format/Ăn/ĂN_LẠI_QUANG_VINH_(5).pkl,29,Ăn,Ăn,"[""Ăn""]",signer_508,29_ĂN_LẠI_QUANG_VINH_(5),,True,2058775,test
cosign_29_03786,cosign_29_03786,Ăn/ĂN_MAI_HOÀNG_XUÂN_ (1).mp4,pose_format/Ăn/ĂN_MAI_HOÀNG_XUÂN_ (1).pkl,29,Ăn,Ăn,"[""Ăn""]",signer_509,29_ĂN_MAI_HOÀNG_XUÂN_ (1),,True,6439056,test
cosign_29_03787,cosign_29_03787,Ăn/ĂN_MAI_HOÀNG_XUÂN_ (2).mp4,pose_format/Ăn/ĂN_MAI_HOÀNG_XUÂN_ (2).pkl,29,Ăn,Ăn,"[""Ăn""]",signer_509,29_ĂN_MAI_HOÀNG_XUÂN_ (2),,True,6199629,test
cosign_29_03788,cosign_29_03788,Ăn/ĂN_MAI_HOÀNG_XUÂN_ (3).mp4,pose_format/Ăn/ĂN_MAI_HOÀNG_XUÂN_ (3).pkl,29,Ăn,Ăn,"[""Ăn""]",signer_509,29_ĂN_MAI_HOÀNG_XUÂN_ (3),,True,5824088,test
cosign_29_03789,cosign_29_03789,Ăn/ĂN_MAI_HOÀNG_XUÂN_ (4).mp4,pose_format/Ăn/ĂN_MAI_HOÀNG_XUÂN_ (4).pkl,29,Ăn,Ăn,"[""Ăn""]",signer_509,29_ĂN_MAI_HOÀNG_XUÂN_ (4),,True,5639664,test
cosign_29_03790,cosign_29_03790,Ăn/ĂN_MAI_HOÀNG_XUÂN_ (5).mp4,pose_format/Ăn/ĂN_MAI_HOÀNG_XUÂN_ (5).pkl,29,Ăn,Ăn,"[""Ăn""]",signer_509,29_ĂN_MAI_HOÀNG_XUÂN_ (5),,True,5684126,test
cosign_29_03791,cosign_29_03791,Ăn/ĂN_NGUYỄN_HOÀNG_ĐIỆP_ (1).mp4,pose_format/Ăn/ĂN_NGUYỄN_HOÀNG_ĐIỆP_ (1).pkl,29,Ăn,Ăn,"[""Ăn""]",signer_510,29_ĂN_NGUYỄN_HOÀNG_ĐIỆP_ (1),,True,4887970,test
cosign_29_03792,cosign_29_03792,Ăn/ĂN_NGUYỄN_HOÀNG_ĐIỆP_ (2).mp4,pose_format/Ăn/ĂN_NGUYỄN_HOÀNG_ĐIỆP_ (2).pkl,29,Ăn,Ăn,"[""Ăn""]",signer_510,29_ĂN_NGUYỄN_HOÀNG_ĐIỆP_ (2),,True,5015947,test
cosign_29_03793,cosign_29_03793,Ăn/ĂN_NGUYỄN_HOÀNG_ĐIỆP_ (3).mp4,pose_format/Ăn/ĂN_NGUYỄN_HOÀNG_ĐIỆP_ (3).pkl,29,Ăn,Ăn,"[""Ăn""]",signer_510,29_ĂN_NGUYỄN_HOÀNG_ĐIỆP_ (3),,True,5403400,test
cosign_29_03794,cosign_29_03794,Ăn/ĂN_NGUYỄN_HOÀNG_ĐIỆP_ (4).mp4,pose_format/Ăn/ĂN_NGUYỄN_HOÀNG_ĐIỆP_ (4).pkl,29,Ăn,Ăn,"[""Ăn""]",signer_510,29_ĂN_NGUYỄN_HOÀNG_ĐIỆP_ (4),,True,5598426,test
cosign_29_03795,cosign_29_03795,Ăn/ĂN_NGUYỄN_HOÀNG_ĐIỆP_ (5).mp4,pose_format/Ăn/ĂN_NGUYỄN_HOÀNG_ĐIỆP_ (5).pkl,29,Ăn,Ăn,"[""Ăn""]",signer_510,29_ĂN_NGUYỄN_HOÀNG_ĐIỆP_ (5),,True,4471787,test
cosign_29_03796,cosign_29_03796,Ăn/ĂN_NGUYỄN_PHƯƠNG_ANH_ (1).mp4,pose_format/Ăn/ĂN_NGUYỄN_PHƯƠNG_ANH_ (1).pkl,29,Ăn,Ăn,"[""Ăn""]",signer_511,29_ĂN_NGUYỄN_PHƯƠNG_ANH_ (1),,True,4281862,test
cosign_29_03797,cosign_29_03797,Ăn/ĂN_NGUYỄN_PHƯƠNG_ANH_ (2).mp4,pose_format/Ăn/ĂN_NGUYỄN_PHƯƠNG_ANH_ (2).pkl,29,Ăn,Ăn,"[""Ăn""]",signer_511,29_ĂN_NGUYỄN_PHƯƠNG_ANH_ (2),,True,3838449,test
cosign_29_03798,cosign_29_03798,Ăn/ĂN_NGUYỄN_PHƯƠNG_ANH_ (3).mp4,pose_format/Ăn/ĂN_NGUYỄN_PHƯƠNG_ANH_ (3).pkl,29,Ăn,Ăn,"[""Ăn""]",signer_511,29_ĂN_NGUYỄN_PHƯƠNG_ANH_ (3),,True,3925505,test
cosign_29_03799,cosign_29_03799,Ăn/ĂN_NGUYỄN_PHƯƠNG_ANH_ (4).mp4,pose_format/Ăn/ĂN_NGUYỄN_PHƯƠNG_ANH_ (4).pkl,29,Ăn,Ăn,"[""Ăn""]",signer_511,29_ĂN_NGUYỄN_PHƯƠNG_ANH_ (4),,True,4049608,test
cosign_29_03800,cosign_29_03800,Ăn/ĂN_NGUYỄN_PHƯƠNG_ANH_ (5).mp4,pose_format/Ăn/ĂN_NGUYỄN_PHƯƠNG_ANH_ (5).pkl,29,Ăn,Ăn,"[""Ăn""]",signer_511,29_ĂN_NGUYỄN_PHƯƠNG_ANH_ (5),,True,4006788,test
cosign_29_03801,cosign_29_03801,Ăn/ĂN_NGUYỄN_QUÝ_DƯƠNG_1.mp4,pose_format/Ăn/ĂN_NGUYỄN_QUÝ_DƯƠNG_1.pkl,29,Ăn,Ăn,"[""Ăn""]",signer_512,29_ĂN_NGUYỄN_QUÝ_DƯƠNG_1,,True,4730128,test
cosign_29_03802,cosign_29_03802,Ăn/ĂN_NGUYỄN_QUÝ_DƯƠNG_2.mp4,pose_format/Ăn/ĂN_NGUYỄN_QUÝ_DƯƠNG_2.pkl,29,Ăn,Ăn,"[""Ăn""]",signer_512,29_ĂN_NGUYỄN_QUÝ_DƯƠNG_2,,True,5521180,test
cosign_29_03803,cosign_29_03803,Ăn/ĂN_NGUYỄN_QUÝ_DƯƠNG_3.mp4,pose_format/Ăn/ĂN_NGUYỄN_QUÝ_DƯƠNG_3.pkl,29,Ăn,Ăn,"[""Ăn""]",signer_512,29_ĂN_NGUYỄN_QUÝ_DƯƠNG_3,,True,5651007,test
cosign_29_03804,cosign_29_03804,Ăn/ĂN_NGUYỄN_QUÝ_DƯƠNG_4.mp4,pose_format/Ăn/ĂN_NGUYỄN_QUÝ_DƯƠNG_4.pkl,29,Ăn,Ăn,"[""Ăn""]",signer_512,29_ĂN_NGUYỄN_QUÝ_DƯƠNG_4,,True,4733675,test
cosign_29_03805,cosign_29_03805,Ăn/ĂN_NGUYỄN_QUÝ_DƯƠNG_5.mp4,pose_format/Ăn/ĂN_NGUYỄN_QUÝ_DƯƠNG_5.pkl,29,Ăn,Ăn,"[""Ăn""]",signer_512,29_ĂN_NGUYỄN_QUÝ_DƯƠNG_5,,True,4731494,test
cosign_29_03806,cosign_29_03806,Ăn/ĂN_NGUYỄN_THẠC_ANH_ (1).mp4,pose_format/Ăn/ĂN_NGUYỄN_THẠC_ANH_ (1).pkl,29,Ăn,Ăn,"[""Ăn""]",signer_513,29_ĂN_NGUYỄN_THẠC_ANH_ (1),,True,5236177,test
cosign_29_03807,cosign_29_03807,Ăn/ĂN_NGUYỄN_THẠC_ANH_ (2).mp4,pose_format/Ăn/ĂN_NGUYỄN_THẠC_ANH_ (2).pkl,29,Ăn,Ăn,"[""Ăn""]",signer_513,29_ĂN_NGUYỄN_THẠC_ANH_ (2),,True,5849261,test
cosign_29_03808,cosign_29_03808,Ăn/ĂN_NGUYỄN_THẠC_ANH_ (3).mp4,pose_format/Ăn/ĂN_NGUYỄN_THẠC_ANH_ (3).pkl,29,Ăn,Ăn,"[""Ăn""]",signer_513,29_ĂN_NGUYỄN_THẠC_ANH_ (3),,True,5978729,test
cosign_29_03809,cosign_29_03809,Ăn/ĂN_NGUYỄN_THẠC_ANH_ (4).mp4,pose_format/Ăn/ĂN_NGUYỄN_THẠC_ANH_ (4).pkl,29,Ăn,Ăn,"[""Ăn""]",signer_513,29_ĂN_NGUYỄN_THẠC_ANH_ (4),,True,6440510,test
cosign_29_03810,cosign_29_03810,Ăn/ĂN_NGUYỄN_THẠC_ANH_ (5).mp4,pose_format/Ăn/ĂN_NGUYỄN_THẠC_ANH_ (5).pkl,29,Ăn,Ăn,"[""Ăn""]",signer_513,29_ĂN_NGUYỄN_THẠC_ANH_ (5),,True,6713293,test
cosign_29_03811,cosign_29_03811,Ăn/ĂN_PHẠM_ĐÌNH_HẢI_(1).mp4,pose_format/Ăn/ĂN_PHẠM_ĐÌNH_HẢI_(1).pkl,29,Ăn,Ăn,"[""Ăn""]",signer_514,29_ĂN_PHẠM_ĐÌNH_HẢI_(1),,True,6319182,test
cosign_29_03812,cosign_29_03812,Ăn/ĂN_PHẠM_ĐÌNH_HẢI_(2).mp4,pose_format/Ăn/ĂN_PHẠM_ĐÌNH_HẢI_(2).pkl,29,Ăn,Ăn,"[""Ăn""]",signer_514,29_ĂN_PHẠM_ĐÌNH_HẢI_(2),,True,6689175,test
cosign_29_03813,cosign_29_03813,Ăn/ĂN_PHẠM_ĐÌNH_HẢI_(3).mp4,pose_format/Ăn/ĂN_PHẠM_ĐÌNH_HẢI_(3).pkl,29,Ăn,Ăn,"[""Ăn""]",signer_514,29_ĂN_PHẠM_ĐÌNH_HẢI_(3),,True,6605463,test
cosign_29_03814,cosign_29_03814,Ăn/ĂN_PHẠM_ĐÌNH_HẢI_(4).mp4,pose_format/Ăn/ĂN_PHẠM_ĐÌNH_HẢI_(4).pkl,29,Ăn,Ăn,"[""Ăn""]",signer_514,29_ĂN_PHẠM_ĐÌNH_HẢI_(4),,True,7237472,test
cosign_29_03815,cosign_29_03815,Ăn/ĂN_PHẠM_ĐÌNH_HẢI_(5).mp4,pose_format/Ăn/ĂN_PHẠM_ĐÌNH_HẢI_(5).pkl,29,Ăn,Ăn,"[""Ăn""]",signer_514,29_ĂN_PHẠM_ĐÌNH_HẢI_(5),,True,7170298,test
cosign_29_03816,cosign_29_03816,Ăn/ĂN_TRƯƠNG_NGỌC_DIỄM_ (1).mp4,pose_format/Ăn/ĂN_TRƯƠNG_NGỌC_DIỄM_ (1).pkl,29,Ăn,Ăn,"[""Ăn""]",signer_515,29_ĂN_TRƯƠNG_NGỌC_DIỄM_ (1),,True,6190719,test
cosign_29_03817,cosign_29_03817,Ăn/ĂN_TRƯƠNG_NGỌC_DIỄM_ (2).mp4,pose_format/Ăn/ĂN_TRƯƠNG_NGỌC_DIỄM_ (2).pkl,29,Ăn,Ăn,"[""Ăn""]",signer_515,29_ĂN_TRƯƠNG_NGỌC_DIỄM_ (2),,True,7397803,test
cosign_29_03818,cosign_29_03818,Ăn/ĂN_TRƯƠNG_NGỌC_DIỄM_ (3).mp4,pose_format/Ăn/ĂN_TRƯƠNG_NGỌC_DIỄM_ (3).pkl,29,Ăn,Ăn,"[""Ăn""]",signer_515,29_ĂN_TRƯƠNG_NGỌC_DIỄM_ (3),,True,6414346,test
cosign_29_03819,cosign_29_03819,Ăn/ĂN_TRƯƠNG_NGỌC_DIỄM_ (4).mp4,pose_format/Ăn/ĂN_TRƯƠNG_NGỌC_DIỄM_ (4).pkl,29,Ăn,Ăn,"[""Ăn""]",signer_515,29_ĂN_TRƯƠNG_NGỌC_DIỄM_ (4),,True,7313196,test
cosign_29_03820,cosign_29_03820,Ăn/ĂN_TRƯƠNG_NGỌC_DIỄM_ (5).mp4,pose_format/Ăn/ĂN_TRƯƠNG_NGỌC_DIỄM_ (5).pkl,29,Ăn,Ăn,"[""Ăn""]",signer_515,29_ĂN_TRƯƠNG_NGỌC_DIỄM_ (5),,True,5531175,test
cosign_29_03821,cosign_29_03821,Ăn/ĂN_TRẦN_TUẤN_MINH (1).mp4,pose_format/Ăn/ĂN_TRẦN_TUẤN_MINH (1).pkl,29,Ăn,Ăn,"[""Ăn""]",signer_516,29_ĂN_TRẦN_TUẤN_MINH (1),,True,6122790,test
cosign_29_03822,cosign_29_03822,Ăn/ĂN_TRẦN_TUẤN_MINH (2).mp4,pose_format/Ăn/ĂN_TRẦN_TUẤN_MINH (2).pkl,29,Ăn,Ăn,"[""Ăn""]",signer_516,29_ĂN_TRẦN_TUẤN_MINH (2),,True,5298735,test
cosign_29_03823,cosign_29_03823,Ăn/ĂN_TRẦN_TUẤN_MINH (3).mp4,pose_format/Ăn/ĂN_TRẦN_TUẤN_MINH (3).pkl,29,Ăn,Ăn,"[""Ăn""]",signer_516,29_ĂN_TRẦN_TUẤN_MINH (3),,True,6621014,test
cosign_29_03824,cosign_29_03824,Ăn/ĂN_TRẦN_TUẤN_MINH (4).mp4,pose_format/Ăn/ĂN_TRẦN_TUẤN_MINH (4).pkl,29,Ăn,Ăn,"[""Ăn""]",signer_516,29_ĂN_TRẦN_TUẤN_MINH (4),,True,6110962,test
cosign_29_03825,cosign_29_03825,Ăn/ĂN_TRẦN_TUẤN_MINH (5).mp4,pose_format/Ăn/ĂN_TRẦN_TUẤN_MINH (5).pkl,29,Ăn,Ăn,"[""Ăn""]",signer_516,29_ĂN_TRẦN_TUẤN_MINH (5),,True,6157295,test
cosign_29_03826,cosign_29_03826,Ăn/ĂN_TRẦN_ĐỨC_QUÂN_1.mp4,pose_format/Ăn/ĂN_TRẦN_ĐỨC_QUÂN_1.pkl,29,Ăn,Ăn,"[""Ăn""]",signer_517,29_ĂN_TRẦN_ĐỨC_QUÂN_1,,True,6306078,test
cosign_29_03827,cosign_29_03827,Ăn/ĂN_TRẦN_ĐỨC_QUÂN_2.mp4,pose_format/Ăn/ĂN_TRẦN_ĐỨC_QUÂN_2.pkl,29,Ăn,Ăn,"[""Ăn""]",signer_517,29_ĂN_TRẦN_ĐỨC_QUÂN_2,,True,6706473,test
cosign_29_03828,cosign_29_03828,Ăn/ĂN_TRẦN_ĐỨC_QUÂN_3.mp4,pose_format/Ăn/ĂN_TRẦN_ĐỨC_QUÂN_3.pkl,29,Ăn,Ăn,"[""Ăn""]",signer_517,29_ĂN_TRẦN_ĐỨC_QUÂN_3,,True,9762745,test
cosign_29_03829,cosign_29_03829,Ăn/ĂN_TRẦN_ĐỨC_QUÂN_4.mp4,pose_format/Ăn/ĂN_TRẦN_ĐỨC_QUÂN_4.pkl,29,Ăn,Ăn,"[""Ăn""]",signer_517,29_ĂN_TRẦN_ĐỨC_QUÂN_4,,True,7603042,test
cosign_29_03830,cosign_29_03830,Ăn/ĂN_TRẦN_ĐỨC_QUÂN_5.mp4,pose_format/Ăn/ĂN_TRẦN_ĐỨC_QUÂN_5.pkl,29,Ăn,Ăn,"[""Ăn""]",signer_517,29_ĂN_TRẦN_ĐỨC_QUÂN_5,,True,8364833,test
cosign_29_03831,cosign_29_03831,Ăn/ĂN_TẠ_THỊ_PHƯƠNG_LINH_ (1).mp4,pose_format/Ăn/ĂN_TẠ_THỊ_PHƯƠNG_LINH_ (1).pkl,29,Ăn,Ăn,"[""Ăn""]",signer_518,29_ĂN_TẠ_THỊ_PHƯƠNG_LINH_ (1),,True,4457332,test
cosign_29_03832,cosign_29_03832,Ăn/ĂN_TẠ_THỊ_PHƯƠNG_LINH_ (2).mp4,pose_format/Ăn/ĂN_TẠ_THỊ_PHƯƠNG_LINH_ (2).pkl,29,Ăn,Ăn,"[""Ăn""]",signer_518,29_ĂN_TẠ_THỊ_PHƯƠNG_LINH_ (2),,True,4927748,test
cosign_29_03833,cosign_29_03833,Ăn/ĂN_TẠ_THỊ_PHƯƠNG_LINH_ (3).mp4,pose_format/Ăn/ĂN_TẠ_THỊ_PHƯƠNG_LINH_ (3).pkl,29,Ăn,Ăn,"[""Ăn""]",signer_518,29_ĂN_TẠ_THỊ_PHƯƠNG_LINH_ (3),,True,4970294,test
cosign_29_03834,cosign_29_03834,Ăn/ĂN_TẠ_THỊ_PHƯƠNG_LINH_ (4).mp4,pose_format/Ăn/ĂN_TẠ_THỊ_PHƯƠNG_LINH_ (4).pkl,29,Ăn,Ăn,"[""Ăn""]",signer_518,29_ĂN_TẠ_THỊ_PHƯƠNG_LINH_ (4),,True,4096575,test
cosign_29_03835,cosign_29_03835,Ăn/ĂN_TẠ_THỊ_PHƯƠNG_LINH_ (5).mp4,pose_format/Ăn/ĂN_TẠ_THỊ_PHƯƠNG_LINH_ (5).pkl,29,Ăn,Ăn,"[""Ăn""]",signer_518,29_ĂN_TẠ_THỊ_PHƯƠNG_LINH_ (5),,True,3809762,test
cosign_29_03836,cosign_29_03836,Ăn/ĂN_VŨ_HUY_DU_ (1).mp4,pose_format/Ăn/ĂN_VŨ_HUY_DU_ (1).pkl,29,Ăn,Ăn,"[""Ăn""]",signer_519,29_ĂN_VŨ_HUY_DU_ (1),,True,5690045,test
cosign_29_03837,cosign_29_03837,Ăn/ĂN_VŨ_HUY_DU_ (2).mp4,pose_format/Ăn/ĂN_VŨ_HUY_DU_ (2).pkl,29,Ăn,Ăn,"[""Ăn""]",signer_519,29_ĂN_VŨ_HUY_DU_ (2),,True,5584672,test
cosign_29_03838,cosign_29_03838,Ăn/ĂN_VŨ_HUY_DU_ (3).mp4,pose_format/Ăn/ĂN_VŨ_HUY_DU_ (3).pkl,29,Ăn,Ăn,"[""Ăn""]",signer_519,29_ĂN_VŨ_HUY_DU_ (3),,True,5609859,test
cosign_29_03839,cosign_29_03839,Ăn/ĂN_VŨ_HUY_DU_ (4).mp4,pose_format/Ăn/ĂN_VŨ_HUY_DU_ (4).pkl,29,Ăn,Ăn,"[""Ăn""]",signer_519,29_ĂN_VŨ_HUY_DU_ (4),,True,5846386,test
cosign_29_03840,cosign_29_03840,Ăn/ĂN_VŨ_HUY_DU_ (5).mp4,pose_format/Ăn/ĂN_VŨ_HUY_DU_ (5).pkl,29,Ăn,Ăn,"[""Ăn""]",signer_519,29_ĂN_VŨ_HUY_DU_ (5),,True,5470721,test
cosign_29_03841,cosign_29_03841,Ăn/ĂN_VŨ_KẾT_ĐỒNG_1.mp4,pose_format/Ăn/ĂN_VŨ_KẾT_ĐỒNG_1.pkl,29,Ăn,Ăn,"[""Ăn""]",signer_520,29_ĂN_VŨ_KẾT_ĐỒNG_1,,True,3350578,test
cosign_29_03842,cosign_29_03842,Ăn/ĂN_VŨ_KẾT_ĐỒNG_2.mp4,pose_format/Ăn/ĂN_VŨ_KẾT_ĐỒNG_2.pkl,29,Ăn,Ăn,"[""Ăn""]",signer_520,29_ĂN_VŨ_KẾT_ĐỒNG_2,,True,4058785,test
cosign_29_03843,cosign_29_03843,Ăn/ĂN_VŨ_KẾT_ĐỒNG_3.mp4,pose_format/Ăn/ĂN_VŨ_KẾT_ĐỒNG_3.pkl,29,Ăn,Ăn,"[""Ăn""]",signer_520,29_ĂN_VŨ_KẾT_ĐỒNG_3,,True,4082728,test
cosign_29_03844,cosign_29_03844,Ăn/ĂN_VŨ_KẾT_ĐỒNG_4.mp4,pose_format/Ăn/ĂN_VŨ_KẾT_ĐỒNG_4.pkl,29,Ăn,Ăn,"[""Ăn""]",signer_520,29_ĂN_VŨ_KẾT_ĐỒNG_4,,True,4055700,test
cosign_29_03845,cosign_29_03845,Ăn/ĂN_VŨ_KẾT_ĐỒNG_5.mp4,pose_format/Ăn/ĂN_VŨ_KẾT_ĐỒNG_5.pkl,29,Ăn,Ăn,"[""Ăn""]",signer_520,29_ĂN_VŨ_KẾT_ĐỒNG_5,,True,3127198,test
cosign_29_03846,cosign_29_03846,Ăn/Ăn_LQM.mp4,pose_format/Ăn/Ăn_LQM.pkl,29,Ăn,Ăn,"[""Ăn""]",signer_521,29_Ăn_LQM,,True,6087975,test
cosign_29_03847,cosign_29_03847,Ăn/Ăn_LQM (2).mp4,pose_format/Ăn/Ăn_LQM (2).pkl,29,Ăn,Ăn,"[""Ăn""]",signer_521,29_Ăn_LQM (2),,True,7493885,test
cosign_29_03848,cosign_29_03848,Ăn/Ăn_LQM (3).mp4,pose_format/Ăn/Ăn_LQM (3).pkl,29,Ăn,Ăn,"[""Ăn""]",signer_521,29_Ăn_LQM (3),,True,6689751,test
cosign_29_03849,cosign_29_03849,Ăn/Ăn_LQM (4).mp4,pose_format/Ăn/Ăn_LQM (4).pkl,29,Ăn,Ăn,"[""Ăn""]",signer_521,29_Ăn_LQM (4),,True,7338933,test
cosign_29_03850,cosign_29_03850,Ăn/Ăn_LQM (5).mp4,pose_format/Ăn/Ăn_LQM (5).pkl,29,Ăn,Ăn,"[""Ăn""]",signer_521,29_Ăn_LQM (5),,True,7707197,test
cosign_29_03851,cosign_29_03851,Ăn/Ăn_MẠC_VĂN_THÀNH.mp4,pose_format/Ăn/Ăn_MẠC_VĂN_THÀNH.pkl,29,Ăn,Ăn,"[""Ăn""]",signer_522,29_Ăn_MẠC_VĂN_THÀNH,,True,6393562,test
cosign_29_03852,cosign_29_03852,Ăn/Ăn_MẠC_VĂN_THÀNH (2).mp4,pose_format/Ăn/Ăn_MẠC_VĂN_THÀNH (2).pkl,29,Ăn,Ăn,"[""Ăn""]",signer_522,29_Ăn_MẠC_VĂN_THÀNH (2),,True,6697789,test
cosign_29_03853,cosign_29_03853,Ăn/Ăn_MẠC_VĂN_THÀNH (3).mp4,pose_format/Ăn/Ăn_MẠC_VĂN_THÀNH (3).pkl,29,Ăn,Ăn,"[""Ăn""]",signer_522,29_Ăn_MẠC_VĂN_THÀNH (3),,True,8070836,test
cosign_29_03854,cosign_29_03854,Ăn/Ăn_MẠC_VĂN_THÀNH (4).mp4,pose_format/Ăn/Ăn_MẠC_VĂN_THÀNH (4).pkl,29,Ăn,Ăn,"[""Ăn""]",signer_522,29_Ăn_MẠC_VĂN_THÀNH (4),,True,8958728,test
cosign_29_03855,cosign_29_03855,Ăn/Ăn_MẠC_VĂN_THÀNH (5).mp4,pose_format/Ăn/Ăn_MẠC_VĂN_THÀNH (5).pkl,29,Ăn,Ăn,"[""Ăn""]",signer_522,29_Ăn_MẠC_VĂN_THÀNH (5),,True,8344699,test
cosign_29_03856,cosign_29_03856,Ăn/Đoàn Thị Thu Thủy_40_ăn_1692954481.9557087_0_cut.avi,pose_format/Ăn/Đoàn Thị Thu Thủy_40_ăn_1692954481.9557087_0_cut.pkl,29,Ăn,Ăn,"[""Ăn""]",signer_029,29_Đoàn Thị Thu Thủy_40_ăn_1692954481.9557087_0,,True,1486088,train
cosign_29_03857,cosign_29_03857,Ăn/Đoàn Thị Thu Thủy_40_ăn_1692954481.9557087_0_frames_35.avi,pose_format/Ăn/Đoàn Thị Thu Thủy_40_ăn_1692954481.9557087_0_frames_35.pkl,29,Ăn,Ăn,"[""Ăn""]",signer_029,29_Đoàn Thị Thu Thủy_40_ăn_1692954481.9557087_0,29_Đoàn Thị Thu Thủy_40_ăn_1692954481.9557087_0,False,1941162,train
cosign_29_03858,cosign_29_03858,Ăn/Đoàn Thị Thu Thủy_40_ăn_1692954481.9557087_0_frames_40.avi,pose_format/Ăn/Đoàn Thị Thu Thủy_40_ăn_1692954481.9557087_0_frames_40.pkl,29,Ăn,Ăn,"[""Ăn""]",signer_029,29_Đoàn Thị Thu Thủy_40_ăn_1692954481.9557087_0,29_Đoàn Thị Thu Thủy_40_ăn_1692954481.9557087_0,False,1941162,train
cosign_29_03859,cosign_29_03859,Ăn/Đỗ Thị Vấn_41_ăn_1692779791.12582_0_cut.avi,pose_format/Ăn/Đỗ Thị Vấn_41_ăn_1692779791.12582_0_cut.pkl,29,Ăn,Ăn,"[""Ăn""]",signer_031,29_Đỗ Thị Vấn_41_ăn_1692779791.12582_0,,True,1347948,train
cosign_29_03860,cosign_29_03860,Ăn/Đỗ Thị Vấn_41_ăn_1692779791.12582_0_frames_35.avi,pose_format/Ăn/Đỗ Thị Vấn_41_ăn_1692779791.12582_0_frames_35.pkl,29,Ăn,Ăn,"[""Ăn""]",signer_031,29_Đỗ Thị Vấn_41_ăn_1692779791.12582_0,29_Đỗ Thị Vấn_41_ăn_1692779791.12582_0,False,1736964,train
cosign_29_03861,cosign_29_03861,Ăn/Đỗ Thị Vấn_41_ăn_1692779791.12582_0_frames_40.avi,pose_format/Ăn/Đỗ Thị Vấn_41_ăn_1692779791.12582_0_frames_40.pkl,29,Ăn,Ăn,"[""Ăn""]",signer_031,29_Đỗ Thị Vấn_41_ăn_1692779791.12582_0,29_Đỗ Thị Vấn_41_ăn_1692779791.12582_0,False,1736964,train
